<?xml version="1.0" encoding="UTF-8"?>
<gpx xmlns="http://www.topografix.com/GPX/1/1" xmlns:gpxtpx="http://www.garmin.com/xmlschemas/TrackPointExtension/v1" xmlns:xsi="http://www.w3.org/2001/XMLSchema-instance" xsi:schemaLocation="http://www.topografix.com/GPX/1/1 http://www.topografix.com/GPX/1/1/gpx.xsd" version="1.1" creator="gpx.py -- https://github.com/tkrajina/gpxpy">
  <trk>
    <name>gpx from codoon</name>
    <type>Run</type>
    <trkseg>
      <trkpt lat="39.8745391" lon="116.6656649">
        <ele>23.16086</ele>
        <time>2026-07-20T22:03:19.592000Z</time>
      </trkpt>
      <trkpt lat="39.8745558" lon="116.6656958">
        <ele>23.00152</ele>
        <time>2026-07-20T22:03:24.422000Z</time>
      </trkpt>
      <trkpt lat="39.8746089" lon="116.6658139">
        <ele>22.84893</ele>
        <time>2026-07-20T22:03:29.399000Z</time>
      </trkpt>
      <trkpt lat="39.8746595" lon="116.6659161">
        <ele>22.73398</ele>
        <time>2026-07-20T22:03:33.380000Z</time>
      </trkpt>
      <trkpt lat="39.8747186" lon="116.6660238">
        <ele>22.62951</ele>
        <time>2026-07-20T22:03:37.361000Z</time>
      </trkpt>
      <trkpt lat="39.8747803" lon="116.6661359">
        <ele>22.55504</ele>
        <time>2026-07-20T22:03:41.342000Z</time>
      </trkpt>
      <trkpt lat="39.8748433" lon="116.6662464">
        <ele>22.50613</ele>
        <time>2026-07-20T22:03:45.324000Z</time>
      </trkpt>
      <trkpt lat="39.8748975" lon="116.6663599">
        <ele>22.46484</ele>
        <time>2026-07-20T22:03:49.305000Z</time>
      </trkpt>
      <trkpt lat="39.8749473" lon="116.6664706">
        <ele>22.43447</ele>
        <time>2026-07-20T22:03:53.286000Z</time>
      </trkpt>
      <trkpt lat="39.8750029" lon="116.6665711">
        <ele>22.45117</ele>
        <time>2026-07-20T22:03:57.267000Z</time>
      </trkpt>
      <trkpt lat="39.8750609" lon="116.6666685">
        <ele>22.54993</ele>
        <time>2026-07-20T22:04:01.248000Z</time>
      </trkpt>
      <trkpt lat="39.8751223" lon="116.6667632">
        <ele>22.71145</ele>
        <time>2026-07-20T22:04:05.229000Z</time>
      </trkpt>
      <trkpt lat="39.8751862" lon="116.6668569">
        <ele>22.88829</ele>
        <time>2026-07-20T22:04:09.211000Z</time>
      </trkpt>
      <trkpt lat="39.8752498" lon="116.6669539">
        <ele>23.02326</ele>
        <time>2026-07-20T22:04:13.192000Z</time>
      </trkpt>
      <trkpt lat="39.8753127" lon="116.6670505">
        <ele>23.11538</ele>
        <time>2026-07-20T22:04:17.173000Z</time>
      </trkpt>
      <trkpt lat="39.8753787" lon="116.667144">
        <ele>23.2026</ele>
        <time>2026-07-20T22:04:21.154000Z</time>
      </trkpt>
      <trkpt lat="39.875442" lon="116.6672363">
        <ele>23.3178</ele>
        <time>2026-07-20T22:04:25.135000Z</time>
      </trkpt>
      <trkpt lat="39.8755052" lon="116.6673304">
        <ele>23.46778</ele>
        <time>2026-07-20T22:04:29.116000Z</time>
      </trkpt>
      <trkpt lat="39.8755684" lon="116.667419">
        <ele>23.63649</ele>
        <time>2026-07-20T22:04:33.098000Z</time>
      </trkpt>
      <trkpt lat="39.8756374" lon="116.6675029">
        <ele>23.81161</ele>
        <time>2026-07-20T22:04:37.079000Z</time>
      </trkpt>
      <trkpt lat="39.8757041" lon="116.6675906">
        <ele>23.99791</ele>
        <time>2026-07-20T22:04:41.060000Z</time>
      </trkpt>
      <trkpt lat="39.8757664" lon="116.6676784">
        <ele>24.14202</ele>
        <time>2026-07-20T22:04:45Z</time>
      </trkpt>
      <trkpt lat="39.8758311" lon="116.6677623">
        <ele>24.21267</ele>
        <time>2026-07-20T22:04:49Z</time>
      </trkpt>
      <trkpt lat="39.8758973" lon="116.6678422">
        <ele>24.23779</ele>
        <time>2026-07-20T22:04:53Z</time>
      </trkpt>
      <trkpt lat="39.8759781" lon="116.6679415">
        <ele>24.23666</ele>
        <time>2026-07-20T22:04:57.980000Z</time>
      </trkpt>
      <trkpt lat="39.8760417" lon="116.6680273">
        <ele>24.21955</ele>
        <time>2026-07-20T22:05:01.961000Z</time>
      </trkpt>
      <trkpt lat="39.8761063" lon="116.6681139">
        <ele>24.22059</ele>
        <time>2026-07-20T22:05:05.942000Z</time>
      </trkpt>
      <trkpt lat="39.8761921" lon="116.6682059">
        <ele>24.29001</ele>
        <time>2026-07-20T22:05:10.918000Z</time>
      </trkpt>
      <trkpt lat="39.8762787" lon="116.6682866">
        <ele>24.41669</ele>
        <time>2026-07-20T22:05:15.895000Z</time>
      </trkpt>
      <trkpt lat="39.8763628" lon="116.6683669">
        <ele>24.59069</ele>
        <time>2026-07-20T22:05:20.871000Z</time>
      </trkpt>
      <trkpt lat="39.8764458" lon="116.6684637">
        <ele>24.7747</ele>
        <time>2026-07-20T22:05:25.848000Z</time>
      </trkpt>
      <trkpt lat="39.8765145" lon="116.6685465">
        <ele>24.88774</ele>
        <time>2026-07-20T22:05:29.829000Z</time>
      </trkpt>
      <trkpt lat="39.8765812" lon="116.6686327">
        <ele>24.97877</ele>
        <time>2026-07-20T22:05:33.810000Z</time>
      </trkpt>
      <trkpt lat="39.8766453" lon="116.6687256">
        <ele>25.0543</ele>
        <time>2026-07-20T22:05:37.791000Z</time>
      </trkpt>
      <trkpt lat="39.8767093" lon="116.6688188">
        <ele>25.094</ele>
        <time>2026-07-20T22:05:41.772000Z</time>
      </trkpt>
      <trkpt lat="39.8767754" lon="116.668908">
        <ele>25.06965</ele>
        <time>2026-07-20T22:05:45.753000Z</time>
      </trkpt>
      <trkpt lat="39.8768443" lon="116.6689996">
        <ele>24.98961</ele>
        <time>2026-07-20T22:05:49.734000Z</time>
      </trkpt>
      <trkpt lat="39.876907" lon="116.6690895">
        <ele>24.86316</ele>
        <time>2026-07-20T22:05:53.715000Z</time>
      </trkpt>
      <trkpt lat="39.8769676" lon="116.6691894">
        <ele>24.6683</ele>
        <time>2026-07-20T22:05:57.696000Z</time>
      </trkpt>
      <trkpt lat="39.8770207" lon="116.6693008">
        <ele>24.42178</ele>
        <time>2026-07-20T22:06:01.677000Z</time>
      </trkpt>
      <trkpt lat="39.8770504" lon="116.669422">
        <ele>24.21023</ele>
        <time>2026-07-20T22:06:05.659000Z</time>
      </trkpt>
      <trkpt lat="39.8770447" lon="116.66955">
        <ele>24.10408</ele>
        <time>2026-07-20T22:06:09.640000Z</time>
      </trkpt>
      <trkpt lat="39.8769944" lon="116.6696587">
        <ele>24.08438</ele>
        <time>2026-07-20T22:06:13.621000Z</time>
      </trkpt>
      <trkpt lat="39.8769268" lon="116.6697512">
        <ele>24.11951</ele>
        <time>2026-07-20T22:06:17.602000Z</time>
      </trkpt>
      <trkpt lat="39.8768548" lon="116.669841">
        <ele>24.18431</ele>
        <time>2026-07-20T22:06:21.583000Z</time>
      </trkpt>
      <trkpt lat="39.8767855" lon="116.6699277">
        <ele>24.22508</ele>
        <time>2026-07-20T22:06:25.564000Z</time>
      </trkpt>
      <trkpt lat="39.8767196" lon="116.6700121">
        <ele>24.22961</ele>
        <time>2026-07-20T22:06:29.545000Z</time>
      </trkpt>
      <trkpt lat="39.8766555" lon="116.6700963">
        <ele>24.21285</ele>
        <time>2026-07-20T22:06:33.526000Z</time>
      </trkpt>
      <trkpt lat="39.8765772" lon="116.6702005">
        <ele>24.18386</ele>
        <time>2026-07-20T22:06:38.502000Z</time>
      </trkpt>
      <trkpt lat="39.8765118" lon="116.6702842">
        <ele>24.18191</ele>
        <time>2026-07-20T22:06:42.483000Z</time>
      </trkpt>
      <trkpt lat="39.8764446" lon="116.6703681">
        <ele>24.24022</ele>
        <time>2026-07-20T22:06:46.465000Z</time>
      </trkpt>
      <trkpt lat="39.8763778" lon="116.6704509">
        <ele>24.34865</ele>
        <time>2026-07-20T22:06:50.446000Z</time>
      </trkpt>
      <trkpt lat="39.8763116" lon="116.6705312">
        <ele>24.44073</ele>
        <time>2026-07-20T22:06:54.427000Z</time>
      </trkpt>
      <trkpt lat="39.8762429" lon="116.6706098">
        <ele>24.51601</ele>
        <time>2026-07-20T22:06:58.408000Z</time>
      </trkpt>
      <trkpt lat="39.8761724" lon="116.6706871">
        <ele>24.57319</ele>
        <time>2026-07-20T22:07:02.389000Z</time>
      </trkpt>
      <trkpt lat="39.8761029" lon="116.6707621">
        <ele>24.57686</ele>
        <time>2026-07-20T22:07:06.370000Z</time>
      </trkpt>
      <trkpt lat="39.8760341" lon="116.6708379">
        <ele>24.52602</ele>
        <time>2026-07-20T22:07:10.351000Z</time>
      </trkpt>
      <trkpt lat="39.8759648" lon="116.6709149">
        <ele>24.44567</ele>
        <time>2026-07-20T22:07:14.332000Z</time>
      </trkpt>
      <trkpt lat="39.8758832" lon="116.6710145">
        <ele>24.36938</ele>
        <time>2026-07-20T22:07:19.308000Z</time>
      </trkpt>
      <trkpt lat="39.8758209" lon="116.6710993">
        <ele>24.33109</ele>
        <time>2026-07-20T22:07:23.289000Z</time>
      </trkpt>
      <trkpt lat="39.8757582" lon="116.671184">
        <ele>24.30174</ele>
        <time>2026-07-20T22:07:27.270000Z</time>
      </trkpt>
      <trkpt lat="39.8756952" lon="116.6712693">
        <ele>24.27787</ele>
        <time>2026-07-20T22:07:31.252000Z</time>
      </trkpt>
      <trkpt lat="39.875624" lon="116.6713486">
        <ele>24.24643</ele>
        <time>2026-07-20T22:07:35.233000Z</time>
      </trkpt>
      <trkpt lat="39.8755535" lon="116.6714302">
        <ele>24.18014</ele>
        <time>2026-07-20T22:07:39.214000Z</time>
      </trkpt>
      <trkpt lat="39.87547" lon="116.6715323">
        <ele>24.06485</ele>
        <time>2026-07-20T22:07:44.190000Z</time>
      </trkpt>
      <trkpt lat="39.8753921" lon="116.6716227">
        <ele>24.02675</ele>
        <time>2026-07-20T22:07:49Z</time>
      </trkpt>
      <trkpt lat="39.8753104" lon="116.6717181">
        <ele>24.03637</ele>
        <time>2026-07-20T22:07:54Z</time>
      </trkpt>
      <trkpt lat="39.8752294" lon="116.671813">
        <ele>24.04272</ele>
        <time>2026-07-20T22:07:59Z</time>
      </trkpt>
      <trkpt lat="39.8751525" lon="116.6719173">
        <ele>24.05916</ele>
        <time>2026-07-20T22:08:04Z</time>
      </trkpt>
      <trkpt lat="39.8750825" lon="116.6720274">
        <ele>24.07944</ele>
        <time>2026-07-20T22:08:09Z</time>
      </trkpt>
      <trkpt lat="39.8750085" lon="116.6721341">
        <ele>24.10766</ele>
        <time>2026-07-20T22:08:14Z</time>
      </trkpt>
      <trkpt lat="39.8749313" lon="116.6722353">
        <ele>24.13048</ele>
        <time>2026-07-20T22:08:19Z</time>
      </trkpt>
      <trkpt lat="39.8748528" lon="116.6723307">
        <ele>24.24546</ele>
        <time>2026-07-20T22:08:24Z</time>
      </trkpt>
      <trkpt lat="39.8747653" lon="116.6724192">
        <ele>24.47378</ele>
        <time>2026-07-20T22:08:28.977000Z</time>
      </trkpt>
      <trkpt lat="39.8746938" lon="116.6724924">
        <ele>24.65962</ele>
        <time>2026-07-20T22:08:32.958000Z</time>
      </trkpt>
      <trkpt lat="39.8746236" lon="116.6725688">
        <ele>24.86218</ele>
        <time>2026-07-20T22:08:36.939000Z</time>
      </trkpt>
      <trkpt lat="39.8745541" lon="116.6726509">
        <ele>25.07037</ele>
        <time>2026-07-20T22:08:40.920000Z</time>
      </trkpt>
      <trkpt lat="39.8744892" lon="116.6727408">
        <ele>25.22168</ele>
        <time>2026-07-20T22:08:44.901000Z</time>
      </trkpt>
      <trkpt lat="39.8744245" lon="116.67283">
        <ele>25.30173</ele>
        <time>2026-07-20T22:08:48.882000Z</time>
      </trkpt>
      <trkpt lat="39.8743609" lon="116.6729178">
        <ele>25.34177</ele>
        <time>2026-07-20T22:08:52.863000Z</time>
      </trkpt>
      <trkpt lat="39.874296" lon="116.6730051">
        <ele>25.33861</ele>
        <time>2026-07-20T22:08:56.845000Z</time>
      </trkpt>
      <trkpt lat="39.8742288" lon="116.6730867">
        <ele>25.29212</ele>
        <time>2026-07-20T22:09:00.826000Z</time>
      </trkpt>
      <trkpt lat="39.8741461" lon="116.6731799">
        <ele>25.1829</ele>
        <time>2026-07-20T22:09:05.802000Z</time>
      </trkpt>
      <trkpt lat="39.8740652" lon="116.6732786">
        <ele>25.10022</ele>
        <time>2026-07-20T22:09:10.778000Z</time>
      </trkpt>
      <trkpt lat="39.874" lon="116.6733612">
        <ele>25.0887</ele>
        <time>2026-07-20T22:09:14.759000Z</time>
      </trkpt>
      <trkpt lat="39.8739321" lon="116.6734463">
        <ele>25.10293</ele>
        <time>2026-07-20T22:09:18.740000Z</time>
      </trkpt>
      <trkpt lat="39.8738688" lon="116.6735325">
        <ele>25.09483</ele>
        <time>2026-07-20T22:09:22.721000Z</time>
      </trkpt>
      <trkpt lat="39.8738038" lon="116.6736202">
        <ele>25.06252</ele>
        <time>2026-07-20T22:09:26.702000Z</time>
      </trkpt>
      <trkpt lat="39.8737396" lon="116.6737078">
        <ele>25.01873</ele>
        <time>2026-07-20T22:09:30.684000Z</time>
      </trkpt>
      <trkpt lat="39.873673" lon="116.673792">
        <ele>24.96251</ele>
        <time>2026-07-20T22:09:34.665000Z</time>
      </trkpt>
      <trkpt lat="39.8736052" lon="116.6738731">
        <ele>24.8809</ele>
        <time>2026-07-20T22:09:38.646000Z</time>
      </trkpt>
      <trkpt lat="39.8735392" lon="116.6739592">
        <ele>24.77932</ele>
        <time>2026-07-20T22:09:42.627000Z</time>
      </trkpt>
      <trkpt lat="39.8734734" lon="116.6740403">
        <ele>24.59741</ele>
        <time>2026-07-20T22:09:46.608000Z</time>
      </trkpt>
      <trkpt lat="39.8733924" lon="116.674132">
        <ele>24.22561</ele>
        <time>2026-07-20T22:09:51.584000Z</time>
      </trkpt>
      <trkpt lat="39.8733194" lon="116.6741843">
        <ele>23.4759</ele>
        <time>2026-07-20T22:10:03Z</time>
      </trkpt>
      <trkpt lat="39.873304" lon="116.6742096">
        <ele>23.61961</ele>
        <time>2026-07-20T22:10:07Z</time>
      </trkpt>
      <trkpt lat="39.873238" lon="116.6742894">
        <ele>24.0145</ele>
        <time>2026-07-20T22:10:11.489000Z</time>
      </trkpt>
      <trkpt lat="39.8731658" lon="116.674387">
        <ele>24.34214</ele>
        <time>2026-07-20T22:10:15.470000Z</time>
      </trkpt>
      <trkpt lat="39.8730957" lon="116.6744892">
        <ele>24.58365</ele>
        <time>2026-07-20T22:10:19.451000Z</time>
      </trkpt>
      <trkpt lat="39.8730303" lon="116.6745873">
        <ele>24.74143</ele>
        <time>2026-07-20T22:10:23.432000Z</time>
      </trkpt>
      <trkpt lat="39.8729622" lon="116.6746942">
        <ele>24.78339</ele>
        <time>2026-07-20T22:10:28.409000Z</time>
      </trkpt>
      <trkpt lat="39.8728982" lon="116.6747795">
        <ele>24.70518</ele>
        <time>2026-07-20T22:10:33.385000Z</time>
      </trkpt>
      <trkpt lat="39.8728241" lon="116.6748698">
        <ele>24.61721</ele>
        <time>2026-07-20T22:10:38.361000Z</time>
      </trkpt>
      <trkpt lat="39.8727541" lon="116.6749735">
        <ele>24.5418</ele>
        <time>2026-07-20T22:10:42.342000Z</time>
      </trkpt>
      <trkpt lat="39.8726873" lon="116.6750837">
        <ele>24.47852</ele>
        <time>2026-07-20T22:10:46.323000Z</time>
      </trkpt>
      <trkpt lat="39.8726223" lon="116.675192">
        <ele>24.43877</ele>
        <time>2026-07-20T22:10:50.304000Z</time>
      </trkpt>
      <trkpt lat="39.8725572" lon="116.6752961">
        <ele>24.41592</ele>
        <time>2026-07-20T22:10:54.285000Z</time>
      </trkpt>
      <trkpt lat="39.8724971" lon="116.6753989">
        <ele>24.41473</ele>
        <time>2026-07-20T22:10:58.267000Z</time>
      </trkpt>
      <trkpt lat="39.8724411" lon="116.6755035">
        <ele>24.39824</ele>
        <time>2026-07-20T22:11:02.248000Z</time>
      </trkpt>
      <trkpt lat="39.8723858" lon="116.6756076">
        <ele>24.3318</ele>
        <time>2026-07-20T22:11:06.229000Z</time>
      </trkpt>
      <trkpt lat="39.8723282" lon="116.6757138">
        <ele>24.24988</ele>
        <time>2026-07-20T22:11:10.210000Z</time>
      </trkpt>
      <trkpt lat="39.8722699" lon="116.6758248">
        <ele>24.14819</ele>
        <time>2026-07-20T22:11:14.191000Z</time>
      </trkpt>
      <trkpt lat="39.8722146" lon="116.6759347">
        <ele>24.02162</ele>
        <time>2026-07-20T22:11:18.172000Z</time>
      </trkpt>
      <trkpt lat="39.8721646" lon="116.6760458">
        <ele>23.93787</ele>
        <time>2026-07-20T22:11:22.153000Z</time>
      </trkpt>
      <trkpt lat="39.872114" lon="116.6761575">
        <ele>23.87435</ele>
        <time>2026-07-20T22:11:26.134000Z</time>
      </trkpt>
      <trkpt lat="39.8720675" lon="116.6762673">
        <ele>23.7675</ele>
        <time>2026-07-20T22:11:30Z</time>
      </trkpt>
      <trkpt lat="39.8720196" lon="116.6763759">
        <ele>23.6628</ele>
        <time>2026-07-20T22:11:34Z</time>
      </trkpt>
      <trkpt lat="39.8719736" lon="116.6764851">
        <ele>23.60334</ele>
        <time>2026-07-20T22:11:38Z</time>
      </trkpt>
      <trkpt lat="39.8719245" lon="116.6766003">
        <ele>23.59912</ele>
        <time>2026-07-20T22:11:42.058000Z</time>
      </trkpt>
      <trkpt lat="39.8718757" lon="116.6767106">
        <ele>23.58857</ele>
        <time>2026-07-20T22:11:46.039000Z</time>
      </trkpt>
      <trkpt lat="39.871829" lon="116.6768218">
        <ele>23.56608</ele>
        <time>2026-07-20T22:11:50.020000Z</time>
      </trkpt>
      <trkpt lat="39.8717891" lon="116.6769345">
        <ele>23.57927</ele>
        <time>2026-07-20T22:11:54Z</time>
      </trkpt>
      <trkpt lat="39.8717493" lon="116.6770485">
        <ele>23.66181</ele>
        <time>2026-07-20T22:11:57.982000Z</time>
      </trkpt>
      <trkpt lat="39.8717093" lon="116.6771599">
        <ele>23.74701</ele>
        <time>2026-07-20T22:12:01.963000Z</time>
      </trkpt>
      <trkpt lat="39.8716705" lon="116.6772705">
        <ele>23.78123</ele>
        <time>2026-07-20T22:12:05.944000Z</time>
      </trkpt>
      <trkpt lat="39.871631" lon="116.6773815">
        <ele>23.78046</ele>
        <time>2026-07-20T22:12:09.925000Z</time>
      </trkpt>
      <trkpt lat="39.8715902" lon="116.6774918">
        <ele>23.77249</ele>
        <time>2026-07-20T22:12:13.906000Z</time>
      </trkpt>
      <trkpt lat="39.871548" lon="116.6776042">
        <ele>23.75711</ele>
        <time>2026-07-20T22:12:17.887000Z</time>
      </trkpt>
      <trkpt lat="39.8715062" lon="116.6777187">
        <ele>23.7175</ele>
        <time>2026-07-20T22:12:21.868000Z</time>
      </trkpt>
      <trkpt lat="39.8714704" lon="116.6778327">
        <ele>23.62949</ele>
        <time>2026-07-20T22:12:25.849000Z</time>
      </trkpt>
      <trkpt lat="39.8714401" lon="116.6779451">
        <ele>23.53897</ele>
        <time>2026-07-20T22:12:29.830000Z</time>
      </trkpt>
      <trkpt lat="39.8714077" lon="116.6780838">
        <ele>23.497</ele>
        <time>2026-07-20T22:12:34.806000Z</time>
      </trkpt>
      <trkpt lat="39.8713733" lon="116.6782229">
        <ele>23.58151</ele>
        <time>2026-07-20T22:12:39.783000Z</time>
      </trkpt>
      <trkpt lat="39.8713465" lon="116.6783385">
        <ele>23.71313</ele>
        <time>2026-07-20T22:12:43.764000Z</time>
      </trkpt>
      <trkpt lat="39.8713188" lon="116.6784516">
        <ele>23.84894</ele>
        <time>2026-07-20T22:12:47.745000Z</time>
      </trkpt>
      <trkpt lat="39.8712883" lon="116.6785624">
        <ele>23.96548</ele>
        <time>2026-07-20T22:12:51.726000Z</time>
      </trkpt>
      <trkpt lat="39.8712588" lon="116.6786742">
        <ele>24.0528</ele>
        <time>2026-07-20T22:12:55.707000Z</time>
      </trkpt>
      <trkpt lat="39.8712256" lon="116.6787873">
        <ele>24.11679</ele>
        <time>2026-07-20T22:12:59.688000Z</time>
      </trkpt>
      <trkpt lat="39.8711949" lon="116.6789027">
        <ele>24.16417</ele>
        <time>2026-07-20T22:13:03.669000Z</time>
      </trkpt>
      <trkpt lat="39.8711665" lon="116.6790173">
        <ele>24.17756</ele>
        <time>2026-07-20T22:13:07.650000Z</time>
      </trkpt>
      <trkpt lat="39.8711407" lon="116.679133">
        <ele>24.17574</ele>
        <time>2026-07-20T22:13:11.631000Z</time>
      </trkpt>
      <trkpt lat="39.8711164" lon="116.6792499">
        <ele>24.18192</ele>
        <time>2026-07-20T22:13:15.612000Z</time>
      </trkpt>
      <trkpt lat="39.871092" lon="116.6793633">
        <ele>24.20354</ele>
        <time>2026-07-20T22:13:19.593000Z</time>
      </trkpt>
      <trkpt lat="39.8710647" lon="116.6794754">
        <ele>24.27746</ele>
        <time>2026-07-20T22:13:23.574000Z</time>
      </trkpt>
      <trkpt lat="39.8710315" lon="116.6796121">
        <ele>24.46426</ele>
        <time>2026-07-20T22:13:28.550000Z</time>
      </trkpt>
      <trkpt lat="39.8709985" lon="116.6797485">
        <ele>24.64869</ele>
        <time>2026-07-20T22:13:33.527000Z</time>
      </trkpt>
      <trkpt lat="39.8709581" lon="116.6798816">
        <ele>24.71738</ele>
        <time>2026-07-20T22:13:38.503000Z</time>
      </trkpt>
      <trkpt lat="39.8709242" lon="116.679992">
        <ele>24.70765</ele>
        <time>2026-07-20T22:13:42.484000Z</time>
      </trkpt>
      <trkpt lat="39.870889" lon="116.6801029">
        <ele>24.70947</ele>
        <time>2026-07-20T22:13:46.465000Z</time>
      </trkpt>
      <trkpt lat="39.870852" lon="116.6802144">
        <ele>24.71729</ele>
        <time>2026-07-20T22:13:50.446000Z</time>
      </trkpt>
      <trkpt lat="39.8708127" lon="116.6803271">
        <ele>24.70713</ele>
        <time>2026-07-20T22:13:54.427000Z</time>
      </trkpt>
      <trkpt lat="39.8707768" lon="116.6804407">
        <ele>24.68243</ele>
        <time>2026-07-20T22:13:58.408000Z</time>
      </trkpt>
      <trkpt lat="39.8707475" lon="116.6805529">
        <ele>24.55322</ele>
        <time>2026-07-20T22:14:02.389000Z</time>
      </trkpt>
      <trkpt lat="39.8707213" lon="116.680665">
        <ele>24.38427</ele>
        <time>2026-07-20T22:14:06.370000Z</time>
      </trkpt>
      <trkpt lat="39.8706961" lon="116.680778">
        <ele>24.28763</ele>
        <time>2026-07-20T22:14:10.351000Z</time>
      </trkpt>
      <trkpt lat="39.8706695" lon="116.680895">
        <ele>24.25754</ele>
        <time>2026-07-20T22:14:14.331000Z</time>
      </trkpt>
      <trkpt lat="39.8706414" lon="116.6810109">
        <ele>24.23684</ele>
        <time>2026-07-20T22:14:18.312000Z</time>
      </trkpt>
      <trkpt lat="39.8706149" lon="116.6811266">
        <ele>24.19565</ele>
        <time>2026-07-20T22:14:22.293000Z</time>
      </trkpt>
      <trkpt lat="39.8705892" lon="116.6812412">
        <ele>24.15744</ele>
        <time>2026-07-20T22:14:26.274000Z</time>
      </trkpt>
      <trkpt lat="39.8705628" lon="116.6813565">
        <ele>24.06659</ele>
        <time>2026-07-20T22:14:30.255000Z</time>
      </trkpt>
      <trkpt lat="39.8705379" lon="116.6814704">
        <ele>23.8751</ele>
        <time>2026-07-20T22:14:34.236000Z</time>
      </trkpt>
      <trkpt lat="39.870507" lon="116.6815824">
        <ele>23.59238</ele>
        <time>2026-07-20T22:14:38.217000Z</time>
      </trkpt>
      <trkpt lat="39.8704731" lon="116.6816942">
        <ele>23.28762</ele>
        <time>2026-07-20T22:14:42.198000Z</time>
      </trkpt>
      <trkpt lat="39.870429" lon="116.6818287">
        <ele>23.07264</ele>
        <time>2026-07-20T22:14:46.999000Z</time>
      </trkpt>
      <trkpt lat="39.8703935" lon="116.6819409">
        <ele>23.03218</ele>
        <time>2026-07-20T22:14:50.999000Z</time>
      </trkpt>
      <trkpt lat="39.8703605" lon="116.6820563">
        <ele>22.99687</ele>
        <time>2026-07-20T22:14:54.999000Z</time>
      </trkpt>
      <trkpt lat="39.8703287" lon="116.6821715">
        <ele>22.94108</ele>
        <time>2026-07-20T22:14:58.999000Z</time>
      </trkpt>
      <trkpt lat="39.8702978" lon="116.6822867">
        <ele>22.88984</ele>
        <time>2026-07-20T22:15:02.999000Z</time>
      </trkpt>
      <trkpt lat="39.8702654" lon="116.6824045">
        <ele>22.84387</ele>
        <time>2026-07-20T22:15:06.999000Z</time>
      </trkpt>
      <trkpt lat="39.8702339" lon="116.6825209">
        <ele>22.7838</ele>
        <time>2026-07-20T22:15:10.999000Z</time>
      </trkpt>
      <trkpt lat="39.8702033" lon="116.6826359">
        <ele>22.73246</ele>
        <time>2026-07-20T22:15:14.999000Z</time>
      </trkpt>
      <trkpt lat="39.8701702" lon="116.6827513">
        <ele>22.70526</ele>
        <time>2026-07-20T22:15:18.999000Z</time>
      </trkpt>
      <trkpt lat="39.8701403" lon="116.6828624">
        <ele>22.6603</ele>
        <time>2026-07-20T22:15:23.003000Z</time>
      </trkpt>
      <trkpt lat="39.8701114" lon="116.6829737">
        <ele>22.58591</ele>
        <time>2026-07-20T22:15:26.984000Z</time>
      </trkpt>
      <trkpt lat="39.8700819" lon="116.6830854">
        <ele>22.50894</ele>
        <time>2026-07-20T22:15:30.965000Z</time>
      </trkpt>
      <trkpt lat="39.8700546" lon="116.6831983">
        <ele>22.44289</ele>
        <time>2026-07-20T22:15:34.947000Z</time>
      </trkpt>
      <trkpt lat="39.8700223" lon="116.6833372">
        <ele>22.39476</ele>
        <time>2026-07-20T22:15:39.923000Z</time>
      </trkpt>
      <trkpt lat="39.8699843" lon="116.6834752">
        <ele>22.40108</ele>
        <time>2026-07-20T22:15:44.899000Z</time>
      </trkpt>
      <trkpt lat="39.8699543" lon="116.6835878">
        <ele>22.43427</ele>
        <time>2026-07-20T22:15:48.880000Z</time>
      </trkpt>
      <trkpt lat="39.8699268" lon="116.6837007">
        <ele>22.46462</ele>
        <time>2026-07-20T22:15:52.861000Z</time>
      </trkpt>
      <trkpt lat="39.8698953" lon="116.6838144">
        <ele>22.50533</ele>
        <time>2026-07-20T22:15:56.842000Z</time>
      </trkpt>
      <trkpt lat="39.8698584" lon="116.683924">
        <ele>22.55285</ele>
        <time>2026-07-20T22:16:00.824000Z</time>
      </trkpt>
      <trkpt lat="39.8698213" lon="116.6840307">
        <ele>22.58942</ele>
        <time>2026-07-20T22:16:04.805000Z</time>
      </trkpt>
      <trkpt lat="39.8697823" lon="116.6841668">
        <ele>22.641</ele>
        <time>2026-07-20T22:16:09.781000Z</time>
      </trkpt>
      <trkpt lat="39.8697511" lon="116.684278">
        <ele>22.70216</ele>
        <time>2026-07-20T22:16:13.762000Z</time>
      </trkpt>
      <trkpt lat="39.8697254" lon="116.6843912">
        <ele>22.77567</ele>
        <time>2026-07-20T22:16:17.744000Z</time>
      </trkpt>
      <trkpt lat="39.8696976" lon="116.684529">
        <ele>22.89497</ele>
        <time>2026-07-20T22:16:22.720000Z</time>
      </trkpt>
      <trkpt lat="39.8696683" lon="116.6846702">
        <ele>23.03658</ele>
        <time>2026-07-20T22:16:27.696000Z</time>
      </trkpt>
      <trkpt lat="39.8696362" lon="116.6847849">
        <ele>23.11143</ele>
        <time>2026-07-20T22:16:31.678000Z</time>
      </trkpt>
      <trkpt lat="39.8696053" lon="116.6848964">
        <ele>23.11849</ele>
        <time>2026-07-20T22:16:35.659000Z</time>
      </trkpt>
      <trkpt lat="39.8695768" lon="116.685011">
        <ele>23.05655</ele>
        <time>2026-07-20T22:16:39.640000Z</time>
      </trkpt>
      <trkpt lat="39.8695483" lon="116.6851225">
        <ele>22.94604</ele>
        <time>2026-07-20T22:16:43.621000Z</time>
      </trkpt>
      <trkpt lat="39.8695134" lon="116.6852619">
        <ele>22.80849</ele>
        <time>2026-07-20T22:16:48.597000Z</time>
      </trkpt>
      <trkpt lat="39.8694829" lon="116.6853747">
        <ele>22.76357</ele>
        <time>2026-07-20T22:16:52.578000Z</time>
      </trkpt>
      <trkpt lat="39.8694525" lon="116.6854853">
        <ele>22.77116</ele>
        <time>2026-07-20T22:16:56.559000Z</time>
      </trkpt>
      <trkpt lat="39.8694254" lon="116.6855996">
        <ele>22.75292</ele>
        <time>2026-07-20T22:17:00.540000Z</time>
      </trkpt>
      <trkpt lat="39.8693926" lon="116.6857103">
        <ele>22.66619</ele>
        <time>2026-07-20T22:17:04.522000Z</time>
      </trkpt>
      <trkpt lat="39.8693626" lon="116.6858212">
        <ele>22.52326</ele>
        <time>2026-07-20T22:17:08.503000Z</time>
      </trkpt>
      <trkpt lat="39.86933" lon="116.68596">
        <ele>22.32367</ele>
        <time>2026-07-20T22:17:13.479000Z</time>
      </trkpt>
      <trkpt lat="39.8692924" lon="116.6860955">
        <ele>22.18627</ele>
        <time>2026-07-20T22:17:18.455000Z</time>
      </trkpt>
      <trkpt lat="39.8692603" lon="116.6862071">
        <ele>22.14048</ele>
        <time>2026-07-20T22:17:22.437000Z</time>
      </trkpt>
      <trkpt lat="39.8692346" lon="116.6863486">
        <ele>22.16419</ele>
        <time>2026-07-20T22:17:27.413000Z</time>
      </trkpt>
      <trkpt lat="39.8692057" lon="116.6864883">
        <ele>22.25576</ele>
        <time>2026-07-20T22:17:32.389000Z</time>
      </trkpt>
      <trkpt lat="39.8691812" lon="116.6866009">
        <ele>22.33413</ele>
        <time>2026-07-20T22:17:36.370000Z</time>
      </trkpt>
      <trkpt lat="39.8691476" lon="116.6867368">
        <ele>22.42583</ele>
        <time>2026-07-20T22:17:41.347000Z</time>
      </trkpt>
      <trkpt lat="39.8691119" lon="116.6868672">
        <ele>22.51186</ele>
        <time>2026-07-20T22:17:46.323000Z</time>
      </trkpt>
      <trkpt lat="39.8690784" lon="116.6870036">
        <ele>22.59106</ele>
        <time>2026-07-20T22:17:51.300000Z</time>
      </trkpt>
      <trkpt lat="39.8690423" lon="116.6871398">
        <ele>22.66026</ele>
        <time>2026-07-20T22:17:56.276000Z</time>
      </trkpt>
      <trkpt lat="39.869006" lon="116.6872756">
        <ele>22.75014</ele>
        <time>2026-07-20T22:18:01.252000Z</time>
      </trkpt>
      <trkpt lat="39.8689668" lon="116.6874088">
        <ele>22.90396</ele>
        <time>2026-07-20T22:18:06.229000Z</time>
      </trkpt>
      <trkpt lat="39.868929" lon="116.6875413">
        <ele>23.07662</ele>
        <time>2026-07-20T22:18:11.205000Z</time>
      </trkpt>
      <trkpt lat="39.8688977" lon="116.6876711">
        <ele>23.2078</ele>
        <time>2026-07-20T22:18:16Z</time>
      </trkpt>
      <trkpt lat="39.8688626" lon="116.6878035">
        <ele>23.2784</ele>
        <time>2026-07-20T22:18:21Z</time>
      </trkpt>
      <trkpt lat="39.8688291" lon="116.6879359">
        <ele>23.31412</ele>
        <time>2026-07-20T22:18:26Z</time>
      </trkpt>
      <trkpt lat="39.8687948" lon="116.6880721">
        <ele>23.35256</ele>
        <time>2026-07-20T22:18:31Z</time>
      </trkpt>
      <trkpt lat="39.8687557" lon="116.6882072">
        <ele>23.39728</ele>
        <time>2026-07-20T22:18:36Z</time>
      </trkpt>
      <trkpt lat="39.8687142" lon="116.6883376">
        <ele>23.45052</ele>
        <time>2026-07-20T22:18:41Z</time>
      </trkpt>
      <trkpt lat="39.868672" lon="116.6884689">
        <ele>23.51471</ele>
        <time>2026-07-20T22:18:46Z</time>
      </trkpt>
      <trkpt lat="39.8686331" lon="116.6886019">
        <ele>23.50984</ele>
        <time>2026-07-20T22:18:51Z</time>
      </trkpt>
      <trkpt lat="39.8685884" lon="116.688735">
        <ele>23.21895</ele>
        <time>2026-07-20T22:18:55.993000Z</time>
      </trkpt>
      <trkpt lat="39.868515" lon="116.6888451">
        <ele>22.98869</ele>
        <time>2026-07-20T22:19:00.969000Z</time>
      </trkpt>
      <trkpt lat="39.8684298" lon="116.6888984">
        <ele>23.02293</ele>
        <time>2026-07-20T22:19:04.951000Z</time>
      </trkpt>
      <trkpt lat="39.8683356" lon="116.6889028">
        <ele>23.16801</ele>
        <time>2026-07-20T22:19:08.932000Z</time>
      </trkpt>
      <trkpt lat="39.8682414" lon="116.6888903">
        <ele>23.30842</ele>
        <time>2026-07-20T22:19:12.913000Z</time>
      </trkpt>
      <trkpt lat="39.8681467" lon="116.688879">
        <ele>23.38521</ele>
        <time>2026-07-20T22:19:16.894000Z</time>
      </trkpt>
      <trkpt lat="39.8680517" lon="116.6888689">
        <ele>23.40753</ele>
        <time>2026-07-20T22:19:20.875000Z</time>
      </trkpt>
      <trkpt lat="39.8679592" lon="116.6888604">
        <ele>23.35958</ele>
        <time>2026-07-20T22:19:24.856000Z</time>
      </trkpt>
      <trkpt lat="39.8678662" lon="116.6888557">
        <ele>23.26225</ele>
        <time>2026-07-20T22:19:28.837000Z</time>
      </trkpt>
      <trkpt lat="39.8677716" lon="116.6888572">
        <ele>23.13176</ele>
        <time>2026-07-20T22:19:32.818000Z</time>
      </trkpt>
      <trkpt lat="39.8676774" lon="116.688865">
        <ele>22.9815</ele>
        <time>2026-07-20T22:19:36.800000Z</time>
      </trkpt>
      <trkpt lat="39.8675859" lon="116.6888744">
        <ele>22.86822</ele>
        <time>2026-07-20T22:19:40.781000Z</time>
      </trkpt>
      <trkpt lat="39.8674933" lon="116.688885">
        <ele>22.81486</ele>
        <time>2026-07-20T22:19:44.762000Z</time>
      </trkpt>
      <trkpt lat="39.867402" lon="116.6889001">
        <ele>22.79815</ele>
        <time>2026-07-20T22:19:48.743000Z</time>
      </trkpt>
      <trkpt lat="39.8673122" lon="116.6889248">
        <ele>22.79989</ele>
        <time>2026-07-20T22:19:52.724000Z</time>
      </trkpt>
      <trkpt lat="39.8672234" lon="116.6889531">
        <ele>22.81651</ele>
        <time>2026-07-20T22:19:56.705000Z</time>
      </trkpt>
      <trkpt lat="39.8671316" lon="116.6889839">
        <ele>22.82563</ele>
        <time>2026-07-20T22:20:00.686000Z</time>
      </trkpt>
      <trkpt lat="39.8670428" lon="116.6890181">
        <ele>22.78908</ele>
        <time>2026-07-20T22:20:04.667000Z</time>
      </trkpt>
      <trkpt lat="39.8669554" lon="116.6890583">
        <ele>22.70213</ele>
        <time>2026-07-20T22:20:08.649000Z</time>
      </trkpt>
      <trkpt lat="39.8668679" lon="116.6890936">
        <ele>22.58662</ele>
        <time>2026-07-20T22:20:12.630000Z</time>
      </trkpt>
      <trkpt lat="39.8667591" lon="116.6891319">
        <ele>22.45643</ele>
        <time>2026-07-20T22:20:17.606000Z</time>
      </trkpt>
      <trkpt lat="39.8666685" lon="116.6891558">
        <ele>22.36119</ele>
        <time>2026-07-20T22:20:21.587000Z</time>
      </trkpt>
      <trkpt lat="39.8665777" lon="116.6891842">
        <ele>22.2694</ele>
        <time>2026-07-20T22:20:25.568000Z</time>
      </trkpt>
      <trkpt lat="39.8664905" lon="116.6892213">
        <ele>22.17136</ele>
        <time>2026-07-20T22:20:29.549000Z</time>
      </trkpt>
      <trkpt lat="39.8664018" lon="116.6892631">
        <ele>22.10127</ele>
        <time>2026-07-20T22:20:33.531000Z</time>
      </trkpt>
      <trkpt lat="39.8663128" lon="116.6893069">
        <ele>22.12118</ele>
        <time>2026-07-20T22:20:37.512000Z</time>
      </trkpt>
      <trkpt lat="39.8662215" lon="116.6893514">
        <ele>22.22618</ele>
        <time>2026-07-20T22:20:41.493000Z</time>
      </trkpt>
      <trkpt lat="39.8661326" lon="116.6893935">
        <ele>22.35362</ele>
        <time>2026-07-20T22:20:45.474000Z</time>
      </trkpt>
      <trkpt lat="39.8660466" lon="116.6894364">
        <ele>22.46941</ele>
        <time>2026-07-20T22:20:49.455000Z</time>
      </trkpt>
      <trkpt lat="39.8659592" lon="116.6894793">
        <ele>22.55443</ele>
        <time>2026-07-20T22:20:53.436000Z</time>
      </trkpt>
      <trkpt lat="39.8658726" lon="116.6895206">
        <ele>22.60047</ele>
        <time>2026-07-20T22:20:57.417000Z</time>
      </trkpt>
      <trkpt lat="39.8657657" lon="116.6895602">
        <ele>22.62801</ele>
        <time>2026-07-20T22:21:02.394000Z</time>
      </trkpt>
      <trkpt lat="39.8656587" lon="116.6896003">
        <ele>22.63326</ele>
        <time>2026-07-20T22:21:07.370000Z</time>
      </trkpt>
      <trkpt lat="39.8655538" lon="116.6896477">
        <ele>22.63072</ele>
        <time>2026-07-20T22:21:12.346000Z</time>
      </trkpt>
      <trkpt lat="39.8654485" lon="116.6896981">
        <ele>22.5716</ele>
        <time>2026-07-20T22:21:17.323000Z</time>
      </trkpt>
      <trkpt lat="39.8653445" lon="116.6897546">
        <ele>22.46154</ele>
        <time>2026-07-20T22:21:22.299000Z</time>
      </trkpt>
      <trkpt lat="39.865259" lon="116.6898035">
        <ele>22.38943</ele>
        <time>2026-07-20T22:21:26.280000Z</time>
      </trkpt>
      <trkpt lat="39.8651715" lon="116.6898498">
        <ele>22.31505</ele>
        <time>2026-07-20T22:21:30.261000Z</time>
      </trkpt>
      <trkpt lat="39.8650845" lon="116.6898935">
        <ele>22.20702</ele>
        <time>2026-07-20T22:21:34.243000Z</time>
      </trkpt>
      <trkpt lat="39.8649988" lon="116.6899379">
        <ele>22.0874</ele>
        <time>2026-07-20T22:21:38.224000Z</time>
      </trkpt>
      <trkpt lat="39.8649149" lon="116.6899831">
        <ele>21.98011</ele>
        <time>2026-07-20T22:21:42.205000Z</time>
      </trkpt>
      <trkpt lat="39.8648113" lon="116.6900322">
        <ele>21.90665</ele>
        <time>2026-07-20T22:21:47Z</time>
      </trkpt>
      <trkpt lat="39.864725" lon="116.6900696">
        <ele>21.88276</ele>
        <time>2026-07-20T22:21:51Z</time>
      </trkpt>
      <trkpt lat="39.8646369" lon="116.6901076">
        <ele>21.85943</ele>
        <time>2026-07-20T22:21:55Z</time>
      </trkpt>
      <trkpt lat="39.864547" lon="116.6901448">
        <ele>21.82362</ele>
        <time>2026-07-20T22:21:59Z</time>
      </trkpt>
      <trkpt lat="39.864457" lon="116.6901887">
        <ele>21.78596</ele>
        <time>2026-07-20T22:22:03Z</time>
      </trkpt>
      <trkpt lat="39.8643696" lon="116.6902384">
        <ele>21.77548</ele>
        <time>2026-07-20T22:22:07Z</time>
      </trkpt>
      <trkpt lat="39.8642833" lon="116.6902868">
        <ele>21.79714</ele>
        <time>2026-07-20T22:22:11Z</time>
      </trkpt>
      <trkpt lat="39.864195" lon="116.6903258">
        <ele>21.82203</ele>
        <time>2026-07-20T22:22:15Z</time>
      </trkpt>
      <trkpt lat="39.864107" lon="116.6903641">
        <ele>21.83793</ele>
        <time>2026-07-20T22:22:19Z</time>
      </trkpt>
      <trkpt lat="39.8640211" lon="116.6904015">
        <ele>21.8468</ele>
        <time>2026-07-20T22:22:23Z</time>
      </trkpt>
      <trkpt lat="39.8639347" lon="116.6904391">
        <ele>21.85554</ele>
        <time>2026-07-20T22:22:27Z</time>
      </trkpt>
      <trkpt lat="39.8638467" lon="116.6904785">
        <ele>21.86167</ele>
        <time>2026-07-20T22:22:30.984000Z</time>
      </trkpt>
      <trkpt lat="39.8637593" lon="116.690514">
        <ele>21.8311</ele>
        <time>2026-07-20T22:22:34.965000Z</time>
      </trkpt>
      <trkpt lat="39.8636724" lon="116.6905472">
        <ele>21.74645</ele>
        <time>2026-07-20T22:22:38.946000Z</time>
      </trkpt>
      <trkpt lat="39.8635811" lon="116.6905811">
        <ele>21.64401</ele>
        <time>2026-07-20T22:22:42.927000Z</time>
      </trkpt>
      <trkpt lat="39.8634911" lon="116.6906224">
        <ele>21.5865</ele>
        <time>2026-07-20T22:22:46.908000Z</time>
      </trkpt>
      <trkpt lat="39.8634029" lon="116.690668">
        <ele>21.62215</ele>
        <time>2026-07-20T22:22:50.889000Z</time>
      </trkpt>
      <trkpt lat="39.8633169" lon="116.6907121">
        <ele>21.72907</ele>
        <time>2026-07-20T22:22:54.870000Z</time>
      </trkpt>
      <trkpt lat="39.8632313" lon="116.6907544">
        <ele>21.84182</ele>
        <time>2026-07-20T22:22:58.851000Z</time>
      </trkpt>
      <trkpt lat="39.8631459" lon="116.6907944">
        <ele>21.92905</ele>
        <time>2026-07-20T22:23:02.832000Z</time>
      </trkpt>
      <trkpt lat="39.863058" lon="116.6908336">
        <ele>21.98234</ele>
        <time>2026-07-20T22:23:06.814000Z</time>
      </trkpt>
      <trkpt lat="39.8629694" lon="116.6908737">
        <ele>21.97565</ele>
        <time>2026-07-20T22:23:10.795000Z</time>
      </trkpt>
      <trkpt lat="39.8628797" lon="116.6909119">
        <ele>21.92916</ele>
        <time>2026-07-20T22:23:14.776000Z</time>
      </trkpt>
      <trkpt lat="39.862793" lon="116.690945">
        <ele>21.89331</ele>
        <time>2026-07-20T22:23:18.757000Z</time>
      </trkpt>
      <trkpt lat="39.8626875" lon="116.6909144">
        <ele>21.85129</ele>
        <time>2026-07-20T22:23:23.733000Z</time>
      </trkpt>
      <trkpt lat="39.8626382" lon="116.6908108">
        <ele>21.78697</ele>
        <time>2026-07-20T22:23:27.715000Z</time>
      </trkpt>
      <trkpt lat="39.8626093" lon="116.6906926">
        <ele>21.69788</ele>
        <time>2026-07-20T22:23:31.696000Z</time>
      </trkpt>
      <trkpt lat="39.8625812" lon="116.690578">
        <ele>21.60533</ele>
        <time>2026-07-20T22:23:35.677000Z</time>
      </trkpt>
      <trkpt lat="39.862551" lon="116.6904631">
        <ele>21.52619</ele>
        <time>2026-07-20T22:23:39.658000Z</time>
      </trkpt>
      <trkpt lat="39.86252" lon="116.6903478">
        <ele>21.45533</ele>
        <time>2026-07-20T22:23:43.639000Z</time>
      </trkpt>
      <trkpt lat="39.8624886" lon="116.6902337">
        <ele>21.38896</ele>
        <time>2026-07-20T22:23:47.620000Z</time>
      </trkpt>
      <trkpt lat="39.8624581" lon="116.6901191">
        <ele>21.33087</ele>
        <time>2026-07-20T22:23:51.601000Z</time>
      </trkpt>
      <trkpt lat="39.8624189" lon="116.6899832">
        <ele>21.24441</ele>
        <time>2026-07-20T22:23:56.578000Z</time>
      </trkpt>
      <trkpt lat="39.8623871" lon="116.6898724">
        <ele>21.17088</ele>
        <time>2026-07-20T22:24:00.559000Z</time>
      </trkpt>
      <trkpt lat="39.8623544" lon="116.6897615">
        <ele>21.1144</ele>
        <time>2026-07-20T22:24:04.540000Z</time>
      </trkpt>
      <trkpt lat="39.8623201" lon="116.6896464">
        <ele>21.10718</ele>
        <time>2026-07-20T22:24:08.521000Z</time>
      </trkpt>
      <trkpt lat="39.8622786" lon="116.6895391">
        <ele>21.18022</ele>
        <time>2026-07-20T22:24:12.502000Z</time>
      </trkpt>
      <trkpt lat="39.8622331" lon="116.6894357">
        <ele>21.31278</ele>
        <time>2026-07-20T22:24:16.483000Z</time>
      </trkpt>
      <trkpt lat="39.8621925" lon="116.6893306">
        <ele>21.47056</ele>
        <time>2026-07-20T22:24:20.465000Z</time>
      </trkpt>
      <trkpt lat="39.8621528" lon="116.6891941">
        <ele>21.67716</ele>
        <time>2026-07-20T22:24:25.441000Z</time>
      </trkpt>
      <trkpt lat="39.8621231" lon="116.6890833">
        <ele>21.82707</ele>
        <time>2026-07-20T22:24:29.422000Z</time>
      </trkpt>
      <trkpt lat="39.8620897" lon="116.6889477">
        <ele>21.95796</ele>
        <time>2026-07-20T22:24:34.399000Z</time>
      </trkpt>
      <trkpt lat="39.8620519" lon="116.6888123">
        <ele>21.98587</ele>
        <time>2026-07-20T22:24:39.375000Z</time>
      </trkpt>
      <trkpt lat="39.86201" lon="116.6886811">
        <ele>21.92956</ele>
        <time>2026-07-20T22:24:44.351000Z</time>
      </trkpt>
      <trkpt lat="39.8619784" lon="116.6885706">
        <ele>21.87755</ele>
        <time>2026-07-20T22:24:48.333000Z</time>
      </trkpt>
      <trkpt lat="39.8619443" lon="116.6884588">
        <ele>21.86734</ele>
        <time>2026-07-20T22:24:52.314000Z</time>
      </trkpt>
      <trkpt lat="39.8619097" lon="116.6883493">
        <ele>21.92086</ele>
        <time>2026-07-20T22:24:56.295000Z</time>
      </trkpt>
      <trkpt lat="39.8618703" lon="116.6882132">
        <ele>22.06087</ele>
        <time>2026-07-20T22:25:01.271000Z</time>
      </trkpt>
      <trkpt lat="39.861841" lon="116.6881021">
        <ele>22.2093</ele>
        <time>2026-07-20T22:25:05.252000Z</time>
      </trkpt>
      <trkpt lat="39.8618134" lon="116.6879901">
        <ele>22.41004</ele>
        <time>2026-07-20T22:25:09.234000Z</time>
      </trkpt>
      <trkpt lat="39.8617753" lon="116.6878546">
        <ele>22.77474</ele>
        <time>2026-07-20T22:25:14.210000Z</time>
      </trkpt>
      <trkpt lat="39.8617446" lon="116.6877162">
        <ele>23.16637</ele>
        <time>2026-07-20T22:25:19Z</time>
      </trkpt>
      <trkpt lat="39.8617252" lon="116.6875969">
        <ele>23.33011</ele>
        <time>2026-07-20T22:25:23Z</time>
      </trkpt>
      <trkpt lat="39.8617058" lon="116.6874802">
        <ele>23.37296</ele>
        <time>2026-07-20T22:25:27Z</time>
      </trkpt>
      <trkpt lat="39.8616799" lon="116.6873597">
        <ele>23.36807</ele>
        <time>2026-07-20T22:25:31Z</time>
      </trkpt>
      <trkpt lat="39.861663" lon="116.6872349">
        <ele>23.33386</ele>
        <time>2026-07-20T22:25:35Z</time>
      </trkpt>
      <trkpt lat="39.8616557" lon="116.6871102">
        <ele>23.32131</ele>
        <time>2026-07-20T22:25:39Z</time>
      </trkpt>
      <trkpt lat="39.8616448" lon="116.6869901">
        <ele>23.35175</ele>
        <time>2026-07-20T22:25:43Z</time>
      </trkpt>
      <trkpt lat="39.8616351" lon="116.6868731">
        <ele>23.39364</ele>
        <time>2026-07-20T22:25:47Z</time>
      </trkpt>
      <trkpt lat="39.8616287" lon="116.6867546">
        <ele>23.41188</ele>
        <time>2026-07-20T22:25:51Z</time>
      </trkpt>
      <trkpt lat="39.8616189" lon="116.6866117">
        <ele>23.3132</ele>
        <time>2026-07-20T22:25:56Z</time>
      </trkpt>
      <trkpt lat="39.8616074" lon="116.6864665">
        <ele>22.86997</ele>
        <time>2026-07-20T22:26:00.988000Z</time>
      </trkpt>
      <trkpt lat="39.8616013" lon="116.6863494">
        <ele>22.46971</ele>
        <time>2026-07-20T22:26:04.969000Z</time>
      </trkpt>
      <trkpt lat="39.8615977" lon="116.6862304">
        <ele>22.17316</ele>
        <time>2026-07-20T22:26:08.951000Z</time>
      </trkpt>
      <trkpt lat="39.8615973" lon="116.6860864">
        <ele>21.93062</ele>
        <time>2026-07-20T22:26:13.927000Z</time>
      </trkpt>
      <trkpt lat="39.8615994" lon="116.6859406">
        <ele>21.82926</ele>
        <time>2026-07-20T22:26:18.903000Z</time>
      </trkpt>
      <trkpt lat="39.8615987" lon="116.6858236">
        <ele>21.83151</ele>
        <time>2026-07-20T22:26:22.885000Z</time>
      </trkpt>
      <trkpt lat="39.8615987" lon="116.6856783">
        <ele>21.87205</ele>
        <time>2026-07-20T22:26:27.861000Z</time>
      </trkpt>
      <trkpt lat="39.8615988" lon="116.6855324">
        <ele>21.90554</ele>
        <time>2026-07-20T22:26:32.837000Z</time>
      </trkpt>
      <trkpt lat="39.8615934" lon="116.6853875">
        <ele>21.9452</ele>
        <time>2026-07-20T22:26:37.814000Z</time>
      </trkpt>
      <trkpt lat="39.8615874" lon="116.6852708">
        <ele>22.01142</ele>
        <time>2026-07-20T22:26:41.795000Z</time>
      </trkpt>
      <trkpt lat="39.8615765" lon="116.6851546">
        <ele>22.06674</ele>
        <time>2026-07-20T22:26:45.776000Z</time>
      </trkpt>
      <trkpt lat="39.8615596" lon="116.6850345">
        <ele>22.09377</ele>
        <time>2026-07-20T22:26:49.757000Z</time>
      </trkpt>
      <trkpt lat="39.8615408" lon="116.6849143">
        <ele>22.12201</ele>
        <time>2026-07-20T22:26:53.738000Z</time>
      </trkpt>
      <trkpt lat="39.8615333" lon="116.684794">
        <ele>22.16344</ele>
        <time>2026-07-20T22:26:57.719000Z</time>
      </trkpt>
      <trkpt lat="39.8615347" lon="116.6846708">
        <ele>22.22744</ele>
        <time>2026-07-20T22:27:01.701000Z</time>
      </trkpt>
      <trkpt lat="39.8615398" lon="116.6845497">
        <ele>22.30222</ele>
        <time>2026-07-20T22:27:05.682000Z</time>
      </trkpt>
      <trkpt lat="39.8615447" lon="116.6844304">
        <ele>22.36503</ele>
        <time>2026-07-20T22:27:09.663000Z</time>
      </trkpt>
      <trkpt lat="39.8615495" lon="116.6843079">
        <ele>22.40219</ele>
        <time>2026-07-20T22:27:13.644000Z</time>
      </trkpt>
      <trkpt lat="39.8615579" lon="116.6841855">
        <ele>22.40053</ele>
        <time>2026-07-20T22:27:17.625000Z</time>
      </trkpt>
      <trkpt lat="39.8615662" lon="116.6840613">
        <ele>22.3438</ele>
        <time>2026-07-20T22:27:21.606000Z</time>
      </trkpt>
      <trkpt lat="39.8615753" lon="116.683934">
        <ele>22.23362</ele>
        <time>2026-07-20T22:27:25.587000Z</time>
      </trkpt>
      <trkpt lat="39.8615889" lon="116.6838041">
        <ele>22.12089</ele>
        <time>2026-07-20T22:27:29.568000Z</time>
      </trkpt>
      <trkpt lat="39.8616112" lon="116.6836729">
        <ele>22.06995</ele>
        <time>2026-07-20T22:27:33.550000Z</time>
      </trkpt>
      <trkpt lat="39.8616394" lon="116.6835436">
        <ele>22.09651</ele>
        <time>2026-07-20T22:27:37.531000Z</time>
      </trkpt>
      <trkpt lat="39.8616594" lon="116.6834146">
        <ele>22.17481</ele>
        <time>2026-07-20T22:27:41.512000Z</time>
      </trkpt>
      <trkpt lat="39.8616749" lon="116.6832891">
        <ele>22.27193</ele>
        <time>2026-07-20T22:27:45.493000Z</time>
      </trkpt>
      <trkpt lat="39.8616873" lon="116.6831622">
        <ele>22.35549</ele>
        <time>2026-07-20T22:27:49.474000Z</time>
      </trkpt>
      <trkpt lat="39.8616985" lon="116.683035">
        <ele>22.41965</ele>
        <time>2026-07-20T22:27:53.455000Z</time>
      </trkpt>
      <trkpt lat="39.861714" lon="116.6829139">
        <ele>22.48966</ele>
        <time>2026-07-20T22:27:57.436000Z</time>
      </trkpt>
      <trkpt lat="39.8617318" lon="116.682797">
        <ele>22.56786</ele>
        <time>2026-07-20T22:28:01.417000Z</time>
      </trkpt>
      <trkpt lat="39.8617424" lon="116.6826775">
        <ele>22.61654</ele>
        <time>2026-07-20T22:28:05.399000Z</time>
      </trkpt>
      <trkpt lat="39.8617536" lon="116.6825598">
        <ele>22.62032</ele>
        <time>2026-07-20T22:28:09.380000Z</time>
      </trkpt>
      <trkpt lat="39.8617659" lon="116.6824394">
        <ele>22.58027</ele>
        <time>2026-07-20T22:28:13.361000Z</time>
      </trkpt>
      <trkpt lat="39.8617796" lon="116.6823177">
        <ele>22.51988</ele>
        <time>2026-07-20T22:28:17.342000Z</time>
      </trkpt>
      <trkpt lat="39.8617879" lon="116.6821906">
        <ele>22.44064</ele>
        <time>2026-07-20T22:28:21.323000Z</time>
      </trkpt>
      <trkpt lat="39.8617902" lon="116.6820614">
        <ele>22.36566</ele>
        <time>2026-07-20T22:28:25.314000Z</time>
      </trkpt>
      <trkpt lat="39.8617885" lon="116.6819338">
        <ele>22.31606</ele>
        <time>2026-07-20T22:28:29.295000Z</time>
      </trkpt>
      <trkpt lat="39.8617889" lon="116.6818091">
        <ele>22.33027</ele>
        <time>2026-07-20T22:28:33.276000Z</time>
      </trkpt>
      <trkpt lat="39.8617936" lon="116.6816846">
        <ele>22.42797</ele>
        <time>2026-07-20T22:28:37.257000Z</time>
      </trkpt>
      <trkpt lat="39.8618059" lon="116.6815561">
        <ele>22.64563</ele>
        <time>2026-07-20T22:28:41.239000Z</time>
      </trkpt>
      <trkpt lat="39.861822" lon="116.6814256">
        <ele>23.02125</ele>
        <time>2026-07-20T22:28:45.220000Z</time>
      </trkpt>
      <trkpt lat="39.8618358" lon="116.6812984">
        <ele>23.51121</ele>
        <time>2026-07-20T22:28:49.201000Z</time>
      </trkpt>
      <trkpt lat="39.8618448" lon="116.68118">
        <ele>23.88485</ele>
        <time>2026-07-20T22:28:53Z</time>
      </trkpt>
      <trkpt lat="39.8618549" lon="116.6810539">
        <ele>23.9863</ele>
        <time>2026-07-20T22:28:57Z</time>
      </trkpt>
      <trkpt lat="39.8618784" lon="116.6809326">
        <ele>23.9808</ele>
        <time>2026-07-20T22:29:01Z</time>
      </trkpt>
      <trkpt lat="39.8619045" lon="116.680817">
        <ele>24.01522</ele>
        <time>2026-07-20T22:29:05Z</time>
      </trkpt>
      <trkpt lat="39.8619264" lon="116.680698">
        <ele>24.04687</ele>
        <time>2026-07-20T22:29:09Z</time>
      </trkpt>
      <trkpt lat="39.8619427" lon="116.6805754">
        <ele>24.01593</ele>
        <time>2026-07-20T22:29:13Z</time>
      </trkpt>
      <trkpt lat="39.8619541" lon="116.6804518">
        <ele>23.96372</ele>
        <time>2026-07-20T22:29:17Z</time>
      </trkpt>
      <trkpt lat="39.8619651" lon="116.6803269">
        <ele>23.9385</ele>
        <time>2026-07-20T22:29:21Z</time>
      </trkpt>
      <trkpt lat="39.8619701" lon="116.6801998">
        <ele>23.9149</ele>
        <time>2026-07-20T22:29:25Z</time>
      </trkpt>
      <trkpt lat="39.8619743" lon="116.6800778">
        <ele>23.83402</ele>
        <time>2026-07-20T22:29:29Z</time>
      </trkpt>
      <trkpt lat="39.861987" lon="116.6799509">
        <ele>23.63389</ele>
        <time>2026-07-20T22:29:32.993000Z</time>
      </trkpt>
      <trkpt lat="39.8620021" lon="116.6798218">
        <ele>23.41427</ele>
        <time>2026-07-20T22:29:36.974000Z</time>
      </trkpt>
      <trkpt lat="39.862015" lon="116.6796964">
        <ele>23.27584</ele>
        <time>2026-07-20T22:29:40.955000Z</time>
      </trkpt>
      <trkpt lat="39.8620273" lon="116.6795735">
        <ele>23.23543</ele>
        <time>2026-07-20T22:29:44.936000Z</time>
      </trkpt>
      <trkpt lat="39.8620489" lon="116.6794467">
        <ele>23.26931</ele>
        <time>2026-07-20T22:29:48.918000Z</time>
      </trkpt>
      <trkpt lat="39.8620713" lon="116.6793089">
        <ele>23.31927</ele>
        <time>2026-07-20T22:29:52.899000Z</time>
      </trkpt>
      <trkpt lat="39.8620848" lon="116.6791703">
        <ele>23.36574</ele>
        <time>2026-07-20T22:29:56.880000Z</time>
      </trkpt>
      <trkpt lat="39.8620941" lon="116.6790341">
        <ele>23.44002</ele>
        <time>2026-07-20T22:30:00.861000Z</time>
      </trkpt>
      <trkpt lat="39.8621044" lon="116.6789022">
        <ele>23.54252</ele>
        <time>2026-07-20T22:30:04.842000Z</time>
      </trkpt>
      <trkpt lat="39.8621177" lon="116.6787781">
        <ele>23.62803</ele>
        <time>2026-07-20T22:30:08.823000Z</time>
      </trkpt>
      <trkpt lat="39.8621293" lon="116.6786549">
        <ele>23.67714</ele>
        <time>2026-07-20T22:30:12.804000Z</time>
      </trkpt>
      <trkpt lat="39.8621393" lon="116.6785305">
        <ele>23.71113</ele>
        <time>2026-07-20T22:30:16.785000Z</time>
      </trkpt>
      <trkpt lat="39.8621515" lon="116.6784073">
        <ele>23.71946</ele>
        <time>2026-07-20T22:30:20.766000Z</time>
      </trkpt>
      <trkpt lat="39.8621655" lon="116.6782817">
        <ele>23.69367</ele>
        <time>2026-07-20T22:30:24.748000Z</time>
      </trkpt>
      <trkpt lat="39.862179" lon="116.6781535">
        <ele>23.64947</ele>
        <time>2026-07-20T22:30:28.729000Z</time>
      </trkpt>
      <trkpt lat="39.8621874" lon="116.6780268">
        <ele>23.60669</ele>
        <time>2026-07-20T22:30:32.710000Z</time>
      </trkpt>
      <trkpt lat="39.8621837" lon="116.6778995">
        <ele>23.57956</ele>
        <time>2026-07-20T22:30:36.691000Z</time>
      </trkpt>
      <trkpt lat="39.8621827" lon="116.6777718">
        <ele>23.56883</ele>
        <time>2026-07-20T22:30:40.672000Z</time>
      </trkpt>
      <trkpt lat="39.8621935" lon="116.6776451">
        <ele>23.5776</ele>
        <time>2026-07-20T22:30:44.653000Z</time>
      </trkpt>
      <trkpt lat="39.8622098" lon="116.6775241">
        <ele>23.59761</ele>
        <time>2026-07-20T22:30:48.634000Z</time>
      </trkpt>
      <trkpt lat="39.8622242" lon="116.6774056">
        <ele>23.60925</ele>
        <time>2026-07-20T22:30:52.615000Z</time>
      </trkpt>
      <trkpt lat="39.8622371" lon="116.6772872">
        <ele>23.61292</ele>
        <time>2026-07-20T22:30:56.596000Z</time>
      </trkpt>
      <trkpt lat="39.862251" lon="116.6771668">
        <ele>23.61811</ele>
        <time>2026-07-20T22:31:00.577000Z</time>
      </trkpt>
      <trkpt lat="39.8622663" lon="116.6770445">
        <ele>23.61861</ele>
        <time>2026-07-20T22:31:04.559000Z</time>
      </trkpt>
      <trkpt lat="39.86228" lon="116.6769196">
        <ele>23.61282</ele>
        <time>2026-07-20T22:31:08.540000Z</time>
      </trkpt>
      <trkpt lat="39.8622874" lon="116.6767931">
        <ele>23.57285</ele>
        <time>2026-07-20T22:31:12.521000Z</time>
      </trkpt>
      <trkpt lat="39.862295" lon="116.6766647">
        <ele>23.51881</ele>
        <time>2026-07-20T22:31:16.502000Z</time>
      </trkpt>
      <trkpt lat="39.8623068" lon="116.6765352">
        <ele>23.49419</ele>
        <time>2026-07-20T22:31:20.483000Z</time>
      </trkpt>
      <trkpt lat="39.8623187" lon="116.6764051">
        <ele>23.48772</ele>
        <time>2026-07-20T22:31:24.464000Z</time>
      </trkpt>
      <trkpt lat="39.8623302" lon="116.6762725">
        <ele>23.47443</ele>
        <time>2026-07-20T22:31:28.445000Z</time>
      </trkpt>
      <trkpt lat="39.8623442" lon="116.6761384">
        <ele>23.45427</ele>
        <time>2026-07-20T22:31:32.426000Z</time>
      </trkpt>
      <trkpt lat="39.8623588" lon="116.6760139">
        <ele>23.42781</ele>
        <time>2026-07-20T22:31:36.407000Z</time>
      </trkpt>
      <trkpt lat="39.8623718" lon="116.6758905">
        <ele>23.36418</ele>
        <time>2026-07-20T22:31:40.389000Z</time>
      </trkpt>
      <trkpt lat="39.8623859" lon="116.6757701">
        <ele>23.26325</ele>
        <time>2026-07-20T22:31:44.370000Z</time>
      </trkpt>
      <trkpt lat="39.8623999" lon="116.675648">
        <ele>23.18887</ele>
        <time>2026-07-20T22:31:48.351000Z</time>
      </trkpt>
      <trkpt lat="39.8624192" lon="116.6755263">
        <ele>23.18535</ele>
        <time>2026-07-20T22:31:52.332000Z</time>
      </trkpt>
      <trkpt lat="39.8624277" lon="116.6754033">
        <ele>23.22637</ele>
        <time>2026-07-20T22:31:56.313000Z</time>
      </trkpt>
      <trkpt lat="39.8624277" lon="116.6752775">
        <ele>23.27526</ele>
        <time>2026-07-20T22:32:00.294000Z</time>
      </trkpt>
      <trkpt lat="39.8624452" lon="116.6751601">
        <ele>23.3494</ele>
        <time>2026-07-20T22:32:04.275000Z</time>
      </trkpt>
      <trkpt lat="39.8624965" lon="116.6750568">
        <ele>23.46887</ele>
        <time>2026-07-20T22:32:10Z</time>
      </trkpt>
      <trkpt lat="39.8625031" lon="116.6750309">
        <ele>23.33258</ele>
        <time>2026-07-20T22:32:23Z</time>
      </trkpt>
      <trkpt lat="39.862499" lon="116.674914">
        <ele>23.43556</ele>
        <time>2026-07-20T22:32:30Z</time>
      </trkpt>
      <trkpt lat="39.8624841" lon="116.674771">
        <ele>23.63404</ele>
        <time>2026-07-20T22:32:34Z</time>
      </trkpt>
      <trkpt lat="39.8624745" lon="116.674629">
        <ele>23.87673</ele>
        <time>2026-07-20T22:32:38Z</time>
      </trkpt>
      <trkpt lat="39.862473" lon="116.674496">
        <ele>24.08654</ele>
        <time>2026-07-20T22:32:42Z</time>
      </trkpt>
      <trkpt lat="39.8624741" lon="116.6743678">
        <ele>24.21575</ele>
        <time>2026-07-20T22:32:46Z</time>
      </trkpt>
      <trkpt lat="39.8624753" lon="116.6742339">
        <ele>24.26652</ele>
        <time>2026-07-20T22:32:50Z</time>
      </trkpt>
      <trkpt lat="39.8624772" lon="116.6740966">
        <ele>24.26636</ele>
        <time>2026-07-20T22:32:54Z</time>
      </trkpt>
      <trkpt lat="39.8624795" lon="116.6739639">
        <ele>24.24169</ele>
        <time>2026-07-20T22:32:58Z</time>
      </trkpt>
      <trkpt lat="39.8624824" lon="116.6738339">
        <ele>24.20006</ele>
        <time>2026-07-20T22:33:02Z</time>
      </trkpt>
      <trkpt lat="39.8624797" lon="116.6737027">
        <ele>24.16557</ele>
        <time>2026-07-20T22:33:05.982000Z</time>
      </trkpt>
      <trkpt lat="39.8624785" lon="116.6735652">
        <ele>24.19906</ele>
        <time>2026-07-20T22:33:09.964000Z</time>
      </trkpt>
      <trkpt lat="39.8624806" lon="116.6734239">
        <ele>24.28813</ele>
        <time>2026-07-20T22:33:13.945000Z</time>
      </trkpt>
      <trkpt lat="39.8624822" lon="116.673288">
        <ele>24.38033</ele>
        <time>2026-07-20T22:33:17.926000Z</time>
      </trkpt>
      <trkpt lat="39.8624822" lon="116.6731578">
        <ele>24.40416</ele>
        <time>2026-07-20T22:33:21.907000Z</time>
      </trkpt>
      <trkpt lat="39.8624837" lon="116.67303">
        <ele>24.34462</ele>
        <time>2026-07-20T22:33:25.888000Z</time>
      </trkpt>
      <trkpt lat="39.8624826" lon="116.6729019">
        <ele>24.2375</ele>
        <time>2026-07-20T22:33:29.869000Z</time>
      </trkpt>
      <trkpt lat="39.8624802" lon="116.6727706">
        <ele>24.12495</ele>
        <time>2026-07-20T22:33:33.850000Z</time>
      </trkpt>
      <trkpt lat="39.8624849" lon="116.6726392">
        <ele>24.03108</ele>
        <time>2026-07-20T22:33:37.831000Z</time>
      </trkpt>
      <trkpt lat="39.8624864" lon="116.6725101">
        <ele>23.96894</ele>
        <time>2026-07-20T22:33:41.812000Z</time>
      </trkpt>
      <trkpt lat="39.8624882" lon="116.6723842">
        <ele>23.93859</ele>
        <time>2026-07-20T22:33:45.793000Z</time>
      </trkpt>
      <trkpt lat="39.862488" lon="116.6722608">
        <ele>23.92665</ele>
        <time>2026-07-20T22:33:49.774000Z</time>
      </trkpt>
      <trkpt lat="39.8624833" lon="116.672127">
        <ele>23.90852</ele>
        <time>2026-07-20T22:33:53.756000Z</time>
      </trkpt>
      <trkpt lat="39.8624869" lon="116.6719893">
        <ele>23.88456</ele>
        <time>2026-07-20T22:33:57.737000Z</time>
      </trkpt>
      <trkpt lat="39.8624932" lon="116.6718515">
        <ele>23.85855</ele>
        <time>2026-07-20T22:34:01.718000Z</time>
      </trkpt>
      <trkpt lat="39.862496" lon="116.6717159">
        <ele>23.83184</ele>
        <time>2026-07-20T22:34:05.699000Z</time>
      </trkpt>
      <trkpt lat="39.8624987" lon="116.6715832">
        <ele>23.79841</ele>
        <time>2026-07-20T22:34:09.680000Z</time>
      </trkpt>
      <trkpt lat="39.8625018" lon="116.6714523">
        <ele>23.74289</ele>
        <time>2026-07-20T22:34:13.661000Z</time>
      </trkpt>
      <trkpt lat="39.8624978" lon="116.6713223">
        <ele>23.64355</ele>
        <time>2026-07-20T22:34:17.642000Z</time>
      </trkpt>
      <trkpt lat="39.8624921" lon="116.6711963">
        <ele>23.4982</ele>
        <time>2026-07-20T22:34:21.623000Z</time>
      </trkpt>
      <trkpt lat="39.862488" lon="116.6710685">
        <ele>23.35674</ele>
        <time>2026-07-20T22:34:25.604000Z</time>
      </trkpt>
      <trkpt lat="39.8624857" lon="116.6709392">
        <ele>23.26793</ele>
        <time>2026-07-20T22:34:29.585000Z</time>
      </trkpt>
      <trkpt lat="39.8624824" lon="116.6708079">
        <ele>23.24492</ele>
        <time>2026-07-20T22:34:33.566000Z</time>
      </trkpt>
      <trkpt lat="39.8624785" lon="116.6706781">
        <ele>23.26189</ele>
        <time>2026-07-20T22:34:37.548000Z</time>
      </trkpt>
      <trkpt lat="39.862474" lon="116.6705464">
        <ele>23.29131</ele>
        <time>2026-07-20T22:34:41.529000Z</time>
      </trkpt>
      <trkpt lat="39.8624709" lon="116.6704144">
        <ele>23.32321</ele>
        <time>2026-07-20T22:34:45.510000Z</time>
      </trkpt>
      <trkpt lat="39.8624697" lon="116.6702852">
        <ele>23.37035</ele>
        <time>2026-07-20T22:34:49.491000Z</time>
      </trkpt>
      <trkpt lat="39.862466" lon="116.6701603">
        <ele>23.42385</ele>
        <time>2026-07-20T22:34:53.472000Z</time>
      </trkpt>
      <trkpt lat="39.862458" lon="116.6700389">
        <ele>23.47704</ele>
        <time>2026-07-20T22:34:57.453000Z</time>
      </trkpt>
      <trkpt lat="39.8624583" lon="116.669917">
        <ele>23.57692</ele>
        <time>2026-07-20T22:35:01.434000Z</time>
      </trkpt>
      <trkpt lat="39.8624609" lon="116.6697895">
        <ele>23.7216</ele>
        <time>2026-07-20T22:35:05.435000Z</time>
      </trkpt>
      <trkpt lat="39.8624651" lon="116.6696598">
        <ele>23.84398</ele>
        <time>2026-07-20T22:35:09.416000Z</time>
      </trkpt>
      <trkpt lat="39.8624682" lon="116.6695309">
        <ele>23.90616</ele>
        <time>2026-07-20T22:35:13.397000Z</time>
      </trkpt>
      <trkpt lat="39.8624684" lon="116.6694025">
        <ele>23.91097</ele>
        <time>2026-07-20T22:35:17.378000Z</time>
      </trkpt>
      <trkpt lat="39.8624667" lon="116.6692707">
        <ele>23.88655</ele>
        <time>2026-07-20T22:35:21.359000Z</time>
      </trkpt>
      <trkpt lat="39.8624634" lon="116.6691362">
        <ele>23.87354</ele>
        <time>2026-07-20T22:35:25.340000Z</time>
      </trkpt>
      <trkpt lat="39.862466" lon="116.6690006">
        <ele>23.87635</ele>
        <time>2026-07-20T22:35:29.321000Z</time>
      </trkpt>
      <trkpt lat="39.86247" lon="116.6688618">
        <ele>23.90299</ele>
        <time>2026-07-20T22:35:33.302000Z</time>
      </trkpt>
      <trkpt lat="39.8624722" lon="116.6687232">
        <ele>23.96674</ele>
        <time>2026-07-20T22:35:37.283000Z</time>
      </trkpt>
      <trkpt lat="39.8624728" lon="116.6685921">
        <ele>24.0981</ele>
        <time>2026-07-20T22:35:41.265000Z</time>
      </trkpt>
      <trkpt lat="39.8624795" lon="116.6684604">
        <ele>24.31965</ele>
        <time>2026-07-20T22:35:45.246000Z</time>
      </trkpt>
      <trkpt lat="39.8624836" lon="116.6683253">
        <ele>24.5943</ele>
        <time>2026-07-20T22:35:49.227000Z</time>
      </trkpt>
      <trkpt lat="39.8624848" lon="116.6681917">
        <ele>24.89338</ele>
        <time>2026-07-20T22:35:53.208000Z</time>
      </trkpt>
      <trkpt lat="39.86249" lon="116.6680653">
        <ele>25.15595</ele>
        <time>2026-07-20T22:35:56.999000Z</time>
      </trkpt>
      <trkpt lat="39.8624931" lon="116.6679288">
        <ele>25.29274</ele>
        <time>2026-07-20T22:36:00.999000Z</time>
      </trkpt>
      <trkpt lat="39.8624916" lon="116.667792">
        <ele>25.30373</ele>
        <time>2026-07-20T22:36:04.999000Z</time>
      </trkpt>
      <trkpt lat="39.8624959" lon="116.6676516">
        <ele>25.20623</ele>
        <time>2026-07-20T22:36:08.999000Z</time>
      </trkpt>
      <trkpt lat="39.8625027" lon="116.6675143">
        <ele>25.10873</ele>
        <time>2026-07-20T22:36:12.999000Z</time>
      </trkpt>
      <trkpt lat="39.8625062" lon="116.6673796">
        <ele>25.13023</ele>
        <time>2026-07-20T22:36:16.999000Z</time>
      </trkpt>
      <trkpt lat="39.8625103" lon="116.6672441">
        <ele>25.23747</ele>
        <time>2026-07-20T22:36:20.999000Z</time>
      </trkpt>
      <trkpt lat="39.8625144" lon="116.6671048">
        <ele>25.33419</ele>
        <time>2026-07-20T22:36:24.999000Z</time>
      </trkpt>
      <trkpt lat="39.862519" lon="116.6669658">
        <ele>25.41943</ele>
        <time>2026-07-20T22:36:28.999000Z</time>
      </trkpt>
      <trkpt lat="39.8625187" lon="116.6668265">
        <ele>25.50403</ele>
        <time>2026-07-20T22:36:32.999000Z</time>
      </trkpt>
      <trkpt lat="39.8625166" lon="116.6666882">
        <ele>25.41202</ele>
        <time>2026-07-20T22:36:36.999000Z</time>
      </trkpt>
      <trkpt lat="39.8625142" lon="116.6665541">
        <ele>25.0838</ele>
        <time>2026-07-20T22:36:40.980000Z</time>
      </trkpt>
      <trkpt lat="39.8625138" lon="116.6664153">
        <ele>24.70424</ele>
        <time>2026-07-20T22:36:44.961000Z</time>
      </trkpt>
      <trkpt lat="39.8625118" lon="116.6662796">
        <ele>24.36838</ele>
        <time>2026-07-20T22:36:48.942000Z</time>
      </trkpt>
      <trkpt lat="39.8625033" lon="116.6661445">
        <ele>24.09077</ele>
        <time>2026-07-20T22:36:52.923000Z</time>
      </trkpt>
      <trkpt lat="39.8624888" lon="116.6660071">
        <ele>23.88147</ele>
        <time>2026-07-20T22:36:56.904000Z</time>
      </trkpt>
      <trkpt lat="39.8624784" lon="116.665867">
        <ele>23.77604</ele>
        <time>2026-07-20T22:37:00.885000Z</time>
      </trkpt>
      <trkpt lat="39.8624729" lon="116.6657313">
        <ele>23.7569</ele>
        <time>2026-07-20T22:37:04.867000Z</time>
      </trkpt>
      <trkpt lat="39.8624712" lon="116.6655938">
        <ele>23.7543</ele>
        <time>2026-07-20T22:37:08.848000Z</time>
      </trkpt>
      <trkpt lat="39.862474" lon="116.6654568">
        <ele>23.7083</ele>
        <time>2026-07-20T22:37:12.829000Z</time>
      </trkpt>
      <trkpt lat="39.862473" lon="116.66532">
        <ele>23.62682</ele>
        <time>2026-07-20T22:37:16.810000Z</time>
      </trkpt>
      <trkpt lat="39.8624712" lon="116.665185">
        <ele>23.56371</ele>
        <time>2026-07-20T22:37:20.791000Z</time>
      </trkpt>
      <trkpt lat="39.8624703" lon="116.6650489">
        <ele>23.5455</ele>
        <time>2026-07-20T22:37:24.772000Z</time>
      </trkpt>
      <trkpt lat="39.8624713" lon="116.6649135">
        <ele>23.56242</ele>
        <time>2026-07-20T22:37:28.753000Z</time>
      </trkpt>
      <trkpt lat="39.8624761" lon="116.6647745">
        <ele>23.56491</ele>
        <time>2026-07-20T22:37:32.734000Z</time>
      </trkpt>
      <trkpt lat="39.8624841" lon="116.6646372">
        <ele>23.56761</ele>
        <time>2026-07-20T22:37:36.715000Z</time>
      </trkpt>
      <trkpt lat="39.8624882" lon="116.6645021">
        <ele>23.61494</ele>
        <time>2026-07-20T22:37:40.696000Z</time>
      </trkpt>
      <trkpt lat="39.862488" lon="116.6643646">
        <ele>23.68648</ele>
        <time>2026-07-20T22:37:44.677000Z</time>
      </trkpt>
      <trkpt lat="39.8624859" lon="116.6642305">
        <ele>23.75406</ele>
        <time>2026-07-20T22:37:48.658000Z</time>
      </trkpt>
      <trkpt lat="39.8624827" lon="116.6640972">
        <ele>23.82731</ele>
        <time>2026-07-20T22:37:52.639000Z</time>
      </trkpt>
      <trkpt lat="39.8624779" lon="116.6639714">
        <ele>23.92094</ele>
        <time>2026-07-20T22:37:56.620000Z</time>
      </trkpt>
      <trkpt lat="39.8624703" lon="116.6638262">
        <ele>24.0337</ele>
        <time>2026-07-20T22:38:01.596000Z</time>
      </trkpt>
      <trkpt lat="39.862467" lon="116.6637077">
        <ele>24.08739</ele>
        <time>2026-07-20T22:38:05.577000Z</time>
      </trkpt>
      <trkpt lat="39.8624729" lon="116.6635818">
        <ele>24.09842</ele>
        <time>2026-07-20T22:38:09.558000Z</time>
      </trkpt>
      <trkpt lat="39.8624759" lon="116.6634506">
        <ele>24.07376</ele>
        <time>2026-07-20T22:38:13.539000Z</time>
      </trkpt>
      <trkpt lat="39.8624789" lon="116.6633137">
        <ele>24.03482</ele>
        <time>2026-07-20T22:38:17.520000Z</time>
      </trkpt>
      <trkpt lat="39.8624789" lon="116.663175">
        <ele>23.98851</ele>
        <time>2026-07-20T22:38:21.501000Z</time>
      </trkpt>
      <trkpt lat="39.8624794" lon="116.6630337">
        <ele>23.94204</ele>
        <time>2026-07-20T22:38:25.483000Z</time>
      </trkpt>
      <trkpt lat="39.8624819" lon="116.6628956">
        <ele>23.90519</ele>
        <time>2026-07-20T22:38:29.464000Z</time>
      </trkpt>
      <trkpt lat="39.8624873" lon="116.6627593">
        <ele>23.87931</ele>
        <time>2026-07-20T22:38:33.445000Z</time>
      </trkpt>
      <trkpt lat="39.8624876" lon="116.6626254">
        <ele>23.84613</ele>
        <time>2026-07-20T22:38:37.426000Z</time>
      </trkpt>
      <trkpt lat="39.8624889" lon="116.6624869">
        <ele>23.80463</ele>
        <time>2026-07-20T22:38:41.407000Z</time>
      </trkpt>
      <trkpt lat="39.8624909" lon="116.6623509">
        <ele>23.76895</ele>
        <time>2026-07-20T22:38:45.388000Z</time>
      </trkpt>
      <trkpt lat="39.8624909" lon="116.6622104">
        <ele>23.74204</ele>
        <time>2026-07-20T22:38:49.369000Z</time>
      </trkpt>
      <trkpt lat="39.8624907" lon="116.6620717">
        <ele>23.72347</ele>
        <time>2026-07-20T22:38:53.350000Z</time>
      </trkpt>
      <trkpt lat="39.8624881" lon="116.6619364">
        <ele>23.74474</ele>
        <time>2026-07-20T22:38:57.331000Z</time>
      </trkpt>
      <trkpt lat="39.8624874" lon="116.6618027">
        <ele>23.81409</ele>
        <time>2026-07-20T22:39:01.312000Z</time>
      </trkpt>
      <trkpt lat="39.8624882" lon="116.6616703">
        <ele>23.90234</ele>
        <time>2026-07-20T22:39:05.293000Z</time>
      </trkpt>
      <trkpt lat="39.8624863" lon="116.6615368">
        <ele>24.03213</ele>
        <time>2026-07-20T22:39:09.274000Z</time>
      </trkpt>
      <trkpt lat="39.8624923" lon="116.6614026">
        <ele>24.22685</ele>
        <time>2026-07-20T22:39:13.255000Z</time>
      </trkpt>
      <trkpt lat="39.8624998" lon="116.6612668">
        <ele>24.45587</ele>
        <time>2026-07-20T22:39:17.236000Z</time>
      </trkpt>
      <trkpt lat="39.8625023" lon="116.6611393">
        <ele>24.66669</ele>
        <time>2026-07-20T22:39:21.217000Z</time>
      </trkpt>
      <trkpt lat="39.8625039" lon="116.6610112">
        <ele>24.82565</ele>
        <time>2026-07-20T22:39:25.198000Z</time>
      </trkpt>
      <trkpt lat="39.862507" lon="116.6608872">
        <ele>24.91461</ele>
        <time>2026-07-20T22:39:29Z</time>
      </trkpt>
      <trkpt lat="39.8625112" lon="116.6607578">
        <ele>24.93356</ele>
        <time>2026-07-20T22:39:33Z</time>
      </trkpt>
      <trkpt lat="39.8625118" lon="116.6606274">
        <ele>24.92415</ele>
        <time>2026-07-20T22:39:37Z</time>
      </trkpt>
      <trkpt lat="39.862511" lon="116.6604957">
        <ele>24.90764</ele>
        <time>2026-07-20T22:39:41Z</time>
      </trkpt>
      <trkpt lat="39.8625098" lon="116.6603619">
        <ele>24.84042</ele>
        <time>2026-07-20T22:39:45Z</time>
      </trkpt>
      <trkpt lat="39.8625075" lon="116.6602222">
        <ele>24.68235</ele>
        <time>2026-07-20T22:39:49Z</time>
      </trkpt>
      <trkpt lat="39.8625096" lon="116.6600776">
        <ele>24.47023</ele>
        <time>2026-07-20T22:39:53Z</time>
      </trkpt>
      <trkpt lat="39.8625144" lon="116.6599398">
        <ele>24.31352</ele>
        <time>2026-07-20T22:39:57.046000Z</time>
      </trkpt>
      <trkpt lat="39.8625156" lon="116.6598076">
        <ele>24.25698</ele>
        <time>2026-07-20T22:40:01Z</time>
      </trkpt>
      <trkpt lat="39.8625177" lon="116.6596809">
        <ele>24.26045</ele>
        <time>2026-07-20T22:40:05Z</time>
      </trkpt>
      <trkpt lat="39.8625218" lon="116.6595537">
        <ele>24.26363</ele>
        <time>2026-07-20T22:40:08.989000Z</time>
      </trkpt>
      <trkpt lat="39.8625238" lon="116.6594221">
        <ele>24.24649</ele>
        <time>2026-07-20T22:40:12.971000Z</time>
      </trkpt>
      <trkpt lat="39.8625279" lon="116.6592949">
        <ele>24.27847</ele>
        <time>2026-07-20T22:40:16.952000Z</time>
      </trkpt>
      <trkpt lat="39.862532" lon="116.6591686">
        <ele>24.38866</ele>
        <time>2026-07-20T22:40:20.933000Z</time>
      </trkpt>
      <trkpt lat="39.8625364" lon="116.659042">
        <ele>24.55195</ele>
        <time>2026-07-20T22:40:24.914000Z</time>
      </trkpt>
      <trkpt lat="39.8625401" lon="116.6589142">
        <ele>24.72398</ele>
        <time>2026-07-20T22:40:28.895000Z</time>
      </trkpt>
      <trkpt lat="39.8625341" lon="116.6587864">
        <ele>24.86211</ele>
        <time>2026-07-20T22:40:32.876000Z</time>
      </trkpt>
      <trkpt lat="39.8625192" lon="116.6586612">
        <ele>24.97371</ele>
        <time>2026-07-20T22:40:36.857000Z</time>
      </trkpt>
      <trkpt lat="39.8625046" lon="116.6585348">
        <ele>25.06279</ele>
        <time>2026-07-20T22:40:40.838000Z</time>
      </trkpt>
      <trkpt lat="39.8625044" lon="116.6584049">
        <ele>25.1026</ele>
        <time>2026-07-20T22:40:44.819000Z</time>
      </trkpt>
      <trkpt lat="39.8625077" lon="116.6582749">
        <ele>25.10041</ele>
        <time>2026-07-20T22:40:48.800000Z</time>
      </trkpt>
      <trkpt lat="39.8625101" lon="116.658146">
        <ele>25.07462</ele>
        <time>2026-07-20T22:40:52.781000Z</time>
      </trkpt>
      <trkpt lat="39.8625126" lon="116.6580175">
        <ele>25.01277</ele>
        <time>2026-07-20T22:40:56.762000Z</time>
      </trkpt>
      <trkpt lat="39.8625121" lon="116.657892">
        <ele>24.93917</ele>
        <time>2026-07-20T22:41:00.743000Z</time>
      </trkpt>
      <trkpt lat="39.8625083" lon="116.6577649">
        <ele>24.89858</ele>
        <time>2026-07-20T22:41:04.724000Z</time>
      </trkpt>
      <trkpt lat="39.8625031" lon="116.6576374">
        <ele>24.9059</ele>
        <time>2026-07-20T22:41:08.705000Z</time>
      </trkpt>
      <trkpt lat="39.8625034" lon="116.6575095">
        <ele>24.92038</ele>
        <time>2026-07-20T22:41:12.686000Z</time>
      </trkpt>
      <trkpt lat="39.8625054" lon="116.6573811">
        <ele>24.90071</ele>
        <time>2026-07-20T22:41:16.667000Z</time>
      </trkpt>
      <trkpt lat="39.8625061" lon="116.6572538">
        <ele>24.85042</ele>
        <time>2026-07-20T22:41:20.648000Z</time>
      </trkpt>
      <trkpt lat="39.8625085" lon="116.6571219">
        <ele>24.80148</ele>
        <time>2026-07-20T22:41:24.629000Z</time>
      </trkpt>
      <trkpt lat="39.8625088" lon="116.6569893">
        <ele>24.76986</ele>
        <time>2026-07-20T22:41:28.610000Z</time>
      </trkpt>
      <trkpt lat="39.8625114" lon="116.6568569">
        <ele>24.74161</ele>
        <time>2026-07-20T22:41:32.591000Z</time>
      </trkpt>
      <trkpt lat="39.8625111" lon="116.6567215">
        <ele>24.73681</ele>
        <time>2026-07-20T22:41:36.572000Z</time>
      </trkpt>
      <trkpt lat="39.8625104" lon="116.6565872">
        <ele>24.79357</ele>
        <time>2026-07-20T22:41:40.553000Z</time>
      </trkpt>
      <trkpt lat="39.862508" lon="116.6564518">
        <ele>24.91734</ele>
        <time>2026-07-20T22:41:44.535000Z</time>
      </trkpt>
      <trkpt lat="39.862509" lon="116.6563206">
        <ele>25.07557</ele>
        <time>2026-07-20T22:41:48.516000Z</time>
      </trkpt>
      <trkpt lat="39.8625107" lon="116.6561864">
        <ele>25.21907</ele>
        <time>2026-07-20T22:41:52.497000Z</time>
      </trkpt>
      <trkpt lat="39.8625113" lon="116.6560501">
        <ele>25.33425</ele>
        <time>2026-07-20T22:41:56.478000Z</time>
      </trkpt>
      <trkpt lat="39.8625118" lon="116.6559115">
        <ele>25.4237</ele>
        <time>2026-07-20T22:42:00.459000Z</time>
      </trkpt>
      <trkpt lat="39.8625223" lon="116.6557746">
        <ele>25.46468</ele>
        <time>2026-07-20T22:42:04.440000Z</time>
      </trkpt>
      <trkpt lat="39.8625997" lon="116.6556929">
        <ele>25.41614</ele>
        <time>2026-07-20T22:42:09.416000Z</time>
      </trkpt>
      <trkpt lat="39.8626888" lon="116.6557471">
        <ele>25.30804</ele>
        <time>2026-07-20T22:42:14.392000Z</time>
      </trkpt>
      <trkpt lat="39.8626927" lon="116.6558686">
        <ele>25.22784</ele>
        <time>2026-07-20T22:42:18.374000Z</time>
      </trkpt>
      <trkpt lat="39.8626743" lon="116.6560061">
        <ele>25.19478</ele>
        <time>2026-07-20T22:42:22.355000Z</time>
      </trkpt>
      <trkpt lat="39.862639" lon="116.6561305">
        <ele>25.20228</ele>
        <time>2026-07-20T22:42:26.336000Z</time>
      </trkpt>
      <trkpt lat="39.8625527" lon="116.6560707">
        <ele>25.33601</ele>
        <time>2026-07-20T22:42:36.288000Z</time>
      </trkpt>
      <trkpt lat="39.8625598" lon="116.6559251">
        <ele>25.35925</ele>
        <time>2026-07-20T22:42:41.265000Z</time>
      </trkpt>
      <trkpt lat="39.8625582" lon="116.6558046">
        <ele>25.34905</ele>
        <time>2026-07-20T22:42:45.246000Z</time>
      </trkpt>
      <trkpt lat="39.8625554" lon="116.6556878">
        <ele>25.29684</ele>
        <time>2026-07-20T22:42:49.227000Z</time>
      </trkpt>
      <trkpt lat="39.8625587" lon="116.6555699">
        <ele>25.1964</ele>
        <time>2026-07-20T22:42:53.208000Z</time>
      </trkpt>
      <trkpt lat="39.8625605" lon="116.6554505">
        <ele>25.09604</ele>
        <time>2026-07-20T22:42:57Z</time>
      </trkpt>
      <trkpt lat="39.8625597" lon="116.6553052">
        <ele>25.08926</ele>
        <time>2026-07-20T22:43:01Z</time>
      </trkpt>
      <trkpt lat="39.8625539" lon="116.6551805">
        <ele>25.17349</ele>
        <time>2026-07-20T22:43:04Z</time>
      </trkpt>
      <trkpt lat="39.8625473" lon="116.6550571">
        <ele>25.27962</ele>
        <time>2026-07-20T22:43:07.142000Z</time>
      </trkpt>
      <trkpt lat="39.8625464" lon="116.6549191">
        <ele>25.37422</ele>
        <time>2026-07-20T22:43:11.123000Z</time>
      </trkpt>
      <trkpt lat="39.8625482" lon="116.6547846">
        <ele>25.3678</ele>
        <time>2026-07-20T22:43:15.104000Z</time>
      </trkpt>
      <trkpt lat="39.8625522" lon="116.6546549">
        <ele>25.23587</ele>
        <time>2026-07-20T22:43:19.085000Z</time>
      </trkpt>
      <trkpt lat="39.8625514" lon="116.6545264">
        <ele>25.01983</ele>
        <time>2026-07-20T22:43:23.066000Z</time>
      </trkpt>
      <trkpt lat="39.8625469" lon="116.6543997">
        <ele>24.87764</ele>
        <time>2026-07-20T22:43:27Z</time>
      </trkpt>
      <trkpt lat="39.8625457" lon="116.6542711">
        <ele>24.9151</ele>
        <time>2026-07-20T22:43:31Z</time>
      </trkpt>
      <trkpt lat="39.8625432" lon="116.654143">
        <ele>25.04354</ele>
        <time>2026-07-20T22:43:35Z</time>
      </trkpt>
      <trkpt lat="39.8625477" lon="116.6540138">
        <ele>25.1634</ele>
        <time>2026-07-20T22:43:38.990000Z</time>
      </trkpt>
      <trkpt lat="39.8625525" lon="116.653888">
        <ele>25.2471</ele>
        <time>2026-07-20T22:43:42.971000Z</time>
      </trkpt>
      <trkpt lat="39.862553" lon="116.6537618">
        <ele>25.2984</ele>
        <time>2026-07-20T22:43:46.952000Z</time>
      </trkpt>
      <trkpt lat="39.8625487" lon="116.6536369">
        <ele>25.32025</ele>
        <time>2026-07-20T22:43:50.934000Z</time>
      </trkpt>
      <trkpt lat="39.8625474" lon="116.6535133">
        <ele>25.32351</ele>
        <time>2026-07-20T22:43:54.915000Z</time>
      </trkpt>
      <trkpt lat="39.8625455" lon="116.6533901">
        <ele>25.32544</ele>
        <time>2026-07-20T22:43:58.896000Z</time>
      </trkpt>
      <trkpt lat="39.8625434" lon="116.6532697">
        <ele>25.31392</ele>
        <time>2026-07-20T22:44:02.877000Z</time>
      </trkpt>
      <trkpt lat="39.862543" lon="116.6531446">
        <ele>25.28055</ele>
        <time>2026-07-20T22:44:06.858000Z</time>
      </trkpt>
      <trkpt lat="39.8625398" lon="116.6530184">
        <ele>25.23606</ele>
        <time>2026-07-20T22:44:10.839000Z</time>
      </trkpt>
      <trkpt lat="39.8625431" lon="116.6528873">
        <ele>25.20481</ele>
        <time>2026-07-20T22:44:14.820000Z</time>
      </trkpt>
      <trkpt lat="39.8625462" lon="116.6527576">
        <ele>25.19047</ele>
        <time>2026-07-20T22:44:18.801000Z</time>
      </trkpt>
      <trkpt lat="39.8625437" lon="116.6526301">
        <ele>25.16352</ele>
        <time>2026-07-20T22:44:22.782000Z</time>
      </trkpt>
      <trkpt lat="39.8625439" lon="116.6525074">
        <ele>25.10046</ele>
        <time>2026-07-20T22:44:26.763000Z</time>
      </trkpt>
      <trkpt lat="39.8625469" lon="116.6523867">
        <ele>25.00455</ele>
        <time>2026-07-20T22:44:30.744000Z</time>
      </trkpt>
      <trkpt lat="39.8625508" lon="116.6522634">
        <ele>24.88998</ele>
        <time>2026-07-20T22:44:34.726000Z</time>
      </trkpt>
      <trkpt lat="39.8625644" lon="116.652136">
        <ele>24.77638</ele>
        <time>2026-07-20T22:44:38.707000Z</time>
      </trkpt>
      <trkpt lat="39.8625815" lon="116.6520074">
        <ele>24.66987</ele>
        <time>2026-07-20T22:44:42.688000Z</time>
      </trkpt>
      <trkpt lat="39.8626037" lon="116.6518841">
        <ele>24.58936</ele>
        <time>2026-07-20T22:44:46.669000Z</time>
      </trkpt>
      <trkpt lat="39.8626629" lon="116.6517912">
        <ele>24.56515</ele>
        <time>2026-07-20T22:44:50.650000Z</time>
      </trkpt>
      <trkpt lat="39.8627553" lon="116.651761">
        <ele>24.6108</ele>
        <time>2026-07-20T22:44:54.631000Z</time>
      </trkpt>
      <trkpt lat="39.8628525" lon="116.6517573">
        <ele>24.69924</ele>
        <time>2026-07-20T22:44:58.612000Z</time>
      </trkpt>
      <trkpt lat="39.8629501" lon="116.6517506">
        <ele>24.8168</ele>
        <time>2026-07-20T22:45:02.593000Z</time>
      </trkpt>
      <trkpt lat="39.8630479" lon="116.6517398">
        <ele>24.95176</ele>
        <time>2026-07-20T22:45:06.574000Z</time>
      </trkpt>
      <trkpt lat="39.8631445" lon="116.651733">
        <ele>25.08184</ele>
        <time>2026-07-20T22:45:10.555000Z</time>
      </trkpt>
      <trkpt lat="39.86324" lon="116.651726">
        <ele>25.2125</ele>
        <time>2026-07-20T22:45:14.537000Z</time>
      </trkpt>
      <trkpt lat="39.8633369" lon="116.6517203">
        <ele>25.34577</ele>
        <time>2026-07-20T22:45:18.518000Z</time>
      </trkpt>
      <trkpt lat="39.8634351" lon="116.6517163">
        <ele>25.44835</ele>
        <time>2026-07-20T22:45:22.499000Z</time>
      </trkpt>
      <trkpt lat="39.863531" lon="116.65171">
        <ele>25.51554</ele>
        <time>2026-07-20T22:45:26.480000Z</time>
      </trkpt>
      <trkpt lat="39.8636265" lon="116.6517041">
        <ele>25.56362</ele>
        <time>2026-07-20T22:45:30.461000Z</time>
      </trkpt>
      <trkpt lat="39.8637229" lon="116.6517024">
        <ele>25.60907</ele>
        <time>2026-07-20T22:45:34.442000Z</time>
      </trkpt>
      <trkpt lat="39.8638202" lon="116.6517057">
        <ele>25.64587</ele>
        <time>2026-07-20T22:45:38.423000Z</time>
      </trkpt>
      <trkpt lat="39.8639173" lon="116.6517099">
        <ele>25.67582</ele>
        <time>2026-07-20T22:45:42.404000Z</time>
      </trkpt>
      <trkpt lat="39.8640142" lon="116.651711">
        <ele>25.71567</ele>
        <time>2026-07-20T22:45:46.385000Z</time>
      </trkpt>
      <trkpt lat="39.8641126" lon="116.6517072">
        <ele>25.78568</ele>
        <time>2026-07-20T22:45:50.366000Z</time>
      </trkpt>
      <trkpt lat="39.8642092" lon="116.6517038">
        <ele>25.87545</ele>
        <time>2026-07-20T22:45:54.348000Z</time>
      </trkpt>
      <trkpt lat="39.8643051" lon="116.6517076">
        <ele>25.9556</ele>
        <time>2026-07-20T22:45:58.329000Z</time>
      </trkpt>
      <trkpt lat="39.8644023" lon="116.6517098">
        <ele>25.99622</ele>
        <time>2026-07-20T22:46:02.310000Z</time>
      </trkpt>
      <trkpt lat="39.8645016" lon="116.6517156">
        <ele>25.98992</ele>
        <time>2026-07-20T22:46:06.291000Z</time>
      </trkpt>
      <trkpt lat="39.8645992" lon="116.6517191">
        <ele>25.9234</ele>
        <time>2026-07-20T22:46:10.272000Z</time>
      </trkpt>
      <trkpt lat="39.864699" lon="116.6517155">
        <ele>25.77154</ele>
        <time>2026-07-20T22:46:14.253000Z</time>
      </trkpt>
      <trkpt lat="39.8647951" lon="116.6517102">
        <ele>25.50128</ele>
        <time>2026-07-20T22:46:18.234000Z</time>
      </trkpt>
      <trkpt lat="39.8648886" lon="116.6517117">
        <ele>25.11109</ele>
        <time>2026-07-20T22:46:22.215000Z</time>
      </trkpt>
      <trkpt lat="39.8649823" lon="116.6517261">
        <ele>24.66074</ele>
        <time>2026-07-20T22:46:26.196000Z</time>
      </trkpt>
      <trkpt lat="39.8650793" lon="116.6517371">
        <ele>24.36693</ele>
        <time>2026-07-20T22:46:30Z</time>
      </trkpt>
      <trkpt lat="39.8651829" lon="116.6517361">
        <ele>24.28268</ele>
        <time>2026-07-20T22:46:34Z</time>
      </trkpt>
      <trkpt lat="39.8652841" lon="116.651731">
        <ele>24.29669</ele>
        <time>2026-07-20T22:46:38Z</time>
      </trkpt>
      <trkpt lat="39.8653833" lon="116.6517205">
        <ele>24.31795</ele>
        <time>2026-07-20T22:46:42Z</time>
      </trkpt>
      <trkpt lat="39.8654801" lon="116.6517121">
        <ele>24.30514</ele>
        <time>2026-07-20T22:46:46Z</time>
      </trkpt>
      <trkpt lat="39.8655779" lon="116.6517063">
        <ele>24.2541</ele>
        <time>2026-07-20T22:46:50Z</time>
      </trkpt>
      <trkpt lat="39.8656719" lon="116.6517">
        <ele>24.18686</ele>
        <time>2026-07-20T22:46:54Z</time>
      </trkpt>
      <trkpt lat="39.8657769" lon="116.6517233">
        <ele>24.12619</ele>
        <time>2026-07-20T22:46:59Z</time>
      </trkpt>
      <trkpt lat="39.8658699" lon="116.6517493">
        <ele>25.12358</ele>
        <time>2026-07-20T22:47:08.993000Z</time>
      </trkpt>
      <trkpt lat="39.865982" lon="116.6517297">
        <ele>25.99139</ele>
        <time>2026-07-20T22:47:13.970000Z</time>
      </trkpt>
      <trkpt lat="39.866075" lon="116.651717">
        <ele>26.42644</ele>
        <time>2026-07-20T22:47:17.951000Z</time>
      </trkpt>
      <trkpt lat="39.8661717" lon="116.6517163">
        <ele>26.66026</ele>
        <time>2026-07-20T22:47:21.932000Z</time>
      </trkpt>
      <trkpt lat="39.8662704" lon="116.6517218">
        <ele>26.76603</ele>
        <time>2026-07-20T22:47:25.913000Z</time>
      </trkpt>
      <trkpt lat="39.8663704" lon="116.6517222">
        <ele>26.79427</ele>
        <time>2026-07-20T22:47:29.894000Z</time>
      </trkpt>
      <trkpt lat="39.8664689" lon="116.6517119">
        <ele>26.74763</ele>
        <time>2026-07-20T22:47:33.875000Z</time>
      </trkpt>
      <trkpt lat="39.8665654" lon="116.6517066">
        <ele>26.6497</ele>
        <time>2026-07-20T22:47:37.856000Z</time>
      </trkpt>
      <trkpt lat="39.8666662" lon="116.6517099">
        <ele>26.55495</ele>
        <time>2026-07-20T22:47:41.837000Z</time>
      </trkpt>
      <trkpt lat="39.8667673" lon="116.651711">
        <ele>26.49504</ele>
        <time>2026-07-20T22:47:45.818000Z</time>
      </trkpt>
      <trkpt lat="39.8668665" lon="116.6517167">
        <ele>26.4675</ele>
        <time>2026-07-20T22:47:49.799000Z</time>
      </trkpt>
      <trkpt lat="39.8669648" lon="116.6517198">
        <ele>26.44267</ele>
        <time>2026-07-20T22:47:53.781000Z</time>
      </trkpt>
      <trkpt lat="39.8670641" lon="116.6517222">
        <ele>26.41891</ele>
        <time>2026-07-20T22:47:57.762000Z</time>
      </trkpt>
      <trkpt lat="39.8671637" lon="116.6517296">
        <ele>26.40813</ele>
        <time>2026-07-20T22:48:01.743000Z</time>
      </trkpt>
      <trkpt lat="39.8672637" lon="116.6517448">
        <ele>26.39276</ele>
        <time>2026-07-20T22:48:05.724000Z</time>
      </trkpt>
      <trkpt lat="39.8673684" lon="116.6517501">
        <ele>26.35038</ele>
        <time>2026-07-20T22:48:09.705000Z</time>
      </trkpt>
      <trkpt lat="39.8674806" lon="116.6517508">
        <ele>26.24798</ele>
        <time>2026-07-20T22:48:13.686000Z</time>
      </trkpt>
      <trkpt lat="39.8675961" lon="116.6517508">
        <ele>26.0906</ele>
        <time>2026-07-20T22:48:17.667000Z</time>
      </trkpt>
      <trkpt lat="39.867713" lon="116.651749">
        <ele>25.89764</ele>
        <time>2026-07-20T22:48:21.648000Z</time>
      </trkpt>
      <trkpt lat="39.8678305" lon="116.6517474">
        <ele>25.70018</ele>
        <time>2026-07-20T22:48:25.629000Z</time>
      </trkpt>
      <trkpt lat="39.8679462" lon="116.6517507">
        <ele>25.53064</ele>
        <time>2026-07-20T22:48:29.611000Z</time>
      </trkpt>
      <trkpt lat="39.8680582" lon="116.6517539">
        <ele>25.38086</ele>
        <time>2026-07-20T22:48:33.592000Z</time>
      </trkpt>
      <trkpt lat="39.8681697" lon="116.6517553">
        <ele>25.20084</ele>
        <time>2026-07-20T22:48:37.573000Z</time>
      </trkpt>
      <trkpt lat="39.8682836" lon="116.6517592">
        <ele>25.00511</ele>
        <time>2026-07-20T22:48:41.554000Z</time>
      </trkpt>
      <trkpt lat="39.8683945" lon="116.6517625">
        <ele>24.81443</ele>
        <time>2026-07-20T22:48:45.535000Z</time>
      </trkpt>
      <trkpt lat="39.8685033" lon="116.6517595">
        <ele>24.62563</ele>
        <time>2026-07-20T22:48:49.516000Z</time>
      </trkpt>
      <trkpt lat="39.8686118" lon="116.6517575">
        <ele>24.42305</ele>
        <time>2026-07-20T22:48:53.497000Z</time>
      </trkpt>
      <trkpt lat="39.8687165" lon="116.6517634">
        <ele>24.2491</ele>
        <time>2026-07-20T22:48:57.478000Z</time>
      </trkpt>
      <trkpt lat="39.8688181" lon="116.651764">
        <ele>24.17802</ele>
        <time>2026-07-20T22:49:01.460000Z</time>
      </trkpt>
      <trkpt lat="39.8689208" lon="116.6517646">
        <ele>24.23384</ele>
        <time>2026-07-20T22:49:05.441000Z</time>
      </trkpt>
      <trkpt lat="39.8690237" lon="116.651766">
        <ele>24.37381</ele>
        <time>2026-07-20T22:49:09.422000Z</time>
      </trkpt>
      <trkpt lat="39.8691256" lon="116.6517629">
        <ele>24.54051</ele>
        <time>2026-07-20T22:49:13.403000Z</time>
      </trkpt>
      <trkpt lat="39.8692244" lon="116.6517587">
        <ele>24.66925</ele>
        <time>2026-07-20T22:49:17.384000Z</time>
      </trkpt>
      <trkpt lat="39.8693233" lon="116.6517604">
        <ele>24.74178</ele>
        <time>2026-07-20T22:49:21.365000Z</time>
      </trkpt>
      <trkpt lat="39.8694225" lon="116.6517534">
        <ele>24.77376</ele>
        <time>2026-07-20T22:49:25.346000Z</time>
      </trkpt>
      <trkpt lat="39.8695205" lon="116.6517442">
        <ele>24.7563</ele>
        <time>2026-07-20T22:49:29.327000Z</time>
      </trkpt>
      <trkpt lat="39.8696177" lon="116.6517363">
        <ele>24.70382</ele>
        <time>2026-07-20T22:49:33.308000Z</time>
      </trkpt>
      <trkpt lat="39.869715" lon="116.6517379">
        <ele>24.65525</ele>
        <time>2026-07-20T22:49:37.290000Z</time>
      </trkpt>
      <trkpt lat="39.8698147" lon="116.651734">
        <ele>24.59745</ele>
        <time>2026-07-20T22:49:41.271000Z</time>
      </trkpt>
      <trkpt lat="39.8699171" lon="116.6517307">
        <ele>24.53573</ele>
        <time>2026-07-20T22:49:45.252000Z</time>
      </trkpt>
      <trkpt lat="39.8700247" lon="116.6517351">
        <ele>24.49114</ele>
        <time>2026-07-20T22:49:49.233000Z</time>
      </trkpt>
      <trkpt lat="39.8701296" lon="116.651742">
        <ele>24.43206</ele>
        <time>2026-07-20T22:49:53.214000Z</time>
      </trkpt>
      <trkpt lat="39.8702318" lon="116.6517507">
        <ele>24.35713</ele>
        <time>2026-07-20T22:49:57.195000Z</time>
      </trkpt>
      <trkpt lat="39.8703228" lon="116.6517518">
        <ele>24.30648</ele>
        <time>2026-07-20T22:50:01Z</time>
      </trkpt>
      <trkpt lat="39.8704243" lon="116.6517493">
        <ele>24.25851</ele>
        <time>2026-07-20T22:50:06Z</time>
      </trkpt>
      <trkpt lat="39.8705291" lon="116.6517547">
        <ele>24.20647</ele>
        <time>2026-07-20T22:50:12Z</time>
      </trkpt>
      <trkpt lat="39.8706231" lon="116.6517537">
        <ele>24.23935</ele>
        <time>2026-07-20T22:50:16Z</time>
      </trkpt>
      <trkpt lat="39.8707162" lon="116.6517643">
        <ele>24.28267</ele>
        <time>2026-07-20T22:50:20Z</time>
      </trkpt>
      <trkpt lat="39.8708107" lon="116.6517684">
        <ele>24.31105</ele>
        <time>2026-07-20T22:50:24Z</time>
      </trkpt>
      <trkpt lat="39.8709092" lon="116.6517646">
        <ele>24.33313</ele>
        <time>2026-07-20T22:50:28Z</time>
      </trkpt>
      <trkpt lat="39.8710094" lon="116.6517575">
        <ele>24.3502</ele>
        <time>2026-07-20T22:50:32Z</time>
      </trkpt>
      <trkpt lat="39.8711069" lon="116.6517515">
        <ele>24.44463</ele>
        <time>2026-07-20T22:50:36Z</time>
      </trkpt>
      <trkpt lat="39.8712042" lon="116.6517508">
        <ele>24.71201</ele>
        <time>2026-07-20T22:50:39.992000Z</time>
      </trkpt>
      <trkpt lat="39.8713034" lon="116.6517511">
        <ele>24.99921</ele>
        <time>2026-07-20T22:50:43.974000Z</time>
      </trkpt>
      <trkpt lat="39.8714026" lon="116.6517534">
        <ele>25.176</ele>
        <time>2026-07-20T22:50:47.955000Z</time>
      </trkpt>
      <trkpt lat="39.8715025" lon="116.6517553">
        <ele>25.25587</ele>
        <time>2026-07-20T22:50:51.936000Z</time>
      </trkpt>
      <trkpt lat="39.8716009" lon="116.651755">
        <ele>25.25701</ele>
        <time>2026-07-20T22:50:55.917000Z</time>
      </trkpt>
      <trkpt lat="39.8716982" lon="116.6517479">
        <ele>25.19047</ele>
        <time>2026-07-20T22:50:59.898000Z</time>
      </trkpt>
      <trkpt lat="39.8717972" lon="116.6517428">
        <ele>25.10822</ele>
        <time>2026-07-20T22:51:03.879000Z</time>
      </trkpt>
      <trkpt lat="39.8718958" lon="116.6517452">
        <ele>25.05381</ele>
        <time>2026-07-20T22:51:07.860000Z</time>
      </trkpt>
      <trkpt lat="39.8719927" lon="116.651752">
        <ele>25.06626</ele>
        <time>2026-07-20T22:51:11.842000Z</time>
      </trkpt>
      <trkpt lat="39.8720925" lon="116.6517579">
        <ele>25.12841</ele>
        <time>2026-07-20T22:51:15.823000Z</time>
      </trkpt>
      <trkpt lat="39.872193" lon="116.6517551">
        <ele>25.17424</ele>
        <time>2026-07-20T22:51:19.804000Z</time>
      </trkpt>
      <trkpt lat="39.8722967" lon="116.6517576">
        <ele>25.18682</ele>
        <time>2026-07-20T22:51:23.785000Z</time>
      </trkpt>
      <trkpt lat="39.8724002" lon="116.6517622">
        <ele>25.1863</ele>
        <time>2026-07-20T22:51:27.766000Z</time>
      </trkpt>
      <trkpt lat="39.872503" lon="116.6517648">
        <ele>25.2189</ele>
        <time>2026-07-20T22:51:31.747000Z</time>
      </trkpt>
      <trkpt lat="39.8726047" lon="116.6517695">
        <ele>25.26704</ele>
        <time>2026-07-20T22:51:35.728000Z</time>
      </trkpt>
      <trkpt lat="39.8727058" lon="116.6517731">
        <ele>25.28895</ele>
        <time>2026-07-20T22:51:39.710000Z</time>
      </trkpt>
      <trkpt lat="39.8728043" lon="116.6517763">
        <ele>25.26415</ele>
        <time>2026-07-20T22:51:43.691000Z</time>
      </trkpt>
      <trkpt lat="39.8729045" lon="116.6517802">
        <ele>25.18935</ele>
        <time>2026-07-20T22:51:47.672000Z</time>
      </trkpt>
      <trkpt lat="39.8730058" lon="116.6517823">
        <ele>25.09773</ele>
        <time>2026-07-20T22:51:51.653000Z</time>
      </trkpt>
      <trkpt lat="39.8731063" lon="116.6517772">
        <ele>25.02036</ele>
        <time>2026-07-20T22:51:55.634000Z</time>
      </trkpt>
      <trkpt lat="39.8732095" lon="116.6517733">
        <ele>24.95134</ele>
        <time>2026-07-20T22:51:59.615000Z</time>
      </trkpt>
      <trkpt lat="39.8733129" lon="116.6517744">
        <ele>24.88407</ele>
        <time>2026-07-20T22:52:03.596000Z</time>
      </trkpt>
      <trkpt lat="39.8734167" lon="116.6517734">
        <ele>24.80731</ele>
        <time>2026-07-20T22:52:07.578000Z</time>
      </trkpt>
      <trkpt lat="39.8735211" lon="116.6517679">
        <ele>24.69731</ele>
        <time>2026-07-20T22:52:11.559000Z</time>
      </trkpt>
      <trkpt lat="39.8736214" lon="116.6517637">
        <ele>24.57944</ele>
        <time>2026-07-20T22:52:15.540000Z</time>
      </trkpt>
      <trkpt lat="39.8737206" lon="116.6517662">
        <ele>24.5006</ele>
        <time>2026-07-20T22:52:19.521000Z</time>
      </trkpt>
      <trkpt lat="39.8738187" lon="116.6517778">
        <ele>24.47634</ele>
        <time>2026-07-20T22:52:23.502000Z</time>
      </trkpt>
      <trkpt lat="39.8739211" lon="116.6517797">
        <ele>24.50805</ele>
        <time>2026-07-20T22:52:27.483000Z</time>
      </trkpt>
      <trkpt lat="39.8740233" lon="116.6517765">
        <ele>24.59057</ele>
        <time>2026-07-20T22:52:31.465000Z</time>
      </trkpt>
      <trkpt lat="39.8741231" lon="116.6517856">
        <ele>24.69845</ele>
        <time>2026-07-20T22:52:35.446000Z</time>
      </trkpt>
      <trkpt lat="39.8742068" lon="116.6518481">
        <ele>24.78655</ele>
        <time>2026-07-20T22:52:39.427000Z</time>
      </trkpt>
      <trkpt lat="39.8742487" lon="116.6519638">
        <ele>24.84633</ele>
        <time>2026-07-20T22:52:43.408000Z</time>
      </trkpt>
      <trkpt lat="39.8742565" lon="116.6520986">
        <ele>24.8798</ele>
        <time>2026-07-20T22:52:47.389000Z</time>
      </trkpt>
      <trkpt lat="39.8742524" lon="116.6522338">
        <ele>24.8892</ele>
        <time>2026-07-20T22:52:51.370000Z</time>
      </trkpt>
      <trkpt lat="39.8742509" lon="116.6523632">
        <ele>24.8853</ele>
        <time>2026-07-20T22:52:55.352000Z</time>
      </trkpt>
      <trkpt lat="39.8742549" lon="116.6524927">
        <ele>24.84381</ele>
        <time>2026-07-20T22:52:59.333000Z</time>
      </trkpt>
      <trkpt lat="39.8742596" lon="116.6526243">
        <ele>24.75288</ele>
        <time>2026-07-20T22:53:03.314000Z</time>
      </trkpt>
      <trkpt lat="39.8742635" lon="116.6527573">
        <ele>24.58634</ele>
        <time>2026-07-20T22:53:07.295000Z</time>
      </trkpt>
      <trkpt lat="39.8742721" lon="116.6528889">
        <ele>24.34311</ele>
        <time>2026-07-20T22:53:11.276000Z</time>
      </trkpt>
      <trkpt lat="39.8742776" lon="116.6530218">
        <ele>24.09926</ele>
        <time>2026-07-20T22:53:15.257000Z</time>
      </trkpt>
      <trkpt lat="39.8742752" lon="116.6531599">
        <ele>23.94724</ele>
        <time>2026-07-20T22:53:19.238000Z</time>
      </trkpt>
      <trkpt lat="39.8742553" lon="116.6532947">
        <ele>23.94796</ele>
        <time>2026-07-20T22:53:23.220000Z</time>
      </trkpt>
      <trkpt lat="39.8742388" lon="116.6534289">
        <ele>24.04319</ele>
        <time>2026-07-20T22:53:27.201000Z</time>
      </trkpt>
      <trkpt lat="39.8742374" lon="116.6535749">
        <ele>24.13052</ele>
        <time>2026-07-20T22:53:32Z</time>
      </trkpt>
      <trkpt lat="39.8742376" lon="116.6537009">
        <ele>24.12444</ele>
        <time>2026-07-20T22:53:36Z</time>
      </trkpt>
      <trkpt lat="39.8742404" lon="116.653829">
        <ele>24.07707</ele>
        <time>2026-07-20T22:53:40Z</time>
      </trkpt>
      <trkpt lat="39.8742412" lon="116.6539583">
        <ele>24.03868</ele>
        <time>2026-07-20T22:53:44Z</time>
      </trkpt>
      <trkpt lat="39.8742404" lon="116.654097">
        <ele>24.03795</ele>
        <time>2026-07-20T22:53:48.102000Z</time>
      </trkpt>
      <trkpt lat="39.8742429" lon="116.6542302">
        <ele>24.02979</ele>
        <time>2026-07-20T22:53:52Z</time>
      </trkpt>
      <trkpt lat="39.8742484" lon="116.6543646">
        <ele>23.99651</ele>
        <time>2026-07-20T22:53:56Z</time>
      </trkpt>
      <trkpt lat="39.8742578" lon="116.6544973">
        <ele>23.91884</ele>
        <time>2026-07-20T22:54:00Z</time>
      </trkpt>
      <trkpt lat="39.874268" lon="116.6546283">
        <ele>23.82358</ele>
        <time>2026-07-20T22:54:04Z</time>
      </trkpt>
      <trkpt lat="39.8742742" lon="116.6547637">
        <ele>23.82999</ele>
        <time>2026-07-20T22:54:08Z</time>
      </trkpt>
      <trkpt lat="39.8742765" lon="116.6548983">
        <ele>24.00471</ele>
        <time>2026-07-20T22:54:11.989000Z</time>
      </trkpt>
      <trkpt lat="39.8742755" lon="116.6550327">
        <ele>24.17763</ele>
        <time>2026-07-20T22:54:15.970000Z</time>
      </trkpt>
      <trkpt lat="39.8742707" lon="116.6551715">
        <ele>24.26842</ele>
        <time>2026-07-20T22:54:19.951000Z</time>
      </trkpt>
      <trkpt lat="39.8742669" lon="116.6553073">
        <ele>24.28427</ele>
        <time>2026-07-20T22:54:23.932000Z</time>
      </trkpt>
      <trkpt lat="39.87427" lon="116.6554435">
        <ele>24.27066</ele>
        <time>2026-07-20T22:54:27.914000Z</time>
      </trkpt>
      <trkpt lat="39.8742749" lon="116.6555796">
        <ele>24.29625</ele>
        <time>2026-07-20T22:54:31.895000Z</time>
      </trkpt>
      <trkpt lat="39.8742843" lon="116.6557151">
        <ele>24.38509</ele>
        <time>2026-07-20T22:54:35.876000Z</time>
      </trkpt>
      <trkpt lat="39.8742923" lon="116.6558521">
        <ele>24.51097</ele>
        <time>2026-07-20T22:54:39.857000Z</time>
      </trkpt>
      <trkpt lat="39.8742992" lon="116.6559843">
        <ele>24.62344</ele>
        <time>2026-07-20T22:54:43.838000Z</time>
      </trkpt>
      <trkpt lat="39.8743035" lon="116.6561158">
        <ele>24.69584</ele>
        <time>2026-07-20T22:54:47.820000Z</time>
      </trkpt>
      <trkpt lat="39.8743042" lon="116.6562477">
        <ele>24.75699</ele>
        <time>2026-07-20T22:54:51.801000Z</time>
      </trkpt>
      <trkpt lat="39.8743007" lon="116.6563805">
        <ele>24.8572</ele>
        <time>2026-07-20T22:54:55.782000Z</time>
      </trkpt>
      <trkpt lat="39.8742951" lon="116.6565111">
        <ele>24.99564</ele>
        <time>2026-07-20T22:54:59.763000Z</time>
      </trkpt>
      <trkpt lat="39.8742999" lon="116.6566392">
        <ele>25.15271</ele>
        <time>2026-07-20T22:55:03.744000Z</time>
      </trkpt>
      <trkpt lat="39.8743089" lon="116.6567598">
        <ele>25.28984</ele>
        <time>2026-07-20T22:55:07.726000Z</time>
      </trkpt>
      <trkpt lat="39.874314" lon="116.6568784">
        <ele>25.43334</ele>
        <time>2026-07-20T22:55:11.707000Z</time>
      </trkpt>
      <trkpt lat="39.8743237" lon="116.6570006">
        <ele>25.61606</ele>
        <time>2026-07-20T22:55:15.688000Z</time>
      </trkpt>
      <trkpt lat="39.8743317" lon="116.6571232">
        <ele>25.77193</ele>
        <time>2026-07-20T22:55:19.669000Z</time>
      </trkpt>
      <trkpt lat="39.8743217" lon="116.6572436">
        <ele>25.81293</ele>
        <time>2026-07-20T22:55:23.650000Z</time>
      </trkpt>
      <trkpt lat="39.8743214" lon="116.6573678">
        <ele>25.72</ele>
        <time>2026-07-20T22:55:27.632000Z</time>
      </trkpt>
      <trkpt lat="39.874324" lon="116.6574951">
        <ele>25.53414</ele>
        <time>2026-07-20T22:55:31.613000Z</time>
      </trkpt>
      <trkpt lat="39.8743209" lon="116.6576277">
        <ele>25.31639</ele>
        <time>2026-07-20T22:55:35.594000Z</time>
      </trkpt>
      <trkpt lat="39.8743173" lon="116.6577655">
        <ele>25.13446</ele>
        <time>2026-07-20T22:55:39.575000Z</time>
      </trkpt>
      <trkpt lat="39.8743132" lon="116.6578994">
        <ele>25.00045</ele>
        <time>2026-07-20T22:55:43.557000Z</time>
      </trkpt>
      <trkpt lat="39.8743185" lon="116.6580351">
        <ele>24.90662</ele>
        <time>2026-07-20T22:55:47.538000Z</time>
      </trkpt>
      <trkpt lat="39.8743275" lon="116.6581728">
        <ele>24.80716</ele>
        <time>2026-07-20T22:55:51.519000Z</time>
      </trkpt>
      <trkpt lat="39.8743379" lon="116.658312">
        <ele>24.68157</ele>
        <time>2026-07-20T22:55:55.500000Z</time>
      </trkpt>
      <trkpt lat="39.8743418" lon="116.6584547">
        <ele>24.55337</ele>
        <time>2026-07-20T22:55:59.482000Z</time>
      </trkpt>
      <trkpt lat="39.874332" lon="116.6585966">
        <ele>24.42415</ele>
        <time>2026-07-20T22:56:03.463000Z</time>
      </trkpt>
      <trkpt lat="39.8742989" lon="116.6587268">
        <ele>24.30668</ele>
        <time>2026-07-20T22:56:07.444000Z</time>
      </trkpt>
      <trkpt lat="39.8742203" lon="116.658794">
        <ele>24.21638</ele>
        <time>2026-07-20T22:56:11.425000Z</time>
      </trkpt>
      <trkpt lat="39.8741183" lon="116.6587849">
        <ele>24.15692</ele>
        <time>2026-07-20T22:56:15.407000Z</time>
      </trkpt>
      <trkpt lat="39.8740177" lon="116.6587538">
        <ele>24.1278</ele>
        <time>2026-07-20T22:56:19.388000Z</time>
      </trkpt>
      <trkpt lat="39.8739145" lon="116.6587266">
        <ele>24.17007</ele>
        <time>2026-07-20T22:56:23.369000Z</time>
      </trkpt>
      <trkpt lat="39.8738084" lon="116.6587017">
        <ele>24.29744</ele>
        <time>2026-07-20T22:56:27.350000Z</time>
      </trkpt>
      <trkpt lat="39.8737029" lon="116.6586776">
        <ele>24.43704</ele>
        <time>2026-07-20T22:56:31.332000Z</time>
      </trkpt>
      <trkpt lat="39.8735986" lon="116.6586558">
        <ele>24.53437</ele>
        <time>2026-07-20T22:56:35.313000Z</time>
      </trkpt>
      <trkpt lat="39.8734956" lon="116.6586375">
        <ele>24.61597</ele>
        <time>2026-07-20T22:56:39.294000Z</time>
      </trkpt>
      <trkpt lat="39.8733945" lon="116.6586128">
        <ele>24.68752</ele>
        <time>2026-07-20T22:56:43.275000Z</time>
      </trkpt>
      <trkpt lat="39.8732942" lon="116.6585806">
        <ele>24.70281</ele>
        <time>2026-07-20T22:56:47.257000Z</time>
      </trkpt>
      <trkpt lat="39.8731961" lon="116.6585422">
        <ele>24.60997</ele>
        <time>2026-07-20T22:56:51.238000Z</time>
      </trkpt>
      <trkpt lat="39.8730973" lon="116.6585109">
        <ele>24.3925</ele>
        <time>2026-07-20T22:56:55.219000Z</time>
      </trkpt>
      <trkpt lat="39.8729948" lon="116.6584887">
        <ele>24.0549</ele>
        <time>2026-07-20T22:56:59.200000Z</time>
      </trkpt>
      <trkpt lat="39.8728994" lon="116.6584604">
        <ele>23.75137</ele>
        <time>2026-07-20T22:57:03Z</time>
      </trkpt>
      <trkpt lat="39.8727995" lon="116.6584255">
        <ele>23.63719</ele>
        <time>2026-07-20T22:57:07Z</time>
      </trkpt>
      <trkpt lat="39.8727018" lon="116.6583938">
        <ele>23.67043</ele>
        <time>2026-07-20T22:57:11Z</time>
      </trkpt>
      <trkpt lat="39.872606" lon="116.6583638">
        <ele>23.7741</ele>
        <time>2026-07-20T22:57:15Z</time>
      </trkpt>
      <trkpt lat="39.8725096" lon="116.6583325">
        <ele>23.91282</ele>
        <time>2026-07-20T22:57:19Z</time>
      </trkpt>
      <trkpt lat="39.872411" lon="116.6583004">
        <ele>24.16586</ele>
        <time>2026-07-20T22:57:23Z</time>
      </trkpt>
      <trkpt lat="39.8723092" lon="116.6582752">
        <ele>24.55653</ele>
        <time>2026-07-20T22:57:27.069000Z</time>
      </trkpt>
      <trkpt lat="39.8722086" lon="116.658253">
        <ele>24.86201</ele>
        <time>2026-07-20T22:57:31.050000Z</time>
      </trkpt>
      <trkpt lat="39.8721149" lon="116.6582097">
        <ele>25.02547</ele>
        <time>2026-07-20T22:57:35.032000Z</time>
      </trkpt>
      <trkpt lat="39.8720244" lon="116.6581683">
        <ele>25.07235</ele>
        <time>2026-07-20T22:57:39.013000Z</time>
      </trkpt>
      <trkpt lat="39.8719347" lon="116.6581268">
        <ele>25.2013</ele>
        <time>2026-07-20T22:57:42.994000Z</time>
      </trkpt>
      <trkpt lat="39.8718441" lon="116.6580833">
        <ele>25.56776</ele>
        <time>2026-07-20T22:57:46.976000Z</time>
      </trkpt>
      <trkpt lat="39.8717486" lon="116.6580399">
        <ele>25.87618</ele>
        <time>2026-07-20T22:57:50.957000Z</time>
      </trkpt>
      <trkpt lat="39.8716517" lon="116.6580005">
        <ele>26.08819</ele>
        <time>2026-07-20T22:57:54.938000Z</time>
      </trkpt>
      <trkpt lat="39.8715531" lon="116.6579651">
        <ele>26.24204</ele>
        <time>2026-07-20T22:57:58.919000Z</time>
      </trkpt>
      <trkpt lat="39.8714517" lon="116.6579317">
        <ele>26.35471</ele>
        <time>2026-07-20T22:58:02.901000Z</time>
      </trkpt>
      <trkpt lat="39.8713492" lon="116.6578996">
        <ele>26.44029</ele>
        <time>2026-07-20T22:58:06.882000Z</time>
      </trkpt>
      <trkpt lat="39.871247" lon="116.6578716">
        <ele>26.53922</ele>
        <time>2026-07-20T22:58:10.863000Z</time>
      </trkpt>
      <trkpt lat="39.8711426" lon="116.6578395">
        <ele>26.64021</ele>
        <time>2026-07-20T22:58:14.845000Z</time>
      </trkpt>
      <trkpt lat="39.8710373" lon="116.6578054">
        <ele>26.72375</ele>
        <time>2026-07-20T22:58:18.826000Z</time>
      </trkpt>
      <trkpt lat="39.8709329" lon="116.6577751">
        <ele>26.79567</ele>
        <time>2026-07-20T22:58:22.807000Z</time>
      </trkpt>
      <trkpt lat="39.8708319" lon="116.6577428">
        <ele>26.83815</ele>
        <time>2026-07-20T22:58:26.788000Z</time>
      </trkpt>
      <trkpt lat="39.8707284" lon="116.6577091">
        <ele>26.87118</ele>
        <time>2026-07-20T22:58:30.770000Z</time>
      </trkpt>
      <trkpt lat="39.8706233" lon="116.6576748">
        <ele>26.90279</ele>
        <time>2026-07-20T22:58:34.751000Z</time>
      </trkpt>
      <trkpt lat="39.8705169" lon="116.6576429">
        <ele>26.90372</ele>
        <time>2026-07-20T22:58:38.732000Z</time>
      </trkpt>
      <trkpt lat="39.8704079" lon="116.6576139">
        <ele>26.88682</ele>
        <time>2026-07-20T22:58:42.714000Z</time>
      </trkpt>
      <trkpt lat="39.8703003" lon="116.6575838">
        <ele>26.86229</ele>
        <time>2026-07-20T22:58:46.695000Z</time>
      </trkpt>
      <trkpt lat="39.8701963" lon="116.6575527">
        <ele>26.82039</ele>
        <time>2026-07-20T22:58:50.676000Z</time>
      </trkpt>
      <trkpt lat="39.8700939" lon="116.6575191">
        <ele>26.79525</ele>
        <time>2026-07-20T22:58:54.658000Z</time>
      </trkpt>
      <trkpt lat="39.8699934" lon="116.6574846">
        <ele>26.79601</ele>
        <time>2026-07-20T22:58:58.639000Z</time>
      </trkpt>
      <trkpt lat="39.8698958" lon="116.6574557">
        <ele>26.77884</ele>
        <time>2026-07-20T22:59:02.620000Z</time>
      </trkpt>
      <trkpt lat="39.8698044" lon="116.6574653">
        <ele>26.69462</ele>
        <time>2026-07-20T22:59:07.597000Z</time>
      </trkpt>
      <trkpt lat="39.8698333" lon="116.657599">
        <ele>26.59806</ele>
        <time>2026-07-20T22:59:13.569000Z</time>
      </trkpt>
      <trkpt lat="39.8699184" lon="116.6576611">
        <ele>26.60932</ele>
        <time>2026-07-20T22:59:17.550000Z</time>
      </trkpt>
      <trkpt lat="39.870014" lon="116.6576835">
        <ele>26.65629</ele>
        <time>2026-07-20T22:59:21.531000Z</time>
      </trkpt>
      <trkpt lat="39.8701105" lon="116.6576961">
        <ele>26.69337</ele>
        <time>2026-07-20T22:59:25.513000Z</time>
      </trkpt>
      <trkpt lat="39.8702058" lon="116.6577164">
        <ele>26.7405</ele>
        <time>2026-07-20T22:59:29.494000Z</time>
      </trkpt>
      <trkpt lat="39.8703038" lon="116.6577434">
        <ele>26.82062</ele>
        <time>2026-07-20T22:59:33.475000Z</time>
      </trkpt>
      <trkpt lat="39.870401" lon="116.6577741">
        <ele>26.90144</ele>
        <time>2026-07-20T22:59:37.456000Z</time>
      </trkpt>
      <trkpt lat="39.8704967" lon="116.657811">
        <ele>26.96832</ele>
        <time>2026-07-20T22:59:41.438000Z</time>
      </trkpt>
      <trkpt lat="39.8705924" lon="116.6578467">
        <ele>27.01688</ele>
        <time>2026-07-20T22:59:45.419000Z</time>
      </trkpt>
      <trkpt lat="39.8706877" lon="116.657888">
        <ele>27.04006</ele>
        <time>2026-07-20T22:59:49.400000Z</time>
      </trkpt>
      <trkpt lat="39.8707834" lon="116.6579242">
        <ele>27.02919</ele>
        <time>2026-07-20T22:59:53.382000Z</time>
      </trkpt>
      <trkpt lat="39.8708817" lon="116.6579547">
        <ele>26.9812</ele>
        <time>2026-07-20T22:59:57.363000Z</time>
      </trkpt>
      <trkpt lat="39.8709775" lon="116.6579829">
        <ele>26.9167</ele>
        <time>2026-07-20T23:00:01.344000Z</time>
      </trkpt>
      <trkpt lat="39.8710681" lon="116.6580032">
        <ele>26.82691</ele>
        <time>2026-07-20T23:00:05.326000Z</time>
      </trkpt>
      <trkpt lat="39.8711751" lon="116.6580281">
        <ele>26.6725</ele>
        <time>2026-07-20T23:00:10.302000Z</time>
      </trkpt>
      <trkpt lat="39.8712671" lon="116.6580608">
        <ele>26.52757</ele>
        <time>2026-07-20T23:00:14.283000Z</time>
      </trkpt>
      <trkpt lat="39.8713657" lon="116.6580952">
        <ele>26.37651</ele>
        <time>2026-07-20T23:00:18.265000Z</time>
      </trkpt>
      <trkpt lat="39.8714629" lon="116.6581297">
        <ele>26.25072</ele>
        <time>2026-07-20T23:00:22.246000Z</time>
      </trkpt>
      <trkpt lat="39.8715593" lon="116.6581629">
        <ele>26.15816</ele>
        <time>2026-07-20T23:00:26.227000Z</time>
      </trkpt>
      <trkpt lat="39.8716587" lon="116.6581967">
        <ele>26.05665</ele>
        <time>2026-07-20T23:00:30.209000Z</time>
      </trkpt>
      <trkpt lat="39.8717588" lon="116.6582325">
        <ele>25.91862</ele>
        <time>2026-07-20T23:00:34.190000Z</time>
      </trkpt>
      <trkpt lat="39.8718584" lon="116.6582686">
        <ele>25.72317</ele>
        <time>2026-07-20T23:00:38.171000Z</time>
      </trkpt>
      <trkpt lat="39.871961" lon="116.6583048">
        <ele>25.44221</ele>
        <time>2026-07-20T23:00:42.152000Z</time>
      </trkpt>
      <trkpt lat="39.8720645" lon="116.6583394">
        <ele>25.05138</ele>
        <time>2026-07-20T23:00:46.134000Z</time>
      </trkpt>
      <trkpt lat="39.8721643" lon="116.6583731">
        <ele>24.63834</ele>
        <time>2026-07-20T23:00:50Z</time>
      </trkpt>
      <trkpt lat="39.8722745" lon="116.6584102">
        <ele>24.36128</ele>
        <time>2026-07-20T23:00:54.096000Z</time>
      </trkpt>
      <trkpt lat="39.8723811" lon="116.6584383">
        <ele>24.19581</ele>
        <time>2026-07-20T23:00:58Z</time>
      </trkpt>
      <trkpt lat="39.8724956" lon="116.6584605">
        <ele>24.11143</ele>
        <time>2026-07-20T23:01:02Z</time>
      </trkpt>
      <trkpt lat="39.8726077" lon="116.6584933">
        <ele>24.07661</ele>
        <time>2026-07-20T23:01:06Z</time>
      </trkpt>
      <trkpt lat="39.8727139" lon="116.6585314">
        <ele>24.11332</ele>
        <time>2026-07-20T23:01:10Z</time>
      </trkpt>
      <trkpt lat="39.8728174" lon="116.6585727">
        <ele>24.27281</ele>
        <time>2026-07-20T23:01:14Z</time>
      </trkpt>
      <trkpt lat="39.8729207" lon="116.6586128">
        <ele>24.51687</ele>
        <time>2026-07-20T23:01:17.984000Z</time>
      </trkpt>
      <trkpt lat="39.8730234" lon="116.6586471">
        <ele>24.70144</ele>
        <time>2026-07-20T23:01:21.965000Z</time>
      </trkpt>
      <trkpt lat="39.8731257" lon="116.658679">
        <ele>24.82104</ele>
        <time>2026-07-20T23:01:25.946000Z</time>
      </trkpt>
      <trkpt lat="39.8732268" lon="116.65871">
        <ele>24.91284</ele>
        <time>2026-07-20T23:01:29.928000Z</time>
      </trkpt>
      <trkpt lat="39.8733295" lon="116.658746">
        <ele>24.98631</ele>
        <time>2026-07-20T23:01:33.909000Z</time>
      </trkpt>
      <trkpt lat="39.8734341" lon="116.6587863">
        <ele>25.0477</ele>
        <time>2026-07-20T23:01:37.890000Z</time>
      </trkpt>
      <trkpt lat="39.8735407" lon="116.6588242">
        <ele>25.10307</ele>
        <time>2026-07-20T23:01:41.872000Z</time>
      </trkpt>
      <trkpt lat="39.8736461" lon="116.6588612">
        <ele>25.13357</ele>
        <time>2026-07-20T23:01:45.853000Z</time>
      </trkpt>
      <trkpt lat="39.873749" lon="116.6588994">
        <ele>25.12849</ele>
        <time>2026-07-20T23:01:49.834000Z</time>
      </trkpt>
      <trkpt lat="39.8738569" lon="116.6589338">
        <ele>25.10307</ele>
        <time>2026-07-20T23:01:53.815000Z</time>
      </trkpt>
      <trkpt lat="39.8739676" lon="116.6589683">
        <ele>25.06674</ele>
        <time>2026-07-20T23:01:57.797000Z</time>
      </trkpt>
      <trkpt lat="39.8740785" lon="116.6590012">
        <ele>25.00124</ele>
        <time>2026-07-20T23:02:01.778000Z</time>
      </trkpt>
      <trkpt lat="39.8741829" lon="116.6590478">
        <ele>24.92412</ele>
        <time>2026-07-20T23:02:05.759000Z</time>
      </trkpt>
      <trkpt lat="39.8742682" lon="116.6591338">
        <ele>24.8512</ele>
        <time>2026-07-20T23:02:09.740000Z</time>
      </trkpt>
      <trkpt lat="39.8743294" lon="116.659252">
        <ele>24.77906</ele>
        <time>2026-07-20T23:02:13.722000Z</time>
      </trkpt>
      <trkpt lat="39.8743468" lon="116.6594018">
        <ele>24.69036</ele>
        <time>2026-07-20T23:02:17.702000Z</time>
      </trkpt>
      <trkpt lat="39.8743452" lon="116.6595557">
        <ele>24.59111</ele>
        <time>2026-07-20T23:02:21.684000Z</time>
      </trkpt>
      <trkpt lat="39.8743384" lon="116.6597074">
        <ele>24.48071</ele>
        <time>2026-07-20T23:02:25.665000Z</time>
      </trkpt>
      <trkpt lat="39.8743357" lon="116.6598615">
        <ele>24.32919</ele>
        <time>2026-07-20T23:02:29.646000Z</time>
      </trkpt>
      <trkpt lat="39.8743326" lon="116.6600146">
        <ele>24.13372</ele>
        <time>2026-07-20T23:02:33.628000Z</time>
      </trkpt>
      <trkpt lat="39.8743217" lon="116.6601681">
        <ele>23.94207</ele>
        <time>2026-07-20T23:02:37.609000Z</time>
      </trkpt>
      <trkpt lat="39.8743055" lon="116.6603165">
        <ele>23.78674</ele>
        <time>2026-07-20T23:02:41.590000Z</time>
      </trkpt>
      <trkpt lat="39.8742909" lon="116.6604571">
        <ele>23.6888</ele>
        <time>2026-07-20T23:02:45.572000Z</time>
      </trkpt>
      <trkpt lat="39.8742821" lon="116.6605984">
        <ele>23.6625</ele>
        <time>2026-07-20T23:02:49.553000Z</time>
      </trkpt>
      <trkpt lat="39.8742785" lon="116.6607478">
        <ele>23.67219</ele>
        <time>2026-07-20T23:02:53.534000Z</time>
      </trkpt>
      <trkpt lat="39.8742657" lon="116.6608963">
        <ele>23.72542</ele>
        <time>2026-07-20T23:02:57.516000Z</time>
      </trkpt>
      <trkpt lat="39.8742582" lon="116.6610467">
        <ele>23.82906</ele>
        <time>2026-07-20T23:03:01.497000Z</time>
      </trkpt>
      <trkpt lat="39.8742594" lon="116.6611957">
        <ele>23.93624</ele>
        <time>2026-07-20T23:03:05.478000Z</time>
      </trkpt>
      <trkpt lat="39.8742602" lon="116.6613432">
        <ele>23.9821</ele>
        <time>2026-07-20T23:03:09.459000Z</time>
      </trkpt>
      <trkpt lat="39.8742642" lon="116.6614924">
        <ele>23.95986</ele>
        <time>2026-07-20T23:03:13.441000Z</time>
      </trkpt>
      <trkpt lat="39.8742686" lon="116.6616445">
        <ele>23.8718</ele>
        <time>2026-07-20T23:03:17.422000Z</time>
      </trkpt>
      <trkpt lat="39.8742667" lon="116.6617935">
        <ele>23.74038</ele>
        <time>2026-07-20T23:03:21.403000Z</time>
      </trkpt>
      <trkpt lat="39.8742615" lon="116.6619434">
        <ele>23.6248</ele>
        <time>2026-07-20T23:03:25.385000Z</time>
      </trkpt>
      <trkpt lat="39.8742565" lon="116.6620924">
        <ele>23.59816</ele>
        <time>2026-07-20T23:03:29.366000Z</time>
      </trkpt>
      <trkpt lat="39.8742574" lon="116.6622094">
        <ele>23.65643</ele>
        <time>2026-07-20T23:03:32.352000Z</time>
      </trkpt>
      <trkpt lat="39.8742569" lon="116.6623654">
        <ele>23.79248</ele>
        <time>2026-07-20T23:03:36.333000Z</time>
      </trkpt>
      <trkpt lat="39.8742584" lon="116.662483">
        <ele>23.88826</ele>
        <time>2026-07-20T23:03:39.319000Z</time>
      </trkpt>
      <trkpt lat="39.8742621" lon="116.6626007">
        <ele>23.95152</ele>
        <time>2026-07-20T23:03:42.305000Z</time>
      </trkpt>
      <trkpt lat="39.8742623" lon="116.6627211">
        <ele>23.97828</ele>
        <time>2026-07-20T23:03:45.291000Z</time>
      </trkpt>
      <trkpt lat="39.8742611" lon="116.6628408">
        <ele>23.97697</ele>
        <time>2026-07-20T23:03:48.277000Z</time>
      </trkpt>
      <trkpt lat="39.8742613" lon="116.6629608">
        <ele>23.94381</ele>
        <time>2026-07-20T23:03:51.263000Z</time>
      </trkpt>
      <trkpt lat="39.8742599" lon="116.6630805">
        <ele>23.86207</ele>
        <time>2026-07-20T23:03:54.249000Z</time>
      </trkpt>
      <trkpt lat="39.8742549" lon="116.6631987">
        <ele>23.72078</ele>
        <time>2026-07-20T23:03:57.235000Z</time>
      </trkpt>
      <trkpt lat="39.8742517" lon="116.663317">
        <ele>23.51246</ele>
        <time>2026-07-20T23:04:00.221000Z</time>
      </trkpt>
      <trkpt lat="39.8742504" lon="116.6634386">
        <ele>23.24627</ele>
        <time>2026-07-20T23:04:03.207000Z</time>
      </trkpt>
      <trkpt lat="39.8742539" lon="116.6635948">
        <ele>22.91264</ele>
        <time>2026-07-20T23:04:07Z</time>
      </trkpt>
      <trkpt lat="39.8742572" lon="116.6637486">
        <ele>22.79421</ele>
        <time>2026-07-20T23:04:11Z</time>
      </trkpt>
      <trkpt lat="39.8742668" lon="116.6639036">
        <ele>22.99601</ele>
        <time>2026-07-20T23:04:15Z</time>
      </trkpt>
      <trkpt lat="39.8742705" lon="116.6640273">
        <ele>23.31082</ele>
        <time>2026-07-20T23:04:18.137000Z</time>
      </trkpt>
      <trkpt lat="39.8742744" lon="116.6641462">
        <ele>23.61617</ele>
        <time>2026-07-20T23:04:21.123000Z</time>
      </trkpt>
      <trkpt lat="39.8742864" lon="116.6642691">
        <ele>23.87485</ele>
        <time>2026-07-20T23:04:24.108000Z</time>
      </trkpt>
      <trkpt lat="39.8743023" lon="116.6643856">
        <ele>24.05712</ele>
        <time>2026-07-20T23:04:27Z</time>
      </trkpt>
      <trkpt lat="39.8743244" lon="116.6645027">
        <ele>24.17631</ele>
        <time>2026-07-20T23:04:30Z</time>
      </trkpt>
      <trkpt lat="39.8743509" lon="116.6646188">
        <ele>24.22213</ele>
        <time>2026-07-20T23:04:33Z</time>
      </trkpt>
      <trkpt lat="39.8743801" lon="116.6647335">
        <ele>24.19844</ele>
        <time>2026-07-20T23:04:36Z</time>
      </trkpt>
      <trkpt lat="39.8744075" lon="116.6648494">
        <ele>24.114</ele>
        <time>2026-07-20T23:04:39Z</time>
      </trkpt>
      <trkpt lat="39.8744304" lon="116.6649649">
        <ele>23.98857</ele>
        <time>2026-07-20T23:04:42Z</time>
      </trkpt>
      <trkpt lat="39.8744489" lon="116.66508">
        <ele>23.85589</ele>
        <time>2026-07-20T23:04:45Z</time>
      </trkpt>
      <trkpt lat="39.8744673" lon="116.6651954">
        <ele>23.75446</ele>
        <time>2026-07-20T23:04:47.996000Z</time>
      </trkpt>
      <trkpt lat="39.8744883" lon="116.6653096">
        <ele>23.69307</ele>
        <time>2026-07-20T23:04:50.982000Z</time>
      </trkpt>
      <trkpt lat="39.8745211" lon="116.6654529">
        <ele>23.66618</ele>
        <time>2026-07-20T23:04:54.963000Z</time>
      </trkpt>
      <trkpt lat="39.8745476" lon="116.6655953">
        <ele>23.64411</ele>
        <time>2026-07-20T23:04:58.945000Z</time>
      </trkpt>
    </trkseg>
  </trk>
</gpx>