<?xml version="1.0" encoding="UTF-8"?>
<gpx xmlns="http://www.topografix.com/GPX/1/1" xmlns:gpxtpx="http://www.garmin.com/xmlschemas/TrackPointExtension/v1" xmlns:xsi="http://www.w3.org/2001/XMLSchema-instance" xsi:schemaLocation="http://www.topografix.com/GPX/1/1 http://www.topografix.com/GPX/1/1/gpx.xsd" version="1.1" creator="gpx.py -- https://github.com/tkrajina/gpxpy">
  <trk>
    <name>gpx from codoon</name>
    <type>Run</type>
    <trkseg>
      <trkpt lat="39.8745117" lon="116.6654977">
        <ele>23.15067</ele>
        <time>2026-07-22T22:07:56.999000Z</time>
      </trkpt>
      <trkpt lat="39.8745507" lon="116.6656316">
        <ele>23.04692</ele>
        <time>2026-07-22T22:08:01.993000Z</time>
      </trkpt>
      <trkpt lat="39.8745929" lon="116.6657555">
        <ele>22.93395</ele>
        <time>2026-07-22T22:08:05.974000Z</time>
      </trkpt>
      <trkpt lat="39.8746414" lon="116.6658782">
        <ele>22.79154</ele>
        <time>2026-07-22T22:08:09.955000Z</time>
      </trkpt>
      <trkpt lat="39.8746965" lon="116.6659989">
        <ele>22.65507</ele>
        <time>2026-07-22T22:08:13.937000Z</time>
      </trkpt>
      <trkpt lat="39.8747614" lon="116.6661145">
        <ele>22.57355</ele>
        <time>2026-07-22T22:08:17.918000Z</time>
      </trkpt>
      <trkpt lat="39.8748281" lon="116.6662309">
        <ele>22.57401</ele>
        <time>2026-07-22T22:08:21.899000Z</time>
      </trkpt>
      <trkpt lat="39.8748944" lon="116.6663456">
        <ele>22.6576</ele>
        <time>2026-07-22T22:08:25.881000Z</time>
      </trkpt>
      <trkpt lat="39.8749592" lon="116.6664563">
        <ele>22.8019</ele>
        <time>2026-07-22T22:08:29.862000Z</time>
      </trkpt>
      <trkpt lat="39.8750238" lon="116.6665622">
        <ele>22.95863</ele>
        <time>2026-07-22T22:08:33.843000Z</time>
      </trkpt>
      <trkpt lat="39.8750898" lon="116.6666654">
        <ele>23.11657</ele>
        <time>2026-07-22T22:08:37.825000Z</time>
      </trkpt>
      <trkpt lat="39.8751606" lon="116.6667682">
        <ele>23.27834</ele>
        <time>2026-07-22T22:08:41.806000Z</time>
      </trkpt>
      <trkpt lat="39.8752313" lon="116.6668672">
        <ele>23.43456</ele>
        <time>2026-07-22T22:08:45.787000Z</time>
      </trkpt>
      <trkpt lat="39.8753064" lon="116.666968">
        <ele>23.57391</ele>
        <time>2026-07-22T22:08:49.769000Z</time>
      </trkpt>
      <trkpt lat="39.8753829" lon="116.6670721">
        <ele>23.68941</ele>
        <time>2026-07-22T22:08:53.750000Z</time>
      </trkpt>
      <trkpt lat="39.8754606" lon="116.6671792">
        <ele>23.74083</ele>
        <time>2026-07-22T22:08:57.731000Z</time>
      </trkpt>
      <trkpt lat="39.875536" lon="116.6672867">
        <ele>23.70578</ele>
        <time>2026-07-22T22:09:01.713000Z</time>
      </trkpt>
      <trkpt lat="39.8756114" lon="116.6673908">
        <ele>23.64605</ele>
        <time>2026-07-22T22:09:05.694000Z</time>
      </trkpt>
      <trkpt lat="39.8756856" lon="116.6674992">
        <ele>23.6218</ele>
        <time>2026-07-22T22:09:09.675000Z</time>
      </trkpt>
      <trkpt lat="39.875752" lon="116.6676182">
        <ele>23.63264</ele>
        <time>2026-07-22T22:09:13.657000Z</time>
      </trkpt>
      <trkpt lat="39.8758196" lon="116.6677278">
        <ele>23.67127</ele>
        <time>2026-07-22T22:09:17.638000Z</time>
      </trkpt>
      <trkpt lat="39.8758964" lon="116.6678322">
        <ele>23.7458</ele>
        <time>2026-07-22T22:09:21.619000Z</time>
      </trkpt>
      <trkpt lat="39.8759692" lon="116.6679375">
        <ele>23.84606</ele>
        <time>2026-07-22T22:09:25.600000Z</time>
      </trkpt>
      <trkpt lat="39.8760348" lon="116.6680388">
        <ele>23.9527</ele>
        <time>2026-07-22T22:09:29.582000Z</time>
      </trkpt>
      <trkpt lat="39.8761072" lon="116.6681307">
        <ele>24.03721</ele>
        <time>2026-07-22T22:09:33.563000Z</time>
      </trkpt>
      <trkpt lat="39.8761882" lon="116.6682127">
        <ele>24.071</ele>
        <time>2026-07-22T22:09:37.544000Z</time>
      </trkpt>
      <trkpt lat="39.8762619" lon="116.6683013">
        <ele>24.07651</ele>
        <time>2026-07-22T22:09:41.525000Z</time>
      </trkpt>
      <trkpt lat="39.876331" lon="116.6683909">
        <ele>24.07327</ele>
        <time>2026-07-22T22:09:45.507000Z</time>
      </trkpt>
      <trkpt lat="39.876404" lon="116.668471">
        <ele>24.07575</ele>
        <time>2026-07-22T22:09:49.488000Z</time>
      </trkpt>
      <trkpt lat="39.8764843" lon="116.668542">
        <ele>24.13224</ele>
        <time>2026-07-22T22:09:53.469000Z</time>
      </trkpt>
      <trkpt lat="39.8765663" lon="116.6686325">
        <ele>24.26819</ele>
        <time>2026-07-22T22:09:57.450000Z</time>
      </trkpt>
      <trkpt lat="39.8766428" lon="116.6687314">
        <ele>24.44871</ele>
        <time>2026-07-22T22:10:01.432000Z</time>
      </trkpt>
      <trkpt lat="39.8767203" lon="116.668833">
        <ele>24.61249</ele>
        <time>2026-07-22T22:10:05.413000Z</time>
      </trkpt>
      <trkpt lat="39.8767954" lon="116.6689303">
        <ele>24.75229</ele>
        <time>2026-07-22T22:10:09.394000Z</time>
      </trkpt>
      <trkpt lat="39.8768695" lon="116.6690347">
        <ele>24.858</ele>
        <time>2026-07-22T22:10:13.375000Z</time>
      </trkpt>
      <trkpt lat="39.8769424" lon="116.6691446">
        <ele>24.88599</ele>
        <time>2026-07-22T22:10:17.356000Z</time>
      </trkpt>
      <trkpt lat="39.8770143" lon="116.6692512">
        <ele>24.83193</ele>
        <time>2026-07-22T22:10:21.337000Z</time>
      </trkpt>
      <trkpt lat="39.877072" lon="116.6693626">
        <ele>24.72873</ele>
        <time>2026-07-22T22:10:25.318000Z</time>
      </trkpt>
      <trkpt lat="39.8770957" lon="116.6694849">
        <ele>24.63008</ele>
        <time>2026-07-22T22:10:29.300000Z</time>
      </trkpt>
      <trkpt lat="39.8770718" lon="116.6696116">
        <ele>24.5673</ele>
        <time>2026-07-22T22:10:33.281000Z</time>
      </trkpt>
      <trkpt lat="39.8770073" lon="116.6697151">
        <ele>24.49604</ele>
        <time>2026-07-22T22:10:37.262000Z</time>
      </trkpt>
      <trkpt lat="39.8769288" lon="116.6698046">
        <ele>24.39257</ele>
        <time>2026-07-22T22:10:41.243000Z</time>
      </trkpt>
      <trkpt lat="39.8768438" lon="116.6698898">
        <ele>24.2423</ele>
        <time>2026-07-22T22:10:45.225000Z</time>
      </trkpt>
      <trkpt lat="39.8767665" lon="116.6699762">
        <ele>24.0059</ele>
        <time>2026-07-22T22:10:49.206000Z</time>
      </trkpt>
      <trkpt lat="39.8767008" lon="116.6700653">
        <ele>23.75572</ele>
        <time>2026-07-22T22:10:52.999000Z</time>
      </trkpt>
      <trkpt lat="39.8766379" lon="116.67016">
        <ele>23.64378</ele>
        <time>2026-07-22T22:10:56.999000Z</time>
      </trkpt>
      <trkpt lat="39.8765685" lon="116.670255">
        <ele>23.63022</ele>
        <time>2026-07-22T22:11:00.999000Z</time>
      </trkpt>
      <trkpt lat="39.8764952" lon="116.670349">
        <ele>23.63511</ele>
        <time>2026-07-22T22:11:04.999000Z</time>
      </trkpt>
      <trkpt lat="39.8764191" lon="116.670434">
        <ele>23.63017</ele>
        <time>2026-07-22T22:11:08.999000Z</time>
      </trkpt>
      <trkpt lat="39.8763395" lon="116.6705161">
        <ele>23.60681</ele>
        <time>2026-07-22T22:11:12.999000Z</time>
      </trkpt>
      <trkpt lat="39.8762605" lon="116.6705958">
        <ele>23.59626</ele>
        <time>2026-07-22T22:11:16.999000Z</time>
      </trkpt>
      <trkpt lat="39.8761809" lon="116.6706769">
        <ele>23.61129</ele>
        <time>2026-07-22T22:11:20.999000Z</time>
      </trkpt>
      <trkpt lat="39.8761034" lon="116.6707566">
        <ele>23.66325</ele>
        <time>2026-07-22T22:11:24.999000Z</time>
      </trkpt>
      <trkpt lat="39.876033" lon="116.6708418">
        <ele>23.75764</ele>
        <time>2026-07-22T22:11:29.018000Z</time>
      </trkpt>
      <trkpt lat="39.8759657" lon="116.6709231">
        <ele>23.87792</ele>
        <time>2026-07-22T22:11:32.999000Z</time>
      </trkpt>
      <trkpt lat="39.8758956" lon="116.6710068">
        <ele>24.01075</ele>
        <time>2026-07-22T22:11:36.980000Z</time>
      </trkpt>
      <trkpt lat="39.8758284" lon="116.6710918">
        <ele>24.0996</ele>
        <time>2026-07-22T22:11:40.961000Z</time>
      </trkpt>
      <trkpt lat="39.8757642" lon="116.6711828">
        <ele>24.11944</ele>
        <time>2026-07-22T22:11:44.943000Z</time>
      </trkpt>
      <trkpt lat="39.8757014" lon="116.6712707">
        <ele>24.109</ele>
        <time>2026-07-22T22:11:48.924000Z</time>
      </trkpt>
      <trkpt lat="39.8756373" lon="116.6713564">
        <ele>24.11528</ele>
        <time>2026-07-22T22:11:52.905000Z</time>
      </trkpt>
      <trkpt lat="39.8755687" lon="116.6714402">
        <ele>24.1552</ele>
        <time>2026-07-22T22:11:56.886000Z</time>
      </trkpt>
      <trkpt lat="39.8754979" lon="116.6715245">
        <ele>24.20523</ele>
        <time>2026-07-22T22:12:00.867000Z</time>
      </trkpt>
      <trkpt lat="39.8754303" lon="116.6716118">
        <ele>24.26603</ele>
        <time>2026-07-22T22:12:04.848000Z</time>
      </trkpt>
      <trkpt lat="39.8753624" lon="116.6716984">
        <ele>24.37024</ele>
        <time>2026-07-22T22:12:08.830000Z</time>
      </trkpt>
      <trkpt lat="39.875294" lon="116.6717847">
        <ele>24.47752</ele>
        <time>2026-07-22T22:12:12.811000Z</time>
      </trkpt>
      <trkpt lat="39.8752265" lon="116.6718723">
        <ele>24.53709</ele>
        <time>2026-07-22T22:12:16.792000Z</time>
      </trkpt>
      <trkpt lat="39.8751607" lon="116.671963">
        <ele>24.53426</ele>
        <time>2026-07-22T22:12:20.773000Z</time>
      </trkpt>
      <trkpt lat="39.8750957" lon="116.6720533">
        <ele>24.50488</ele>
        <time>2026-07-22T22:12:24.755000Z</time>
      </trkpt>
      <trkpt lat="39.8750291" lon="116.6721366">
        <ele>24.47848</ele>
        <time>2026-07-22T22:12:28.736000Z</time>
      </trkpt>
      <trkpt lat="39.8749604" lon="116.6722192">
        <ele>24.49513</ele>
        <time>2026-07-22T22:12:32.717000Z</time>
      </trkpt>
      <trkpt lat="39.8748947" lon="116.6722995">
        <ele>24.56862</ele>
        <time>2026-07-22T22:12:36.698000Z</time>
      </trkpt>
      <trkpt lat="39.8748253" lon="116.6723843">
        <ele>24.6746</ele>
        <time>2026-07-22T22:12:40.679000Z</time>
      </trkpt>
      <trkpt lat="39.8747543" lon="116.6724684">
        <ele>24.78091</ele>
        <time>2026-07-22T22:12:44.661000Z</time>
      </trkpt>
      <trkpt lat="39.8746837" lon="116.6725588">
        <ele>24.87369</ele>
        <time>2026-07-22T22:12:48.642000Z</time>
      </trkpt>
      <trkpt lat="39.8746129" lon="116.6726492">
        <ele>24.95252</ele>
        <time>2026-07-22T22:12:52.623000Z</time>
      </trkpt>
      <trkpt lat="39.8745412" lon="116.6727358">
        <ele>25.00774</ele>
        <time>2026-07-22T22:12:56.604000Z</time>
      </trkpt>
      <trkpt lat="39.8744697" lon="116.6728176">
        <ele>25.03249</ele>
        <time>2026-07-22T22:13:00.585000Z</time>
      </trkpt>
      <trkpt lat="39.8743962" lon="116.6729016">
        <ele>25.05681</ele>
        <time>2026-07-22T22:13:04.566000Z</time>
      </trkpt>
      <trkpt lat="39.8743255" lon="116.6729866">
        <ele>25.09845</ele>
        <time>2026-07-22T22:13:08.548000Z</time>
      </trkpt>
      <trkpt lat="39.8742575" lon="116.6730699">
        <ele>25.16514</ele>
        <time>2026-07-22T22:13:12.529000Z</time>
      </trkpt>
      <trkpt lat="39.8741882" lon="116.6731549">
        <ele>25.24629</ele>
        <time>2026-07-22T22:13:16.510000Z</time>
      </trkpt>
      <trkpt lat="39.8741194" lon="116.6732426">
        <ele>25.3182</ele>
        <time>2026-07-22T22:13:20.491000Z</time>
      </trkpt>
      <trkpt lat="39.8740513" lon="116.6733297">
        <ele>25.35117</ele>
        <time>2026-07-22T22:13:24.472000Z</time>
      </trkpt>
      <trkpt lat="39.8739816" lon="116.6734186">
        <ele>25.33368</ele>
        <time>2026-07-22T22:13:28.453000Z</time>
      </trkpt>
      <trkpt lat="39.8739093" lon="116.6735053">
        <ele>25.27699</ele>
        <time>2026-07-22T22:13:32.435000Z</time>
      </trkpt>
      <trkpt lat="39.8738329" lon="116.6735916">
        <ele>25.22101</ele>
        <time>2026-07-22T22:13:36.416000Z</time>
      </trkpt>
      <trkpt lat="39.8737563" lon="116.6736758">
        <ele>25.18618</ele>
        <time>2026-07-22T22:13:40.397000Z</time>
      </trkpt>
      <trkpt lat="39.8736825" lon="116.6737578">
        <ele>25.16595</ele>
        <time>2026-07-22T22:13:44.378000Z</time>
      </trkpt>
      <trkpt lat="39.8736114" lon="116.67384">
        <ele>25.1695</ele>
        <time>2026-07-22T22:13:48.359000Z</time>
      </trkpt>
      <trkpt lat="39.8735454" lon="116.673923">
        <ele>25.1964</ele>
        <time>2026-07-22T22:13:52.340000Z</time>
      </trkpt>
      <trkpt lat="39.8734753" lon="116.6740028">
        <ele>25.22336</ele>
        <time>2026-07-22T22:13:56.321000Z</time>
      </trkpt>
      <trkpt lat="39.873409" lon="116.6740834">
        <ele>25.2272</ele>
        <time>2026-07-22T22:14:00.302000Z</time>
      </trkpt>
      <trkpt lat="39.8733433" lon="116.6741699">
        <ele>25.19634</ele>
        <time>2026-07-22T22:14:04.284000Z</time>
      </trkpt>
      <trkpt lat="39.8732807" lon="116.6742603">
        <ele>25.14599</ele>
        <time>2026-07-22T22:14:08.265000Z</time>
      </trkpt>
      <trkpt lat="39.8732168" lon="116.6743512">
        <ele>25.08076</ele>
        <time>2026-07-22T22:14:12.246000Z</time>
      </trkpt>
      <trkpt lat="39.8731508" lon="116.6744396">
        <ele>25.02584</ele>
        <time>2026-07-22T22:14:16.227000Z</time>
      </trkpt>
      <trkpt lat="39.8730879" lon="116.674533">
        <ele>25.00379</ele>
        <time>2026-07-22T22:14:20.208000Z</time>
      </trkpt>
      <trkpt lat="39.873026" lon="116.6746232">
        <ele>24.98133</ele>
        <time>2026-07-22T22:14:24.189000Z</time>
      </trkpt>
      <trkpt lat="39.8729577" lon="116.6747014">
        <ele>24.87984</ele>
        <time>2026-07-22T22:14:28.170000Z</time>
      </trkpt>
      <trkpt lat="39.8728573" lon="116.6747651">
        <ele>24.59599</ele>
        <time>2026-07-22T22:14:33.147000Z</time>
      </trkpt>
      <trkpt lat="39.8727604" lon="116.6747678">
        <ele>24.39907</ele>
        <time>2026-07-22T22:14:37Z</time>
      </trkpt>
      <trkpt lat="39.8726614" lon="116.6747662">
        <ele>24.32096</ele>
        <time>2026-07-22T22:14:41Z</time>
      </trkpt>
      <trkpt lat="39.8725696" lon="116.6747681">
        <ele>24.29006</ele>
        <time>2026-07-22T22:14:45Z</time>
      </trkpt>
      <trkpt lat="39.8724702" lon="116.6747742">
        <ele>24.25345</ele>
        <time>2026-07-22T22:14:49.071000Z</time>
      </trkpt>
      <trkpt lat="39.8723687" lon="116.6747825">
        <ele>24.20405</ele>
        <time>2026-07-22T22:14:53.052000Z</time>
      </trkpt>
      <trkpt lat="39.8722669" lon="116.674791">
        <ele>24.1668</ele>
        <time>2026-07-22T22:14:57.033000Z</time>
      </trkpt>
      <trkpt lat="39.8721672" lon="116.674801">
        <ele>24.16727</ele>
        <time>2026-07-22T22:15:01Z</time>
      </trkpt>
      <trkpt lat="39.8720652" lon="116.6748015">
        <ele>24.24069</ele>
        <time>2026-07-22T22:15:04.996000Z</time>
      </trkpt>
      <trkpt lat="39.8719696" lon="116.6747982">
        <ele>24.33071</ele>
        <time>2026-07-22T22:15:08.977000Z</time>
      </trkpt>
      <trkpt lat="39.8718685" lon="116.674819">
        <ele>24.32613</ele>
        <time>2026-07-22T22:15:13.953000Z</time>
      </trkpt>
      <trkpt lat="39.8718004" lon="116.6749073">
        <ele>24.1781</ele>
        <time>2026-07-22T22:15:18.930000Z</time>
      </trkpt>
      <trkpt lat="39.8718059" lon="116.6750407">
        <ele>23.92902</ele>
        <time>2026-07-22T22:15:23.906000Z</time>
      </trkpt>
      <trkpt lat="39.8718943" lon="116.6750968">
        <ele>23.73784</ele>
        <time>2026-07-22T22:15:28.882000Z</time>
      </trkpt>
      <trkpt lat="39.8719884" lon="116.6750935">
        <ele>23.70032</ele>
        <time>2026-07-22T22:15:32.863000Z</time>
      </trkpt>
      <trkpt lat="39.8720844" lon="116.6750843">
        <ele>23.74656</ele>
        <time>2026-07-22T22:15:36.844000Z</time>
      </trkpt>
      <trkpt lat="39.872183" lon="116.6750733">
        <ele>23.86421</ele>
        <time>2026-07-22T22:15:40.826000Z</time>
      </trkpt>
      <trkpt lat="39.8722787" lon="116.6750647">
        <ele>24.01996</ele>
        <time>2026-07-22T22:15:44.807000Z</time>
      </trkpt>
      <trkpt lat="39.8723711" lon="116.6750615">
        <ele>24.15207</ele>
        <time>2026-07-22T22:15:48.788000Z</time>
      </trkpt>
      <trkpt lat="39.8724659" lon="116.6750591">
        <ele>24.23985</ele>
        <time>2026-07-22T22:15:52.769000Z</time>
      </trkpt>
      <trkpt lat="39.8725732" lon="116.6750558">
        <ele>24.25553</ele>
        <time>2026-07-22T22:15:57.745000Z</time>
      </trkpt>
      <trkpt lat="39.8726382" lon="116.6751458">
        <ele>24.14415</ele>
        <time>2026-07-22T22:16:04.712000Z</time>
      </trkpt>
      <trkpt lat="39.8725867" lon="116.6752495">
        <ele>24.08225</ele>
        <time>2026-07-22T22:16:08.693000Z</time>
      </trkpt>
      <trkpt lat="39.8725323" lon="116.6753529">
        <ele>24.04536</ele>
        <time>2026-07-22T22:16:12.674000Z</time>
      </trkpt>
      <trkpt lat="39.8724784" lon="116.6754585">
        <ele>24.02006</ele>
        <time>2026-07-22T22:16:16.655000Z</time>
      </trkpt>
      <trkpt lat="39.8724247" lon="116.6755689">
        <ele>23.99736</ele>
        <time>2026-07-22T22:16:20.636000Z</time>
      </trkpt>
      <trkpt lat="39.8723691" lon="116.6756825">
        <ele>23.95864</ele>
        <time>2026-07-22T22:16:24.617000Z</time>
      </trkpt>
      <trkpt lat="39.8723187" lon="116.675798">
        <ele>23.93559</ele>
        <time>2026-07-22T22:16:28.598000Z</time>
      </trkpt>
      <trkpt lat="39.8722743" lon="116.6759093">
        <ele>23.94322</ele>
        <time>2026-07-22T22:16:32.580000Z</time>
      </trkpt>
      <trkpt lat="39.8722289" lon="116.6760175">
        <ele>23.9963</ele>
        <time>2026-07-22T22:16:36.561000Z</time>
      </trkpt>
      <trkpt lat="39.8721816" lon="116.6761277">
        <ele>24.06407</ele>
        <time>2026-07-22T22:16:40.542000Z</time>
      </trkpt>
      <trkpt lat="39.872131" lon="116.6762356">
        <ele>24.07868</ele>
        <time>2026-07-22T22:16:44.523000Z</time>
      </trkpt>
      <trkpt lat="39.8720783" lon="116.6763421">
        <ele>24.04334</ele>
        <time>2026-07-22T22:16:48.504000Z</time>
      </trkpt>
      <trkpt lat="39.8720251" lon="116.6764523">
        <ele>24.00885</ele>
        <time>2026-07-22T22:16:52.485000Z</time>
      </trkpt>
      <trkpt lat="39.8719753" lon="116.6765652">
        <ele>24.00071</ele>
        <time>2026-07-22T22:16:56.466000Z</time>
      </trkpt>
      <trkpt lat="39.871927" lon="116.67668">
        <ele>24.00582</ele>
        <time>2026-07-22T22:17:00.447000Z</time>
      </trkpt>
      <trkpt lat="39.8718808" lon="116.6767916">
        <ele>24.01099</ele>
        <time>2026-07-22T22:17:04.428000Z</time>
      </trkpt>
      <trkpt lat="39.8718369" lon="116.6769034">
        <ele>23.99298</ele>
        <time>2026-07-22T22:17:08.409000Z</time>
      </trkpt>
      <trkpt lat="39.8717947" lon="116.6770134">
        <ele>23.96007</ele>
        <time>2026-07-22T22:17:12.390000Z</time>
      </trkpt>
      <trkpt lat="39.8717491" lon="116.6771236">
        <ele>23.9011</ele>
        <time>2026-07-22T22:17:16.371000Z</time>
      </trkpt>
      <trkpt lat="39.8717049" lon="116.6772373">
        <ele>23.80351</ele>
        <time>2026-07-22T22:17:20.352000Z</time>
      </trkpt>
      <trkpt lat="39.871659" lon="116.677353">
        <ele>23.67424</ele>
        <time>2026-07-22T22:17:24.333000Z</time>
      </trkpt>
      <trkpt lat="39.8716119" lon="116.6774705">
        <ele>23.53482</ele>
        <time>2026-07-22T22:17:28.314000Z</time>
      </trkpt>
      <trkpt lat="39.8715682" lon="116.677589">
        <ele>23.42855</ele>
        <time>2026-07-22T22:17:32.295000Z</time>
      </trkpt>
      <trkpt lat="39.8715324" lon="116.6777088">
        <ele>23.39136</ele>
        <time>2026-07-22T22:17:36.276000Z</time>
      </trkpt>
      <trkpt lat="39.8714992" lon="116.6778284">
        <ele>23.46599</ele>
        <time>2026-07-22T22:17:40.257000Z</time>
      </trkpt>
      <trkpt lat="39.871467" lon="116.6779478">
        <ele>23.65466</ele>
        <time>2026-07-22T22:17:44.239000Z</time>
      </trkpt>
      <trkpt lat="39.8714366" lon="116.6780696">
        <ele>23.92725</ele>
        <time>2026-07-22T22:17:48.220000Z</time>
      </trkpt>
      <trkpt lat="39.8714059" lon="116.6781894">
        <ele>24.26747</ele>
        <time>2026-07-22T22:17:52.201000Z</time>
      </trkpt>
      <trkpt lat="39.8713737" lon="116.6783027">
        <ele>24.52901</ele>
        <time>2026-07-22T22:17:56Z</time>
      </trkpt>
      <trkpt lat="39.8713372" lon="116.6784228">
        <ele>24.6063</ele>
        <time>2026-07-22T22:18:00Z</time>
      </trkpt>
      <trkpt lat="39.8712985" lon="116.6785425">
        <ele>24.5886</ele>
        <time>2026-07-22T22:18:04Z</time>
      </trkpt>
      <trkpt lat="39.8712637" lon="116.6786609">
        <ele>24.5532</ele>
        <time>2026-07-22T22:18:08Z</time>
      </trkpt>
      <trkpt lat="39.8712314" lon="116.6787786">
        <ele>24.53679</ele>
        <time>2026-07-22T22:18:12Z</time>
      </trkpt>
      <trkpt lat="39.871205" lon="116.6788995">
        <ele>24.56251</ele>
        <time>2026-07-22T22:18:16Z</time>
      </trkpt>
      <trkpt lat="39.871183" lon="116.6790193">
        <ele>24.60588</ele>
        <time>2026-07-22T22:18:20Z</time>
      </trkpt>
      <trkpt lat="39.8711632" lon="116.6791387">
        <ele>24.63671</ele>
        <time>2026-07-22T22:18:24Z</time>
      </trkpt>
      <trkpt lat="39.8711426" lon="116.6792587">
        <ele>24.66732</ele>
        <time>2026-07-22T22:18:28Z</time>
      </trkpt>
      <trkpt lat="39.8711198" lon="116.6793747">
        <ele>24.68057</ele>
        <time>2026-07-22T22:18:32Z</time>
      </trkpt>
      <trkpt lat="39.8710865" lon="116.679492">
        <ele>24.65037</ele>
        <time>2026-07-22T22:18:35.992000Z</time>
      </trkpt>
      <trkpt lat="39.8710513" lon="116.679607">
        <ele>24.59012</ele>
        <time>2026-07-22T22:18:39.973000Z</time>
      </trkpt>
      <trkpt lat="39.8710165" lon="116.6797214">
        <ele>24.52857</ele>
        <time>2026-07-22T22:18:43.954000Z</time>
      </trkpt>
      <trkpt lat="39.8709834" lon="116.6798416">
        <ele>24.45986</ele>
        <time>2026-07-22T22:18:47.935000Z</time>
      </trkpt>
      <trkpt lat="39.8709516" lon="116.6799598">
        <ele>24.39399</ele>
        <time>2026-07-22T22:18:51.916000Z</time>
      </trkpt>
      <trkpt lat="39.8709151" lon="116.6800756">
        <ele>24.35128</ele>
        <time>2026-07-22T22:18:55.897000Z</time>
      </trkpt>
      <trkpt lat="39.870878" lon="116.6801957">
        <ele>24.35808</ele>
        <time>2026-07-22T22:18:59.878000Z</time>
      </trkpt>
      <trkpt lat="39.8708401" lon="116.6803204">
        <ele>24.38292</ele>
        <time>2026-07-22T22:19:03.859000Z</time>
      </trkpt>
      <trkpt lat="39.8708064" lon="116.6804463">
        <ele>24.37672</ele>
        <time>2026-07-22T22:19:07.840000Z</time>
      </trkpt>
      <trkpt lat="39.8707754" lon="116.6805672">
        <ele>24.30186</ele>
        <time>2026-07-22T22:19:11.821000Z</time>
      </trkpt>
      <trkpt lat="39.8707438" lon="116.6806853">
        <ele>24.16849</ele>
        <time>2026-07-22T22:19:15.802000Z</time>
      </trkpt>
      <trkpt lat="39.8707162" lon="116.6807986">
        <ele>24.04056</ele>
        <time>2026-07-22T22:19:19.783000Z</time>
      </trkpt>
      <trkpt lat="39.8706841" lon="116.6809142">
        <ele>23.94483</ele>
        <time>2026-07-22T22:19:23.764000Z</time>
      </trkpt>
      <trkpt lat="39.8706503" lon="116.681032">
        <ele>23.86528</ele>
        <time>2026-07-22T22:19:27.745000Z</time>
      </trkpt>
      <trkpt lat="39.8706185" lon="116.6811551">
        <ele>23.79018</ele>
        <time>2026-07-22T22:19:31.726000Z</time>
      </trkpt>
      <trkpt lat="39.8705869" lon="116.6812811">
        <ele>23.72273</ele>
        <time>2026-07-22T22:19:35.707000Z</time>
      </trkpt>
      <trkpt lat="39.8705524" lon="116.6814078">
        <ele>23.65513</ele>
        <time>2026-07-22T22:19:39.688000Z</time>
      </trkpt>
      <trkpt lat="39.8705214" lon="116.6815322">
        <ele>23.58225</ele>
        <time>2026-07-22T22:19:43.669000Z</time>
      </trkpt>
      <trkpt lat="39.8704851" lon="116.6816518">
        <ele>23.49573</ele>
        <time>2026-07-22T22:19:47.650000Z</time>
      </trkpt>
      <trkpt lat="39.8704466" lon="116.6817667">
        <ele>23.38851</ele>
        <time>2026-07-22T22:19:51.631000Z</time>
      </trkpt>
      <trkpt lat="39.8704163" lon="116.6818817">
        <ele>23.26169</ele>
        <time>2026-07-22T22:19:55.612000Z</time>
      </trkpt>
      <trkpt lat="39.8703904" lon="116.6820011">
        <ele>23.09769</ele>
        <time>2026-07-22T22:19:59.593000Z</time>
      </trkpt>
      <trkpt lat="39.8703598" lon="116.6821224">
        <ele>22.89512</ele>
        <time>2026-07-22T22:20:03.574000Z</time>
      </trkpt>
      <trkpt lat="39.8703277" lon="116.6822468">
        <ele>22.67151</ele>
        <time>2026-07-22T22:20:07.555000Z</time>
      </trkpt>
      <trkpt lat="39.8702971" lon="116.6823715">
        <ele>22.44375</ele>
        <time>2026-07-22T22:20:11.537000Z</time>
      </trkpt>
      <trkpt lat="39.8702664" lon="116.6824946">
        <ele>22.28334</ele>
        <time>2026-07-22T22:20:15.518000Z</time>
      </trkpt>
      <trkpt lat="39.870231" lon="116.6826135">
        <ele>22.24324</ele>
        <time>2026-07-22T22:20:19.499000Z</time>
      </trkpt>
      <trkpt lat="39.8701953" lon="116.68273">
        <ele>22.29825</ele>
        <time>2026-07-22T22:20:23.480000Z</time>
      </trkpt>
      <trkpt lat="39.8701653" lon="116.6828489">
        <ele>22.40532</ele>
        <time>2026-07-22T22:20:27.461000Z</time>
      </trkpt>
      <trkpt lat="39.8701388" lon="116.6829692">
        <ele>22.51462</ele>
        <time>2026-07-22T22:20:31.442000Z</time>
      </trkpt>
      <trkpt lat="39.8701076" lon="116.6830885">
        <ele>22.58274</ele>
        <time>2026-07-22T22:20:35.423000Z</time>
      </trkpt>
      <trkpt lat="39.870079" lon="116.6832112">
        <ele>22.57121</ele>
        <time>2026-07-22T22:20:39.403000Z</time>
      </trkpt>
      <trkpt lat="39.8700535" lon="116.683334">
        <ele>22.4804</ele>
        <time>2026-07-22T22:20:43.385000Z</time>
      </trkpt>
      <trkpt lat="39.870029" lon="116.6834543">
        <ele>22.35194</ele>
        <time>2026-07-22T22:20:47.366000Z</time>
      </trkpt>
      <trkpt lat="39.8699983" lon="116.6835732">
        <ele>22.21476</ele>
        <time>2026-07-22T22:20:51.347000Z</time>
      </trkpt>
      <trkpt lat="39.8699593" lon="116.6836922">
        <ele>22.09807</ele>
        <time>2026-07-22T22:20:55.328000Z</time>
      </trkpt>
      <trkpt lat="39.8699239" lon="116.6838098">
        <ele>22.03765</ele>
        <time>2026-07-22T22:20:59.309000Z</time>
      </trkpt>
      <trkpt lat="39.8698898" lon="116.6839262">
        <ele>22.03907</ele>
        <time>2026-07-22T22:21:03.290000Z</time>
      </trkpt>
      <trkpt lat="39.869859" lon="116.6840433">
        <ele>22.11363</ele>
        <time>2026-07-22T22:21:07.271000Z</time>
      </trkpt>
      <trkpt lat="39.869832" lon="116.6841634">
        <ele>22.27284</ele>
        <time>2026-07-22T22:21:11.252000Z</time>
      </trkpt>
      <trkpt lat="39.8698006" lon="116.6842835">
        <ele>22.51452</ele>
        <time>2026-07-22T22:21:15.233000Z</time>
      </trkpt>
      <trkpt lat="39.8697668" lon="116.6844027">
        <ele>22.78465</ele>
        <time>2026-07-22T22:21:19.214000Z</time>
      </trkpt>
      <trkpt lat="39.8697348" lon="116.6845164">
        <ele>23.01812</ele>
        <time>2026-07-22T22:21:23Z</time>
      </trkpt>
      <trkpt lat="39.8697031" lon="116.6846418">
        <ele>23.13894</ele>
        <time>2026-07-22T22:21:27Z</time>
      </trkpt>
      <trkpt lat="39.8696732" lon="116.6847655">
        <ele>23.13675</ele>
        <time>2026-07-22T22:21:31Z</time>
      </trkpt>
      <trkpt lat="39.8696469" lon="116.6848876">
        <ele>23.10535</ele>
        <time>2026-07-22T22:21:35Z</time>
      </trkpt>
      <trkpt lat="39.86962" lon="116.6850063">
        <ele>23.09177</ele>
        <time>2026-07-22T22:21:39Z</time>
      </trkpt>
      <trkpt lat="39.8695925" lon="116.6851242">
        <ele>23.09234</ele>
        <time>2026-07-22T22:21:43Z</time>
      </trkpt>
      <trkpt lat="39.8695637" lon="116.6852422">
        <ele>23.04816</ele>
        <time>2026-07-22T22:21:47Z</time>
      </trkpt>
      <trkpt lat="39.8695303" lon="116.685364">
        <ele>22.93555</ele>
        <time>2026-07-22T22:21:51.062000Z</time>
      </trkpt>
      <trkpt lat="39.8694957" lon="116.6854839">
        <ele>22.89613</ele>
        <time>2026-07-22T22:21:55.043000Z</time>
      </trkpt>
      <trkpt lat="39.8694597" lon="116.6856039">
        <ele>22.94786</ele>
        <time>2026-07-22T22:21:59Z</time>
      </trkpt>
      <trkpt lat="39.8694283" lon="116.6857264">
        <ele>22.86943</ele>
        <time>2026-07-22T22:22:03.005000Z</time>
      </trkpt>
      <trkpt lat="39.8694" lon="116.6858472">
        <ele>22.62167</ele>
        <time>2026-07-22T22:22:06.986000Z</time>
      </trkpt>
      <trkpt lat="39.8693687" lon="116.685968">
        <ele>22.3563</ele>
        <time>2026-07-22T22:22:10.967000Z</time>
      </trkpt>
      <trkpt lat="39.869336" lon="116.6860872">
        <ele>22.15783</ele>
        <time>2026-07-22T22:22:14.948000Z</time>
      </trkpt>
      <trkpt lat="39.8693053" lon="116.686207">
        <ele>22.03613</ele>
        <time>2026-07-22T22:22:18.929000Z</time>
      </trkpt>
      <trkpt lat="39.8692748" lon="116.686329">
        <ele>21.97628</ele>
        <time>2026-07-22T22:22:22.910000Z</time>
      </trkpt>
      <trkpt lat="39.8692425" lon="116.6864484">
        <ele>21.94608</ele>
        <time>2026-07-22T22:22:26.891000Z</time>
      </trkpt>
      <trkpt lat="39.8692101" lon="116.6865702">
        <ele>21.91886</ele>
        <time>2026-07-22T22:22:30.872000Z</time>
      </trkpt>
      <trkpt lat="39.8691796" lon="116.6866918">
        <ele>21.88352</ele>
        <time>2026-07-22T22:22:34.853000Z</time>
      </trkpt>
      <trkpt lat="39.8691531" lon="116.6868138">
        <ele>21.8314</ele>
        <time>2026-07-22T22:22:38.834000Z</time>
      </trkpt>
      <trkpt lat="39.8691234" lon="116.6869335">
        <ele>21.7641</ele>
        <time>2026-07-22T22:22:42.815000Z</time>
      </trkpt>
      <trkpt lat="39.8690919" lon="116.6870506">
        <ele>21.73383</ele>
        <time>2026-07-22T22:22:46.796000Z</time>
      </trkpt>
      <trkpt lat="39.8690583" lon="116.687168">
        <ele>21.80254</ele>
        <time>2026-07-22T22:22:50.778000Z</time>
      </trkpt>
      <trkpt lat="39.8690285" lon="116.6872865">
        <ele>21.95997</ele>
        <time>2026-07-22T22:22:54.759000Z</time>
      </trkpt>
      <trkpt lat="39.8690041" lon="116.6874046">
        <ele>22.14941</ele>
        <time>2026-07-22T22:22:58.740000Z</time>
      </trkpt>
      <trkpt lat="39.868971" lon="116.6875207">
        <ele>22.29099</ele>
        <time>2026-07-22T22:23:02.721000Z</time>
      </trkpt>
      <trkpt lat="39.8689368" lon="116.6876381">
        <ele>22.32735</ele>
        <time>2026-07-22T22:23:06.702000Z</time>
      </trkpt>
      <trkpt lat="39.8689047" lon="116.6877543">
        <ele>22.24985</ele>
        <time>2026-07-22T22:23:10.683000Z</time>
      </trkpt>
      <trkpt lat="39.8688716" lon="116.6878732">
        <ele>22.12163</ele>
        <time>2026-07-22T22:23:14.664000Z</time>
      </trkpt>
      <trkpt lat="39.8688413" lon="116.6879934">
        <ele>22.01443</ele>
        <time>2026-07-22T22:23:18.645000Z</time>
      </trkpt>
      <trkpt lat="39.8688088" lon="116.688112">
        <ele>21.95499</ele>
        <time>2026-07-22T22:23:22.626000Z</time>
      </trkpt>
      <trkpt lat="39.8687801" lon="116.6882306">
        <ele>21.94465</ele>
        <time>2026-07-22T22:23:26.607000Z</time>
      </trkpt>
      <trkpt lat="39.8687531" lon="116.688349">
        <ele>21.96319</ele>
        <time>2026-07-22T22:23:30.588000Z</time>
      </trkpt>
      <trkpt lat="39.8687223" lon="116.6884681">
        <ele>21.98324</ele>
        <time>2026-07-22T22:23:34.569000Z</time>
      </trkpt>
      <trkpt lat="39.8686896" lon="116.6885891">
        <ele>22.02733</ele>
        <time>2026-07-22T22:23:38.550000Z</time>
      </trkpt>
      <trkpt lat="39.8686517" lon="116.6887059">
        <ele>22.12419</ele>
        <time>2026-07-22T22:23:42.531000Z</time>
      </trkpt>
      <trkpt lat="39.8685988" lon="116.6888106">
        <ele>22.27824</ele>
        <time>2026-07-22T22:23:46.512000Z</time>
      </trkpt>
      <trkpt lat="39.8685183" lon="116.6888839">
        <ele>22.44178</ele>
        <time>2026-07-22T22:23:50.493000Z</time>
      </trkpt>
      <trkpt lat="39.8684197" lon="116.6889022">
        <ele>22.56311</ele>
        <time>2026-07-22T22:23:54.474000Z</time>
      </trkpt>
      <trkpt lat="39.8683196" lon="116.6888897">
        <ele>22.64269</ele>
        <time>2026-07-22T22:23:58.456000Z</time>
      </trkpt>
      <trkpt lat="39.8682194" lon="116.6888745">
        <ele>22.69343</ele>
        <time>2026-07-22T22:24:02.437000Z</time>
      </trkpt>
      <trkpt lat="39.8681167" lon="116.6888635">
        <ele>22.70822</ele>
        <time>2026-07-22T22:24:06.418000Z</time>
      </trkpt>
      <trkpt lat="39.8680136" lon="116.6888567">
        <ele>22.66786</ele>
        <time>2026-07-22T22:24:10.399000Z</time>
      </trkpt>
      <trkpt lat="39.8679099" lon="116.6888574">
        <ele>22.55449</ele>
        <time>2026-07-22T22:24:14.380000Z</time>
      </trkpt>
      <trkpt lat="39.8678071" lon="116.6888654">
        <ele>22.39418</ele>
        <time>2026-07-22T22:24:18.361000Z</time>
      </trkpt>
      <trkpt lat="39.8677092" lon="116.6888741">
        <ele>22.25292</ele>
        <time>2026-07-22T22:24:22.342000Z</time>
      </trkpt>
      <trkpt lat="39.867609" lon="116.6888896">
        <ele>22.19755</ele>
        <time>2026-07-22T22:24:26.323000Z</time>
      </trkpt>
      <trkpt lat="39.8675088" lon="116.688915">
        <ele>22.21772</ele>
        <time>2026-07-22T22:24:30.304000Z</time>
      </trkpt>
      <trkpt lat="39.8674128" lon="116.6889376">
        <ele>22.28847</ele>
        <time>2026-07-22T22:24:34.285000Z</time>
      </trkpt>
      <trkpt lat="39.86732" lon="116.6889515">
        <ele>22.36667</ele>
        <time>2026-07-22T22:24:38.266000Z</time>
      </trkpt>
      <trkpt lat="39.8672271" lon="116.6889753">
        <ele>22.45943</ele>
        <time>2026-07-22T22:24:42.247000Z</time>
      </trkpt>
      <trkpt lat="39.8671334" lon="116.6890102">
        <ele>22.59942</ele>
        <time>2026-07-22T22:24:46.228000Z</time>
      </trkpt>
      <trkpt lat="39.8670407" lon="116.6890515">
        <ele>22.76318</ele>
        <time>2026-07-22T22:24:50.209000Z</time>
      </trkpt>
      <trkpt lat="39.8669548" lon="116.6890905">
        <ele>22.8977</ele>
        <time>2026-07-22T22:24:54Z</time>
      </trkpt>
      <trkpt lat="39.8668635" lon="116.6891236">
        <ele>22.95393</ele>
        <time>2026-07-22T22:24:58Z</time>
      </trkpt>
      <trkpt lat="39.8667712" lon="116.6891511">
        <ele>22.9236</ele>
        <time>2026-07-22T22:25:02Z</time>
      </trkpt>
      <trkpt lat="39.8666784" lon="116.6891834">
        <ele>22.8416</ele>
        <time>2026-07-22T22:25:06Z</time>
      </trkpt>
      <trkpt lat="39.8665887" lon="116.6892224">
        <ele>22.76245</ele>
        <time>2026-07-22T22:25:10Z</time>
      </trkpt>
      <trkpt lat="39.8664979" lon="116.6892626">
        <ele>22.74199</ele>
        <time>2026-07-22T22:25:14Z</time>
      </trkpt>
      <trkpt lat="39.8664012" lon="116.6892883">
        <ele>22.73167</ele>
        <time>2026-07-22T22:25:18.077000Z</time>
      </trkpt>
      <trkpt lat="39.8663102" lon="116.6893204">
        <ele>22.64062</ele>
        <time>2026-07-22T22:25:22Z</time>
      </trkpt>
      <trkpt lat="39.8662144" lon="116.6893627">
        <ele>22.48979</ele>
        <time>2026-07-22T22:25:26Z</time>
      </trkpt>
      <trkpt lat="39.8661187" lon="116.6894046">
        <ele>22.35925</ele>
        <time>2026-07-22T22:25:30Z</time>
      </trkpt>
      <trkpt lat="39.8660232" lon="116.6894478">
        <ele>22.28158</ele>
        <time>2026-07-22T22:25:34Z</time>
      </trkpt>
      <trkpt lat="39.8659339" lon="116.6894926">
        <ele>22.25959</ele>
        <time>2026-07-22T22:25:37.983000Z</time>
      </trkpt>
      <trkpt lat="39.8658407" lon="116.6895383">
        <ele>22.3064</ele>
        <time>2026-07-22T22:25:41.964000Z</time>
      </trkpt>
      <trkpt lat="39.8657455" lon="116.6895761">
        <ele>22.38275</ele>
        <time>2026-07-22T22:25:45.945000Z</time>
      </trkpt>
      <trkpt lat="39.8656553" lon="116.6896139">
        <ele>22.41816</ele>
        <time>2026-07-22T22:25:49.926000Z</time>
      </trkpt>
      <trkpt lat="39.8655647" lon="116.6896556">
        <ele>22.39367</ele>
        <time>2026-07-22T22:25:53.907000Z</time>
      </trkpt>
      <trkpt lat="39.865474" lon="116.6896973">
        <ele>22.32264</ele>
        <time>2026-07-22T22:25:57.888000Z</time>
      </trkpt>
      <trkpt lat="39.8653857" lon="116.6897429">
        <ele>22.23568</ele>
        <time>2026-07-22T22:26:01.869000Z</time>
      </trkpt>
      <trkpt lat="39.8652977" lon="116.6897902">
        <ele>22.17205</ele>
        <time>2026-07-22T22:26:05.850000Z</time>
      </trkpt>
      <trkpt lat="39.865208" lon="116.68984">
        <ele>22.14369</ele>
        <time>2026-07-22T22:26:09.831000Z</time>
      </trkpt>
      <trkpt lat="39.8651162" lon="116.6898886">
        <ele>22.104</ele>
        <time>2026-07-22T22:26:13.812000Z</time>
      </trkpt>
      <trkpt lat="39.8650258" lon="116.6899335">
        <ele>22.00843</ele>
        <time>2026-07-22T22:26:17.794000Z</time>
      </trkpt>
      <trkpt lat="39.8649332" lon="116.6899737">
        <ele>21.87468</ele>
        <time>2026-07-22T22:26:21.775000Z</time>
      </trkpt>
      <trkpt lat="39.8648438" lon="116.6900201">
        <ele>21.74169</ele>
        <time>2026-07-22T22:26:25.756000Z</time>
      </trkpt>
      <trkpt lat="39.8647551" lon="116.6900636">
        <ele>21.63354</ele>
        <time>2026-07-22T22:26:29.737000Z</time>
      </trkpt>
      <trkpt lat="39.8646633" lon="116.6901081">
        <ele>21.57847</ele>
        <time>2026-07-22T22:26:33.718000Z</time>
      </trkpt>
      <trkpt lat="39.8645699" lon="116.6901492">
        <ele>21.56985</ele>
        <time>2026-07-22T22:26:37.699000Z</time>
      </trkpt>
      <trkpt lat="39.8644728" lon="116.6901941">
        <ele>21.59278</ele>
        <time>2026-07-22T22:26:41.680000Z</time>
      </trkpt>
      <trkpt lat="39.8643829" lon="116.6902391">
        <ele>21.63086</ele>
        <time>2026-07-22T22:26:45.661000Z</time>
      </trkpt>
      <trkpt lat="39.8642907" lon="116.6902865">
        <ele>21.65543</ele>
        <time>2026-07-22T22:26:49.642000Z</time>
      </trkpt>
      <trkpt lat="39.8641957" lon="116.6903369">
        <ele>21.68339</ele>
        <time>2026-07-22T22:26:53.623000Z</time>
      </trkpt>
      <trkpt lat="39.8641014" lon="116.6903854">
        <ele>21.71428</ele>
        <time>2026-07-22T22:26:57.605000Z</time>
      </trkpt>
      <trkpt lat="39.864006" lon="116.690432">
        <ele>21.72909</ele>
        <time>2026-07-22T22:27:01.586000Z</time>
      </trkpt>
      <trkpt lat="39.8639092" lon="116.6904796">
        <ele>21.74161</ele>
        <time>2026-07-22T22:27:05.567000Z</time>
      </trkpt>
      <trkpt lat="39.8638101" lon="116.6905254">
        <ele>21.76033</ele>
        <time>2026-07-22T22:27:09.548000Z</time>
      </trkpt>
      <trkpt lat="39.8637138" lon="116.6905668">
        <ele>21.79337</ele>
        <time>2026-07-22T22:27:13.529000Z</time>
      </trkpt>
      <trkpt lat="39.8636223" lon="116.6906103">
        <ele>21.84863</ele>
        <time>2026-07-22T22:27:17.510000Z</time>
      </trkpt>
      <trkpt lat="39.863533" lon="116.6906582">
        <ele>21.89913</ele>
        <time>2026-07-22T22:27:21.491000Z</time>
      </trkpt>
      <trkpt lat="39.8634388" lon="116.6907074">
        <ele>21.90458</ele>
        <time>2026-07-22T22:27:25.472000Z</time>
      </trkpt>
      <trkpt lat="39.863347" lon="116.6907532">
        <ele>21.89862</ele>
        <time>2026-07-22T22:27:29.453000Z</time>
      </trkpt>
      <trkpt lat="39.8632557" lon="116.6908008">
        <ele>21.88166</ele>
        <time>2026-07-22T22:27:33.434000Z</time>
      </trkpt>
      <trkpt lat="39.8631604" lon="116.6908509">
        <ele>21.86332</ele>
        <time>2026-07-22T22:27:37.416000Z</time>
      </trkpt>
      <trkpt lat="39.8630644" lon="116.6908999">
        <ele>21.8316</ele>
        <time>2026-07-22T22:27:41.397000Z</time>
      </trkpt>
      <trkpt lat="39.8629711" lon="116.6909498">
        <ele>21.76065</ele>
        <time>2026-07-22T22:27:45.378000Z</time>
      </trkpt>
      <trkpt lat="39.8628756" lon="116.6909926">
        <ele>21.65193</ele>
        <time>2026-07-22T22:27:49.359000Z</time>
      </trkpt>
      <trkpt lat="39.8627787" lon="116.6910132">
        <ele>21.55503</ele>
        <time>2026-07-22T22:27:53.340000Z</time>
      </trkpt>
      <trkpt lat="39.8626918" lon="116.6909737">
        <ele>21.49409</ele>
        <time>2026-07-22T22:27:57.321000Z</time>
      </trkpt>
      <trkpt lat="39.8626375" lon="116.690868">
        <ele>21.45283</ele>
        <time>2026-07-22T22:28:01.302000Z</time>
      </trkpt>
      <trkpt lat="39.8626017" lon="116.6907496">
        <ele>21.4293</ele>
        <time>2026-07-22T22:28:05.283000Z</time>
      </trkpt>
      <trkpt lat="39.8625652" lon="116.6906296">
        <ele>21.41869</ele>
        <time>2026-07-22T22:28:09.264000Z</time>
      </trkpt>
      <trkpt lat="39.8625275" lon="116.6905069">
        <ele>21.41905</ele>
        <time>2026-07-22T22:28:13.246000Z</time>
      </trkpt>
      <trkpt lat="39.8624932" lon="116.690382">
        <ele>21.45962</ele>
        <time>2026-07-22T22:28:17.227000Z</time>
      </trkpt>
      <trkpt lat="39.8624598" lon="116.6902544">
        <ele>21.58536</ele>
        <time>2026-07-22T22:28:21.208000Z</time>
      </trkpt>
      <trkpt lat="39.8624292" lon="116.6901276">
        <ele>21.78141</ele>
        <time>2026-07-22T22:28:25.189000Z</time>
      </trkpt>
      <trkpt lat="39.8623981" lon="116.6900113">
        <ele>21.97694</ele>
        <time>2026-07-22T22:28:29Z</time>
      </trkpt>
      <trkpt lat="39.8623645" lon="116.6898916">
        <ele>22.12374</ele>
        <time>2026-07-22T22:28:33Z</time>
      </trkpt>
      <trkpt lat="39.8623314" lon="116.6897726">
        <ele>22.20807</ele>
        <time>2026-07-22T22:28:37Z</time>
      </trkpt>
      <trkpt lat="39.8622953" lon="116.6896548">
        <ele>22.25441</ele>
        <time>2026-07-22T22:28:41Z</time>
      </trkpt>
      <trkpt lat="39.862252" lon="116.6895396">
        <ele>22.28138</ele>
        <time>2026-07-22T22:28:45Z</time>
      </trkpt>
      <trkpt lat="39.8622089" lon="116.6894251">
        <ele>22.302</ele>
        <time>2026-07-22T22:28:49Z</time>
      </trkpt>
      <trkpt lat="39.8621724" lon="116.6893068">
        <ele>22.31221</ele>
        <time>2026-07-22T22:28:53Z</time>
      </trkpt>
      <trkpt lat="39.8621405" lon="116.6891924">
        <ele>22.32846</ele>
        <time>2026-07-22T22:28:57Z</time>
      </trkpt>
      <trkpt lat="39.8621129" lon="116.6890745">
        <ele>22.35882</ele>
        <time>2026-07-22T22:29:01.019000Z</time>
      </trkpt>
      <trkpt lat="39.8620828" lon="116.6889556">
        <ele>22.38115</ele>
        <time>2026-07-22T22:29:05Z</time>
      </trkpt>
      <trkpt lat="39.8620494" lon="116.6888396">
        <ele>22.35896</ele>
        <time>2026-07-22T22:29:08.981000Z</time>
      </trkpt>
      <trkpt lat="39.8620151" lon="116.6887293">
        <ele>22.29085</ele>
        <time>2026-07-22T22:29:12.962000Z</time>
      </trkpt>
      <trkpt lat="39.8619797" lon="116.6886152">
        <ele>22.20665</ele>
        <time>2026-07-22T22:29:16.943000Z</time>
      </trkpt>
      <trkpt lat="39.8619484" lon="116.6884986">
        <ele>22.11702</ele>
        <time>2026-07-22T22:29:20.924000Z</time>
      </trkpt>
      <trkpt lat="39.8619175" lon="116.6883783">
        <ele>22.02199</ele>
        <time>2026-07-22T22:29:24.906000Z</time>
      </trkpt>
      <trkpt lat="39.8618878" lon="116.6882613">
        <ele>21.92782</ele>
        <time>2026-07-22T22:29:28.887000Z</time>
      </trkpt>
      <trkpt lat="39.8618615" lon="116.6881422">
        <ele>21.83471</ele>
        <time>2026-07-22T22:29:32.868000Z</time>
      </trkpt>
      <trkpt lat="39.8618296" lon="116.6880277">
        <ele>21.72996</ele>
        <time>2026-07-22T22:29:36.849000Z</time>
      </trkpt>
      <trkpt lat="39.8617946" lon="116.6879146">
        <ele>21.63357</ele>
        <time>2026-07-22T22:29:40.830000Z</time>
      </trkpt>
      <trkpt lat="39.8617635" lon="116.6877999">
        <ele>21.558</ele>
        <time>2026-07-22T22:29:44.811000Z</time>
      </trkpt>
      <trkpt lat="39.8617366" lon="116.6876815">
        <ele>21.5079</ele>
        <time>2026-07-22T22:29:48.792000Z</time>
      </trkpt>
      <trkpt lat="39.8617119" lon="116.6875641">
        <ele>21.50709</ele>
        <time>2026-07-22T22:29:52.773000Z</time>
      </trkpt>
      <trkpt lat="39.8616794" lon="116.6874526">
        <ele>21.57182</ele>
        <time>2026-07-22T22:29:56.755000Z</time>
      </trkpt>
      <trkpt lat="39.8615952" lon="116.6873761">
        <ele>21.74164</ele>
        <time>2026-07-22T22:30:01.731000Z</time>
      </trkpt>
      <trkpt lat="39.8615053" lon="116.687403">
        <ele>21.92393</ele>
        <time>2026-07-22T22:30:05.712000Z</time>
      </trkpt>
      <trkpt lat="39.8614112" lon="116.6874266">
        <ele>22.13451</ele>
        <time>2026-07-22T22:30:09.693000Z</time>
      </trkpt>
      <trkpt lat="39.8613138" lon="116.6874103">
        <ele>22.34707</ele>
        <time>2026-07-22T22:30:13.674000Z</time>
      </trkpt>
      <trkpt lat="39.8612212" lon="116.6873783">
        <ele>22.53982</ele>
        <time>2026-07-22T22:30:17.655000Z</time>
      </trkpt>
      <trkpt lat="39.86113" lon="116.6873424">
        <ele>22.69677</ele>
        <time>2026-07-22T22:30:21.637000Z</time>
      </trkpt>
      <trkpt lat="39.8610372" lon="116.6873238">
        <ele>22.796</ele>
        <time>2026-07-22T22:30:25.618000Z</time>
      </trkpt>
      <trkpt lat="39.8609411" lon="116.6873224">
        <ele>22.83251</ele>
        <time>2026-07-22T22:30:29.599000Z</time>
      </trkpt>
      <trkpt lat="39.8608433" lon="116.6873238">
        <ele>22.83501</ele>
        <time>2026-07-22T22:30:33.580000Z</time>
      </trkpt>
      <trkpt lat="39.8607454" lon="116.6873254">
        <ele>22.84371</ele>
        <time>2026-07-22T22:30:37.561000Z</time>
      </trkpt>
      <trkpt lat="39.8606474" lon="116.6873195">
        <ele>22.8737</ele>
        <time>2026-07-22T22:30:41.542000Z</time>
      </trkpt>
      <trkpt lat="39.8605515" lon="116.6873165">
        <ele>22.9038</ele>
        <time>2026-07-22T22:30:45.523000Z</time>
      </trkpt>
      <trkpt lat="39.8604523" lon="116.6873177">
        <ele>22.92493</ele>
        <time>2026-07-22T22:30:49.504000Z</time>
      </trkpt>
      <trkpt lat="39.8603518" lon="116.6873168">
        <ele>22.91846</ele>
        <time>2026-07-22T22:30:53.486000Z</time>
      </trkpt>
      <trkpt lat="39.8602528" lon="116.6873085">
        <ele>22.89362</ele>
        <time>2026-07-22T22:30:57.467000Z</time>
      </trkpt>
      <trkpt lat="39.8601561" lon="116.6873044">
        <ele>22.84287</ele>
        <time>2026-07-22T22:31:01.448000Z</time>
      </trkpt>
      <trkpt lat="39.8600565" lon="116.6873059">
        <ele>22.77311</ele>
        <time>2026-07-22T22:31:05.429000Z</time>
      </trkpt>
      <trkpt lat="39.859959" lon="116.6873076">
        <ele>22.7052</ele>
        <time>2026-07-22T22:31:09.410000Z</time>
      </trkpt>
      <trkpt lat="39.8598607" lon="116.6873013">
        <ele>22.64179</ele>
        <time>2026-07-22T22:31:13.391000Z</time>
      </trkpt>
      <trkpt lat="39.8597614" lon="116.6872983">
        <ele>22.58357</ele>
        <time>2026-07-22T22:31:17.372000Z</time>
      </trkpt>
      <trkpt lat="39.8596591" lon="116.6872986">
        <ele>22.54612</ele>
        <time>2026-07-22T22:31:21.354000Z</time>
      </trkpt>
      <trkpt lat="39.8595577" lon="116.6872971">
        <ele>22.54164</ele>
        <time>2026-07-22T22:31:25.335000Z</time>
      </trkpt>
      <trkpt lat="39.8594581" lon="116.687297">
        <ele>22.55992</ele>
        <time>2026-07-22T22:31:29.316000Z</time>
      </trkpt>
      <trkpt lat="39.8593606" lon="116.687293">
        <ele>22.59187</ele>
        <time>2026-07-22T22:31:33.297000Z</time>
      </trkpt>
      <trkpt lat="39.8592636" lon="116.6872871">
        <ele>22.66821</ele>
        <time>2026-07-22T22:31:37.278000Z</time>
      </trkpt>
      <trkpt lat="39.8591679" lon="116.6872846">
        <ele>22.78698</ele>
        <time>2026-07-22T22:31:41.259000Z</time>
      </trkpt>
      <trkpt lat="39.8590731" lon="116.6872879">
        <ele>22.91278</ele>
        <time>2026-07-22T22:31:45.240000Z</time>
      </trkpt>
      <trkpt lat="39.858979" lon="116.6873151">
        <ele>23.07903</ele>
        <time>2026-07-22T22:31:49.221000Z</time>
      </trkpt>
      <trkpt lat="39.8588893" lon="116.6873496">
        <ele>23.33427</ele>
        <time>2026-07-22T22:31:53.203000Z</time>
      </trkpt>
      <trkpt lat="39.8587842" lon="116.6873884">
        <ele>23.61595</ele>
        <time>2026-07-22T22:31:58Z</time>
      </trkpt>
      <trkpt lat="39.8586842" lon="116.6873777">
        <ele>23.80944</ele>
        <time>2026-07-22T22:32:03.155000Z</time>
      </trkpt>
      <trkpt lat="39.8586333" lon="116.687257">
        <ele>23.9736</ele>
        <time>2026-07-22T22:32:08Z</time>
      </trkpt>
      <trkpt lat="39.8586094" lon="116.687137">
        <ele>23.95855</ele>
        <time>2026-07-22T22:32:12.113000Z</time>
      </trkpt>
      <trkpt lat="39.8585877" lon="116.6870184">
        <ele>23.8328</ele>
        <time>2026-07-22T22:32:16.094000Z</time>
      </trkpt>
      <trkpt lat="39.8585652" lon="116.6869023">
        <ele>23.70963</ele>
        <time>2026-07-22T22:32:20.075000Z</time>
      </trkpt>
      <trkpt lat="39.8585365" lon="116.6867658">
        <ele>23.6384</ele>
        <time>2026-07-22T22:32:25.052000Z</time>
      </trkpt>
      <trkpt lat="39.8585073" lon="116.6866487">
        <ele>23.63164</ele>
        <time>2026-07-22T22:32:29.033000Z</time>
      </trkpt>
      <trkpt lat="39.8584765" lon="116.6865295">
        <ele>23.65111</ele>
        <time>2026-07-22T22:32:33.014000Z</time>
      </trkpt>
      <trkpt lat="39.8584507" lon="116.6864084">
        <ele>23.66056</ele>
        <time>2026-07-22T22:32:36.995000Z</time>
      </trkpt>
      <trkpt lat="39.8584288" lon="116.6862862">
        <ele>23.63664</ele>
        <time>2026-07-22T22:32:40.976000Z</time>
      </trkpt>
      <trkpt lat="39.8584074" lon="116.6861673">
        <ele>23.63028</ele>
        <time>2026-07-22T22:32:44.957000Z</time>
      </trkpt>
      <trkpt lat="39.8583938" lon="116.6860485">
        <ele>23.61925</ele>
        <time>2026-07-22T22:32:48.938000Z</time>
      </trkpt>
      <trkpt lat="39.8583925" lon="116.6859286">
        <ele>23.59162</ele>
        <time>2026-07-22T22:32:52.919000Z</time>
      </trkpt>
      <trkpt lat="39.8584132" lon="116.6858112">
        <ele>23.56936</ele>
        <time>2026-07-22T22:32:56.901000Z</time>
      </trkpt>
      <trkpt lat="39.8584461" lon="116.6857018">
        <ele>23.53852</ele>
        <time>2026-07-22T22:33:00.882000Z</time>
      </trkpt>
      <trkpt lat="39.8584577" lon="116.6855569">
        <ele>23.53859</ele>
        <time>2026-07-22T22:33:05.858000Z</time>
      </trkpt>
      <trkpt lat="39.8584506" lon="116.6854345">
        <ele>23.56607</ele>
        <time>2026-07-22T22:33:09.839000Z</time>
      </trkpt>
      <trkpt lat="39.8584496" lon="116.685307">
        <ele>23.56875</ele>
        <time>2026-07-22T22:33:13.820000Z</time>
      </trkpt>
      <trkpt lat="39.8584578" lon="116.6851803">
        <ele>23.54691</ele>
        <time>2026-07-22T22:33:17.802000Z</time>
      </trkpt>
      <trkpt lat="39.8584735" lon="116.6850515">
        <ele>23.50873</ele>
        <time>2026-07-22T22:33:21.783000Z</time>
      </trkpt>
      <trkpt lat="39.858488" lon="116.6849188">
        <ele>23.44612</ele>
        <time>2026-07-22T22:33:25.764000Z</time>
      </trkpt>
      <trkpt lat="39.8585013" lon="116.6847895">
        <ele>23.35673</ele>
        <time>2026-07-22T22:33:29.745000Z</time>
      </trkpt>
      <trkpt lat="39.8585143" lon="116.6846641">
        <ele>23.24767</ele>
        <time>2026-07-22T22:33:33.726000Z</time>
      </trkpt>
      <trkpt lat="39.8585262" lon="116.684536">
        <ele>23.13607</ele>
        <time>2026-07-22T22:33:37.707000Z</time>
      </trkpt>
      <trkpt lat="39.8585419" lon="116.6844083">
        <ele>23.02261</ele>
        <time>2026-07-22T22:33:41.688000Z</time>
      </trkpt>
      <trkpt lat="39.858558" lon="116.6842855">
        <ele>22.90908</ele>
        <time>2026-07-22T22:33:45.669000Z</time>
      </trkpt>
      <trkpt lat="39.8585724" lon="116.6841583">
        <ele>22.80958</ele>
        <time>2026-07-22T22:33:49.651000Z</time>
      </trkpt>
      <trkpt lat="39.8585865" lon="116.6840316">
        <ele>22.73714</ele>
        <time>2026-07-22T22:33:53.632000Z</time>
      </trkpt>
      <trkpt lat="39.8586156" lon="116.6839141">
        <ele>22.72037</ele>
        <time>2026-07-22T22:33:57.613000Z</time>
      </trkpt>
      <trkpt lat="39.858682" lon="116.6838285">
        <ele>22.77974</ele>
        <time>2026-07-22T22:34:01.594000Z</time>
      </trkpt>
      <trkpt lat="39.8587708" lon="116.6837823">
        <ele>22.8655</ele>
        <time>2026-07-22T22:34:05.575000Z</time>
      </trkpt>
      <trkpt lat="39.8588629" lon="116.6837522">
        <ele>22.93254</ele>
        <time>2026-07-22T22:34:09.556000Z</time>
      </trkpt>
      <trkpt lat="39.8589502" lon="116.6836769">
        <ele>22.97196</ele>
        <time>2026-07-22T22:34:14.533000Z</time>
      </trkpt>
      <trkpt lat="39.8589815" lon="116.6835449">
        <ele>22.96178</ele>
        <time>2026-07-22T22:34:20.504000Z</time>
      </trkpt>
      <trkpt lat="39.8589869" lon="116.6834112">
        <ele>22.89728</ele>
        <time>2026-07-22T22:34:24.486000Z</time>
      </trkpt>
      <trkpt lat="39.8589808" lon="116.6832762">
        <ele>22.7933</ele>
        <time>2026-07-22T22:34:28.467000Z</time>
      </trkpt>
      <trkpt lat="39.8589727" lon="116.6831422">
        <ele>22.69312</ele>
        <time>2026-07-22T22:34:32.448000Z</time>
      </trkpt>
      <trkpt lat="39.8589717" lon="116.6830059">
        <ele>22.62546</ele>
        <time>2026-07-22T22:34:36.429000Z</time>
      </trkpt>
      <trkpt lat="39.8589766" lon="116.6828734">
        <ele>22.59066</ele>
        <time>2026-07-22T22:34:40.410000Z</time>
      </trkpt>
      <trkpt lat="39.8589744" lon="116.6827431">
        <ele>22.57262</ele>
        <time>2026-07-22T22:34:44.391000Z</time>
      </trkpt>
      <trkpt lat="39.8589716" lon="116.6826133">
        <ele>22.55103</ele>
        <time>2026-07-22T22:34:48.372000Z</time>
      </trkpt>
      <trkpt lat="39.8589716" lon="116.6824831">
        <ele>22.50658</ele>
        <time>2026-07-22T22:34:52.353000Z</time>
      </trkpt>
      <trkpt lat="39.8589753" lon="116.6823514">
        <ele>22.45369</ele>
        <time>2026-07-22T22:34:56.335000Z</time>
      </trkpt>
      <trkpt lat="39.8589712" lon="116.6822201">
        <ele>22.44829</ele>
        <time>2026-07-22T22:35:00.316000Z</time>
      </trkpt>
      <trkpt lat="39.8589661" lon="116.6820888">
        <ele>22.53034</ele>
        <time>2026-07-22T22:35:04.297000Z</time>
      </trkpt>
      <trkpt lat="39.8589758" lon="116.681959">
        <ele>22.66004</ele>
        <time>2026-07-22T22:35:08.278000Z</time>
      </trkpt>
      <trkpt lat="39.8589871" lon="116.6818244">
        <ele>22.79608</ele>
        <time>2026-07-22T22:35:12.259000Z</time>
      </trkpt>
      <trkpt lat="39.8589852" lon="116.6816974">
        <ele>22.92654</ele>
        <time>2026-07-22T22:35:16.240000Z</time>
      </trkpt>
      <trkpt lat="39.8589834" lon="116.6815644">
        <ele>23.02123</ele>
        <time>2026-07-22T22:35:20.221000Z</time>
      </trkpt>
      <trkpt lat="39.8589807" lon="116.6814338">
        <ele>23.10152</ele>
        <time>2026-07-22T22:35:24.203000Z</time>
      </trkpt>
      <trkpt lat="39.8589799" lon="116.6813098">
        <ele>23.2326</ele>
        <time>2026-07-22T22:35:28Z</time>
      </trkpt>
      <trkpt lat="39.8589819" lon="116.6811729">
        <ele>23.49513</ele>
        <time>2026-07-22T22:35:32.165000Z</time>
      </trkpt>
      <trkpt lat="39.8589818" lon="116.681043">
        <ele>23.76169</ele>
        <time>2026-07-22T22:35:36.146000Z</time>
      </trkpt>
      <trkpt lat="39.8589793" lon="116.6809164">
        <ele>23.92396</ele>
        <time>2026-07-22T22:35:40.127000Z</time>
      </trkpt>
      <trkpt lat="39.8589813" lon="116.680793">
        <ele>23.93657</ele>
        <time>2026-07-22T22:35:44.108000Z</time>
      </trkpt>
      <trkpt lat="39.8589814" lon="116.6806684">
        <ele>23.81704</ele>
        <time>2026-07-22T22:35:48.089000Z</time>
      </trkpt>
      <trkpt lat="39.8589792" lon="116.6805422">
        <ele>23.64197</ele>
        <time>2026-07-22T22:35:52.070000Z</time>
      </trkpt>
      <trkpt lat="39.8589753" lon="116.6804137">
        <ele>23.47115</ele>
        <time>2026-07-22T22:35:56.052000Z</time>
      </trkpt>
      <trkpt lat="39.8589775" lon="116.6802845">
        <ele>23.34758</ele>
        <time>2026-07-22T22:36:00Z</time>
      </trkpt>
      <trkpt lat="39.8589802" lon="116.6801552">
        <ele>23.23919</ele>
        <time>2026-07-22T22:36:04Z</time>
      </trkpt>
      <trkpt lat="39.8589795" lon="116.6800275">
        <ele>23.01967</ele>
        <time>2026-07-22T22:36:07.995000Z</time>
      </trkpt>
      <trkpt lat="39.8589787" lon="116.6798986">
        <ele>22.7221</ele>
        <time>2026-07-22T22:36:11.976000Z</time>
      </trkpt>
      <trkpt lat="39.8589794" lon="116.6797664">
        <ele>22.51316</ele>
        <time>2026-07-22T22:36:15.957000Z</time>
      </trkpt>
      <trkpt lat="39.8589803" lon="116.6796342">
        <ele>22.40262</ele>
        <time>2026-07-22T22:36:19.938000Z</time>
      </trkpt>
      <trkpt lat="39.8589833" lon="116.6794969">
        <ele>22.38086</ele>
        <time>2026-07-22T22:36:23.919000Z</time>
      </trkpt>
      <trkpt lat="39.8589872" lon="116.6793585">
        <ele>22.43518</ele>
        <time>2026-07-22T22:36:27.901000Z</time>
      </trkpt>
      <trkpt lat="39.8589861" lon="116.6792204">
        <ele>22.52756</ele>
        <time>2026-07-22T22:36:31.882000Z</time>
      </trkpt>
      <trkpt lat="39.8589831" lon="116.6790826">
        <ele>22.62668</ele>
        <time>2026-07-22T22:36:35.863000Z</time>
      </trkpt>
      <trkpt lat="39.8589827" lon="116.6789471">
        <ele>22.73163</ele>
        <time>2026-07-22T22:36:39.844000Z</time>
      </trkpt>
      <trkpt lat="39.8589849" lon="116.6788133">
        <ele>22.86237</ele>
        <time>2026-07-22T22:36:43.825000Z</time>
      </trkpt>
      <trkpt lat="39.8589872" lon="116.6786899">
        <ele>23.00411</ele>
        <time>2026-07-22T22:36:47.806000Z</time>
      </trkpt>
      <trkpt lat="39.8589906" lon="116.6785642">
        <ele>23.14245</ele>
        <time>2026-07-22T22:36:51.787000Z</time>
      </trkpt>
      <trkpt lat="39.8589954" lon="116.6784392">
        <ele>23.24817</ele>
        <time>2026-07-22T22:36:55.768000Z</time>
      </trkpt>
      <trkpt lat="39.858998" lon="116.6783087">
        <ele>23.29604</ele>
        <time>2026-07-22T22:36:59.750000Z</time>
      </trkpt>
      <trkpt lat="39.8589963" lon="116.6781776">
        <ele>23.29119</ele>
        <time>2026-07-22T22:37:03.731000Z</time>
      </trkpt>
      <trkpt lat="39.858998" lon="116.6780483">
        <ele>23.2556</ele>
        <time>2026-07-22T22:37:07.712000Z</time>
      </trkpt>
      <trkpt lat="39.8590002" lon="116.6779205">
        <ele>23.21927</ele>
        <time>2026-07-22T22:37:11.693000Z</time>
      </trkpt>
      <trkpt lat="39.8589974" lon="116.677795">
        <ele>23.18182</ele>
        <time>2026-07-22T22:37:15.674000Z</time>
      </trkpt>
      <trkpt lat="39.8589934" lon="116.677672">
        <ele>23.13623</ele>
        <time>2026-07-22T22:37:19.655000Z</time>
      </trkpt>
      <trkpt lat="39.8589892" lon="116.677553">
        <ele>23.06856</ele>
        <time>2026-07-22T22:37:23.636000Z</time>
      </trkpt>
      <trkpt lat="39.858987" lon="116.6774311">
        <ele>22.99296</ele>
        <time>2026-07-22T22:37:27.617000Z</time>
      </trkpt>
      <trkpt lat="39.858985" lon="116.6773085">
        <ele>22.93837</ele>
        <time>2026-07-22T22:37:31.598000Z</time>
      </trkpt>
      <trkpt lat="39.8589849" lon="116.6771838">
        <ele>22.92493</ele>
        <time>2026-07-22T22:37:35.580000Z</time>
      </trkpt>
      <trkpt lat="39.8589879" lon="116.6770602">
        <ele>22.9499</ele>
        <time>2026-07-22T22:37:39.561000Z</time>
      </trkpt>
      <trkpt lat="39.858989" lon="116.6769363">
        <ele>22.99011</ele>
        <time>2026-07-22T22:37:43.542000Z</time>
      </trkpt>
      <trkpt lat="39.8589891" lon="116.676813">
        <ele>23.02906</ele>
        <time>2026-07-22T22:37:47.523000Z</time>
      </trkpt>
      <trkpt lat="39.8589921" lon="116.6766898">
        <ele>23.06058</ele>
        <time>2026-07-22T22:37:51.504000Z</time>
      </trkpt>
      <trkpt lat="39.8589914" lon="116.6765661">
        <ele>23.0823</ele>
        <time>2026-07-22T22:37:55.485000Z</time>
      </trkpt>
      <trkpt lat="39.8589853" lon="116.6764424">
        <ele>23.08356</ele>
        <time>2026-07-22T22:37:59.466000Z</time>
      </trkpt>
      <trkpt lat="39.8589769" lon="116.676317">
        <ele>23.04269</ele>
        <time>2026-07-22T22:38:03.447000Z</time>
      </trkpt>
      <trkpt lat="39.8589714" lon="116.6761874">
        <ele>22.96673</ele>
        <time>2026-07-22T22:38:07.429000Z</time>
      </trkpt>
      <trkpt lat="39.8589688" lon="116.6760594">
        <ele>22.89622</ele>
        <time>2026-07-22T22:38:11.410000Z</time>
      </trkpt>
      <trkpt lat="39.8589727" lon="116.6759306">
        <ele>22.84591</ele>
        <time>2026-07-22T22:38:15.391000Z</time>
      </trkpt>
      <trkpt lat="39.8589794" lon="116.6758021">
        <ele>22.81939</ele>
        <time>2026-07-22T22:38:19.372000Z</time>
      </trkpt>
      <trkpt lat="39.8589781" lon="116.6756693">
        <ele>22.80828</ele>
        <time>2026-07-22T22:38:23.353000Z</time>
      </trkpt>
      <trkpt lat="39.8589758" lon="116.6755322">
        <ele>22.80658</ele>
        <time>2026-07-22T22:38:27.334000Z</time>
      </trkpt>
      <trkpt lat="39.8589757" lon="116.675393">
        <ele>22.79847</ele>
        <time>2026-07-22T22:38:31.315000Z</time>
      </trkpt>
      <trkpt lat="39.8589834" lon="116.6752497">
        <ele>22.76422</ele>
        <time>2026-07-22T22:38:35.297000Z</time>
      </trkpt>
      <trkpt lat="39.8589954" lon="116.6751027">
        <ele>22.71178</ele>
        <time>2026-07-22T22:38:39.278000Z</time>
      </trkpt>
      <trkpt lat="39.8589993" lon="116.6749606">
        <ele>22.67191</ele>
        <time>2026-07-22T22:38:43.259000Z</time>
      </trkpt>
      <trkpt lat="39.8590034" lon="116.674817">
        <ele>22.6662</ele>
        <time>2026-07-22T22:38:47.240000Z</time>
      </trkpt>
      <trkpt lat="39.8590031" lon="116.6746675">
        <ele>22.72527</ele>
        <time>2026-07-22T22:38:51.221000Z</time>
      </trkpt>
      <trkpt lat="39.8590035" lon="116.6745289">
        <ele>22.88437</ele>
        <time>2026-07-22T22:38:55.202000Z</time>
      </trkpt>
      <trkpt lat="39.8590061" lon="116.6743982">
        <ele>23.12166</ele>
        <time>2026-07-22T22:38:59.183000Z</time>
      </trkpt>
      <trkpt lat="39.8590059" lon="116.6742703">
        <ele>23.30071</ele>
        <time>2026-07-22T22:39:03Z</time>
      </trkpt>
      <trkpt lat="39.8590033" lon="116.6741422">
        <ele>23.36054</ele>
        <time>2026-07-22T22:39:07Z</time>
      </trkpt>
      <trkpt lat="39.8590033" lon="116.6740112">
        <ele>23.34709</ele>
        <time>2026-07-22T22:39:11Z</time>
      </trkpt>
      <trkpt lat="39.8590001" lon="116.6738784">
        <ele>23.27373</ele>
        <time>2026-07-22T22:39:15.108000Z</time>
      </trkpt>
      <trkpt lat="39.8589945" lon="116.6737536">
        <ele>23.21733</ele>
        <time>2026-07-22T22:39:19.089000Z</time>
      </trkpt>
      <trkpt lat="39.8589981" lon="116.6736247">
        <ele>23.25945</ele>
        <time>2026-07-22T22:39:23.070000Z</time>
      </trkpt>
      <trkpt lat="39.8590009" lon="116.6734936">
        <ele>23.39913</ele>
        <time>2026-07-22T22:39:27.051000Z</time>
      </trkpt>
      <trkpt lat="39.8590016" lon="116.6733637">
        <ele>23.56746</ele>
        <time>2026-07-22T22:39:31Z</time>
      </trkpt>
      <trkpt lat="39.8590039" lon="116.6732302">
        <ele>23.59555</ele>
        <time>2026-07-22T22:39:35Z</time>
      </trkpt>
      <trkpt lat="39.8590048" lon="116.6730947">
        <ele>23.35108</ele>
        <time>2026-07-22T22:39:38.995000Z</time>
      </trkpt>
      <trkpt lat="39.8590074" lon="116.6729655">
        <ele>22.95415</ele>
        <time>2026-07-22T22:39:42.976000Z</time>
      </trkpt>
      <trkpt lat="39.8590076" lon="116.6728386">
        <ele>22.62876</ele>
        <time>2026-07-22T22:39:46.957000Z</time>
      </trkpt>
      <trkpt lat="39.8590092" lon="116.6727126">
        <ele>22.44646</ele>
        <time>2026-07-22T22:39:50.938000Z</time>
      </trkpt>
      <trkpt lat="39.8590127" lon="116.6725833">
        <ele>22.40561</ele>
        <time>2026-07-22T22:39:54.919000Z</time>
      </trkpt>
      <trkpt lat="39.8590121" lon="116.6724592">
        <ele>22.43413</ele>
        <time>2026-07-22T22:39:58.900000Z</time>
      </trkpt>
      <trkpt lat="39.8590076" lon="116.6723344">
        <ele>22.45221</ele>
        <time>2026-07-22T22:40:02.881000Z</time>
      </trkpt>
      <trkpt lat="39.8590045" lon="116.6722071">
        <ele>22.43933</ele>
        <time>2026-07-22T22:40:06.862000Z</time>
      </trkpt>
      <trkpt lat="39.8590014" lon="116.6720724">
        <ele>22.40081</ele>
        <time>2026-07-22T22:40:10.844000Z</time>
      </trkpt>
      <trkpt lat="39.8589987" lon="116.6719381">
        <ele>22.34235</ele>
        <time>2026-07-22T22:40:14.825000Z</time>
      </trkpt>
      <trkpt lat="39.858997" lon="116.6718059">
        <ele>22.28049</ele>
        <time>2026-07-22T22:40:18.806000Z</time>
      </trkpt>
      <trkpt lat="39.858998" lon="116.6716738">
        <ele>22.24667</ele>
        <time>2026-07-22T22:40:22.787000Z</time>
      </trkpt>
      <trkpt lat="39.8590018" lon="116.671541">
        <ele>22.2543</ele>
        <time>2026-07-22T22:40:26.768000Z</time>
      </trkpt>
      <trkpt lat="39.8590065" lon="116.6714106">
        <ele>22.29092</ele>
        <time>2026-07-22T22:40:30.749000Z</time>
      </trkpt>
      <trkpt lat="39.859005" lon="116.6712845">
        <ele>22.32683</ele>
        <time>2026-07-22T22:40:34.730000Z</time>
      </trkpt>
      <trkpt lat="39.8590044" lon="116.6711569">
        <ele>22.36317</ele>
        <time>2026-07-22T22:40:38.711000Z</time>
      </trkpt>
      <trkpt lat="39.8590055" lon="116.6710326">
        <ele>22.38848</ele>
        <time>2026-07-22T22:40:42.693000Z</time>
      </trkpt>
      <trkpt lat="39.8590156" lon="116.6709101">
        <ele>22.3858</ele>
        <time>2026-07-22T22:40:46.674000Z</time>
      </trkpt>
      <trkpt lat="39.8590222" lon="116.6707828">
        <ele>22.37557</ele>
        <time>2026-07-22T22:40:50.655000Z</time>
      </trkpt>
      <trkpt lat="39.8590251" lon="116.670656">
        <ele>22.35388</ele>
        <time>2026-07-22T22:40:54.636000Z</time>
      </trkpt>
      <trkpt lat="39.8590233" lon="116.6705269">
        <ele>22.32451</ele>
        <time>2026-07-22T22:40:58.617000Z</time>
      </trkpt>
      <trkpt lat="39.8590206" lon="116.6703902">
        <ele>22.32006</ele>
        <time>2026-07-22T22:41:02.598000Z</time>
      </trkpt>
      <trkpt lat="39.8590196" lon="116.6702544">
        <ele>22.35773</ele>
        <time>2026-07-22T22:41:06.579000Z</time>
      </trkpt>
      <trkpt lat="39.8590181" lon="116.6701187">
        <ele>22.42606</ele>
        <time>2026-07-22T22:41:10.561000Z</time>
      </trkpt>
      <trkpt lat="39.8590167" lon="116.6699842">
        <ele>22.49407</ele>
        <time>2026-07-22T22:41:14.542000Z</time>
      </trkpt>
      <trkpt lat="39.859016" lon="116.669855">
        <ele>22.5542</ele>
        <time>2026-07-22T22:41:18.523000Z</time>
      </trkpt>
      <trkpt lat="39.8590136" lon="116.6697189">
        <ele>22.61976</ele>
        <time>2026-07-22T22:41:22.504000Z</time>
      </trkpt>
      <trkpt lat="39.859013" lon="116.6695806">
        <ele>22.66748</ele>
        <time>2026-07-22T22:41:26.485000Z</time>
      </trkpt>
      <trkpt lat="39.8590133" lon="116.6694395">
        <ele>22.67617</ele>
        <time>2026-07-22T22:41:30.466000Z</time>
      </trkpt>
      <trkpt lat="39.8590109" lon="116.6692932">
        <ele>22.66599</ele>
        <time>2026-07-22T22:41:34.447000Z</time>
      </trkpt>
      <trkpt lat="39.8590201" lon="116.6691476">
        <ele>22.67505</ele>
        <time>2026-07-22T22:41:38.428000Z</time>
      </trkpt>
      <trkpt lat="39.8590254" lon="116.6690081">
        <ele>22.71521</ele>
        <time>2026-07-22T22:41:42.409000Z</time>
      </trkpt>
      <trkpt lat="39.8590258" lon="116.6688637">
        <ele>22.77024</ele>
        <time>2026-07-22T22:41:46.391000Z</time>
      </trkpt>
      <trkpt lat="39.8590258" lon="116.6687207">
        <ele>22.82848</ele>
        <time>2026-07-22T22:41:50.372000Z</time>
      </trkpt>
      <trkpt lat="39.8590307" lon="116.6685783">
        <ele>22.86035</ele>
        <time>2026-07-22T22:41:54.353000Z</time>
      </trkpt>
      <trkpt lat="39.8590336" lon="116.6684372">
        <ele>22.86376</ele>
        <time>2026-07-22T22:41:58.334000Z</time>
      </trkpt>
      <trkpt lat="39.8590308" lon="116.6682956">
        <ele>22.86334</ele>
        <time>2026-07-22T22:42:02.315000Z</time>
      </trkpt>
      <trkpt lat="39.8590232" lon="116.668155">
        <ele>22.87914</ele>
        <time>2026-07-22T22:42:06.296000Z</time>
      </trkpt>
      <trkpt lat="39.8590175" lon="116.6680085">
        <ele>22.91224</ele>
        <time>2026-07-22T22:42:10.277000Z</time>
      </trkpt>
      <trkpt lat="39.8590212" lon="116.667854">
        <ele>22.99438</ele>
        <time>2026-07-22T22:42:14.258000Z</time>
      </trkpt>
      <trkpt lat="39.8590289" lon="116.667736">
        <ele>23.11575</ele>
        <time>2026-07-22T22:42:17.244000Z</time>
      </trkpt>
      <trkpt lat="39.8590361" lon="116.6675868">
        <ele>23.36484</ele>
        <time>2026-07-22T22:42:21.225000Z</time>
      </trkpt>
      <trkpt lat="39.8590384" lon="116.6674403">
        <ele>23.70052</ele>
        <time>2026-07-22T22:42:25.206000Z</time>
      </trkpt>
      <trkpt lat="39.8590346" lon="116.6673047">
        <ele>24.0038</ele>
        <time>2026-07-22T22:42:29Z</time>
      </trkpt>
      <trkpt lat="39.8590335" lon="116.6671649">
        <ele>24.09226</ele>
        <time>2026-07-22T22:42:33Z</time>
      </trkpt>
      <trkpt lat="39.8590436" lon="116.667028">
        <ele>23.93466</ele>
        <time>2026-07-22T22:42:37Z</time>
      </trkpt>
      <trkpt lat="39.859039" lon="116.6669029">
        <ele>23.56306</ele>
        <time>2026-07-22T22:42:41.131000Z</time>
      </trkpt>
      <trkpt lat="39.8590325" lon="116.6667849">
        <ele>23.20413</ele>
        <time>2026-07-22T22:42:45.112000Z</time>
      </trkpt>
      <trkpt lat="39.8590287" lon="116.6666638">
        <ele>22.97576</ele>
        <time>2026-07-22T22:42:49.093000Z</time>
      </trkpt>
      <trkpt lat="39.8590251" lon="116.6665372">
        <ele>22.85249</ele>
        <time>2026-07-22T22:42:53.074000Z</time>
      </trkpt>
      <trkpt lat="39.8590221" lon="116.6664111">
        <ele>22.77117</ele>
        <time>2026-07-22T22:42:57.055000Z</time>
      </trkpt>
      <trkpt lat="39.8590216" lon="116.6662842">
        <ele>22.69361</ele>
        <time>2026-07-22T22:43:01.036000Z</time>
      </trkpt>
      <trkpt lat="39.8590213" lon="116.666157">
        <ele>22.62576</ele>
        <time>2026-07-22T22:43:05.017000Z</time>
      </trkpt>
      <trkpt lat="39.8590281" lon="116.6660279">
        <ele>22.57405</ele>
        <time>2026-07-22T22:43:08.998000Z</time>
      </trkpt>
      <trkpt lat="39.8590346" lon="116.665899">
        <ele>22.54723</ele>
        <time>2026-07-22T22:43:12.979000Z</time>
      </trkpt>
      <trkpt lat="39.8590377" lon="116.665772">
        <ele>22.5338</ele>
        <time>2026-07-22T22:43:16.961000Z</time>
      </trkpt>
      <trkpt lat="39.8590356" lon="116.6656437">
        <ele>22.54221</ele>
        <time>2026-07-22T22:43:20.942000Z</time>
      </trkpt>
      <trkpt lat="39.8590329" lon="116.665518">
        <ele>22.59526</ele>
        <time>2026-07-22T22:43:24.923000Z</time>
      </trkpt>
      <trkpt lat="39.8590315" lon="116.6653958">
        <ele>22.68619</ele>
        <time>2026-07-22T22:43:28.904000Z</time>
      </trkpt>
      <trkpt lat="39.8590342" lon="116.6652651">
        <ele>22.79397</ele>
        <time>2026-07-22T22:43:32.885000Z</time>
      </trkpt>
      <trkpt lat="39.8590405" lon="116.6651335">
        <ele>22.96209</ele>
        <time>2026-07-22T22:43:36.866000Z</time>
      </trkpt>
      <trkpt lat="39.8590452" lon="116.6650077">
        <ele>23.1927</ele>
        <time>2026-07-22T22:43:40.847000Z</time>
      </trkpt>
      <trkpt lat="39.859046" lon="116.6648795">
        <ele>23.43179</ele>
        <time>2026-07-22T22:43:44.828000Z</time>
      </trkpt>
      <trkpt lat="39.8590425" lon="116.6647526">
        <ele>23.65623</ele>
        <time>2026-07-22T22:43:48.809000Z</time>
      </trkpt>
      <trkpt lat="39.8590418" lon="116.6646236">
        <ele>23.88646</ele>
        <time>2026-07-22T22:43:52.790000Z</time>
      </trkpt>
      <trkpt lat="39.8590451" lon="116.6644981">
        <ele>24.11086</ele>
        <time>2026-07-22T22:43:56.771000Z</time>
      </trkpt>
      <trkpt lat="39.8590456" lon="116.6643746">
        <ele>24.299</ele>
        <time>2026-07-22T22:44:00.752000Z</time>
      </trkpt>
      <trkpt lat="39.8590457" lon="116.6642511">
        <ele>24.45575</ele>
        <time>2026-07-22T22:44:04.733000Z</time>
      </trkpt>
      <trkpt lat="39.8590416" lon="116.6641263">
        <ele>24.59041</ele>
        <time>2026-07-22T22:44:08.714000Z</time>
      </trkpt>
      <trkpt lat="39.8590396" lon="116.6640054">
        <ele>24.70696</ele>
        <time>2026-07-22T22:44:12.696000Z</time>
      </trkpt>
      <trkpt lat="39.8590409" lon="116.6638818">
        <ele>24.81084</ele>
        <time>2026-07-22T22:44:16.677000Z</time>
      </trkpt>
      <trkpt lat="39.8590442" lon="116.6637571">
        <ele>24.92145</ele>
        <time>2026-07-22T22:44:20.658000Z</time>
      </trkpt>
      <trkpt lat="39.8590451" lon="116.6636314">
        <ele>25.02948</ele>
        <time>2026-07-22T22:44:24.639000Z</time>
      </trkpt>
      <trkpt lat="39.8590451" lon="116.6635019">
        <ele>25.09378</ele>
        <time>2026-07-22T22:44:28.620000Z</time>
      </trkpt>
      <trkpt lat="39.8590449" lon="116.6633705">
        <ele>25.11585</ele>
        <time>2026-07-22T22:44:32.601000Z</time>
      </trkpt>
      <trkpt lat="39.8590431" lon="116.6632335">
        <ele>25.12195</ele>
        <time>2026-07-22T22:44:36.582000Z</time>
      </trkpt>
      <trkpt lat="39.8590424" lon="116.6630989">
        <ele>25.12627</ele>
        <time>2026-07-22T22:44:40.563000Z</time>
      </trkpt>
      <trkpt lat="39.8590436" lon="116.6629656">
        <ele>25.1353</ele>
        <time>2026-07-22T22:44:44.544000Z</time>
      </trkpt>
      <trkpt lat="39.859045" lon="116.662831">
        <ele>25.14639</ele>
        <time>2026-07-22T22:44:48.525000Z</time>
      </trkpt>
      <trkpt lat="39.8590467" lon="116.662698">
        <ele>25.16141</ele>
        <time>2026-07-22T22:44:52.506000Z</time>
      </trkpt>
      <trkpt lat="39.8590469" lon="116.6625748">
        <ele>25.19663</ele>
        <time>2026-07-22T22:44:56.487000Z</time>
      </trkpt>
      <trkpt lat="39.8590486" lon="116.6624508">
        <ele>25.23622</ele>
        <time>2026-07-22T22:45:00.468000Z</time>
      </trkpt>
      <trkpt lat="39.8590523" lon="116.6623296">
        <ele>25.27099</ele>
        <time>2026-07-22T22:45:04.449000Z</time>
      </trkpt>
      <trkpt lat="39.859051" lon="116.662205">
        <ele>25.30341</ele>
        <time>2026-07-22T22:45:08.430000Z</time>
      </trkpt>
      <trkpt lat="39.8590487" lon="116.6620733">
        <ele>25.32386</ele>
        <time>2026-07-22T22:45:12.412000Z</time>
      </trkpt>
      <trkpt lat="39.8590467" lon="116.6619399">
        <ele>25.30571</ele>
        <time>2026-07-22T22:45:16.393000Z</time>
      </trkpt>
      <trkpt lat="39.8590443" lon="116.6618099">
        <ele>25.28613</ele>
        <time>2026-07-22T22:45:20.374000Z</time>
      </trkpt>
      <trkpt lat="39.85904" lon="116.6616836">
        <ele>25.30724</ele>
        <time>2026-07-22T22:45:24.355000Z</time>
      </trkpt>
      <trkpt lat="39.8590387" lon="116.6615584">
        <ele>25.3607</ele>
        <time>2026-07-22T22:45:28.336000Z</time>
      </trkpt>
      <trkpt lat="39.8590382" lon="116.6614294">
        <ele>25.44302</ele>
        <time>2026-07-22T22:45:32.317000Z</time>
      </trkpt>
      <trkpt lat="39.8590368" lon="116.6613021">
        <ele>25.53739</ele>
        <time>2026-07-22T22:45:36.298000Z</time>
      </trkpt>
      <trkpt lat="39.8590374" lon="116.6611772">
        <ele>25.62619</ele>
        <time>2026-07-22T22:45:40.279000Z</time>
      </trkpt>
      <trkpt lat="39.8590467" lon="116.6610529">
        <ele>25.68628</ele>
        <time>2026-07-22T22:45:44.260000Z</time>
      </trkpt>
      <trkpt lat="39.8590458" lon="116.6609304">
        <ele>25.69719</ele>
        <time>2026-07-22T22:45:48.241000Z</time>
      </trkpt>
      <trkpt lat="39.8590365" lon="116.6608076">
        <ele>25.64224</ele>
        <time>2026-07-22T22:45:52.222000Z</time>
      </trkpt>
      <trkpt lat="39.8590275" lon="116.6606852">
        <ele>25.51806</ele>
        <time>2026-07-22T22:45:56.203000Z</time>
      </trkpt>
      <trkpt lat="39.8590233" lon="116.6605619">
        <ele>25.32523</ele>
        <time>2026-07-22T22:46:00.184000Z</time>
      </trkpt>
      <trkpt lat="39.8590246" lon="116.6604379">
        <ele>25.06813</ele>
        <time>2026-07-22T22:46:04.165000Z</time>
      </trkpt>
      <trkpt lat="39.8590281" lon="116.6603114">
        <ele>24.74911</ele>
        <time>2026-07-22T22:46:08.146000Z</time>
      </trkpt>
      <trkpt lat="39.8590387" lon="116.6601785">
        <ele>24.40232</ele>
        <time>2026-07-22T22:46:12.127000Z</time>
      </trkpt>
      <trkpt lat="39.8590476" lon="116.6600476">
        <ele>24.12079</ele>
        <time>2026-07-22T22:46:16Z</time>
      </trkpt>
      <trkpt lat="39.8590468" lon="116.6599111">
        <ele>24.01877</ele>
        <time>2026-07-22T22:46:20Z</time>
      </trkpt>
      <trkpt lat="39.8590365" lon="116.6597655">
        <ele>24.01722</ele>
        <time>2026-07-22T22:46:24Z</time>
      </trkpt>
      <trkpt lat="39.859028" lon="116.659617">
        <ele>24.07632</ele>
        <time>2026-07-22T22:46:28Z</time>
      </trkpt>
      <trkpt lat="39.8590249" lon="116.6594734">
        <ele>24.19373</ele>
        <time>2026-07-22T22:46:32Z</time>
      </trkpt>
      <trkpt lat="39.8590269" lon="116.6593309">
        <ele>24.27686</ele>
        <time>2026-07-22T22:46:36Z</time>
      </trkpt>
      <trkpt lat="39.859029" lon="116.6591899">
        <ele>24.23798</ele>
        <time>2026-07-22T22:46:39.995000Z</time>
      </trkpt>
      <trkpt lat="39.8590271" lon="116.6590472">
        <ele>24.11334</ele>
        <time>2026-07-22T22:46:43.976000Z</time>
      </trkpt>
      <trkpt lat="39.859025" lon="116.6589059">
        <ele>23.99553</ele>
        <time>2026-07-22T22:46:47.957000Z</time>
      </trkpt>
      <trkpt lat="39.859026" lon="116.6587631">
        <ele>23.92202</ele>
        <time>2026-07-22T22:46:51.938000Z</time>
      </trkpt>
      <trkpt lat="39.8590338" lon="116.658617">
        <ele>23.90435</ele>
        <time>2026-07-22T22:46:55.919000Z</time>
      </trkpt>
      <trkpt lat="39.8590422" lon="116.6584754">
        <ele>23.96297</ele>
        <time>2026-07-22T22:46:59.900000Z</time>
      </trkpt>
      <trkpt lat="39.859043" lon="116.6583344">
        <ele>24.11398</ele>
        <time>2026-07-22T22:47:03.881000Z</time>
      </trkpt>
      <trkpt lat="39.8590409" lon="116.6581847">
        <ele>24.33737</ele>
        <time>2026-07-22T22:47:07.862000Z</time>
      </trkpt>
      <trkpt lat="39.8590393" lon="116.6580368">
        <ele>24.61949</ele>
        <time>2026-07-22T22:47:11.843000Z</time>
      </trkpt>
      <trkpt lat="39.8590387" lon="116.6578834">
        <ele>24.94835</ele>
        <time>2026-07-22T22:47:15.824000Z</time>
      </trkpt>
      <trkpt lat="39.8590398" lon="116.6577346">
        <ele>25.26205</ele>
        <time>2026-07-22T22:47:19.805000Z</time>
      </trkpt>
      <trkpt lat="39.859047" lon="116.6575825">
        <ele>25.51119</ele>
        <time>2026-07-22T22:47:23.786000Z</time>
      </trkpt>
      <trkpt lat="39.8590565" lon="116.657427">
        <ele>25.7126</ele>
        <time>2026-07-22T22:47:27.767000Z</time>
      </trkpt>
      <trkpt lat="39.8590586" lon="116.6572785">
        <ele>25.86706</ele>
        <time>2026-07-22T22:47:31.748000Z</time>
      </trkpt>
      <trkpt lat="39.8590567" lon="116.6571371">
        <ele>25.95689</ele>
        <time>2026-07-22T22:47:35.729000Z</time>
      </trkpt>
      <trkpt lat="39.8590556" lon="116.6569966">
        <ele>25.99098</ele>
        <time>2026-07-22T22:47:39.710000Z</time>
      </trkpt>
      <trkpt lat="39.8590537" lon="116.6568574">
        <ele>25.96495</ele>
        <time>2026-07-22T22:47:43.691000Z</time>
      </trkpt>
      <trkpt lat="39.859053" lon="116.6567105">
        <ele>25.85941</ele>
        <time>2026-07-22T22:47:47.672000Z</time>
      </trkpt>
      <trkpt lat="39.8590548" lon="116.6565615">
        <ele>25.68634</ele>
        <time>2026-07-22T22:47:51.653000Z</time>
      </trkpt>
      <trkpt lat="39.8590556" lon="116.6564172">
        <ele>25.49721</ele>
        <time>2026-07-22T22:47:55.634000Z</time>
      </trkpt>
      <trkpt lat="39.8590542" lon="116.6562743">
        <ele>25.31553</ele>
        <time>2026-07-22T22:47:59.615000Z</time>
      </trkpt>
      <trkpt lat="39.8590471" lon="116.6561323">
        <ele>25.14968</ele>
        <time>2026-07-22T22:48:03.595000Z</time>
      </trkpt>
      <trkpt lat="39.8590354" lon="116.6559883">
        <ele>24.9928</ele>
        <time>2026-07-22T22:48:07.576000Z</time>
      </trkpt>
      <trkpt lat="39.8590224" lon="116.6558423">
        <ele>24.85017</ele>
        <time>2026-07-22T22:48:11.557000Z</time>
      </trkpt>
      <trkpt lat="39.8590134" lon="116.6557052">
        <ele>24.74633</ele>
        <time>2026-07-22T22:48:15.538000Z</time>
      </trkpt>
      <trkpt lat="39.8590272" lon="116.655576">
        <ele>24.66872</ele>
        <time>2026-07-22T22:48:19.519000Z</time>
      </trkpt>
      <trkpt lat="39.8590586" lon="116.6554593">
        <ele>24.61114</ele>
        <time>2026-07-22T22:48:23.500000Z</time>
      </trkpt>
      <trkpt lat="39.8590631" lon="116.6553269">
        <ele>24.55907</ele>
        <time>2026-07-22T22:48:27.481000Z</time>
      </trkpt>
      <trkpt lat="39.8590575" lon="116.6551942">
        <ele>24.49911</ele>
        <time>2026-07-22T22:48:31.462000Z</time>
      </trkpt>
      <trkpt lat="39.8590543" lon="116.6550589">
        <ele>24.4035</ele>
        <time>2026-07-22T22:48:35.443000Z</time>
      </trkpt>
      <trkpt lat="39.8590561" lon="116.6549251">
        <ele>24.27314</ele>
        <time>2026-07-22T22:48:39.424000Z</time>
      </trkpt>
      <trkpt lat="39.8590583" lon="116.654788">
        <ele>24.1461</ele>
        <time>2026-07-22T22:48:43.405000Z</time>
      </trkpt>
      <trkpt lat="39.859062" lon="116.6546464">
        <ele>24.03134</ele>
        <time>2026-07-22T22:48:47.386000Z</time>
      </trkpt>
      <trkpt lat="39.8590697" lon="116.6544981">
        <ele>23.953</ele>
        <time>2026-07-22T22:48:51.367000Z</time>
      </trkpt>
      <trkpt lat="39.8590712" lon="116.6543498">
        <ele>23.92199</ele>
        <time>2026-07-22T22:48:55.348000Z</time>
      </trkpt>
      <trkpt lat="39.8590727" lon="116.6541991">
        <ele>23.91596</ele>
        <time>2026-07-22T22:48:59.329000Z</time>
      </trkpt>
      <trkpt lat="39.8590712" lon="116.6540455">
        <ele>23.9131</ele>
        <time>2026-07-22T22:49:03.310000Z</time>
      </trkpt>
      <trkpt lat="39.8590693" lon="116.6538938">
        <ele>23.90772</ele>
        <time>2026-07-22T22:49:07.291000Z</time>
      </trkpt>
      <trkpt lat="39.8590716" lon="116.6537505">
        <ele>23.90617</ele>
        <time>2026-07-22T22:49:11.272000Z</time>
      </trkpt>
      <trkpt lat="39.8590704" lon="116.6536082">
        <ele>23.91062</ele>
        <time>2026-07-22T22:49:15.252000Z</time>
      </trkpt>
      <trkpt lat="39.8590646" lon="116.6534665">
        <ele>23.90562</ele>
        <time>2026-07-22T22:49:19.233000Z</time>
      </trkpt>
      <trkpt lat="39.8590582" lon="116.6533264">
        <ele>23.89602</ele>
        <time>2026-07-22T22:49:23.214000Z</time>
      </trkpt>
      <trkpt lat="39.8590581" lon="116.6531856">
        <ele>23.87082</ele>
        <time>2026-07-22T22:49:27.195000Z</time>
      </trkpt>
      <trkpt lat="39.8590613" lon="116.6530466">
        <ele>23.83451</ele>
        <time>2026-07-22T22:49:31Z</time>
      </trkpt>
      <trkpt lat="39.8590617" lon="116.652899">
        <ele>23.83021</ele>
        <time>2026-07-22T22:49:35Z</time>
      </trkpt>
      <trkpt lat="39.8590577" lon="116.6527536">
        <ele>23.90613</ele>
        <time>2026-07-22T22:49:39Z</time>
      </trkpt>
      <trkpt lat="39.8590561" lon="116.6526366">
        <ele>24.07746</ele>
        <time>2026-07-22T22:49:42.124000Z</time>
      </trkpt>
      <trkpt lat="39.8590608" lon="116.6524933">
        <ele>24.36154</ele>
        <time>2026-07-22T22:49:46.105000Z</time>
      </trkpt>
      <trkpt lat="39.8590676" lon="116.6523505">
        <ele>24.52961</ele>
        <time>2026-07-22T22:49:50.085000Z</time>
      </trkpt>
      <trkpt lat="39.8590697" lon="116.6522126">
        <ele>24.556</ele>
        <time>2026-07-22T22:49:54.066000Z</time>
      </trkpt>
      <trkpt lat="39.8590783" lon="116.652085">
        <ele>24.49712</ele>
        <time>2026-07-22T22:49:58.047000Z</time>
      </trkpt>
      <trkpt lat="39.8591233" lon="116.6519653">
        <ele>24.40096</ele>
        <time>2026-07-22T22:50:02.028000Z</time>
      </trkpt>
      <trkpt lat="39.8592134" lon="116.6518877">
        <ele>24.31213</ele>
        <time>2026-07-22T22:50:06.009000Z</time>
      </trkpt>
      <trkpt lat="39.8593262" lon="116.6518647">
        <ele>24.37503</ele>
        <time>2026-07-22T22:50:09.990000Z</time>
      </trkpt>
      <trkpt lat="39.8594408" lon="116.6518549">
        <ele>24.57985</ele>
        <time>2026-07-22T22:50:13.971000Z</time>
      </trkpt>
      <trkpt lat="39.8595557" lon="116.6518406">
        <ele>24.7789</ele>
        <time>2026-07-22T22:50:17.952000Z</time>
      </trkpt>
      <trkpt lat="39.8596461" lon="116.6518297">
        <ele>24.90244</ele>
        <time>2026-07-22T22:50:20.937000Z</time>
      </trkpt>
      <trkpt lat="39.8597366" lon="116.6518219">
        <ele>24.9999</ele>
        <time>2026-07-22T22:50:23.923000Z</time>
      </trkpt>
      <trkpt lat="39.8598545" lon="116.6518224">
        <ele>25.10143</ele>
        <time>2026-07-22T22:50:27.904000Z</time>
      </trkpt>
      <trkpt lat="39.859971" lon="116.6518222">
        <ele>25.19194</ele>
        <time>2026-07-22T22:50:31.885000Z</time>
      </trkpt>
      <trkpt lat="39.8600856" lon="116.6518218">
        <ele>25.27998</ele>
        <time>2026-07-22T22:50:35.866000Z</time>
      </trkpt>
      <trkpt lat="39.8602019" lon="116.6518199">
        <ele>25.36703</ele>
        <time>2026-07-22T22:50:39.847000Z</time>
      </trkpt>
      <trkpt lat="39.8602927" lon="116.6518189">
        <ele>25.40542</ele>
        <time>2026-07-22T22:50:42.832000Z</time>
      </trkpt>
      <trkpt lat="39.8603878" lon="116.651818">
        <ele>25.41082</ele>
        <time>2026-07-22T22:50:45.818000Z</time>
      </trkpt>
      <trkpt lat="39.8604816" lon="116.6518158">
        <ele>25.39824</ele>
        <time>2026-07-22T22:50:48.804000Z</time>
      </trkpt>
      <trkpt lat="39.860575" lon="116.6518185">
        <ele>25.37588</ele>
        <time>2026-07-22T22:50:51.789000Z</time>
      </trkpt>
      <trkpt lat="39.8606669" lon="116.6518227">
        <ele>25.33361</ele>
        <time>2026-07-22T22:50:54.775000Z</time>
      </trkpt>
      <trkpt lat="39.8607579" lon="116.6518242">
        <ele>25.26035</ele>
        <time>2026-07-22T22:50:57.761000Z</time>
      </trkpt>
      <trkpt lat="39.8608487" lon="116.6518224">
        <ele>25.16924</ele>
        <time>2026-07-22T22:51:00.746000Z</time>
      </trkpt>
      <trkpt lat="39.8609398" lon="116.6518208">
        <ele>25.08539</ele>
        <time>2026-07-22T22:51:03.732000Z</time>
      </trkpt>
      <trkpt lat="39.8610566" lon="116.6518206">
        <ele>24.99245</ele>
        <time>2026-07-22T22:51:07.713000Z</time>
      </trkpt>
      <trkpt lat="39.8611717" lon="116.65182">
        <ele>24.89958</ele>
        <time>2026-07-22T22:51:11.694000Z</time>
      </trkpt>
      <trkpt lat="39.8612844" lon="116.6518255">
        <ele>24.81567</ele>
        <time>2026-07-22T22:51:15.675000Z</time>
      </trkpt>
      <trkpt lat="39.8613975" lon="116.6518349">
        <ele>24.74838</ele>
        <time>2026-07-22T22:51:19.655000Z</time>
      </trkpt>
      <trkpt lat="39.8615083" lon="116.6518429">
        <ele>24.68863</ele>
        <time>2026-07-22T22:51:23.636000Z</time>
      </trkpt>
      <trkpt lat="39.8616238" lon="116.6518453">
        <ele>24.63661</ele>
        <time>2026-07-22T22:51:27.617000Z</time>
      </trkpt>
      <trkpt lat="39.8617385" lon="116.6518455">
        <ele>24.58911</ele>
        <time>2026-07-22T22:51:31.598000Z</time>
      </trkpt>
      <trkpt lat="39.8618448" lon="116.6518445">
        <ele>24.52394</ele>
        <time>2026-07-22T22:51:35.579000Z</time>
      </trkpt>
      <trkpt lat="39.8619408" lon="116.6518348">
        <ele>24.4097</ele>
        <time>2026-07-22T22:51:39.560000Z</time>
      </trkpt>
      <trkpt lat="39.8620318" lon="116.6518544">
        <ele>24.17786</ele>
        <time>2026-07-22T22:51:44.536000Z</time>
      </trkpt>
      <trkpt lat="39.8621139" lon="116.6519296">
        <ele>23.66613</ele>
        <time>2026-07-22T22:51:50.507000Z</time>
      </trkpt>
      <trkpt lat="39.8621266" lon="116.651953">
        <ele>23.12907</ele>
        <time>2026-07-22T22:52:26Z</time>
      </trkpt>
      <trkpt lat="39.8622275" lon="116.6520151">
        <ele>23.3098</ele>
        <time>2026-07-22T22:52:32Z</time>
      </trkpt>
      <trkpt lat="39.8623195" lon="116.6520055">
        <ele>23.50339</ele>
        <time>2026-07-22T22:52:36Z</time>
      </trkpt>
      <trkpt lat="39.8624183" lon="116.6519752">
        <ele>23.58869</ele>
        <time>2026-07-22T22:52:43Z</time>
      </trkpt>
      <trkpt lat="39.8625139" lon="116.6519071">
        <ele>23.53239</ele>
        <time>2026-07-22T22:52:49Z</time>
      </trkpt>
      <trkpt lat="39.8625914" lon="116.6518286">
        <ele>23.44247</ele>
        <time>2026-07-22T22:52:53Z</time>
      </trkpt>
      <trkpt lat="39.8626846" lon="116.6517614">
        <ele>23.30291</ele>
        <time>2026-07-22T22:52:57Z</time>
      </trkpt>
      <trkpt lat="39.8627858" lon="116.6517216">
        <ele>23.17854</ele>
        <time>2026-07-22T22:53:01Z</time>
      </trkpt>
      <trkpt lat="39.862892" lon="116.6517076">
        <ele>23.12867</ele>
        <time>2026-07-22T22:53:05Z</time>
      </trkpt>
      <trkpt lat="39.8629969" lon="116.6517118">
        <ele>23.1069</ele>
        <time>2026-07-22T22:53:09Z</time>
      </trkpt>
      <trkpt lat="39.8631022" lon="116.6517102">
        <ele>23.08488</ele>
        <time>2026-07-22T22:53:13Z</time>
      </trkpt>
      <trkpt lat="39.8632068" lon="116.6517079">
        <ele>23.08114</ele>
        <time>2026-07-22T22:53:17Z</time>
      </trkpt>
      <trkpt lat="39.8633101" lon="116.6517056">
        <ele>23.08984</ele>
        <time>2026-07-22T22:53:21Z</time>
      </trkpt>
      <trkpt lat="39.8634118" lon="116.6517022">
        <ele>23.1067</ele>
        <time>2026-07-22T22:53:25Z</time>
      </trkpt>
      <trkpt lat="39.8635129" lon="116.6517056">
        <ele>23.12583</ele>
        <time>2026-07-22T22:53:29Z</time>
      </trkpt>
      <trkpt lat="39.8636137" lon="116.6517042">
        <ele>23.24441</ele>
        <time>2026-07-22T22:53:33Z</time>
      </trkpt>
      <trkpt lat="39.8637142" lon="116.6517039">
        <ele>23.58171</ele>
        <time>2026-07-22T22:53:36.996000Z</time>
      </trkpt>
      <trkpt lat="39.863816" lon="116.6517066">
        <ele>24.04311</ele>
        <time>2026-07-22T22:53:40.977000Z</time>
      </trkpt>
      <trkpt lat="39.8639177" lon="116.6517154">
        <ele>24.45074</ele>
        <time>2026-07-22T22:53:44.958000Z</time>
      </trkpt>
      <trkpt lat="39.8640183" lon="116.6517164">
        <ele>24.79255</ele>
        <time>2026-07-22T22:53:48.938000Z</time>
      </trkpt>
      <trkpt lat="39.8641202" lon="116.6517121">
        <ele>25.08037</ele>
        <time>2026-07-22T22:53:52.919000Z</time>
      </trkpt>
      <trkpt lat="39.8642212" lon="116.6517107">
        <ele>25.33228</ele>
        <time>2026-07-22T22:53:56.900000Z</time>
      </trkpt>
      <trkpt lat="39.8643171" lon="116.6517176">
        <ele>25.56148</ele>
        <time>2026-07-22T22:54:00.881000Z</time>
      </trkpt>
      <trkpt lat="39.8644186" lon="116.6517209">
        <ele>25.73438</ele>
        <time>2026-07-22T22:54:04.862000Z</time>
      </trkpt>
      <trkpt lat="39.8645228" lon="116.6517214">
        <ele>25.82695</ele>
        <time>2026-07-22T22:54:08.843000Z</time>
      </trkpt>
      <trkpt lat="39.8646242" lon="116.6517143">
        <ele>25.87509</ele>
        <time>2026-07-22T22:54:12.823000Z</time>
      </trkpt>
      <trkpt lat="39.864728" lon="116.6517137">
        <ele>25.91377</ele>
        <time>2026-07-22T22:54:16.804000Z</time>
      </trkpt>
      <trkpt lat="39.8648338" lon="116.6517293">
        <ele>25.9026</ele>
        <time>2026-07-22T22:54:20.785000Z</time>
      </trkpt>
      <trkpt lat="39.8649406" lon="116.6517432">
        <ele>25.84066</ele>
        <time>2026-07-22T22:54:24.766000Z</time>
      </trkpt>
      <trkpt lat="39.8650473" lon="116.6517446">
        <ele>25.77881</ele>
        <time>2026-07-22T22:54:28.747000Z</time>
      </trkpt>
      <trkpt lat="39.865153" lon="116.6517395">
        <ele>25.77609</ele>
        <time>2026-07-22T22:54:32.728000Z</time>
      </trkpt>
      <trkpt lat="39.8652573" lon="116.6517337">
        <ele>25.87343</ele>
        <time>2026-07-22T22:54:36.709000Z</time>
      </trkpt>
      <trkpt lat="39.8653596" lon="116.6517278">
        <ele>26.06291</ele>
        <time>2026-07-22T22:54:40.690000Z</time>
      </trkpt>
      <trkpt lat="39.8654625" lon="116.6517255">
        <ele>26.29804</ele>
        <time>2026-07-22T22:54:44.671000Z</time>
      </trkpt>
      <trkpt lat="39.8655647" lon="116.651725">
        <ele>26.515</ele>
        <time>2026-07-22T22:54:48.652000Z</time>
      </trkpt>
      <trkpt lat="39.8656622" lon="116.6517254">
        <ele>26.65849</ele>
        <time>2026-07-22T22:54:52.633000Z</time>
      </trkpt>
      <trkpt lat="39.8657592" lon="116.6517238">
        <ele>26.72152</ele>
        <time>2026-07-22T22:54:56.614000Z</time>
      </trkpt>
      <trkpt lat="39.8658591" lon="116.6517118">
        <ele>26.72213</ele>
        <time>2026-07-22T22:55:00.595000Z</time>
      </trkpt>
      <trkpt lat="39.8659582" lon="116.6517035">
        <ele>26.67834</ele>
        <time>2026-07-22T22:55:04.576000Z</time>
      </trkpt>
      <trkpt lat="39.8660586" lon="116.6517058">
        <ele>26.60815</ele>
        <time>2026-07-22T22:55:08.557000Z</time>
      </trkpt>
      <trkpt lat="39.8661609" lon="116.6517128">
        <ele>26.5111</ele>
        <time>2026-07-22T22:55:12.538000Z</time>
      </trkpt>
      <trkpt lat="39.8662611" lon="116.6517228">
        <ele>26.41895</ele>
        <time>2026-07-22T22:55:16.519000Z</time>
      </trkpt>
      <trkpt lat="39.866361" lon="116.6517251">
        <ele>26.3596</ele>
        <time>2026-07-22T22:55:20.499000Z</time>
      </trkpt>
      <trkpt lat="39.8664649" lon="116.6517231">
        <ele>26.31464</ele>
        <time>2026-07-22T22:55:24.480000Z</time>
      </trkpt>
      <trkpt lat="39.8665698" lon="116.6517223">
        <ele>26.23491</ele>
        <time>2026-07-22T22:55:28.461000Z</time>
      </trkpt>
      <trkpt lat="39.8666702" lon="116.6517212">
        <ele>26.10875</ele>
        <time>2026-07-22T22:55:32.442000Z</time>
      </trkpt>
      <trkpt lat="39.866771" lon="116.6517174">
        <ele>25.99215</ele>
        <time>2026-07-22T22:55:36.423000Z</time>
      </trkpt>
      <trkpt lat="39.8668719" lon="116.6517156">
        <ele>25.91122</ele>
        <time>2026-07-22T22:55:40.404000Z</time>
      </trkpt>
      <trkpt lat="39.8669742" lon="116.6517195">
        <ele>25.82352</ele>
        <time>2026-07-22T22:55:44.385000Z</time>
      </trkpt>
      <trkpt lat="39.8670768" lon="116.6517335">
        <ele>25.73307</ele>
        <time>2026-07-22T22:55:48.366000Z</time>
      </trkpt>
      <trkpt lat="39.8671812" lon="116.651746">
        <ele>25.66665</ele>
        <time>2026-07-22T22:55:52.347000Z</time>
      </trkpt>
      <trkpt lat="39.8672908" lon="116.6517548">
        <ele>25.59694</ele>
        <time>2026-07-22T22:55:56.328000Z</time>
      </trkpt>
      <trkpt lat="39.8674002" lon="116.6517515">
        <ele>25.49631</ele>
        <time>2026-07-22T22:56:00.309000Z</time>
      </trkpt>
      <trkpt lat="39.867508" lon="116.6517443">
        <ele>25.3569</ele>
        <time>2026-07-22T22:56:04.290000Z</time>
      </trkpt>
      <trkpt lat="39.8676121" lon="116.6517417">
        <ele>25.13044</ele>
        <time>2026-07-22T22:56:08.271000Z</time>
      </trkpt>
      <trkpt lat="39.8677075" lon="116.6517416">
        <ele>24.76386</ele>
        <time>2026-07-22T22:56:12.251000Z</time>
      </trkpt>
      <trkpt lat="39.8678041" lon="116.6517553">
        <ele>23.88422</ele>
        <time>2026-07-22T22:56:19.218000Z</time>
      </trkpt>
      <trkpt lat="39.8678958" lon="116.6518024">
        <ele>23.62943</ele>
        <time>2026-07-22T22:56:27.180000Z</time>
      </trkpt>
      <trkpt lat="39.8679931" lon="116.6518392">
        <ele>24.02315</ele>
        <time>2026-07-22T22:56:32.156000Z</time>
      </trkpt>
      <trkpt lat="39.8680974" lon="116.6518434">
        <ele>24.27981</ele>
        <time>2026-07-22T22:56:36.137000Z</time>
      </trkpt>
      <trkpt lat="39.8682074" lon="116.651828">
        <ele>24.42137</ele>
        <time>2026-07-22T22:56:40.118000Z</time>
      </trkpt>
      <trkpt lat="39.868318" lon="116.6518058">
        <ele>24.44246</ele>
        <time>2026-07-22T22:56:44.099000Z</time>
      </trkpt>
      <trkpt lat="39.8684249" lon="116.6517889">
        <ele>24.3501</ele>
        <time>2026-07-22T22:56:48.080000Z</time>
      </trkpt>
      <trkpt lat="39.8685329" lon="116.6517803">
        <ele>24.16892</ele>
        <time>2026-07-22T22:56:52.061000Z</time>
      </trkpt>
      <trkpt lat="39.8686429" lon="116.6517737">
        <ele>23.93588</ele>
        <time>2026-07-22T22:56:56.042000Z</time>
      </trkpt>
      <trkpt lat="39.8687497" lon="116.6517666">
        <ele>23.70361</ele>
        <time>2026-07-22T22:57:00.023000Z</time>
      </trkpt>
      <trkpt lat="39.8688542" lon="116.6517625">
        <ele>23.63783</ele>
        <time>2026-07-22T22:57:04Z</time>
      </trkpt>
      <trkpt lat="39.8689573" lon="116.651764">
        <ele>23.7816</ele>
        <time>2026-07-22T22:57:07.984000Z</time>
      </trkpt>
      <trkpt lat="39.8690584" lon="116.6517591">
        <ele>23.93985</ele>
        <time>2026-07-22T22:57:11.965000Z</time>
      </trkpt>
      <trkpt lat="39.8691579" lon="116.6517479">
        <ele>24.03643</ele>
        <time>2026-07-22T22:57:15.946000Z</time>
      </trkpt>
      <trkpt lat="39.8692578" lon="116.6517532">
        <ele>24.0535</ele>
        <time>2026-07-22T22:57:19.927000Z</time>
      </trkpt>
      <trkpt lat="39.8693593" lon="116.6517551">
        <ele>24.02269</ele>
        <time>2026-07-22T22:57:23.908000Z</time>
      </trkpt>
      <trkpt lat="39.8694614" lon="116.6517514">
        <ele>23.9806</ele>
        <time>2026-07-22T22:57:27.889000Z</time>
      </trkpt>
      <trkpt lat="39.8695645" lon="116.6517478">
        <ele>23.94372</ele>
        <time>2026-07-22T22:57:31.870000Z</time>
      </trkpt>
      <trkpt lat="39.8696706" lon="116.6517425">
        <ele>23.91173</ele>
        <time>2026-07-22T22:57:35.851000Z</time>
      </trkpt>
      <trkpt lat="39.8697747" lon="116.6517393">
        <ele>23.88608</ele>
        <time>2026-07-22T22:57:39.832000Z</time>
      </trkpt>
      <trkpt lat="39.869877" lon="116.6517313">
        <ele>23.87125</ele>
        <time>2026-07-22T22:57:43.813000Z</time>
      </trkpt>
      <trkpt lat="39.8699763" lon="116.6517194">
        <ele>23.8724</ele>
        <time>2026-07-22T22:57:47.794000Z</time>
      </trkpt>
      <trkpt lat="39.8700665" lon="116.6517206">
        <ele>23.90057</ele>
        <time>2026-07-22T22:57:51.775000Z</time>
      </trkpt>
      <trkpt lat="39.8701564" lon="116.6517838">
        <ele>24.0469</ele>
        <time>2026-07-22T22:57:59.737000Z</time>
      </trkpt>
      <trkpt lat="39.8702554" lon="116.6518092">
        <ele>24.11947</ele>
        <time>2026-07-22T22:58:04.713000Z</time>
      </trkpt>
      <trkpt lat="39.8703581" lon="116.6517799">
        <ele>24.1481</ele>
        <time>2026-07-22T22:58:08.694000Z</time>
      </trkpt>
      <trkpt lat="39.8704613" lon="116.6517571">
        <ele>24.15959</ele>
        <time>2026-07-22T22:58:12.675000Z</time>
      </trkpt>
      <trkpt lat="39.8705583" lon="116.6517464">
        <ele>24.16656</ele>
        <time>2026-07-22T22:58:16.656000Z</time>
      </trkpt>
      <trkpt lat="39.8706556" lon="116.6517366">
        <ele>24.18807</ele>
        <time>2026-07-22T22:58:20.636000Z</time>
      </trkpt>
      <trkpt lat="39.870756" lon="116.6517308">
        <ele>24.27288</ele>
        <time>2026-07-22T22:58:24.617000Z</time>
      </trkpt>
      <trkpt lat="39.8708585" lon="116.6517322">
        <ele>24.41542</ele>
        <time>2026-07-22T22:58:28.598000Z</time>
      </trkpt>
      <trkpt lat="39.8709618" lon="116.6517473">
        <ele>24.56187</ele>
        <time>2026-07-22T22:58:32.579000Z</time>
      </trkpt>
      <trkpt lat="39.8710633" lon="116.6517732">
        <ele>24.68893</ele>
        <time>2026-07-22T22:58:36.560000Z</time>
      </trkpt>
      <trkpt lat="39.8711677" lon="116.6517769">
        <ele>24.79918</ele>
        <time>2026-07-22T22:58:40.541000Z</time>
      </trkpt>
      <trkpt lat="39.8712773" lon="116.651769">
        <ele>24.8898</ele>
        <time>2026-07-22T22:58:44.522000Z</time>
      </trkpt>
      <trkpt lat="39.8713861" lon="116.6517617">
        <ele>24.93381</ele>
        <time>2026-07-22T22:58:48.503000Z</time>
      </trkpt>
      <trkpt lat="39.8714974" lon="116.6517581">
        <ele>24.94412</ele>
        <time>2026-07-22T22:58:52.484000Z</time>
      </trkpt>
      <trkpt lat="39.8716116" lon="116.6517566">
        <ele>24.96514</ele>
        <time>2026-07-22T22:58:56.465000Z</time>
      </trkpt>
      <trkpt lat="39.8717237" lon="116.6517574">
        <ele>24.9825</ele>
        <time>2026-07-22T22:59:00.446000Z</time>
      </trkpt>
      <trkpt lat="39.8718345" lon="116.6517507">
        <ele>24.96253</ele>
        <time>2026-07-22T22:59:04.427000Z</time>
      </trkpt>
      <trkpt lat="39.8719426" lon="116.6517409">
        <ele>24.91318</ele>
        <time>2026-07-22T22:59:08.408000Z</time>
      </trkpt>
      <trkpt lat="39.8720512" lon="116.6517365">
        <ele>24.8794</ele>
        <time>2026-07-22T22:59:12.389000Z</time>
      </trkpt>
      <trkpt lat="39.8721604" lon="116.6517257">
        <ele>24.87352</ele>
        <time>2026-07-22T22:59:16.370000Z</time>
      </trkpt>
      <trkpt lat="39.8722679" lon="116.651715">
        <ele>24.87089</ele>
        <time>2026-07-22T22:59:20.351000Z</time>
      </trkpt>
      <trkpt lat="39.8723749" lon="116.6517094">
        <ele>24.83711</ele>
        <time>2026-07-22T22:59:24.332000Z</time>
      </trkpt>
      <trkpt lat="39.8724867" lon="116.6517042">
        <ele>24.77044</ele>
        <time>2026-07-22T22:59:28.313000Z</time>
      </trkpt>
      <trkpt lat="39.8725972" lon="116.6517181">
        <ele>24.67583</ele>
        <time>2026-07-22T22:59:32.294000Z</time>
      </trkpt>
      <trkpt lat="39.8727064" lon="116.6517415">
        <ele>24.56085</ele>
        <time>2026-07-22T22:59:36.275000Z</time>
      </trkpt>
      <trkpt lat="39.872811" lon="116.6517554">
        <ele>24.40774</ele>
        <time>2026-07-22T22:59:40.256000Z</time>
      </trkpt>
      <trkpt lat="39.8729173" lon="116.6517605">
        <ele>24.18874</ele>
        <time>2026-07-22T22:59:44.237000Z</time>
      </trkpt>
      <trkpt lat="39.8730241" lon="116.6517619">
        <ele>23.91273</ele>
        <time>2026-07-22T22:59:48.218000Z</time>
      </trkpt>
      <trkpt lat="39.8731307" lon="116.6517581">
        <ele>23.61466</ele>
        <time>2026-07-22T22:59:52.199000Z</time>
      </trkpt>
      <trkpt lat="39.8732311" lon="116.6517607">
        <ele>23.44691</ele>
        <time>2026-07-22T22:59:56Z</time>
      </trkpt>
      <trkpt lat="39.8733389" lon="116.6517706">
        <ele>23.42499</ele>
        <time>2026-07-22T23:00:00.160000Z</time>
      </trkpt>
      <trkpt lat="39.8734415" lon="116.6517748">
        <ele>23.43262</ele>
        <time>2026-07-22T23:00:04Z</time>
      </trkpt>
      <trkpt lat="39.8735485" lon="116.6517728">
        <ele>23.49168</ele>
        <time>2026-07-22T23:00:08Z</time>
      </trkpt>
      <trkpt lat="39.8736576" lon="116.6517665">
        <ele>23.56479</ele>
        <time>2026-07-22T23:00:12.103000Z</time>
      </trkpt>
      <trkpt lat="39.873764" lon="116.6517678">
        <ele>23.53781</ele>
        <time>2026-07-22T23:00:16.084000Z</time>
      </trkpt>
      <trkpt lat="39.8738679" lon="116.6517719">
        <ele>23.46722</ele>
        <time>2026-07-22T23:00:20Z</time>
      </trkpt>
      <trkpt lat="39.8739743" lon="116.6517786">
        <ele>23.4401</ele>
        <time>2026-07-22T23:00:24Z</time>
      </trkpt>
      <trkpt lat="39.874081" lon="116.6517849">
        <ele>23.49372</ele>
        <time>2026-07-22T23:00:28Z</time>
      </trkpt>
      <trkpt lat="39.874178" lon="116.6518288">
        <ele>23.67122</ele>
        <time>2026-07-22T23:00:32Z</time>
      </trkpt>
      <trkpt lat="39.8742361" lon="116.6519348">
        <ele>23.9583</ele>
        <time>2026-07-22T23:00:35.989000Z</time>
      </trkpt>
      <trkpt lat="39.8742528" lon="116.6520738">
        <ele>24.20017</ele>
        <time>2026-07-22T23:00:39.970000Z</time>
      </trkpt>
      <trkpt lat="39.8742576" lon="116.6522136">
        <ele>24.28074</ele>
        <time>2026-07-22T23:00:43.951000Z</time>
      </trkpt>
      <trkpt lat="39.874263" lon="116.6523512">
        <ele>24.19734</ele>
        <time>2026-07-22T23:00:47.932000Z</time>
      </trkpt>
      <trkpt lat="39.8742658" lon="116.6524886">
        <ele>24.0582</ele>
        <time>2026-07-22T23:00:51.913000Z</time>
      </trkpt>
      <trkpt lat="39.8742657" lon="116.6526266">
        <ele>23.96073</ele>
        <time>2026-07-22T23:00:55.894000Z</time>
      </trkpt>
      <trkpt lat="39.8742717" lon="116.6527655">
        <ele>23.96802</ele>
        <time>2026-07-22T23:00:59.875000Z</time>
      </trkpt>
      <trkpt lat="39.8742798" lon="116.6529043">
        <ele>24.05262</ele>
        <time>2026-07-22T23:01:03.856000Z</time>
      </trkpt>
      <trkpt lat="39.8742818" lon="116.6530441">
        <ele>24.14144</ele>
        <time>2026-07-22T23:01:07.837000Z</time>
      </trkpt>
      <trkpt lat="39.8742797" lon="116.6531828">
        <ele>24.18868</ele>
        <time>2026-07-22T23:01:11.818000Z</time>
      </trkpt>
      <trkpt lat="39.8742803" lon="116.6533239">
        <ele>24.19728</ele>
        <time>2026-07-22T23:01:15.799000Z</time>
      </trkpt>
      <trkpt lat="39.8742802" lon="116.6534644">
        <ele>24.19214</ele>
        <time>2026-07-22T23:01:19.780000Z</time>
      </trkpt>
      <trkpt lat="39.8742826" lon="116.6535998">
        <ele>24.20102</ele>
        <time>2026-07-22T23:01:23.761000Z</time>
      </trkpt>
      <trkpt lat="39.8742842" lon="116.6537353">
        <ele>24.2753</ele>
        <time>2026-07-22T23:01:27.742000Z</time>
      </trkpt>
      <trkpt lat="39.8742829" lon="116.6538685">
        <ele>24.40194</ele>
        <time>2026-07-22T23:01:31.723000Z</time>
      </trkpt>
      <trkpt lat="39.8742827" lon="116.6540013">
        <ele>24.52032</ele>
        <time>2026-07-22T23:01:35.704000Z</time>
      </trkpt>
      <trkpt lat="39.87428" lon="116.6541356">
        <ele>24.61931</ele>
        <time>2026-07-22T23:01:39.685000Z</time>
      </trkpt>
      <trkpt lat="39.8742776" lon="116.6542721">
        <ele>24.70007</ele>
        <time>2026-07-22T23:01:43.666000Z</time>
      </trkpt>
      <trkpt lat="39.8742763" lon="116.6544058">
        <ele>24.74021</ele>
        <time>2026-07-22T23:01:47.647000Z</time>
      </trkpt>
      <trkpt lat="39.8742755" lon="116.6545427">
        <ele>24.70301</ele>
        <time>2026-07-22T23:01:51.628000Z</time>
      </trkpt>
      <trkpt lat="39.8742751" lon="116.6546773">
        <ele>24.57665</ele>
        <time>2026-07-22T23:01:55.609000Z</time>
      </trkpt>
      <trkpt lat="39.8742761" lon="116.6548148">
        <ele>24.40873</ele>
        <time>2026-07-22T23:01:59.590000Z</time>
      </trkpt>
      <trkpt lat="39.8742783" lon="116.6549527">
        <ele>24.29452</ele>
        <time>2026-07-22T23:02:03.571000Z</time>
      </trkpt>
      <trkpt lat="39.8742766" lon="116.6550909">
        <ele>24.29018</ele>
        <time>2026-07-22T23:02:07.552000Z</time>
      </trkpt>
      <trkpt lat="39.8742728" lon="116.6552256">
        <ele>24.39289</ele>
        <time>2026-07-22T23:02:11.533000Z</time>
      </trkpt>
      <trkpt lat="39.8742751" lon="116.655365">
        <ele>24.52676</ele>
        <time>2026-07-22T23:02:15.514000Z</time>
      </trkpt>
      <trkpt lat="39.8742837" lon="116.6555037">
        <ele>24.63596</ele>
        <time>2026-07-22T23:02:19.495000Z</time>
      </trkpt>
      <trkpt lat="39.8742939" lon="116.6556394">
        <ele>24.71629</ele>
        <time>2026-07-22T23:02:23.476000Z</time>
      </trkpt>
      <trkpt lat="39.8742996" lon="116.6557761">
        <ele>24.79658</ele>
        <time>2026-07-22T23:02:27.457000Z</time>
      </trkpt>
      <trkpt lat="39.8742993" lon="116.6559119">
        <ele>24.87972</ele>
        <time>2026-07-22T23:02:31.438000Z</time>
      </trkpt>
      <trkpt lat="39.8742939" lon="116.656045">
        <ele>24.96171</ele>
        <time>2026-07-22T23:02:35.419000Z</time>
      </trkpt>
      <trkpt lat="39.8742913" lon="116.6561785">
        <ele>24.99731</ele>
        <time>2026-07-22T23:02:39.400000Z</time>
      </trkpt>
      <trkpt lat="39.8742959" lon="116.6563118">
        <ele>24.98155</ele>
        <time>2026-07-22T23:02:43.381000Z</time>
      </trkpt>
      <trkpt lat="39.8742985" lon="116.6564422">
        <ele>24.94054</ele>
        <time>2026-07-22T23:02:47.362000Z</time>
      </trkpt>
      <trkpt lat="39.8742966" lon="116.656572">
        <ele>24.9097</ele>
        <time>2026-07-22T23:02:51.342000Z</time>
      </trkpt>
      <trkpt lat="39.8743004" lon="116.6567039">
        <ele>24.92104</ele>
        <time>2026-07-22T23:02:55.323000Z</time>
      </trkpt>
      <trkpt lat="39.8743087" lon="116.6568357">
        <ele>24.98593</ele>
        <time>2026-07-22T23:02:59.304000Z</time>
      </trkpt>
      <trkpt lat="39.8743153" lon="116.6569661">
        <ele>25.06888</ele>
        <time>2026-07-22T23:03:03.285000Z</time>
      </trkpt>
      <trkpt lat="39.8743168" lon="116.6570975">
        <ele>25.13563</ele>
        <time>2026-07-22T23:03:07.266000Z</time>
      </trkpt>
      <trkpt lat="39.8743197" lon="116.6572372">
        <ele>25.18949</ele>
        <time>2026-07-22T23:03:11.247000Z</time>
      </trkpt>
      <trkpt lat="39.8743203" lon="116.6573787">
        <ele>25.22361</ele>
        <time>2026-07-22T23:03:15.228000Z</time>
      </trkpt>
      <trkpt lat="39.8743164" lon="116.6575213">
        <ele>25.21212</ele>
        <time>2026-07-22T23:03:19.209000Z</time>
      </trkpt>
      <trkpt lat="39.8743128" lon="116.6576626">
        <ele>25.20338</ele>
        <time>2026-07-22T23:03:23.190000Z</time>
      </trkpt>
      <trkpt lat="39.8743152" lon="116.6578064">
        <ele>25.21976</ele>
        <time>2026-07-22T23:03:27.171000Z</time>
      </trkpt>
      <trkpt lat="39.874317" lon="116.6579494">
        <ele>25.20116</ele>
        <time>2026-07-22T23:03:31.152000Z</time>
      </trkpt>
      <trkpt lat="39.8743142" lon="116.6580888">
        <ele>25.08267</ele>
        <time>2026-07-22T23:03:35.133000Z</time>
      </trkpt>
      <trkpt lat="39.8743113" lon="116.6582265">
        <ele>24.85246</ele>
        <time>2026-07-22T23:03:39.114000Z</time>
      </trkpt>
      <trkpt lat="39.8743081" lon="116.6583608">
        <ele>24.54353</ele>
        <time>2026-07-22T23:03:43.095000Z</time>
      </trkpt>
      <trkpt lat="39.8742963" lon="116.6584851">
        <ele>24.21608</ele>
        <time>2026-07-22T23:03:47.076000Z</time>
      </trkpt>
      <trkpt lat="39.8742894" lon="116.6586079">
        <ele>23.81202</ele>
        <time>2026-07-22T23:03:52.053000Z</time>
      </trkpt>
      <trkpt lat="39.8742839" lon="116.6587261">
        <ele>23.23234</ele>
        <time>2026-07-22T23:03:59.019000Z</time>
      </trkpt>
      <trkpt lat="39.8742399" lon="116.6587762">
        <ele>23.35078</ele>
        <time>2026-07-22T23:04:06.981000Z</time>
      </trkpt>
      <trkpt lat="39.8742005" lon="116.6586503">
        <ele>23.95413</ele>
        <time>2026-07-22T23:04:13.948000Z</time>
      </trkpt>
      <trkpt lat="39.8741938" lon="116.6585242">
        <ele>24.1844</ele>
        <time>2026-07-22T23:04:17.929000Z</time>
      </trkpt>
      <trkpt lat="39.8741868" lon="116.6583862">
        <ele>24.34461</ele>
        <time>2026-07-22T23:04:21.910000Z</time>
      </trkpt>
      <trkpt lat="39.874134" lon="116.6582758">
        <ele>24.44928</ele>
        <time>2026-07-22T23:04:25.891000Z</time>
      </trkpt>
      <trkpt lat="39.8740503" lon="116.6582156">
        <ele>24.53217</ele>
        <time>2026-07-22T23:04:29.872000Z</time>
      </trkpt>
      <trkpt lat="39.8739542" lon="116.658226">
        <ele>24.61306</ele>
        <time>2026-07-22T23:04:33.853000Z</time>
      </trkpt>
      <trkpt lat="39.8738737" lon="116.6582884">
        <ele>24.65865</ele>
        <time>2026-07-22T23:04:37.834000Z</time>
      </trkpt>
      <trkpt lat="39.873853" lon="116.6584175">
        <ele>24.61684</ele>
        <time>2026-07-22T23:04:42.810000Z</time>
      </trkpt>
      <trkpt lat="39.8739006" lon="116.6585198">
        <ele>24.48276</ele>
        <time>2026-07-22T23:04:46.791000Z</time>
      </trkpt>
      <trkpt lat="39.8740073" lon="116.6585628">
        <ele>24.18818</ele>
        <time>2026-07-22T23:04:51.767000Z</time>
      </trkpt>
      <trkpt lat="39.874102" lon="116.6585584">
        <ele>23.80864</ele>
        <time>2026-07-22T23:04:55.748000Z</time>
      </trkpt>
      <trkpt lat="39.8742026" lon="116.6586092">
        <ele>23.12733</ele>
        <time>2026-07-22T23:05:00.724000Z</time>
      </trkpt>
      <trkpt lat="39.8742643" lon="116.6586953">
        <ele>22.1883</ele>
        <time>2026-07-22T23:05:07Z</time>
      </trkpt>
      <trkpt lat="39.8742736" lon="116.6587185">
        <ele>21.89511</ele>
        <time>2026-07-22T23:05:15.653000Z</time>
      </trkpt>
      <trkpt lat="39.8742839" lon="116.6587972">
        <ele>21.48838</ele>
        <time>2026-07-22T23:05:24Z</time>
      </trkpt>
      <trkpt lat="39.8742881" lon="116.6588205">
        <ele>21.33379</ele>
        <time>2026-07-22T23:06:01Z</time>
      </trkpt>
      <trkpt lat="39.8742869" lon="116.6588589">
        <ele>21.34262</ele>
        <time>2026-07-22T23:06:05Z</time>
      </trkpt>
      <trkpt lat="39.8742906" lon="116.6589816">
        <ele>21.43956</ele>
        <time>2026-07-22T23:06:09Z</time>
      </trkpt>
      <trkpt lat="39.8743027" lon="116.6591028">
        <ele>21.59623</ele>
        <time>2026-07-22T23:06:12Z</time>
      </trkpt>
      <trkpt lat="39.8743172" lon="116.6592275">
        <ele>21.83025</ele>
        <time>2026-07-22T23:06:15Z</time>
      </trkpt>
      <trkpt lat="39.8743296" lon="116.6593586">
        <ele>22.213</ele>
        <time>2026-07-22T23:06:18Z</time>
      </trkpt>
      <trkpt lat="39.8743339" lon="116.6595057">
        <ele>22.79457</ele>
        <time>2026-07-22T23:06:21.340000Z</time>
      </trkpt>
      <trkpt lat="39.8743293" lon="116.6596369">
        <ele>23.25322</ele>
        <time>2026-07-22T23:06:24.325000Z</time>
      </trkpt>
      <trkpt lat="39.8743167" lon="116.6597707">
        <ele>23.59193</ele>
        <time>2026-07-22T23:06:27.311000Z</time>
      </trkpt>
      <trkpt lat="39.8743073" lon="116.6599077">
        <ele>23.81825</ele>
        <time>2026-07-22T23:06:30.297000Z</time>
      </trkpt>
      <trkpt lat="39.8743037" lon="116.6600429">
        <ele>23.94009</ele>
        <time>2026-07-22T23:06:33.283000Z</time>
      </trkpt>
      <trkpt lat="39.8742994" lon="116.6601779">
        <ele>23.96482</ele>
        <time>2026-07-22T23:06:36.269000Z</time>
      </trkpt>
      <trkpt lat="39.8742923" lon="116.6603178">
        <ele>23.88386</ele>
        <time>2026-07-22T23:06:39.254000Z</time>
      </trkpt>
      <trkpt lat="39.874284" lon="116.6604561">
        <ele>23.67064</ele>
        <time>2026-07-22T23:06:42.240000Z</time>
      </trkpt>
      <trkpt lat="39.8742729" lon="116.6605885">
        <ele>23.30084</ele>
        <time>2026-07-22T23:06:45.226000Z</time>
      </trkpt>
      <trkpt lat="39.8742636" lon="116.6607179">
        <ele>22.79101</ele>
        <time>2026-07-22T23:06:48.212000Z</time>
      </trkpt>
      <trkpt lat="39.8742601" lon="116.6608509">
        <ele>22.22726</ele>
        <time>2026-07-22T23:06:51.197000Z</time>
      </trkpt>
      <trkpt lat="39.8742597" lon="116.6609759">
        <ele>21.82493</ele>
        <time>2026-07-22T23:06:54Z</time>
      </trkpt>
      <trkpt lat="39.8742604" lon="116.6611074">
        <ele>21.64483</ele>
        <time>2026-07-22T23:06:57Z</time>
      </trkpt>
      <trkpt lat="39.8742546" lon="116.6612329">
        <ele>21.64401</ele>
        <time>2026-07-22T23:07:00Z</time>
      </trkpt>
      <trkpt lat="39.8742437" lon="116.6613522">
        <ele>21.79011</ele>
        <time>2026-07-22T23:07:03Z</time>
      </trkpt>
      <trkpt lat="39.8742291" lon="116.6614709">
        <ele>22.14393</ele>
        <time>2026-07-22T23:07:06.126000Z</time>
      </trkpt>
      <trkpt lat="39.8742057" lon="116.6616206">
        <ele>22.72557</ele>
        <time>2026-07-22T23:07:10.107000Z</time>
      </trkpt>
      <trkpt lat="39.8741934" lon="116.6617381">
        <ele>23.10227</ele>
        <time>2026-07-22T23:07:13.093000Z</time>
      </trkpt>
      <trkpt lat="39.8741852" lon="116.6618623">
        <ele>23.40099</ele>
        <time>2026-07-22T23:07:16.079000Z</time>
      </trkpt>
      <trkpt lat="39.8741855" lon="116.6619879">
        <ele>23.63208</ele>
        <time>2026-07-22T23:07:19.064000Z</time>
      </trkpt>
      <trkpt lat="39.8741897" lon="116.6621145">
        <ele>23.81575</ele>
        <time>2026-07-22T23:07:22.050000Z</time>
      </trkpt>
      <trkpt lat="39.8741953" lon="116.6622425">
        <ele>23.95539</ele>
        <time>2026-07-22T23:07:25.036000Z</time>
      </trkpt>
      <trkpt lat="39.8742021" lon="116.6623718">
        <ele>24.03664</ele>
        <time>2026-07-22T23:07:28.022000Z</time>
      </trkpt>
      <trkpt lat="39.8742071" lon="116.6624992">
        <ele>24.05109</ele>
        <time>2026-07-22T23:07:31.007000Z</time>
      </trkpt>
      <trkpt lat="39.874208" lon="116.6626276">
        <ele>23.99599</ele>
        <time>2026-07-22T23:07:33.993000Z</time>
      </trkpt>
      <trkpt lat="39.8742073" lon="116.6627545">
        <ele>23.91344</ele>
        <time>2026-07-22T23:07:36.979000Z</time>
      </trkpt>
      <trkpt lat="39.8742069" lon="116.6628815">
        <ele>23.83241</ele>
        <time>2026-07-22T23:07:39.965000Z</time>
      </trkpt>
      <trkpt lat="39.8742056" lon="116.6630054">
        <ele>23.75778</ele>
        <time>2026-07-22T23:07:42.950000Z</time>
      </trkpt>
      <trkpt lat="39.8742073" lon="116.6631281">
        <ele>23.70107</ele>
        <time>2026-07-22T23:07:45.936000Z</time>
      </trkpt>
      <trkpt lat="39.8742115" lon="116.6632494">
        <ele>23.68474</ele>
        <time>2026-07-22T23:07:48.922000Z</time>
      </trkpt>
      <trkpt lat="39.8742172" lon="116.6633694">
        <ele>23.69171</ele>
        <time>2026-07-22T23:07:51.908000Z</time>
      </trkpt>
      <trkpt lat="39.8742202" lon="116.6634888">
        <ele>23.68785</ele>
        <time>2026-07-22T23:07:54.893000Z</time>
      </trkpt>
      <trkpt lat="39.8742247" lon="116.6636075">
        <ele>23.66696</ele>
        <time>2026-07-22T23:07:57.879000Z</time>
      </trkpt>
      <trkpt lat="39.8742352" lon="116.6637248">
        <ele>23.64433</ele>
        <time>2026-07-22T23:08:00.865000Z</time>
      </trkpt>
      <trkpt lat="39.8742472" lon="116.6638419">
        <ele>23.64023</ele>
        <time>2026-07-22T23:08:03.851000Z</time>
      </trkpt>
      <trkpt lat="39.8742589" lon="116.6639607">
        <ele>23.64351</ele>
        <time>2026-07-22T23:08:06.836000Z</time>
      </trkpt>
      <trkpt lat="39.8742743" lon="116.6640808">
        <ele>23.63774</ele>
        <time>2026-07-22T23:08:09.822000Z</time>
      </trkpt>
      <trkpt lat="39.8742861" lon="116.6642006">
        <ele>23.61475</ele>
        <time>2026-07-22T23:08:12.808000Z</time>
      </trkpt>
      <trkpt lat="39.8742992" lon="116.6643199">
        <ele>23.56963</ele>
        <time>2026-07-22T23:08:15.794000Z</time>
      </trkpt>
      <trkpt lat="39.8743119" lon="116.66444">
        <ele>23.50961</ele>
        <time>2026-07-22T23:08:18.779000Z</time>
      </trkpt>
      <trkpt lat="39.8743284" lon="116.6645561">
        <ele>23.45761</ele>
        <time>2026-07-22T23:08:21.765000Z</time>
      </trkpt>
      <trkpt lat="39.8743517" lon="116.6646739">
        <ele>23.41914</ele>
        <time>2026-07-22T23:08:24.751000Z</time>
      </trkpt>
      <trkpt lat="39.8743765" lon="116.6647907">
        <ele>23.39768</ele>
        <time>2026-07-22T23:08:27.737000Z</time>
      </trkpt>
      <trkpt lat="39.874398" lon="116.6649069">
        <ele>23.39101</ele>
        <time>2026-07-22T23:08:30.722000Z</time>
      </trkpt>
      <trkpt lat="39.8744195" lon="116.665024">
        <ele>23.38113</ele>
        <time>2026-07-22T23:08:33.708000Z</time>
      </trkpt>
      <trkpt lat="39.874443" lon="116.6651422">
        <ele>23.35496</ele>
        <time>2026-07-22T23:08:36.694000Z</time>
      </trkpt>
      <trkpt lat="39.8744692" lon="116.6652583">
        <ele>23.32965</ele>
        <time>2026-07-22T23:08:39.680000Z</time>
      </trkpt>
      <trkpt lat="39.8744968" lon="116.665372">
        <ele>23.32195</ele>
        <time>2026-07-22T23:08:42.675000Z</time>
      </trkpt>
      <trkpt lat="39.8745301" lon="116.6654825">
        <ele>23.31467</ele>
        <time>2026-07-22T23:08:45.661000Z</time>
      </trkpt>
      <trkpt lat="39.8745648" lon="116.665592">
        <ele>23.29002</ele>
        <time>2026-07-22T23:08:48.647000Z</time>
      </trkpt>
      <trkpt lat="39.8746144" lon="116.6657332">
        <ele>23.23402</ele>
        <time>2026-07-22T23:08:52.628000Z</time>
      </trkpt>
      <trkpt lat="39.8746538" lon="116.6658398">
        <ele>23.21188</ele>
        <time>2026-07-22T23:08:55.613000Z</time>
      </trkpt>
      <trkpt lat="39.8746955" lon="116.665947">
        <ele>23.21744</ele>
        <time>2026-07-22T23:08:58.599000Z</time>
      </trkpt>
    </trkseg>
  </trk>
</gpx>