<?xml version="1.0" encoding="UTF-8"?>
<gpx xmlns="http://www.topografix.com/GPX/1/1" xmlns:gpxtpx="http://www.garmin.com/xmlschemas/TrackPointExtension/v1" xmlns:xsi="http://www.w3.org/2001/XMLSchema-instance" xsi:schemaLocation="http://www.topografix.com/GPX/1/1 http://www.topografix.com/GPX/1/1/gpx.xsd" version="1.1" creator="gpx.py -- https://github.com/tkrajina/gpxpy">
  <trk>
    <name>gpx from codoon</name>
    <type>Run</type>
    <trkseg>
      <trkpt lat="39.8735041" lon="116.6658886">
        <ele>22.17968</ele>
        <time>2026-07-27T22:15:32.014000Z</time>
      </trkpt>
      <trkpt lat="39.8736053" lon="116.6658457">
        <ele>22.24108</ele>
        <time>2026-07-27T22:15:38.569000Z</time>
      </trkpt>
      <trkpt lat="39.873689" lon="116.6657829">
        <ele>22.33458</ele>
        <time>2026-07-27T22:15:42.551000Z</time>
      </trkpt>
      <trkpt lat="39.8737808" lon="116.6657187">
        <ele>22.50384</ele>
        <time>2026-07-27T22:15:46.532000Z</time>
      </trkpt>
      <trkpt lat="39.873879" lon="116.6656525">
        <ele>22.72929</ele>
        <time>2026-07-27T22:15:50.514000Z</time>
      </trkpt>
      <trkpt lat="39.8739753" lon="116.6655829">
        <ele>22.97971</ele>
        <time>2026-07-27T22:15:54.496000Z</time>
      </trkpt>
      <trkpt lat="39.8740725" lon="116.6655149">
        <ele>23.24063</ele>
        <time>2026-07-27T22:15:58.478000Z</time>
      </trkpt>
      <trkpt lat="39.8741727" lon="116.6654517">
        <ele>23.51068</ele>
        <time>2026-07-27T22:16:02.459000Z</time>
      </trkpt>
      <trkpt lat="39.8742717" lon="116.6653961">
        <ele>23.75421</ele>
        <time>2026-07-27T22:16:06.441000Z</time>
      </trkpt>
      <trkpt lat="39.8743704" lon="116.6653803">
        <ele>23.89259</ele>
        <time>2026-07-27T22:16:10.423000Z</time>
      </trkpt>
      <trkpt lat="39.8744505" lon="116.6654658">
        <ele>23.89628</ele>
        <time>2026-07-27T22:16:14.404000Z</time>
      </trkpt>
      <trkpt lat="39.8745131" lon="116.6655931">
        <ele>23.76711</ele>
        <time>2026-07-27T22:16:18.386000Z</time>
      </trkpt>
      <trkpt lat="39.8745733" lon="116.6657278">
        <ele>23.55503</ele>
        <time>2026-07-27T22:16:22.367000Z</time>
      </trkpt>
      <trkpt lat="39.8746209" lon="116.6658299">
        <ele>23.39494</ele>
        <time>2026-07-27T22:16:25.354000Z</time>
      </trkpt>
      <trkpt lat="39.8746851" lon="116.6659609">
        <ele>23.20747</ele>
        <time>2026-07-27T22:16:29.335000Z</time>
      </trkpt>
      <trkpt lat="39.8747509" lon="116.666087">
        <ele>23.02007</ele>
        <time>2026-07-27T22:16:33.317000Z</time>
      </trkpt>
      <trkpt lat="39.8748164" lon="116.6662065">
        <ele>22.83603</ele>
        <time>2026-07-27T22:16:37.299000Z</time>
      </trkpt>
      <trkpt lat="39.8748814" lon="116.6663285">
        <ele>22.66819</ele>
        <time>2026-07-27T22:16:41.280000Z</time>
      </trkpt>
      <trkpt lat="39.8749425" lon="116.6664496">
        <ele>22.52541</ele>
        <time>2026-07-27T22:16:45.262000Z</time>
      </trkpt>
      <trkpt lat="39.8750041" lon="116.666567">
        <ele>22.44053</ele>
        <time>2026-07-27T22:16:49.243000Z</time>
      </trkpt>
      <trkpt lat="39.8750717" lon="116.6666804">
        <ele>22.4429</ele>
        <time>2026-07-27T22:16:53.225000Z</time>
      </trkpt>
      <trkpt lat="39.875145" lon="116.6667897">
        <ele>22.52246</ele>
        <time>2026-07-27T22:16:57.207000Z</time>
      </trkpt>
      <trkpt lat="39.8752225" lon="116.6668968">
        <ele>22.64675</ele>
        <time>2026-07-27T22:17:01.188000Z</time>
      </trkpt>
      <trkpt lat="39.8753005" lon="116.6669946">
        <ele>22.77822</ele>
        <time>2026-07-27T22:17:05.170000Z</time>
      </trkpt>
      <trkpt lat="39.8753756" lon="116.6670915">
        <ele>22.91722</ele>
        <time>2026-07-27T22:17:09.151000Z</time>
      </trkpt>
      <trkpt lat="39.8754538" lon="116.6671874">
        <ele>23.08212</ele>
        <time>2026-07-27T22:17:13.133000Z</time>
      </trkpt>
      <trkpt lat="39.8755305" lon="116.6672834">
        <ele>23.25579</ele>
        <time>2026-07-27T22:17:17.115000Z</time>
      </trkpt>
      <trkpt lat="39.8756089" lon="116.6673843">
        <ele>23.39743</ele>
        <time>2026-07-27T22:17:21.096000Z</time>
      </trkpt>
      <trkpt lat="39.8756892" lon="116.6674837">
        <ele>23.49871</ele>
        <time>2026-07-27T22:17:25.078000Z</time>
      </trkpt>
      <trkpt lat="39.8757627" lon="116.667588">
        <ele>23.60765</ele>
        <time>2026-07-27T22:17:29.059000Z</time>
      </trkpt>
      <trkpt lat="39.8758359" lon="116.6676917">
        <ele>23.74566</ele>
        <time>2026-07-27T22:17:33.041000Z</time>
      </trkpt>
      <trkpt lat="39.8759109" lon="116.667797">
        <ele>23.89775</ele>
        <time>2026-07-27T22:17:37.023000Z</time>
      </trkpt>
      <trkpt lat="39.8759853" lon="116.6678987">
        <ele>23.99869</ele>
        <time>2026-07-27T22:17:41.004000Z</time>
      </trkpt>
      <trkpt lat="39.8760578" lon="116.6679984">
        <ele>23.93337</ele>
        <time>2026-07-27T22:17:44.986000Z</time>
      </trkpt>
      <trkpt lat="39.8761344" lon="116.668099">
        <ele>23.77136</ele>
        <time>2026-07-27T22:17:48.967000Z</time>
      </trkpt>
      <trkpt lat="39.8762131" lon="116.6681902">
        <ele>23.63249</ele>
        <time>2026-07-27T22:17:52.949000Z</time>
      </trkpt>
      <trkpt lat="39.8762945" lon="116.6682623">
        <ele>23.55848</ele>
        <time>2026-07-27T22:17:56.930000Z</time>
      </trkpt>
      <trkpt lat="39.8763711" lon="116.6683472">
        <ele>23.54553</ele>
        <time>2026-07-27T22:18:00.912000Z</time>
      </trkpt>
      <trkpt lat="39.8764391" lon="116.6684483">
        <ele>23.53977</ele>
        <time>2026-07-27T22:18:04.893000Z</time>
      </trkpt>
      <trkpt lat="39.8765021" lon="116.6685576">
        <ele>23.57055</ele>
        <time>2026-07-27T22:18:08.875000Z</time>
      </trkpt>
      <trkpt lat="39.8765658" lon="116.6686686">
        <ele>23.68478</ele>
        <time>2026-07-27T22:18:12.856000Z</time>
      </trkpt>
      <trkpt lat="39.8766345" lon="116.6687803">
        <ele>23.84445</ele>
        <time>2026-07-27T22:18:16.838000Z</time>
      </trkpt>
      <trkpt lat="39.8767033" lon="116.6688888">
        <ele>24.00605</ele>
        <time>2026-07-27T22:18:20.820000Z</time>
      </trkpt>
      <trkpt lat="39.8767715" lon="116.6689927">
        <ele>24.13133</ele>
        <time>2026-07-27T22:18:24.801000Z</time>
      </trkpt>
      <trkpt lat="39.8768334" lon="116.6690994">
        <ele>24.20261</ele>
        <time>2026-07-27T22:18:28.783000Z</time>
      </trkpt>
      <trkpt lat="39.8768935" lon="116.6691986">
        <ele>24.22682</ele>
        <time>2026-07-27T22:18:32.764000Z</time>
      </trkpt>
      <trkpt lat="39.8769666" lon="116.6692797">
        <ele>24.21411</ele>
        <time>2026-07-27T22:18:36.746000Z</time>
      </trkpt>
      <trkpt lat="39.8770328" lon="116.6693693">
        <ele>24.189</ele>
        <time>2026-07-27T22:18:40.727000Z</time>
      </trkpt>
      <trkpt lat="39.8770572" lon="116.6694859">
        <ele>24.18445</ele>
        <time>2026-07-27T22:18:44.709000Z</time>
      </trkpt>
      <trkpt lat="39.8770263" lon="116.6696048">
        <ele>24.20717</ele>
        <time>2026-07-27T22:18:48.690000Z</time>
      </trkpt>
      <trkpt lat="39.8769582" lon="116.6697055">
        <ele>24.22481</ele>
        <time>2026-07-27T22:18:52.672000Z</time>
      </trkpt>
      <trkpt lat="39.876882" lon="116.6698009">
        <ele>24.23418</ele>
        <time>2026-07-27T22:18:56.653000Z</time>
      </trkpt>
      <trkpt lat="39.8768068" lon="116.6698997">
        <ele>24.23428</ele>
        <time>2026-07-27T22:19:00.635000Z</time>
      </trkpt>
      <trkpt lat="39.8767329" lon="116.6700039">
        <ele>24.23044</ele>
        <time>2026-07-27T22:19:04.617000Z</time>
      </trkpt>
      <trkpt lat="39.8766603" lon="116.6701024">
        <ele>24.20473</ele>
        <time>2026-07-27T22:19:08.598000Z</time>
      </trkpt>
      <trkpt lat="39.8765842" lon="116.6701979">
        <ele>24.1586</ele>
        <time>2026-07-27T22:19:12.580000Z</time>
      </trkpt>
      <trkpt lat="39.8765059" lon="116.6702959">
        <ele>24.11332</ele>
        <time>2026-07-27T22:19:16.561000Z</time>
      </trkpt>
      <trkpt lat="39.8764265" lon="116.670396">
        <ele>24.08275</ele>
        <time>2026-07-27T22:19:20.543000Z</time>
      </trkpt>
      <trkpt lat="39.8763426" lon="116.6704943">
        <ele>24.08484</ele>
        <time>2026-07-27T22:19:24.524000Z</time>
      </trkpt>
      <trkpt lat="39.8762609" lon="116.6705915">
        <ele>24.11549</ele>
        <time>2026-07-27T22:19:28.506000Z</time>
      </trkpt>
      <trkpt lat="39.876177" lon="116.6706853">
        <ele>24.13331</ele>
        <time>2026-07-27T22:19:32.487000Z</time>
      </trkpt>
      <trkpt lat="39.8760966" lon="116.6707862">
        <ele>24.12647</ele>
        <time>2026-07-27T22:19:36.469000Z</time>
      </trkpt>
      <trkpt lat="39.8760173" lon="116.6708936">
        <ele>24.12164</ele>
        <time>2026-07-27T22:19:40.450000Z</time>
      </trkpt>
      <trkpt lat="39.8759394" lon="116.6709959">
        <ele>24.10748</ele>
        <time>2026-07-27T22:19:44.432000Z</time>
      </trkpt>
      <trkpt lat="39.8758608" lon="116.6710941">
        <ele>24.07239</ele>
        <time>2026-07-27T22:19:48.413000Z</time>
      </trkpt>
      <trkpt lat="39.8757818" lon="116.6711905">
        <ele>24.03108</ele>
        <time>2026-07-27T22:19:52.395000Z</time>
      </trkpt>
      <trkpt lat="39.875705" lon="116.671286">
        <ele>24.02795</ele>
        <time>2026-07-27T22:19:56.376000Z</time>
      </trkpt>
      <trkpt lat="39.8756296" lon="116.6713833">
        <ele>24.06408</ele>
        <time>2026-07-27T22:20:00.358000Z</time>
      </trkpt>
      <trkpt lat="39.8755539" lon="116.6714862">
        <ele>24.12058</ele>
        <time>2026-07-27T22:20:04.339000Z</time>
      </trkpt>
      <trkpt lat="39.8754807" lon="116.6715913">
        <ele>24.15559</ele>
        <time>2026-07-27T22:20:08.321000Z</time>
      </trkpt>
      <trkpt lat="39.8754076" lon="116.6716947">
        <ele>24.14952</ele>
        <time>2026-07-27T22:20:12.302000Z</time>
      </trkpt>
      <trkpt lat="39.8753337" lon="116.6717982">
        <ele>24.11692</ele>
        <time>2026-07-27T22:20:16.284000Z</time>
      </trkpt>
      <trkpt lat="39.8752619" lon="116.6719005">
        <ele>24.10625</ele>
        <time>2026-07-27T22:20:20.265000Z</time>
      </trkpt>
      <trkpt lat="39.8751927" lon="116.6720022">
        <ele>24.14131</ele>
        <time>2026-07-27T22:20:24.247000Z</time>
      </trkpt>
      <trkpt lat="39.8751246" lon="116.6721082">
        <ele>24.21108</ele>
        <time>2026-07-27T22:20:28.228000Z</time>
      </trkpt>
      <trkpt lat="39.8750574" lon="116.6722089">
        <ele>24.30106</ele>
        <time>2026-07-27T22:20:32.210000Z</time>
      </trkpt>
      <trkpt lat="39.8749951" lon="116.6723119">
        <ele>24.40603</ele>
        <time>2026-07-27T22:20:36.191000Z</time>
      </trkpt>
      <trkpt lat="39.8749245" lon="116.6724059">
        <ele>24.51121</ele>
        <time>2026-07-27T22:20:40.173000Z</time>
      </trkpt>
      <trkpt lat="39.8748463" lon="116.6724958">
        <ele>24.60161</ele>
        <time>2026-07-27T22:20:44.154000Z</time>
      </trkpt>
      <trkpt lat="39.8747664" lon="116.6725845">
        <ele>24.66989</ele>
        <time>2026-07-27T22:20:48.136000Z</time>
      </trkpt>
      <trkpt lat="39.8746851" lon="116.6726672">
        <ele>24.73248</ele>
        <time>2026-07-27T22:20:52.117000Z</time>
      </trkpt>
      <trkpt lat="39.8746028" lon="116.6727528">
        <ele>24.81617</ele>
        <time>2026-07-27T22:20:56.099000Z</time>
      </trkpt>
      <trkpt lat="39.8745238" lon="116.672842">
        <ele>24.91799</ele>
        <time>2026-07-27T22:21:00.080000Z</time>
      </trkpt>
      <trkpt lat="39.8744441" lon="116.6729303">
        <ele>25.02072</ele>
        <time>2026-07-27T22:21:04.062000Z</time>
      </trkpt>
      <trkpt lat="39.8743681" lon="116.673022">
        <ele>25.12245</ele>
        <time>2026-07-27T22:21:08.043000Z</time>
      </trkpt>
      <trkpt lat="39.8742916" lon="116.6731138">
        <ele>25.2342</ele>
        <time>2026-07-27T22:21:12.025000Z</time>
      </trkpt>
      <trkpt lat="39.8742084" lon="116.6731985">
        <ele>25.32912</ele>
        <time>2026-07-27T22:21:16.006000Z</time>
      </trkpt>
      <trkpt lat="39.8741252" lon="116.6732855">
        <ele>25.39451</ele>
        <time>2026-07-27T22:21:19.988000Z</time>
      </trkpt>
      <trkpt lat="39.8740412" lon="116.6733694">
        <ele>25.44033</ele>
        <time>2026-07-27T22:21:23.969000Z</time>
      </trkpt>
      <trkpt lat="39.8739569" lon="116.6734475">
        <ele>25.45454</ele>
        <time>2026-07-27T22:21:27.951000Z</time>
      </trkpt>
      <trkpt lat="39.873873" lon="116.6735288">
        <ele>25.4367</ele>
        <time>2026-07-27T22:21:31.932000Z</time>
      </trkpt>
      <trkpt lat="39.8737998" lon="116.6736205">
        <ele>25.39878</ele>
        <time>2026-07-27T22:21:35.914000Z</time>
      </trkpt>
      <trkpt lat="39.8737291" lon="116.6737126">
        <ele>25.33426</ele>
        <time>2026-07-27T22:21:39.895000Z</time>
      </trkpt>
      <trkpt lat="39.8736413" lon="116.6738135">
        <ele>25.23502</ele>
        <time>2026-07-27T22:21:43.877000Z</time>
      </trkpt>
      <trkpt lat="39.8735701" lon="116.6738939">
        <ele>25.14781</ele>
        <time>2026-07-27T22:21:46.863000Z</time>
      </trkpt>
      <trkpt lat="39.8734885" lon="116.6739931">
        <ele>25.06437</ele>
        <time>2026-07-27T22:21:50.844000Z</time>
      </trkpt>
      <trkpt lat="39.8734122" lon="116.6740965">
        <ele>25.01615</ele>
        <time>2026-07-27T22:21:54.826000Z</time>
      </trkpt>
      <trkpt lat="39.8733403" lon="116.674199">
        <ele>25.00404</ele>
        <time>2026-07-27T22:21:58.807000Z</time>
      </trkpt>
      <trkpt lat="39.8732702" lon="116.674299">
        <ele>25.0217</ele>
        <time>2026-07-27T22:22:02.789000Z</time>
      </trkpt>
      <trkpt lat="39.8732" lon="116.6743974">
        <ele>25.05183</ele>
        <time>2026-07-27T22:22:06.770000Z</time>
      </trkpt>
      <trkpt lat="39.8731269" lon="116.6744929">
        <ele>25.06042</ele>
        <time>2026-07-27T22:22:10.752000Z</time>
      </trkpt>
      <trkpt lat="39.8730535" lon="116.6745879">
        <ele>25.03602</ele>
        <time>2026-07-27T22:22:14.733000Z</time>
      </trkpt>
      <trkpt lat="39.8729754" lon="116.6746787">
        <ele>24.97135</ele>
        <time>2026-07-27T22:22:18.714000Z</time>
      </trkpt>
      <trkpt lat="39.8728871" lon="116.6747419">
        <ele>24.87702</ele>
        <time>2026-07-27T22:22:22.696000Z</time>
      </trkpt>
      <trkpt lat="39.872781" lon="116.674762">
        <ele>24.77043</ele>
        <time>2026-07-27T22:22:26.677000Z</time>
      </trkpt>
      <trkpt lat="39.8726769" lon="116.674774">
        <ele>24.67967</ele>
        <time>2026-07-27T22:22:30.659000Z</time>
      </trkpt>
      <trkpt lat="39.8725659" lon="116.6747837">
        <ele>24.63521</ele>
        <time>2026-07-27T22:22:34.640000Z</time>
      </trkpt>
      <trkpt lat="39.8724581" lon="116.6748037">
        <ele>24.64182</ele>
        <time>2026-07-27T22:22:38.622000Z</time>
      </trkpt>
      <trkpt lat="39.8723634" lon="116.6748524">
        <ele>24.68026</ele>
        <time>2026-07-27T22:22:42.603000Z</time>
      </trkpt>
      <trkpt lat="39.8722731" lon="116.6748945">
        <ele>24.6947</ele>
        <time>2026-07-27T22:22:46.585000Z</time>
      </trkpt>
      <trkpt lat="39.8721787" lon="116.6749158">
        <ele>24.64156</ele>
        <time>2026-07-27T22:22:50.566000Z</time>
      </trkpt>
      <trkpt lat="39.8720972" lon="116.6749719">
        <ele>24.31064</ele>
        <time>2026-07-27T22:22:58.529000Z</time>
      </trkpt>
      <trkpt lat="39.8721065" lon="116.6750887">
        <ele>24.0106</ele>
        <time>2026-07-27T22:23:05.497000Z</time>
      </trkpt>
      <trkpt lat="39.872206" lon="116.6751344">
        <ele>23.998</ele>
        <time>2026-07-27T22:23:09.478000Z</time>
      </trkpt>
      <trkpt lat="39.8723196" lon="116.6751263">
        <ele>24.10961</ele>
        <time>2026-07-27T22:23:13.459000Z</time>
      </trkpt>
      <trkpt lat="39.8724336" lon="116.6751072">
        <ele>24.25667</ele>
        <time>2026-07-27T22:23:17.441000Z</time>
      </trkpt>
      <trkpt lat="39.8725427" lon="116.6750957">
        <ele>24.3652</ele>
        <time>2026-07-27T22:23:21.422000Z</time>
      </trkpt>
      <trkpt lat="39.8726212" lon="116.6751537">
        <ele>24.39495</ele>
        <time>2026-07-27T22:23:26.399000Z</time>
      </trkpt>
      <trkpt lat="39.8725877" lon="116.6752643">
        <ele>24.32385</ele>
        <time>2026-07-27T22:23:30.381000Z</time>
      </trkpt>
      <trkpt lat="39.8725252" lon="116.6753769">
        <ele>24.19286</ele>
        <time>2026-07-27T22:23:34.362000Z</time>
      </trkpt>
      <trkpt lat="39.872462" lon="116.6754898">
        <ele>24.06238</ele>
        <time>2026-07-27T22:23:38.343000Z</time>
      </trkpt>
      <trkpt lat="39.8724005" lon="116.6755994">
        <ele>23.95497</ele>
        <time>2026-07-27T22:23:42.325000Z</time>
      </trkpt>
      <trkpt lat="39.872348" lon="116.6757138">
        <ele>23.86999</ele>
        <time>2026-07-27T22:23:46.306000Z</time>
      </trkpt>
      <trkpt lat="39.8722951" lon="116.675827">
        <ele>23.82511</ele>
        <time>2026-07-27T22:23:50.288000Z</time>
      </trkpt>
      <trkpt lat="39.872237" lon="116.6759476">
        <ele>23.81441</ele>
        <time>2026-07-27T22:23:54.269000Z</time>
      </trkpt>
      <trkpt lat="39.8721803" lon="116.6760663">
        <ele>23.83282</ele>
        <time>2026-07-27T22:23:58.251000Z</time>
      </trkpt>
      <trkpt lat="39.872125" lon="116.6761856">
        <ele>23.84013</ele>
        <time>2026-07-27T22:24:02.232000Z</time>
      </trkpt>
      <trkpt lat="39.8720717" lon="116.6763038">
        <ele>23.82388</ele>
        <time>2026-07-27T22:24:06.214000Z</time>
      </trkpt>
      <trkpt lat="39.8720189" lon="116.6764166">
        <ele>23.81816</ele>
        <time>2026-07-27T22:24:10Z</time>
      </trkpt>
      <trkpt lat="39.8719581" lon="116.6765292">
        <ele>23.8812</ele>
        <time>2026-07-27T22:24:14Z</time>
      </trkpt>
      <trkpt lat="39.871891" lon="116.6766485">
        <ele>24.04232</ele>
        <time>2026-07-27T22:24:18.158000Z</time>
      </trkpt>
      <trkpt lat="39.8718276" lon="116.6767641">
        <ele>24.18855</ele>
        <time>2026-07-27T22:24:22.139000Z</time>
      </trkpt>
      <trkpt lat="39.8717636" lon="116.6768761">
        <ele>24.29746</ele>
        <time>2026-07-27T22:24:26.121000Z</time>
      </trkpt>
      <trkpt lat="39.8716997" lon="116.6769906">
        <ele>24.36423</ele>
        <time>2026-07-27T22:24:30.102000Z</time>
      </trkpt>
      <trkpt lat="39.8716479" lon="116.6771159">
        <ele>24.37765</ele>
        <time>2026-07-27T22:24:34.084000Z</time>
      </trkpt>
      <trkpt lat="39.8716109" lon="116.6772481">
        <ele>24.33262</ele>
        <time>2026-07-27T22:24:38.065000Z</time>
      </trkpt>
      <trkpt lat="39.8715764" lon="116.6773798">
        <ele>24.22242</ele>
        <time>2026-07-27T22:24:42.046000Z</time>
      </trkpt>
      <trkpt lat="39.8715416" lon="116.6775144">
        <ele>24.05333</ele>
        <time>2026-07-27T22:24:46.028000Z</time>
      </trkpt>
      <trkpt lat="39.8715087" lon="116.6776504">
        <ele>23.87942</ele>
        <time>2026-07-27T22:24:50.009000Z</time>
      </trkpt>
      <trkpt lat="39.8714788" lon="116.6777865">
        <ele>23.82774</ele>
        <time>2026-07-27T22:24:53.991000Z</time>
      </trkpt>
      <trkpt lat="39.8714502" lon="116.6779245">
        <ele>23.89</ele>
        <time>2026-07-27T22:24:57.972000Z</time>
      </trkpt>
      <trkpt lat="39.8714239" lon="116.6780614">
        <ele>23.9752</ele>
        <time>2026-07-27T22:25:01.954000Z</time>
      </trkpt>
      <trkpt lat="39.8713975" lon="116.6781948">
        <ele>24.0769</ele>
        <time>2026-07-27T22:25:05.935000Z</time>
      </trkpt>
      <trkpt lat="39.8713717" lon="116.6783246">
        <ele>24.21788</ele>
        <time>2026-07-27T22:25:09.917000Z</time>
      </trkpt>
      <trkpt lat="39.8713432" lon="116.6784605">
        <ele>24.38965</ele>
        <time>2026-07-27T22:25:13.898000Z</time>
      </trkpt>
      <trkpt lat="39.8713147" lon="116.6785959">
        <ele>24.5385</ele>
        <time>2026-07-27T22:25:17.879000Z</time>
      </trkpt>
      <trkpt lat="39.8712862" lon="116.6787298">
        <ele>24.61611</ele>
        <time>2026-07-27T22:25:21.861000Z</time>
      </trkpt>
      <trkpt lat="39.8712537" lon="116.6788596">
        <ele>24.62052</ele>
        <time>2026-07-27T22:25:25.842000Z</time>
      </trkpt>
      <trkpt lat="39.8712188" lon="116.6789872">
        <ele>24.58005</ele>
        <time>2026-07-27T22:25:29.824000Z</time>
      </trkpt>
      <trkpt lat="39.871185" lon="116.679111">
        <ele>24.51638</ele>
        <time>2026-07-27T22:25:33.805000Z</time>
      </trkpt>
      <trkpt lat="39.8711567" lon="116.6792341">
        <ele>24.46297</ele>
        <time>2026-07-27T22:25:37.787000Z</time>
      </trkpt>
      <trkpt lat="39.8711311" lon="116.6793589">
        <ele>24.4548</ele>
        <time>2026-07-27T22:25:41.768000Z</time>
      </trkpt>
      <trkpt lat="39.8711035" lon="116.6794889">
        <ele>24.4767</ele>
        <time>2026-07-27T22:25:45.750000Z</time>
      </trkpt>
      <trkpt lat="39.8710804" lon="116.6796251">
        <ele>24.49172</ele>
        <time>2026-07-27T22:25:49.731000Z</time>
      </trkpt>
      <trkpt lat="39.8710588" lon="116.6797572">
        <ele>24.49607</ele>
        <time>2026-07-27T22:25:53.713000Z</time>
      </trkpt>
      <trkpt lat="39.8710325" lon="116.6798901">
        <ele>24.4961</ele>
        <time>2026-07-27T22:25:57.694000Z</time>
      </trkpt>
      <trkpt lat="39.871004" lon="116.6800208">
        <ele>24.5011</ele>
        <time>2026-07-27T22:26:01.676000Z</time>
      </trkpt>
      <trkpt lat="39.8709722" lon="116.6801493">
        <ele>24.47992</ele>
        <time>2026-07-27T22:26:05.657000Z</time>
      </trkpt>
      <trkpt lat="39.8709396" lon="116.6802798">
        <ele>24.4027</ele>
        <time>2026-07-27T22:26:09.638000Z</time>
      </trkpt>
      <trkpt lat="39.8709087" lon="116.6804111">
        <ele>24.28483</ele>
        <time>2026-07-27T22:26:13.620000Z</time>
      </trkpt>
      <trkpt lat="39.8708775" lon="116.6805421">
        <ele>24.1922</ele>
        <time>2026-07-27T22:26:17.601000Z</time>
      </trkpt>
      <trkpt lat="39.8708491" lon="116.6806707">
        <ele>24.20417</ele>
        <time>2026-07-27T22:26:21.583000Z</time>
      </trkpt>
      <trkpt lat="39.8708149" lon="116.6807968">
        <ele>24.31168</ele>
        <time>2026-07-27T22:26:25.564000Z</time>
      </trkpt>
      <trkpt lat="39.8707777" lon="116.6809255">
        <ele>24.44477</ele>
        <time>2026-07-27T22:26:29.546000Z</time>
      </trkpt>
      <trkpt lat="39.8707438" lon="116.6810534">
        <ele>24.51686</ele>
        <time>2026-07-27T22:26:33.527000Z</time>
      </trkpt>
      <trkpt lat="39.8707097" lon="116.6811804">
        <ele>24.48872</ele>
        <time>2026-07-27T22:26:37.509000Z</time>
      </trkpt>
      <trkpt lat="39.8706692" lon="116.6813073">
        <ele>24.4468</ele>
        <time>2026-07-27T22:26:41.490000Z</time>
      </trkpt>
      <trkpt lat="39.8706276" lon="116.6814343">
        <ele>24.41206</ele>
        <time>2026-07-27T22:26:45.472000Z</time>
      </trkpt>
      <trkpt lat="39.8705889" lon="116.681561">
        <ele>24.30143</ele>
        <time>2026-07-27T22:26:49.453000Z</time>
      </trkpt>
      <trkpt lat="39.8705504" lon="116.6816898">
        <ele>24.08329</ele>
        <time>2026-07-27T22:26:53.435000Z</time>
      </trkpt>
      <trkpt lat="39.870511" lon="116.6818192">
        <ele>23.80643</ele>
        <time>2026-07-27T22:26:57.416000Z</time>
      </trkpt>
      <trkpt lat="39.8704706" lon="116.681948">
        <ele>23.54404</ele>
        <time>2026-07-27T22:27:01.397000Z</time>
      </trkpt>
      <trkpt lat="39.8704286" lon="116.6820744">
        <ele>23.27864</ele>
        <time>2026-07-27T22:27:05.379000Z</time>
      </trkpt>
      <trkpt lat="39.8703834" lon="116.6822005">
        <ele>22.97981</ele>
        <time>2026-07-27T22:27:09.360000Z</time>
      </trkpt>
      <trkpt lat="39.870336" lon="116.6823245">
        <ele>22.6991</ele>
        <time>2026-07-27T22:27:13.342000Z</time>
      </trkpt>
      <trkpt lat="39.8702925" lon="116.6824565">
        <ele>22.50649</ele>
        <time>2026-07-27T22:27:17.323000Z</time>
      </trkpt>
      <trkpt lat="39.8702527" lon="116.6825881">
        <ele>22.40501</ele>
        <time>2026-07-27T22:27:21.305000Z</time>
      </trkpt>
      <trkpt lat="39.870215" lon="116.6827182">
        <ele>22.34776</ele>
        <time>2026-07-27T22:27:25.286000Z</time>
      </trkpt>
      <trkpt lat="39.8701828" lon="116.6828479">
        <ele>22.27086</ele>
        <time>2026-07-27T22:27:29.268000Z</time>
      </trkpt>
      <trkpt lat="39.8701548" lon="116.6829759">
        <ele>22.19529</ele>
        <time>2026-07-27T22:27:33.249000Z</time>
      </trkpt>
      <trkpt lat="39.8701286" lon="116.6831043">
        <ele>22.15829</ele>
        <time>2026-07-27T22:27:37.231000Z</time>
      </trkpt>
      <trkpt lat="39.8701044" lon="116.6832401">
        <ele>22.13897</ele>
        <time>2026-07-27T22:27:41.212000Z</time>
      </trkpt>
      <trkpt lat="39.8700777" lon="116.6833714">
        <ele>22.12314</ele>
        <time>2026-07-27T22:27:45.194000Z</time>
      </trkpt>
      <trkpt lat="39.8700473" lon="116.6835016">
        <ele>22.13723</ele>
        <time>2026-07-27T22:27:49.175000Z</time>
      </trkpt>
      <trkpt lat="39.8700147" lon="116.6836369">
        <ele>22.18892</ele>
        <time>2026-07-27T22:27:53.157000Z</time>
      </trkpt>
      <trkpt lat="39.8699811" lon="116.6837728">
        <ele>22.27295</ele>
        <time>2026-07-27T22:27:57.138000Z</time>
      </trkpt>
      <trkpt lat="39.8699438" lon="116.6839062">
        <ele>22.38567</ele>
        <time>2026-07-27T22:28:01.120000Z</time>
      </trkpt>
      <trkpt lat="39.8699062" lon="116.6840382">
        <ele>22.53107</ele>
        <time>2026-07-27T22:28:05.101000Z</time>
      </trkpt>
      <trkpt lat="39.8698678" lon="116.6841703">
        <ele>22.68581</ele>
        <time>2026-07-27T22:28:09.083000Z</time>
      </trkpt>
      <trkpt lat="39.8698279" lon="116.6843019">
        <ele>22.80278</ele>
        <time>2026-07-27T22:28:13.064000Z</time>
      </trkpt>
      <trkpt lat="39.8697857" lon="116.6844366">
        <ele>22.82756</ele>
        <time>2026-07-27T22:28:17.046000Z</time>
      </trkpt>
      <trkpt lat="39.8697461" lon="116.68457">
        <ele>22.72822</ele>
        <time>2026-07-27T22:28:21.027000Z</time>
      </trkpt>
      <trkpt lat="39.8697058" lon="116.6847044">
        <ele>22.53097</ele>
        <time>2026-07-27T22:28:25.009000Z</time>
      </trkpt>
      <trkpt lat="39.8696679" lon="116.6848338">
        <ele>22.41444</ele>
        <time>2026-07-27T22:28:28.990000Z</time>
      </trkpt>
      <trkpt lat="39.8696286" lon="116.6849605">
        <ele>22.42411</ele>
        <time>2026-07-27T22:28:32.972000Z</time>
      </trkpt>
      <trkpt lat="39.8695868" lon="116.6850843">
        <ele>22.46887</ele>
        <time>2026-07-27T22:28:36.953000Z</time>
      </trkpt>
      <trkpt lat="39.8695517" lon="116.6852102">
        <ele>22.55345</ele>
        <time>2026-07-27T22:28:40.935000Z</time>
      </trkpt>
      <trkpt lat="39.8695212" lon="116.6853419">
        <ele>22.67756</ele>
        <time>2026-07-27T22:28:44.916000Z</time>
      </trkpt>
      <trkpt lat="39.8694888" lon="116.6854752">
        <ele>22.80158</ele>
        <time>2026-07-27T22:28:48.898000Z</time>
      </trkpt>
      <trkpt lat="39.8694615" lon="116.6856085">
        <ele>22.88732</ele>
        <time>2026-07-27T22:28:52.879000Z</time>
      </trkpt>
      <trkpt lat="39.8694387" lon="116.6857464">
        <ele>22.91818</ele>
        <time>2026-07-27T22:28:56.861000Z</time>
      </trkpt>
      <trkpt lat="39.869416" lon="116.6858807">
        <ele>22.9162</ele>
        <time>2026-07-27T22:29:00.842000Z</time>
      </trkpt>
      <trkpt lat="39.8693872" lon="116.6860105">
        <ele>22.90095</ele>
        <time>2026-07-27T22:29:04.824000Z</time>
      </trkpt>
      <trkpt lat="39.8693562" lon="116.6861425">
        <ele>22.86903</ele>
        <time>2026-07-27T22:29:08.805000Z</time>
      </trkpt>
      <trkpt lat="39.8693217" lon="116.6862748">
        <ele>22.82655</ele>
        <time>2026-07-27T22:29:12.787000Z</time>
      </trkpt>
      <trkpt lat="39.8692914" lon="116.6864096">
        <ele>22.78597</ele>
        <time>2026-07-27T22:29:16.768000Z</time>
      </trkpt>
      <trkpt lat="39.8692599" lon="116.6865432">
        <ele>22.75212</ele>
        <time>2026-07-27T22:29:20.750000Z</time>
      </trkpt>
      <trkpt lat="39.8692264" lon="116.6866753">
        <ele>22.74475</ele>
        <time>2026-07-27T22:29:24.731000Z</time>
      </trkpt>
      <trkpt lat="39.8691925" lon="116.6868054">
        <ele>22.76202</ele>
        <time>2026-07-27T22:29:28.713000Z</time>
      </trkpt>
      <trkpt lat="39.8691574" lon="116.6869329">
        <ele>22.78395</ele>
        <time>2026-07-27T22:29:32.694000Z</time>
      </trkpt>
      <trkpt lat="39.8691201" lon="116.6870637">
        <ele>22.78585</ele>
        <time>2026-07-27T22:29:36.676000Z</time>
      </trkpt>
      <trkpt lat="39.8690813" lon="116.6871977">
        <ele>22.79089</ele>
        <time>2026-07-27T22:29:40.657000Z</time>
      </trkpt>
      <trkpt lat="39.8690422" lon="116.6873274">
        <ele>22.83431</ele>
        <time>2026-07-27T22:29:44.639000Z</time>
      </trkpt>
      <trkpt lat="39.869001" lon="116.6874561">
        <ele>22.88488</ele>
        <time>2026-07-27T22:29:48.620000Z</time>
      </trkpt>
      <trkpt lat="39.8689595" lon="116.6875836">
        <ele>22.9116</ele>
        <time>2026-07-27T22:29:52.602000Z</time>
      </trkpt>
      <trkpt lat="39.8689211" lon="116.6877088">
        <ele>22.92477</ele>
        <time>2026-07-27T22:29:56.583000Z</time>
      </trkpt>
      <trkpt lat="39.8688837" lon="116.687838">
        <ele>22.94475</ele>
        <time>2026-07-27T22:30:00.565000Z</time>
      </trkpt>
      <trkpt lat="39.8688485" lon="116.6879685">
        <ele>22.97777</ele>
        <time>2026-07-27T22:30:04.546000Z</time>
      </trkpt>
      <trkpt lat="39.8688128" lon="116.6880947">
        <ele>23.00832</ele>
        <time>2026-07-27T22:30:08.528000Z</time>
      </trkpt>
      <trkpt lat="39.8687769" lon="116.6882162">
        <ele>23.00238</ele>
        <time>2026-07-27T22:30:12.509000Z</time>
      </trkpt>
      <trkpt lat="39.8687414" lon="116.6883405">
        <ele>22.94157</ele>
        <time>2026-07-27T22:30:16.491000Z</time>
      </trkpt>
      <trkpt lat="39.86871" lon="116.6884718">
        <ele>22.86585</ele>
        <time>2026-07-27T22:30:20.473000Z</time>
      </trkpt>
      <trkpt lat="39.8686779" lon="116.688606">
        <ele>22.8195</ele>
        <time>2026-07-27T22:30:24.454000Z</time>
      </trkpt>
      <trkpt lat="39.8686366" lon="116.688736">
        <ele>22.82169</ele>
        <time>2026-07-27T22:30:28.436000Z</time>
      </trkpt>
      <trkpt lat="39.8685753" lon="116.6888431">
        <ele>22.85808</ele>
        <time>2026-07-27T22:30:32.417000Z</time>
      </trkpt>
      <trkpt lat="39.8684812" lon="116.6889011">
        <ele>22.9177</ele>
        <time>2026-07-27T22:30:36.399000Z</time>
      </trkpt>
      <trkpt lat="39.8683696" lon="116.6889032">
        <ele>22.99793</ele>
        <time>2026-07-27T22:30:40.380000Z</time>
      </trkpt>
      <trkpt lat="39.8682596" lon="116.6888867">
        <ele>23.09196</ele>
        <time>2026-07-27T22:30:44.362000Z</time>
      </trkpt>
      <trkpt lat="39.8681496" lon="116.6888762">
        <ele>23.17152</ele>
        <time>2026-07-27T22:30:48.343000Z</time>
      </trkpt>
      <trkpt lat="39.8680378" lon="116.6888704">
        <ele>23.2085</ele>
        <time>2026-07-27T22:30:52.325000Z</time>
      </trkpt>
      <trkpt lat="39.8679277" lon="116.6888654">
        <ele>23.20186</ele>
        <time>2026-07-27T22:30:56.306000Z</time>
      </trkpt>
      <trkpt lat="39.8678178" lon="116.6888643">
        <ele>23.14697</ele>
        <time>2026-07-27T22:31:00.288000Z</time>
      </trkpt>
      <trkpt lat="39.8677093" lon="116.688872">
        <ele>23.03883</ele>
        <time>2026-07-27T22:31:04.269000Z</time>
      </trkpt>
      <trkpt lat="39.8676025" lon="116.6888859">
        <ele>22.87237</ele>
        <time>2026-07-27T22:31:08.251000Z</time>
      </trkpt>
      <trkpt lat="39.8675022" lon="116.6889098">
        <ele>22.67456</ele>
        <time>2026-07-27T22:31:12.232000Z</time>
      </trkpt>
      <trkpt lat="39.8674061" lon="116.6889369">
        <ele>22.49402</ele>
        <time>2026-07-27T22:31:16.214000Z</time>
      </trkpt>
      <trkpt lat="39.8673075" lon="116.6889622">
        <ele>22.33616</ele>
        <time>2026-07-27T22:31:20.195000Z</time>
      </trkpt>
      <trkpt lat="39.8672049" lon="116.6889937">
        <ele>22.18282</ele>
        <time>2026-07-27T22:31:24.177000Z</time>
      </trkpt>
      <trkpt lat="39.8671027" lon="116.6890251">
        <ele>22.02748</ele>
        <time>2026-07-27T22:31:28.158000Z</time>
      </trkpt>
      <trkpt lat="39.8669981" lon="116.6890561">
        <ele>21.85424</ele>
        <time>2026-07-27T22:31:32.140000Z</time>
      </trkpt>
      <trkpt lat="39.8668988" lon="116.6890865">
        <ele>21.68896</ele>
        <time>2026-07-27T22:31:36Z</time>
      </trkpt>
      <trkpt lat="39.8667957" lon="116.6891173">
        <ele>21.56055</ele>
        <time>2026-07-27T22:31:40Z</time>
      </trkpt>
      <trkpt lat="39.8666932" lon="116.6891511">
        <ele>21.45179</ele>
        <time>2026-07-27T22:31:44Z</time>
      </trkpt>
      <trkpt lat="39.866594" lon="116.6891922">
        <ele>21.35387</ele>
        <time>2026-07-27T22:31:48Z</time>
      </trkpt>
      <trkpt lat="39.8664961" lon="116.6892386">
        <ele>21.31675</ele>
        <time>2026-07-27T22:31:52Z</time>
      </trkpt>
      <trkpt lat="39.8663973" lon="116.6892917">
        <ele>21.46464</ele>
        <time>2026-07-27T22:31:56Z</time>
      </trkpt>
      <trkpt lat="39.8662999" lon="116.6893493">
        <ele>21.79342</ele>
        <time>2026-07-27T22:32:00.011000Z</time>
      </trkpt>
      <trkpt lat="39.8662006" lon="116.6894057">
        <ele>22.09154</ele>
        <time>2026-07-27T22:32:03.992000Z</time>
      </trkpt>
      <trkpt lat="39.866104" lon="116.6894639">
        <ele>22.31394</ele>
        <time>2026-07-27T22:32:07.974000Z</time>
      </trkpt>
      <trkpt lat="39.8660061" lon="116.6895226">
        <ele>22.45979</ele>
        <time>2026-07-27T22:32:11.955000Z</time>
      </trkpt>
      <trkpt lat="39.8659065" lon="116.6895773">
        <ele>22.51219</ele>
        <time>2026-07-27T22:32:15.937000Z</time>
      </trkpt>
      <trkpt lat="39.8658067" lon="116.6896292">
        <ele>22.50198</ele>
        <time>2026-07-27T22:32:19.918000Z</time>
      </trkpt>
      <trkpt lat="39.8657076" lon="116.6896831">
        <ele>22.44524</ele>
        <time>2026-07-27T22:32:23.900000Z</time>
      </trkpt>
      <trkpt lat="39.8656086" lon="116.6897369">
        <ele>22.38012</ele>
        <time>2026-07-27T22:32:27.882000Z</time>
      </trkpt>
      <trkpt lat="39.8655085" lon="116.6897882">
        <ele>22.29242</ele>
        <time>2026-07-27T22:32:31.863000Z</time>
      </trkpt>
      <trkpt lat="39.8654105" lon="116.6898362">
        <ele>22.17904</ele>
        <time>2026-07-27T22:32:35.845000Z</time>
      </trkpt>
      <trkpt lat="39.8653091" lon="116.68988">
        <ele>22.06188</ele>
        <time>2026-07-27T22:32:39.826000Z</time>
      </trkpt>
      <trkpt lat="39.8652041" lon="116.6899252">
        <ele>21.96923</ele>
        <time>2026-07-27T22:32:43.808000Z</time>
      </trkpt>
      <trkpt lat="39.8651038" lon="116.6899722">
        <ele>21.90878</ele>
        <time>2026-07-27T22:32:47.789000Z</time>
      </trkpt>
      <trkpt lat="39.8650074" lon="116.6900196">
        <ele>21.85421</ele>
        <time>2026-07-27T22:32:51.771000Z</time>
      </trkpt>
      <trkpt lat="39.8649106" lon="116.6900617">
        <ele>21.82274</ele>
        <time>2026-07-27T22:32:55.752000Z</time>
      </trkpt>
      <trkpt lat="39.8648121" lon="116.690099">
        <ele>21.82623</ele>
        <time>2026-07-27T22:32:59.734000Z</time>
      </trkpt>
      <trkpt lat="39.8647093" lon="116.6901338">
        <ele>21.82134</ele>
        <time>2026-07-27T22:33:03.715000Z</time>
      </trkpt>
      <trkpt lat="39.8646076" lon="116.6901599">
        <ele>21.78386</ele>
        <time>2026-07-27T22:33:07.697000Z</time>
      </trkpt>
      <trkpt lat="39.8645044" lon="116.6901915">
        <ele>21.72628</ele>
        <time>2026-07-27T22:33:11.678000Z</time>
      </trkpt>
      <trkpt lat="39.8644054" lon="116.6902342">
        <ele>21.67583</ele>
        <time>2026-07-27T22:33:15.660000Z</time>
      </trkpt>
      <trkpt lat="39.8643078" lon="116.6902789">
        <ele>21.65746</ele>
        <time>2026-07-27T22:33:19.642000Z</time>
      </trkpt>
      <trkpt lat="39.8642078" lon="116.6903185">
        <ele>21.63448</ele>
        <time>2026-07-27T22:33:23.623000Z</time>
      </trkpt>
      <trkpt lat="39.8641068" lon="116.6903563">
        <ele>21.57026</ele>
        <time>2026-07-27T22:33:27.605000Z</time>
      </trkpt>
      <trkpt lat="39.864007" lon="116.6903942">
        <ele>21.46755</ele>
        <time>2026-07-27T22:33:31.586000Z</time>
      </trkpt>
      <trkpt lat="39.8639137" lon="116.6904406">
        <ele>21.3612</ele>
        <time>2026-07-27T22:33:35.568000Z</time>
      </trkpt>
      <trkpt lat="39.8638215" lon="116.6904976">
        <ele>21.29104</ele>
        <time>2026-07-27T22:33:39.549000Z</time>
      </trkpt>
      <trkpt lat="39.8637288" lon="116.6905533">
        <ele>21.28002</ele>
        <time>2026-07-27T22:33:43.531000Z</time>
      </trkpt>
      <trkpt lat="39.8636308" lon="116.6906004">
        <ele>21.32496</ele>
        <time>2026-07-27T22:33:47.512000Z</time>
      </trkpt>
      <trkpt lat="39.8635338" lon="116.6906523">
        <ele>21.39969</ele>
        <time>2026-07-27T22:33:51.494000Z</time>
      </trkpt>
      <trkpt lat="39.863443" lon="116.6907134">
        <ele>21.47861</ele>
        <time>2026-07-27T22:33:55.475000Z</time>
      </trkpt>
      <trkpt lat="39.8633595" lon="116.6907802">
        <ele>21.55498</ele>
        <time>2026-07-27T22:33:59.457000Z</time>
      </trkpt>
      <trkpt lat="39.8632694" lon="116.6908381">
        <ele>21.62869</ele>
        <time>2026-07-27T22:34:03.439000Z</time>
      </trkpt>
      <trkpt lat="39.8631746" lon="116.6908932">
        <ele>21.68472</ele>
        <time>2026-07-27T22:34:07.420000Z</time>
      </trkpt>
      <trkpt lat="39.8630758" lon="116.6909406">
        <ele>21.72944</ele>
        <time>2026-07-27T22:34:11.402000Z</time>
      </trkpt>
      <trkpt lat="39.8629738" lon="116.6909781">
        <ele>21.76303</ele>
        <time>2026-07-27T22:34:15.383000Z</time>
      </trkpt>
      <trkpt lat="39.8628702" lon="116.6909992">
        <ele>21.79547</ele>
        <time>2026-07-27T22:34:19.365000Z</time>
      </trkpt>
      <trkpt lat="39.8627685" lon="116.6909651">
        <ele>21.84511</ele>
        <time>2026-07-27T22:34:23.346000Z</time>
      </trkpt>
      <trkpt lat="39.8626958" lon="116.6908584">
        <ele>21.90545</ele>
        <time>2026-07-27T22:34:27.328000Z</time>
      </trkpt>
      <trkpt lat="39.8626456" lon="116.6907248">
        <ele>21.96288</ele>
        <time>2026-07-27T22:34:31.309000Z</time>
      </trkpt>
      <trkpt lat="39.8625963" lon="116.6905893">
        <ele>21.99449</ele>
        <time>2026-07-27T22:34:35.291000Z</time>
      </trkpt>
      <trkpt lat="39.8625461" lon="116.6904559">
        <ele>21.97998</ele>
        <time>2026-07-27T22:34:39.272000Z</time>
      </trkpt>
      <trkpt lat="39.8624981" lon="116.6903284">
        <ele>21.94872</ele>
        <time>2026-07-27T22:34:43.254000Z</time>
      </trkpt>
      <trkpt lat="39.8624542" lon="116.6901995">
        <ele>21.91624</ele>
        <time>2026-07-27T22:34:47.236000Z</time>
      </trkpt>
      <trkpt lat="39.8624127" lon="116.6900781">
        <ele>21.87141</ele>
        <time>2026-07-27T22:34:51.217000Z</time>
      </trkpt>
      <trkpt lat="39.8623704" lon="116.6899586">
        <ele>21.80933</ele>
        <time>2026-07-27T22:34:55.199000Z</time>
      </trkpt>
      <trkpt lat="39.8623297" lon="116.6898363">
        <ele>21.73973</ele>
        <time>2026-07-27T22:34:59.180000Z</time>
      </trkpt>
      <trkpt lat="39.86229" lon="116.689713">
        <ele>21.70508</ele>
        <time>2026-07-27T22:35:03.162000Z</time>
      </trkpt>
      <trkpt lat="39.8622417" lon="116.6895972">
        <ele>21.74601</ele>
        <time>2026-07-27T22:35:07.143000Z</time>
      </trkpt>
      <trkpt lat="39.862188" lon="116.6894865">
        <ele>21.88303</ele>
        <time>2026-07-27T22:35:11.125000Z</time>
      </trkpt>
      <trkpt lat="39.8621478" lon="116.6893686">
        <ele>22.07509</ele>
        <time>2026-07-27T22:35:15.107000Z</time>
      </trkpt>
      <trkpt lat="39.8621138" lon="116.6892442">
        <ele>22.25137</ele>
        <time>2026-07-27T22:35:19.088000Z</time>
      </trkpt>
      <trkpt lat="39.8620808" lon="116.6891188">
        <ele>22.3581</ele>
        <time>2026-07-27T22:35:23.070000Z</time>
      </trkpt>
      <trkpt lat="39.8620505" lon="116.6889922">
        <ele>22.35514</ele>
        <time>2026-07-27T22:35:27.051000Z</time>
      </trkpt>
      <trkpt lat="39.8620214" lon="116.6888665">
        <ele>22.24497</ele>
        <time>2026-07-27T22:35:31.033000Z</time>
      </trkpt>
      <trkpt lat="39.8619893" lon="116.6887447">
        <ele>22.09646</ele>
        <time>2026-07-27T22:35:35.014000Z</time>
      </trkpt>
      <trkpt lat="39.8619529" lon="116.6886196">
        <ele>22.03251</ele>
        <time>2026-07-27T22:35:38.996000Z</time>
      </trkpt>
      <trkpt lat="39.8619197" lon="116.6884921">
        <ele>22.10686</ele>
        <time>2026-07-27T22:35:42.978000Z</time>
      </trkpt>
      <trkpt lat="39.8618919" lon="116.6883599">
        <ele>22.21016</ele>
        <time>2026-07-27T22:35:46.959000Z</time>
      </trkpt>
      <trkpt lat="39.8618667" lon="116.6882277">
        <ele>22.25725</ele>
        <time>2026-07-27T22:35:50.941000Z</time>
      </trkpt>
      <trkpt lat="39.8618332" lon="116.6880975">
        <ele>22.21363</ele>
        <time>2026-07-27T22:35:54.922000Z</time>
      </trkpt>
      <trkpt lat="39.8618002" lon="116.6879685">
        <ele>22.11699</ele>
        <time>2026-07-27T22:35:58.904000Z</time>
      </trkpt>
      <trkpt lat="39.8617674" lon="116.6878383">
        <ele>21.98759</ele>
        <time>2026-07-27T22:36:02.885000Z</time>
      </trkpt>
      <trkpt lat="39.8617349" lon="116.6877062">
        <ele>21.85587</ele>
        <time>2026-07-27T22:36:06.867000Z</time>
      </trkpt>
      <trkpt lat="39.8617104" lon="116.6875743">
        <ele>21.76756</ele>
        <time>2026-07-27T22:36:10.849000Z</time>
      </trkpt>
      <trkpt lat="39.8616873" lon="116.6874431">
        <ele>21.72786</ele>
        <time>2026-07-27T22:36:14.830000Z</time>
      </trkpt>
      <trkpt lat="39.8616654" lon="116.6873089">
        <ele>21.70542</ele>
        <time>2026-07-27T22:36:18.812000Z</time>
      </trkpt>
      <trkpt lat="39.8616522" lon="116.6871738">
        <ele>21.68762</ele>
        <time>2026-07-27T22:36:22.793000Z</time>
      </trkpt>
      <trkpt lat="39.8616462" lon="116.6870347">
        <ele>21.68776</ele>
        <time>2026-07-27T22:36:26.775000Z</time>
      </trkpt>
      <trkpt lat="39.8616432" lon="116.6868983">
        <ele>21.69748</ele>
        <time>2026-07-27T22:36:30.756000Z</time>
      </trkpt>
      <trkpt lat="39.8616327" lon="116.6867601">
        <ele>21.71129</ele>
        <time>2026-07-27T22:36:34.738000Z</time>
      </trkpt>
      <trkpt lat="39.8616167" lon="116.6866206">
        <ele>21.71915</ele>
        <time>2026-07-27T22:36:38.720000Z</time>
      </trkpt>
      <trkpt lat="39.8616035" lon="116.6864809">
        <ele>21.71415</ele>
        <time>2026-07-27T22:36:42.701000Z</time>
      </trkpt>
      <trkpt lat="39.861592" lon="116.6863418">
        <ele>21.72374</ele>
        <time>2026-07-27T22:36:46.683000Z</time>
      </trkpt>
      <trkpt lat="39.8615844" lon="116.6861965">
        <ele>21.74476</ele>
        <time>2026-07-27T22:36:50.664000Z</time>
      </trkpt>
      <trkpt lat="39.861582" lon="116.6860547">
        <ele>21.77701</ele>
        <time>2026-07-27T22:36:54.646000Z</time>
      </trkpt>
      <trkpt lat="39.8615801" lon="116.6859126">
        <ele>21.82494</ele>
        <time>2026-07-27T22:36:58.627000Z</time>
      </trkpt>
      <trkpt lat="39.8615824" lon="116.6857745">
        <ele>21.87458</ele>
        <time>2026-07-27T22:37:02.609000Z</time>
      </trkpt>
      <trkpt lat="39.8615818" lon="116.6856386">
        <ele>21.91663</ele>
        <time>2026-07-27T22:37:06.591000Z</time>
      </trkpt>
      <trkpt lat="39.8615727" lon="116.6855037">
        <ele>21.98067</ele>
        <time>2026-07-27T22:37:10.572000Z</time>
      </trkpt>
      <trkpt lat="39.861555" lon="116.6853758">
        <ele>22.09174</ele>
        <time>2026-07-27T22:37:14.554000Z</time>
      </trkpt>
      <trkpt lat="39.861542" lon="116.6852463">
        <ele>22.24089</ele>
        <time>2026-07-27T22:37:18.535000Z</time>
      </trkpt>
      <trkpt lat="39.8615343" lon="116.6851101">
        <ele>22.38094</ele>
        <time>2026-07-27T22:37:22.517000Z</time>
      </trkpt>
      <trkpt lat="39.8615139" lon="116.6849797">
        <ele>22.43786</ele>
        <time>2026-07-27T22:37:26.498000Z</time>
      </trkpt>
      <trkpt lat="39.8615137" lon="116.6848404">
        <ele>22.36726</ele>
        <time>2026-07-27T22:37:30.480000Z</time>
      </trkpt>
      <trkpt lat="39.861524" lon="116.6846935">
        <ele>22.22011</ele>
        <time>2026-07-27T22:37:34.461000Z</time>
      </trkpt>
      <trkpt lat="39.861529" lon="116.6845726">
        <ele>22.11303</ele>
        <time>2026-07-27T22:37:37.448000Z</time>
      </trkpt>
      <trkpt lat="39.8615317" lon="116.684449">
        <ele>22.04671</ele>
        <time>2026-07-27T22:37:40.434000Z</time>
      </trkpt>
      <trkpt lat="39.8615345" lon="116.684329">
        <ele>22.03972</ele>
        <time>2026-07-27T22:37:43.420000Z</time>
      </trkpt>
      <trkpt lat="39.8615436" lon="116.6841768">
        <ele>22.10285</ele>
        <time>2026-07-27T22:37:47.402000Z</time>
      </trkpt>
      <trkpt lat="39.8615481" lon="116.6840324">
        <ele>22.19633</ele>
        <time>2026-07-27T22:37:51.383000Z</time>
      </trkpt>
      <trkpt lat="39.8615206" lon="116.6839024">
        <ele>22.27073</ele>
        <time>2026-07-27T22:37:55.365000Z</time>
      </trkpt>
      <trkpt lat="39.8614407" lon="116.6838366">
        <ele>22.3139</ele>
        <time>2026-07-27T22:37:59.346000Z</time>
      </trkpt>
      <trkpt lat="39.8613315" lon="116.6838299">
        <ele>22.35205</ele>
        <time>2026-07-27T22:38:03.328000Z</time>
      </trkpt>
      <trkpt lat="39.8612155" lon="116.6838331">
        <ele>22.39884</ele>
        <time>2026-07-27T22:38:07.309000Z</time>
      </trkpt>
      <trkpt lat="39.8610953" lon="116.6838249">
        <ele>22.46242</ele>
        <time>2026-07-27T22:38:11.291000Z</time>
      </trkpt>
      <trkpt lat="39.8610053" lon="116.6838044">
        <ele>22.51585</ele>
        <time>2026-07-27T22:38:14.277000Z</time>
      </trkpt>
      <trkpt lat="39.8608902" lon="116.683775">
        <ele>22.57553</ele>
        <time>2026-07-27T22:38:18.259000Z</time>
      </trkpt>
      <trkpt lat="39.8607825" lon="116.6837798">
        <ele>22.61439</ele>
        <time>2026-07-27T22:38:22.240000Z</time>
      </trkpt>
      <trkpt lat="39.8606734" lon="116.6837961">
        <ele>22.64478</ele>
        <time>2026-07-27T22:38:26.222000Z</time>
      </trkpt>
      <trkpt lat="39.8605627" lon="116.6838008">
        <ele>22.70012</ele>
        <time>2026-07-27T22:38:30.203000Z</time>
      </trkpt>
      <trkpt lat="39.86045" lon="116.6837967">
        <ele>22.81047</ele>
        <time>2026-07-27T22:38:34.185000Z</time>
      </trkpt>
      <trkpt lat="39.8603331" lon="116.6837966">
        <ele>22.9926</ele>
        <time>2026-07-27T22:38:38.166000Z</time>
      </trkpt>
      <trkpt lat="39.8602192" lon="116.6838024">
        <ele>23.22641</ele>
        <time>2026-07-27T22:38:42.148000Z</time>
      </trkpt>
      <trkpt lat="39.8601027" lon="116.6838085">
        <ele>23.45568</ele>
        <time>2026-07-27T22:38:46.130000Z</time>
      </trkpt>
      <trkpt lat="39.8599879" lon="116.6838103">
        <ele>23.61437</ele>
        <time>2026-07-27T22:38:50.111000Z</time>
      </trkpt>
      <trkpt lat="39.8598739" lon="116.6838069">
        <ele>23.69614</ele>
        <time>2026-07-27T22:38:54.093000Z</time>
      </trkpt>
      <trkpt lat="39.859761" lon="116.6837989">
        <ele>23.75827</ele>
        <time>2026-07-27T22:38:58.074000Z</time>
      </trkpt>
      <trkpt lat="39.8596474" lon="116.6837922">
        <ele>23.81075</ele>
        <time>2026-07-27T22:39:02.056000Z</time>
      </trkpt>
      <trkpt lat="39.8595342" lon="116.6837895">
        <ele>23.84171</ele>
        <time>2026-07-27T22:39:06.037000Z</time>
      </trkpt>
      <trkpt lat="39.8594201" lon="116.6837886">
        <ele>23.83964</ele>
        <time>2026-07-27T22:39:10.019000Z</time>
      </trkpt>
      <trkpt lat="39.8593063" lon="116.6837832">
        <ele>23.83671</ele>
        <time>2026-07-27T22:39:14Z</time>
      </trkpt>
      <trkpt lat="39.8591924" lon="116.6837713">
        <ele>23.87295</ele>
        <time>2026-07-27T22:39:17.982000Z</time>
      </trkpt>
      <trkpt lat="39.8590841" lon="116.6837505">
        <ele>23.89831</ele>
        <time>2026-07-27T22:39:21.963000Z</time>
      </trkpt>
      <trkpt lat="39.859012" lon="116.6836532">
        <ele>23.84054</ele>
        <time>2026-07-27T22:39:26.940000Z</time>
      </trkpt>
      <trkpt lat="39.8590021" lon="116.6835155">
        <ele>23.70547</ele>
        <time>2026-07-27T22:39:30.922000Z</time>
      </trkpt>
      <trkpt lat="39.8590021" lon="116.6833711">
        <ele>23.52214</ele>
        <time>2026-07-27T22:39:34.903000Z</time>
      </trkpt>
      <trkpt lat="39.8589984" lon="116.6832294">
        <ele>23.32296</ele>
        <time>2026-07-27T22:39:38.885000Z</time>
      </trkpt>
      <trkpt lat="39.8589906" lon="116.683088">
        <ele>23.13232</ele>
        <time>2026-07-27T22:39:42.866000Z</time>
      </trkpt>
      <trkpt lat="39.858984" lon="116.682951">
        <ele>22.96108</ele>
        <time>2026-07-27T22:39:46.848000Z</time>
      </trkpt>
      <trkpt lat="39.8589725" lon="116.6828196">
        <ele>22.8214</ele>
        <time>2026-07-27T22:39:50.830000Z</time>
      </trkpt>
      <trkpt lat="39.8589634" lon="116.6826876">
        <ele>22.71809</ele>
        <time>2026-07-27T22:39:54.811000Z</time>
      </trkpt>
      <trkpt lat="39.8589687" lon="116.682547">
        <ele>22.63326</ele>
        <time>2026-07-27T22:39:58.793000Z</time>
      </trkpt>
      <trkpt lat="39.858977" lon="116.6824027">
        <ele>22.5742</ele>
        <time>2026-07-27T22:40:02.774000Z</time>
      </trkpt>
      <trkpt lat="39.8589813" lon="116.6822543">
        <ele>22.54856</ele>
        <time>2026-07-27T22:40:06.756000Z</time>
      </trkpt>
      <trkpt lat="39.8589857" lon="116.682109">
        <ele>22.55485</ele>
        <time>2026-07-27T22:40:10.737000Z</time>
      </trkpt>
      <trkpt lat="39.8589887" lon="116.6819666">
        <ele>22.61555</ele>
        <time>2026-07-27T22:40:14.719000Z</time>
      </trkpt>
      <trkpt lat="39.8589881" lon="116.6818211">
        <ele>22.72469</ele>
        <time>2026-07-27T22:40:18.700000Z</time>
      </trkpt>
      <trkpt lat="39.858988" lon="116.6816815">
        <ele>22.87792</ele>
        <time>2026-07-27T22:40:22.682000Z</time>
      </trkpt>
      <trkpt lat="39.8589905" lon="116.6815395">
        <ele>23.05476</ele>
        <time>2026-07-27T22:40:26.664000Z</time>
      </trkpt>
      <trkpt lat="39.8589945" lon="116.6813938">
        <ele>23.21854</ele>
        <time>2026-07-27T22:40:30.645000Z</time>
      </trkpt>
      <trkpt lat="39.8589978" lon="116.6812484">
        <ele>23.35597</ele>
        <time>2026-07-27T22:40:34.627000Z</time>
      </trkpt>
      <trkpt lat="39.8589971" lon="116.6811069">
        <ele>23.44436</ele>
        <time>2026-07-27T22:40:38.608000Z</time>
      </trkpt>
      <trkpt lat="39.858993" lon="116.6809678">
        <ele>23.45689</ele>
        <time>2026-07-27T22:40:42.590000Z</time>
      </trkpt>
      <trkpt lat="39.8589835" lon="116.6808259">
        <ele>23.39241</ele>
        <time>2026-07-27T22:40:46.571000Z</time>
      </trkpt>
      <trkpt lat="39.8589701" lon="116.6806871">
        <ele>23.25884</ele>
        <time>2026-07-27T22:40:50.553000Z</time>
      </trkpt>
      <trkpt lat="39.8589542" lon="116.6805462">
        <ele>23.07348</ele>
        <time>2026-07-27T22:40:54.534000Z</time>
      </trkpt>
      <trkpt lat="39.8589388" lon="116.6804035">
        <ele>22.86148</ele>
        <time>2026-07-27T22:40:58.516000Z</time>
      </trkpt>
      <trkpt lat="39.8589317" lon="116.6802575">
        <ele>22.65212</ele>
        <time>2026-07-27T22:41:02.498000Z</time>
      </trkpt>
      <trkpt lat="39.8589259" lon="116.6801126">
        <ele>22.47674</ele>
        <time>2026-07-27T22:41:06.479000Z</time>
      </trkpt>
      <trkpt lat="39.8589205" lon="116.6799699">
        <ele>22.38491</ele>
        <time>2026-07-27T22:41:10.461000Z</time>
      </trkpt>
      <trkpt lat="39.8589174" lon="116.6798283">
        <ele>22.38693</ele>
        <time>2026-07-27T22:41:14.442000Z</time>
      </trkpt>
      <trkpt lat="39.8589155" lon="116.6796841">
        <ele>22.43772</ele>
        <time>2026-07-27T22:41:18.424000Z</time>
      </trkpt>
      <trkpt lat="39.8589191" lon="116.6795322">
        <ele>22.49731</ele>
        <time>2026-07-27T22:41:22.405000Z</time>
      </trkpt>
      <trkpt lat="39.8589341" lon="116.6793791">
        <ele>22.58672</ele>
        <time>2026-07-27T22:41:26.387000Z</time>
      </trkpt>
      <trkpt lat="39.8589342" lon="116.6792274">
        <ele>22.74492</ele>
        <time>2026-07-27T22:41:30.369000Z</time>
      </trkpt>
      <trkpt lat="39.8589214" lon="116.6790767">
        <ele>22.97799</ele>
        <time>2026-07-27T22:41:34.350000Z</time>
      </trkpt>
      <trkpt lat="39.8589075" lon="116.6789263">
        <ele>23.24426</ele>
        <time>2026-07-27T22:41:38.332000Z</time>
      </trkpt>
      <trkpt lat="39.8588988" lon="116.6787781">
        <ele>23.47925</ele>
        <time>2026-07-27T22:41:42.313000Z</time>
      </trkpt>
      <trkpt lat="39.8588948" lon="116.6786314">
        <ele>23.62877</ele>
        <time>2026-07-27T22:41:46.295000Z</time>
      </trkpt>
      <trkpt lat="39.8588925" lon="116.6784896">
        <ele>23.69289</ele>
        <time>2026-07-27T22:41:50.276000Z</time>
      </trkpt>
      <trkpt lat="39.8589025" lon="116.6783449">
        <ele>23.69667</ele>
        <time>2026-07-27T22:41:54.258000Z</time>
      </trkpt>
      <trkpt lat="39.8589135" lon="116.6781939">
        <ele>23.66709</ele>
        <time>2026-07-27T22:41:58.239000Z</time>
      </trkpt>
      <trkpt lat="39.858933" lon="116.6780449">
        <ele>23.63818</ele>
        <time>2026-07-27T22:42:02.221000Z</time>
      </trkpt>
      <trkpt lat="39.8589549" lon="116.6779024">
        <ele>23.59506</ele>
        <time>2026-07-27T22:42:06.203000Z</time>
      </trkpt>
      <trkpt lat="39.8589685" lon="116.6777603">
        <ele>23.5224</ele>
        <time>2026-07-27T22:42:10.184000Z</time>
      </trkpt>
      <trkpt lat="39.8589797" lon="116.6776207">
        <ele>23.42901</ele>
        <time>2026-07-27T22:42:14.166000Z</time>
      </trkpt>
      <trkpt lat="39.8589872" lon="116.6774789">
        <ele>23.36858</ele>
        <time>2026-07-27T22:42:18.147000Z</time>
      </trkpt>
      <trkpt lat="39.8589953" lon="116.6773463">
        <ele>23.37449</ele>
        <time>2026-07-27T22:42:22Z</time>
      </trkpt>
      <trkpt lat="39.8590066" lon="116.6772093">
        <ele>23.43154</ele>
        <time>2026-07-27T22:42:26Z</time>
      </trkpt>
      <trkpt lat="39.8590172" lon="116.6770693">
        <ele>23.49097</ele>
        <time>2026-07-27T22:42:30Z</time>
      </trkpt>
      <trkpt lat="39.8590193" lon="116.6769313">
        <ele>23.48245</ele>
        <time>2026-07-27T22:42:34Z</time>
      </trkpt>
      <trkpt lat="39.8590038" lon="116.6767982">
        <ele>23.40428</ele>
        <time>2026-07-27T22:42:38.055000Z</time>
      </trkpt>
      <trkpt lat="39.8589904" lon="116.6766627">
        <ele>23.35262</ele>
        <time>2026-07-27T22:42:42.037000Z</time>
      </trkpt>
      <trkpt lat="39.8589824" lon="116.6765197">
        <ele>23.3391</ele>
        <time>2026-07-27T22:42:46.018000Z</time>
      </trkpt>
      <trkpt lat="39.8589825" lon="116.6763728">
        <ele>23.30691</ele>
        <time>2026-07-27T22:42:50Z</time>
      </trkpt>
      <trkpt lat="39.8589925" lon="116.6762266">
        <ele>23.20655</ele>
        <time>2026-07-27T22:42:53.982000Z</time>
      </trkpt>
      <trkpt lat="39.8590081" lon="116.6760831">
        <ele>23.12593</ele>
        <time>2026-07-27T22:42:57.963000Z</time>
      </trkpt>
      <trkpt lat="39.859016" lon="116.675945">
        <ele>23.10084</ele>
        <time>2026-07-27T22:43:01.945000Z</time>
      </trkpt>
      <trkpt lat="39.8590194" lon="116.6758109">
        <ele>23.11681</ele>
        <time>2026-07-27T22:43:05.926000Z</time>
      </trkpt>
      <trkpt lat="39.8590237" lon="116.6756745">
        <ele>23.16196</ele>
        <time>2026-07-27T22:43:09.908000Z</time>
      </trkpt>
      <trkpt lat="39.8590181" lon="116.6755416">
        <ele>23.21196</ele>
        <time>2026-07-27T22:43:13.889000Z</time>
      </trkpt>
      <trkpt lat="39.8590068" lon="116.675409">
        <ele>23.22595</ele>
        <time>2026-07-27T22:43:17.871000Z</time>
      </trkpt>
      <trkpt lat="39.8590093" lon="116.6752699">
        <ele>23.19328</ele>
        <time>2026-07-27T22:43:21.853000Z</time>
      </trkpt>
      <trkpt lat="39.859014" lon="116.6751249">
        <ele>23.12112</ele>
        <time>2026-07-27T22:43:25.834000Z</time>
      </trkpt>
      <trkpt lat="39.8590166" lon="116.6749784">
        <ele>23.02958</ele>
        <time>2026-07-27T22:43:29.816000Z</time>
      </trkpt>
      <trkpt lat="39.8590164" lon="116.6748321">
        <ele>22.9491</ele>
        <time>2026-07-27T22:43:33.797000Z</time>
      </trkpt>
      <trkpt lat="39.8590153" lon="116.6746853">
        <ele>22.90105</ele>
        <time>2026-07-27T22:43:37.779000Z</time>
      </trkpt>
      <trkpt lat="39.859013" lon="116.6745419">
        <ele>22.88284</ele>
        <time>2026-07-27T22:43:41.761000Z</time>
      </trkpt>
      <trkpt lat="39.8590031" lon="116.6744046">
        <ele>22.87785</ele>
        <time>2026-07-27T22:43:45.742000Z</time>
      </trkpt>
      <trkpt lat="39.8589911" lon="116.674268">
        <ele>22.86458</ele>
        <time>2026-07-27T22:43:49.724000Z</time>
      </trkpt>
      <trkpt lat="39.8589795" lon="116.6741332">
        <ele>22.82688</ele>
        <time>2026-07-27T22:43:53.705000Z</time>
      </trkpt>
      <trkpt lat="39.8589621" lon="116.6740027">
        <ele>22.77295</ele>
        <time>2026-07-27T22:43:57.687000Z</time>
      </trkpt>
      <trkpt lat="39.8589555" lon="116.6738754">
        <ele>22.71025</ele>
        <time>2026-07-27T22:44:01.669000Z</time>
      </trkpt>
      <trkpt lat="39.8589526" lon="116.6737442">
        <ele>22.64945</ele>
        <time>2026-07-27T22:44:05.650000Z</time>
      </trkpt>
      <trkpt lat="39.8589485" lon="116.6736128">
        <ele>22.60151</ele>
        <time>2026-07-27T22:44:09.632000Z</time>
      </trkpt>
      <trkpt lat="39.8589443" lon="116.6734834">
        <ele>22.55745</ele>
        <time>2026-07-27T22:44:13.613000Z</time>
      </trkpt>
      <trkpt lat="39.8589406" lon="116.6733496">
        <ele>22.5149</ele>
        <time>2026-07-27T22:44:17.595000Z</time>
      </trkpt>
      <trkpt lat="39.8589358" lon="116.6732117">
        <ele>22.488</ele>
        <time>2026-07-27T22:44:21.577000Z</time>
      </trkpt>
      <trkpt lat="39.8589325" lon="116.6730737">
        <ele>22.48159</ele>
        <time>2026-07-27T22:44:25.558000Z</time>
      </trkpt>
      <trkpt lat="39.8589267" lon="116.6729367">
        <ele>22.47803</ele>
        <time>2026-07-27T22:44:29.540000Z</time>
      </trkpt>
      <trkpt lat="39.858923" lon="116.6727995">
        <ele>22.46214</ele>
        <time>2026-07-27T22:44:33.521000Z</time>
      </trkpt>
      <trkpt lat="39.8589213" lon="116.6726629">
        <ele>22.44301</ele>
        <time>2026-07-27T22:44:37.503000Z</time>
      </trkpt>
      <trkpt lat="39.8589201" lon="116.6725227">
        <ele>22.43064</ele>
        <time>2026-07-27T22:44:41.485000Z</time>
      </trkpt>
      <trkpt lat="39.858923" lon="116.6723823">
        <ele>22.45185</ele>
        <time>2026-07-27T22:44:45.466000Z</time>
      </trkpt>
      <trkpt lat="39.8589295" lon="116.6722415">
        <ele>22.48662</ele>
        <time>2026-07-27T22:44:49.448000Z</time>
      </trkpt>
      <trkpt lat="39.8589387" lon="116.6721001">
        <ele>22.49918</ele>
        <time>2026-07-27T22:44:53.429000Z</time>
      </trkpt>
      <trkpt lat="39.8589517" lon="116.6719572">
        <ele>22.48433</ele>
        <time>2026-07-27T22:44:57.411000Z</time>
      </trkpt>
      <trkpt lat="39.8589604" lon="116.6718146">
        <ele>22.45093</ele>
        <time>2026-07-27T22:45:01.393000Z</time>
      </trkpt>
      <trkpt lat="39.8589672" lon="116.6716716">
        <ele>22.39944</ele>
        <time>2026-07-27T22:45:05.374000Z</time>
      </trkpt>
      <trkpt lat="39.8589734" lon="116.6715282">
        <ele>22.34215</ele>
        <time>2026-07-27T22:45:09.356000Z</time>
      </trkpt>
      <trkpt lat="39.8589859" lon="116.671388">
        <ele>22.29313</ele>
        <time>2026-07-27T22:45:13.337000Z</time>
      </trkpt>
      <trkpt lat="39.8589989" lon="116.6712551">
        <ele>22.25214</ele>
        <time>2026-07-27T22:45:17.319000Z</time>
      </trkpt>
      <trkpt lat="39.8590098" lon="116.6711231">
        <ele>22.20827</ele>
        <time>2026-07-27T22:45:21.301000Z</time>
      </trkpt>
      <trkpt lat="39.8590186" lon="116.6709901">
        <ele>22.16688</ele>
        <time>2026-07-27T22:45:25.282000Z</time>
      </trkpt>
      <trkpt lat="39.8590248" lon="116.6708561">
        <ele>22.13327</ele>
        <time>2026-07-27T22:45:29.264000Z</time>
      </trkpt>
      <trkpt lat="39.8590283" lon="116.6707282">
        <ele>22.10374</ele>
        <time>2026-07-27T22:45:33.245000Z</time>
      </trkpt>
      <trkpt lat="39.859029" lon="116.6705999">
        <ele>22.08669</ele>
        <time>2026-07-27T22:45:37.227000Z</time>
      </trkpt>
      <trkpt lat="39.8590267" lon="116.6704696">
        <ele>22.07776</ele>
        <time>2026-07-27T22:45:41.209000Z</time>
      </trkpt>
      <trkpt lat="39.8590217" lon="116.670338">
        <ele>22.06603</ele>
        <time>2026-07-27T22:45:45.190000Z</time>
      </trkpt>
      <trkpt lat="39.8590122" lon="116.6702064">
        <ele>22.05866</ele>
        <time>2026-07-27T22:45:49.172000Z</time>
      </trkpt>
      <trkpt lat="39.8590131" lon="116.6700767">
        <ele>22.07245</ele>
        <time>2026-07-27T22:45:53.153000Z</time>
      </trkpt>
      <trkpt lat="39.859019" lon="116.6699433">
        <ele>22.1229</ele>
        <time>2026-07-27T22:45:57.135000Z</time>
      </trkpt>
      <trkpt lat="39.8590224" lon="116.6698087">
        <ele>22.21996</ele>
        <time>2026-07-27T22:46:01.117000Z</time>
      </trkpt>
      <trkpt lat="39.8590234" lon="116.6696764">
        <ele>22.33803</ele>
        <time>2026-07-27T22:46:05.098000Z</time>
      </trkpt>
      <trkpt lat="39.8590219" lon="116.6695449">
        <ele>22.44815</ele>
        <time>2026-07-27T22:46:09.080000Z</time>
      </trkpt>
      <trkpt lat="39.8590196" lon="116.669411">
        <ele>22.54129</ele>
        <time>2026-07-27T22:46:13.061000Z</time>
      </trkpt>
      <trkpt lat="39.8590173" lon="116.6692765">
        <ele>22.62342</ele>
        <time>2026-07-27T22:46:17.043000Z</time>
      </trkpt>
      <trkpt lat="39.8590056" lon="116.6691448">
        <ele>22.68189</ele>
        <time>2026-07-27T22:46:21.025000Z</time>
      </trkpt>
      <trkpt lat="39.8589983" lon="116.6690124">
        <ele>22.70651</ele>
        <time>2026-07-27T22:46:25.006000Z</time>
      </trkpt>
      <trkpt lat="39.859007" lon="116.6688805">
        <ele>22.70089</ele>
        <time>2026-07-27T22:46:28.988000Z</time>
      </trkpt>
      <trkpt lat="39.8590188" lon="116.6687438">
        <ele>22.69811</ele>
        <time>2026-07-27T22:46:32.969000Z</time>
      </trkpt>
      <trkpt lat="39.8590235" lon="116.6686055">
        <ele>22.712</ele>
        <time>2026-07-27T22:46:36.951000Z</time>
      </trkpt>
      <trkpt lat="39.8590236" lon="116.6684692">
        <ele>22.74287</ele>
        <time>2026-07-27T22:46:40.933000Z</time>
      </trkpt>
      <trkpt lat="39.8590156" lon="116.6683345">
        <ele>22.79136</ele>
        <time>2026-07-27T22:46:44.914000Z</time>
      </trkpt>
      <trkpt lat="39.8590037" lon="116.6682003">
        <ele>22.84364</ele>
        <time>2026-07-27T22:46:48.896000Z</time>
      </trkpt>
      <trkpt lat="39.8589939" lon="116.6680654">
        <ele>22.87144</ele>
        <time>2026-07-27T22:46:52.877000Z</time>
      </trkpt>
      <trkpt lat="39.8589888" lon="116.6679271">
        <ele>22.88163</ele>
        <time>2026-07-27T22:46:56.859000Z</time>
      </trkpt>
      <trkpt lat="39.8589931" lon="116.6677829">
        <ele>22.88321</ele>
        <time>2026-07-27T22:47:00.841000Z</time>
      </trkpt>
      <trkpt lat="39.8589976" lon="116.6676313">
        <ele>22.84116</ele>
        <time>2026-07-27T22:47:04.822000Z</time>
      </trkpt>
      <trkpt lat="39.8589914" lon="116.6674789">
        <ele>22.74124</ele>
        <time>2026-07-27T22:47:08.804000Z</time>
      </trkpt>
      <trkpt lat="39.8589861" lon="116.6673287">
        <ele>22.62071</ele>
        <time>2026-07-27T22:47:12.785000Z</time>
      </trkpt>
      <trkpt lat="39.8589834" lon="116.667178">
        <ele>22.53166</ele>
        <time>2026-07-27T22:47:16.767000Z</time>
      </trkpt>
      <trkpt lat="39.8589821" lon="116.6670297">
        <ele>22.48776</ele>
        <time>2026-07-27T22:47:20.748000Z</time>
      </trkpt>
      <trkpt lat="39.8589804" lon="116.666887">
        <ele>22.45515</ele>
        <time>2026-07-27T22:47:24.730000Z</time>
      </trkpt>
      <trkpt lat="39.8589805" lon="116.6667475">
        <ele>22.417</ele>
        <time>2026-07-27T22:47:28.712000Z</time>
      </trkpt>
      <trkpt lat="39.858981" lon="116.6666102">
        <ele>22.40409</ele>
        <time>2026-07-27T22:47:32.693000Z</time>
      </trkpt>
      <trkpt lat="39.85898" lon="116.6664667">
        <ele>22.41581</ele>
        <time>2026-07-27T22:47:36.675000Z</time>
      </trkpt>
      <trkpt lat="39.8589783" lon="116.6663218">
        <ele>22.43388</ele>
        <time>2026-07-27T22:47:40.656000Z</time>
      </trkpt>
      <trkpt lat="39.8589762" lon="116.6661808">
        <ele>22.46017</ele>
        <time>2026-07-27T22:47:44.638000Z</time>
      </trkpt>
      <trkpt lat="39.8589791" lon="116.666038">
        <ele>22.48487</ele>
        <time>2026-07-27T22:47:48.620000Z</time>
      </trkpt>
      <trkpt lat="39.8589841" lon="116.6658957">
        <ele>22.50569</ele>
        <time>2026-07-27T22:47:52.601000Z</time>
      </trkpt>
      <trkpt lat="39.8589924" lon="116.6657543">
        <ele>22.53978</ele>
        <time>2026-07-27T22:47:56.583000Z</time>
      </trkpt>
      <trkpt lat="39.8590012" lon="116.6656126">
        <ele>22.6003</ele>
        <time>2026-07-27T22:48:00.564000Z</time>
      </trkpt>
      <trkpt lat="39.8590102" lon="116.665474">
        <ele>22.69479</ele>
        <time>2026-07-27T22:48:04.546000Z</time>
      </trkpt>
      <trkpt lat="39.8590185" lon="116.6653305">
        <ele>22.82621</ele>
        <time>2026-07-27T22:48:08.527000Z</time>
      </trkpt>
      <trkpt lat="39.8590238" lon="116.6651877">
        <ele>22.98424</ele>
        <time>2026-07-27T22:48:12.509000Z</time>
      </trkpt>
      <trkpt lat="39.8590328" lon="116.6650446">
        <ele>23.17372</ele>
        <time>2026-07-27T22:48:16.491000Z</time>
      </trkpt>
      <trkpt lat="39.8590369" lon="116.6649018">
        <ele>23.3924</ele>
        <time>2026-07-27T22:48:20.472000Z</time>
      </trkpt>
      <trkpt lat="39.8590386" lon="116.6647587">
        <ele>23.64081</ele>
        <time>2026-07-27T22:48:24.454000Z</time>
      </trkpt>
      <trkpt lat="39.8590432" lon="116.6646136">
        <ele>23.91213</ele>
        <time>2026-07-27T22:48:28.435000Z</time>
      </trkpt>
      <trkpt lat="39.8590511" lon="116.6644698">
        <ele>24.1845</ele>
        <time>2026-07-27T22:48:32.417000Z</time>
      </trkpt>
      <trkpt lat="39.8590447" lon="116.6643262">
        <ele>24.43082</ele>
        <time>2026-07-27T22:48:36.399000Z</time>
      </trkpt>
      <trkpt lat="39.8590387" lon="116.6641789">
        <ele>24.62181</ele>
        <time>2026-07-27T22:48:40.380000Z</time>
      </trkpt>
      <trkpt lat="39.8590404" lon="116.6640343">
        <ele>24.73902</ele>
        <time>2026-07-27T22:48:44.362000Z</time>
      </trkpt>
      <trkpt lat="39.8590345" lon="116.663894">
        <ele>24.80694</ele>
        <time>2026-07-27T22:48:48.343000Z</time>
      </trkpt>
      <trkpt lat="39.8590238" lon="116.6637549">
        <ele>24.86563</ele>
        <time>2026-07-27T22:48:52.325000Z</time>
      </trkpt>
      <trkpt lat="39.8590226" lon="116.6636217">
        <ele>24.95678</ele>
        <time>2026-07-27T22:48:56.306000Z</time>
      </trkpt>
      <trkpt lat="39.8590267" lon="116.6634786">
        <ele>25.06396</ele>
        <time>2026-07-27T22:49:00.288000Z</time>
      </trkpt>
      <trkpt lat="39.8590285" lon="116.6633311">
        <ele>25.14617</ele>
        <time>2026-07-27T22:49:04.270000Z</time>
      </trkpt>
      <trkpt lat="39.8590303" lon="116.6631793">
        <ele>25.18334</ele>
        <time>2026-07-27T22:49:08.251000Z</time>
      </trkpt>
      <trkpt lat="39.8590335" lon="116.6630301">
        <ele>25.16694</ele>
        <time>2026-07-27T22:49:12.233000Z</time>
      </trkpt>
      <trkpt lat="39.8590367" lon="116.6628855">
        <ele>25.09336</ele>
        <time>2026-07-27T22:49:16.214000Z</time>
      </trkpt>
      <trkpt lat="39.8590416" lon="116.6627406">
        <ele>24.98283</ele>
        <time>2026-07-27T22:49:20.196000Z</time>
      </trkpt>
      <trkpt lat="39.8590445" lon="116.6626011">
        <ele>24.88184</ele>
        <time>2026-07-27T22:49:24.178000Z</time>
      </trkpt>
      <trkpt lat="39.8590348" lon="116.6624759">
        <ele>24.80484</ele>
        <time>2026-07-27T22:49:28.159000Z</time>
      </trkpt>
      <trkpt lat="39.8590378" lon="116.6623549">
        <ele>24.75459</ele>
        <time>2026-07-27T22:49:32.141000Z</time>
      </trkpt>
      <trkpt lat="39.8590465" lon="116.6622304">
        <ele>24.72623</ele>
        <time>2026-07-27T22:49:36Z</time>
      </trkpt>
      <trkpt lat="39.8590463" lon="116.6620959">
        <ele>24.69663</ele>
        <time>2026-07-27T22:49:40Z</time>
      </trkpt>
      <trkpt lat="39.859041" lon="116.6619573">
        <ele>24.68849</ele>
        <time>2026-07-27T22:49:44Z</time>
      </trkpt>
      <trkpt lat="39.8590325" lon="116.6618201">
        <ele>24.75427</ele>
        <time>2026-07-27T22:49:48Z</time>
      </trkpt>
      <trkpt lat="39.8590222" lon="116.6616831">
        <ele>24.90724</ele>
        <time>2026-07-27T22:49:52.059000Z</time>
      </trkpt>
      <trkpt lat="39.8590098" lon="116.6615445">
        <ele>25.05531</ele>
        <time>2026-07-27T22:49:56.040000Z</time>
      </trkpt>
      <trkpt lat="39.8589983" lon="116.6614105">
        <ele>25.16872</ele>
        <time>2026-07-27T22:50:00.022000Z</time>
      </trkpt>
      <trkpt lat="39.8589949" lon="116.6612807">
        <ele>25.25686</ele>
        <time>2026-07-27T22:50:04.004000Z</time>
      </trkpt>
      <trkpt lat="39.8589973" lon="116.6611548">
        <ele>25.32684</ele>
        <time>2026-07-27T22:50:07.985000Z</time>
      </trkpt>
      <trkpt lat="39.8589942" lon="116.6610217">
        <ele>25.36738</ele>
        <time>2026-07-27T22:50:11.967000Z</time>
      </trkpt>
      <trkpt lat="39.8589928" lon="116.660889">
        <ele>25.35951</ele>
        <time>2026-07-27T22:50:15.948000Z</time>
      </trkpt>
      <trkpt lat="39.8589874" lon="116.6607547">
        <ele>25.29147</ele>
        <time>2026-07-27T22:50:19.930000Z</time>
      </trkpt>
      <trkpt lat="39.8589818" lon="116.6606171">
        <ele>25.16493</ele>
        <time>2026-07-27T22:50:23.912000Z</time>
      </trkpt>
      <trkpt lat="39.8589774" lon="116.6604797">
        <ele>25.00016</ele>
        <time>2026-07-27T22:50:27.893000Z</time>
      </trkpt>
      <trkpt lat="39.8589725" lon="116.660343">
        <ele>24.83661</ele>
        <time>2026-07-27T22:50:31.875000Z</time>
      </trkpt>
      <trkpt lat="39.8589724" lon="116.6602078">
        <ele>24.71745</ele>
        <time>2026-07-27T22:50:35.857000Z</time>
      </trkpt>
      <trkpt lat="39.8589781" lon="116.6600892">
        <ele>24.64213</ele>
        <time>2026-07-27T22:50:39.838000Z</time>
      </trkpt>
      <trkpt lat="39.8589848" lon="116.6599602">
        <ele>24.55218</ele>
        <time>2026-07-27T22:50:44.815000Z</time>
      </trkpt>
      <trkpt lat="39.8589934" lon="116.6598198">
        <ele>24.47334</ele>
        <time>2026-07-27T22:50:48.797000Z</time>
      </trkpt>
      <trkpt lat="39.8589919" lon="116.6596985">
        <ele>24.41351</ele>
        <time>2026-07-27T22:50:51.783000Z</time>
      </trkpt>
      <trkpt lat="39.8589946" lon="116.659546">
        <ele>24.33655</ele>
        <time>2026-07-27T22:50:55.765000Z</time>
      </trkpt>
      <trkpt lat="39.8589992" lon="116.6593983">
        <ele>24.25046</ele>
        <time>2026-07-27T22:50:59.746000Z</time>
      </trkpt>
      <trkpt lat="39.8590035" lon="116.6592542">
        <ele>24.14918</ele>
        <time>2026-07-27T22:51:03.728000Z</time>
      </trkpt>
      <trkpt lat="39.8590058" lon="116.6591171">
        <ele>24.06227</ele>
        <time>2026-07-27T22:51:07.709000Z</time>
      </trkpt>
      <trkpt lat="39.8590139" lon="116.6589761">
        <ele>24.01205</ele>
        <time>2026-07-27T22:51:11.691000Z</time>
      </trkpt>
      <trkpt lat="39.8590259" lon="116.658835">
        <ele>24.00451</ele>
        <time>2026-07-27T22:51:15.672000Z</time>
      </trkpt>
      <trkpt lat="39.859039" lon="116.6586928">
        <ele>24.05133</ele>
        <time>2026-07-27T22:51:19.654000Z</time>
      </trkpt>
      <trkpt lat="39.859048" lon="116.6585493">
        <ele>24.13399</ele>
        <time>2026-07-27T22:51:23.636000Z</time>
      </trkpt>
      <trkpt lat="39.8590547" lon="116.6584067">
        <ele>24.2437</ele>
        <time>2026-07-27T22:51:27.617000Z</time>
      </trkpt>
      <trkpt lat="39.8590612" lon="116.6582676">
        <ele>24.38009</ele>
        <time>2026-07-27T22:51:31.599000Z</time>
      </trkpt>
      <trkpt lat="39.8590615" lon="116.6581278">
        <ele>24.53171</ele>
        <time>2026-07-27T22:51:35.580000Z</time>
      </trkpt>
      <trkpt lat="39.8590542" lon="116.6579856">
        <ele>24.68231</ele>
        <time>2026-07-27T22:51:39.562000Z</time>
      </trkpt>
      <trkpt lat="39.859045" lon="116.6578461">
        <ele>24.83733</ele>
        <time>2026-07-27T22:51:43.544000Z</time>
      </trkpt>
      <trkpt lat="39.8590422" lon="116.6577111">
        <ele>25.00715</ele>
        <time>2026-07-27T22:51:47.525000Z</time>
      </trkpt>
      <trkpt lat="39.8590392" lon="116.6575709">
        <ele>25.19133</ele>
        <time>2026-07-27T22:51:51.507000Z</time>
      </trkpt>
      <trkpt lat="39.8590372" lon="116.6574313">
        <ele>25.38576</ele>
        <time>2026-07-27T22:51:55.488000Z</time>
      </trkpt>
      <trkpt lat="39.859036" lon="116.6572948">
        <ele>25.55884</ele>
        <time>2026-07-27T22:51:59.470000Z</time>
      </trkpt>
      <trkpt lat="39.859035" lon="116.6571667">
        <ele>25.68939</ele>
        <time>2026-07-27T22:52:03.452000Z</time>
      </trkpt>
      <trkpt lat="39.8590375" lon="116.6570389">
        <ele>25.78392</ele>
        <time>2026-07-27T22:52:07.433000Z</time>
      </trkpt>
      <trkpt lat="39.8590381" lon="116.6569101">
        <ele>25.8216</ele>
        <time>2026-07-27T22:52:11.415000Z</time>
      </trkpt>
      <trkpt lat="39.8590386" lon="116.6567824">
        <ele>25.78141</ele>
        <time>2026-07-27T22:52:15.396000Z</time>
      </trkpt>
      <trkpt lat="39.8590362" lon="116.6566535">
        <ele>25.67277</ele>
        <time>2026-07-27T22:52:19.378000Z</time>
      </trkpt>
      <trkpt lat="39.8590344" lon="116.6565222">
        <ele>25.52553</ele>
        <time>2026-07-27T22:52:23.360000Z</time>
      </trkpt>
      <trkpt lat="39.8590372" lon="116.6563946">
        <ele>25.35541</ele>
        <time>2026-07-27T22:52:27.341000Z</time>
      </trkpt>
      <trkpt lat="39.8590422" lon="116.6562677">
        <ele>25.16167</ele>
        <time>2026-07-27T22:52:31.323000Z</time>
      </trkpt>
      <trkpt lat="39.8590482" lon="116.6561391">
        <ele>24.96504</ele>
        <time>2026-07-27T22:52:35.304000Z</time>
      </trkpt>
      <trkpt lat="39.8590502" lon="116.6560105">
        <ele>24.79053</ele>
        <time>2026-07-27T22:52:39.286000Z</time>
      </trkpt>
      <trkpt lat="39.859049" lon="116.6558848">
        <ele>24.66641</ele>
        <time>2026-07-27T22:52:43.268000Z</time>
      </trkpt>
      <trkpt lat="39.8590468" lon="116.6557604">
        <ele>24.60778</ele>
        <time>2026-07-27T22:52:47.249000Z</time>
      </trkpt>
      <trkpt lat="39.8590427" lon="116.6556342">
        <ele>24.63386</ele>
        <time>2026-07-27T22:52:51.231000Z</time>
      </trkpt>
      <trkpt lat="39.859039" lon="116.6555057">
        <ele>24.74051</ele>
        <time>2026-07-27T22:52:55.212000Z</time>
      </trkpt>
      <trkpt lat="39.8590357" lon="116.6553768">
        <ele>24.90526</ele>
        <time>2026-07-27T22:52:59.194000Z</time>
      </trkpt>
      <trkpt lat="39.8590328" lon="116.6552514">
        <ele>25.09822</ele>
        <time>2026-07-27T22:53:03.176000Z</time>
      </trkpt>
      <trkpt lat="39.8590239" lon="116.6551307">
        <ele>25.23952</ele>
        <time>2026-07-27T22:53:07.157000Z</time>
      </trkpt>
      <trkpt lat="39.8590222" lon="116.6550113">
        <ele>25.35398</ele>
        <time>2026-07-27T22:53:11.139000Z</time>
      </trkpt>
      <trkpt lat="39.8590327" lon="116.6548902">
        <ele>25.47234</ele>
        <time>2026-07-27T22:53:15Z</time>
      </trkpt>
      <trkpt lat="39.8590382" lon="116.6547602">
        <ele>25.44644</ele>
        <time>2026-07-27T22:53:19.102000Z</time>
      </trkpt>
      <trkpt lat="39.8590337" lon="116.6546323">
        <ele>25.30445</ele>
        <time>2026-07-27T22:53:23.084000Z</time>
      </trkpt>
      <trkpt lat="39.8590271" lon="116.6545006">
        <ele>25.18703</ele>
        <time>2026-07-27T22:53:27.065000Z</time>
      </trkpt>
      <trkpt lat="39.8590231" lon="116.6543668">
        <ele>25.12489</ele>
        <time>2026-07-27T22:53:31.047000Z</time>
      </trkpt>
      <trkpt lat="39.8590205" lon="116.6542332">
        <ele>25.10171</ele>
        <time>2026-07-27T22:53:35.028000Z</time>
      </trkpt>
      <trkpt lat="39.8590206" lon="116.6541">
        <ele>25.10146</ele>
        <time>2026-07-27T22:53:39.010000Z</time>
      </trkpt>
      <trkpt lat="39.8590212" lon="116.6539668">
        <ele>25.06451</ele>
        <time>2026-07-27T22:53:42.992000Z</time>
      </trkpt>
      <trkpt lat="39.8590281" lon="116.6538333">
        <ele>24.97584</ele>
        <time>2026-07-27T22:53:46.973000Z</time>
      </trkpt>
      <trkpt lat="39.8590347" lon="116.6537034">
        <ele>24.8684</ele>
        <time>2026-07-27T22:53:50.955000Z</time>
      </trkpt>
      <trkpt lat="39.8590393" lon="116.653575">
        <ele>24.75664</ele>
        <time>2026-07-27T22:53:54.936000Z</time>
      </trkpt>
      <trkpt lat="39.8590446" lon="116.6534462">
        <ele>24.67478</ele>
        <time>2026-07-27T22:53:58.918000Z</time>
      </trkpt>
      <trkpt lat="39.8590538" lon="116.6533181">
        <ele>24.63152</ele>
        <time>2026-07-27T22:54:02.900000Z</time>
      </trkpt>
      <trkpt lat="39.8590622" lon="116.653191">
        <ele>24.61223</ele>
        <time>2026-07-27T22:54:06.881000Z</time>
      </trkpt>
      <trkpt lat="39.8590734" lon="116.6530683">
        <ele>24.60978</ele>
        <time>2026-07-27T22:54:10.863000Z</time>
      </trkpt>
      <trkpt lat="39.8590857" lon="116.652948">
        <ele>24.63904</ele>
        <time>2026-07-27T22:54:14.844000Z</time>
      </trkpt>
      <trkpt lat="39.8590999" lon="116.6528254">
        <ele>24.69367</ele>
        <time>2026-07-27T22:54:18.826000Z</time>
      </trkpt>
      <trkpt lat="39.8591131" lon="116.6527024">
        <ele>24.75969</ele>
        <time>2026-07-27T22:54:22.808000Z</time>
      </trkpt>
      <trkpt lat="39.8591198" lon="116.6525808">
        <ele>24.81636</ele>
        <time>2026-07-27T22:54:26.789000Z</time>
      </trkpt>
      <trkpt lat="39.8591228" lon="116.6524578">
        <ele>24.84655</ele>
        <time>2026-07-27T22:54:30.771000Z</time>
      </trkpt>
      <trkpt lat="39.8591195" lon="116.6523366">
        <ele>24.85716</ele>
        <time>2026-07-27T22:54:34.753000Z</time>
      </trkpt>
      <trkpt lat="39.8590959" lon="116.6522185">
        <ele>24.86569</ele>
        <time>2026-07-27T22:54:38.734000Z</time>
      </trkpt>
      <trkpt lat="39.8590738" lon="116.6520974">
        <ele>24.89589</ele>
        <time>2026-07-27T22:54:42.716000Z</time>
      </trkpt>
      <trkpt lat="39.8590978" lon="116.6519843">
        <ele>24.97659</ele>
        <time>2026-07-27T22:54:46.697000Z</time>
      </trkpt>
      <trkpt lat="39.8591774" lon="116.6519232">
        <ele>25.10581</ele>
        <time>2026-07-27T22:54:50.679000Z</time>
      </trkpt>
      <trkpt lat="39.8592687" lon="116.651916">
        <ele>25.24737</ele>
        <time>2026-07-27T22:54:54.661000Z</time>
      </trkpt>
      <trkpt lat="39.8593606" lon="116.651916">
        <ele>25.38493</ele>
        <time>2026-07-27T22:54:58.642000Z</time>
      </trkpt>
      <trkpt lat="39.8594575" lon="116.651905">
        <ele>25.50976</ele>
        <time>2026-07-27T22:55:02.624000Z</time>
      </trkpt>
      <trkpt lat="39.8595553" lon="116.6518861">
        <ele>25.59857</ele>
        <time>2026-07-27T22:55:06.605000Z</time>
      </trkpt>
      <trkpt lat="39.8596554" lon="116.6518736">
        <ele>25.66711</ele>
        <time>2026-07-27T22:55:10.587000Z</time>
      </trkpt>
      <trkpt lat="39.8597536" lon="116.6518662">
        <ele>25.73444</ele>
        <time>2026-07-27T22:55:14.569000Z</time>
      </trkpt>
      <trkpt lat="39.859855" lon="116.6518598">
        <ele>25.76512</ele>
        <time>2026-07-27T22:55:18.550000Z</time>
      </trkpt>
      <trkpt lat="39.8599575" lon="116.651851">
        <ele>25.74272</ele>
        <time>2026-07-27T22:55:22.532000Z</time>
      </trkpt>
      <trkpt lat="39.8600596" lon="116.6518414">
        <ele>25.68139</ele>
        <time>2026-07-27T22:55:26.514000Z</time>
      </trkpt>
      <trkpt lat="39.8601646" lon="116.6518324">
        <ele>25.59727</ele>
        <time>2026-07-27T22:55:30.495000Z</time>
      </trkpt>
      <trkpt lat="39.8602717" lon="116.6518228">
        <ele>25.49568</ele>
        <time>2026-07-27T22:55:34.477000Z</time>
      </trkpt>
      <trkpt lat="39.860376" lon="116.6518131">
        <ele>25.39176</ele>
        <time>2026-07-27T22:55:38.458000Z</time>
      </trkpt>
      <trkpt lat="39.8604813" lon="116.6518063">
        <ele>25.338</ele>
        <time>2026-07-27T22:55:42.440000Z</time>
      </trkpt>
      <trkpt lat="39.8605893" lon="116.6517986">
        <ele>25.38085</ele>
        <time>2026-07-27T22:55:46.422000Z</time>
      </trkpt>
      <trkpt lat="39.8606962" lon="116.6517872">
        <ele>25.47881</ele>
        <time>2026-07-27T22:55:50.403000Z</time>
      </trkpt>
      <trkpt lat="39.8608025" lon="116.6517774">
        <ele>25.55346</ele>
        <time>2026-07-27T22:55:54.385000Z</time>
      </trkpt>
      <trkpt lat="39.8609124" lon="116.6517683">
        <ele>25.56372</ele>
        <time>2026-07-27T22:55:58.366000Z</time>
      </trkpt>
      <trkpt lat="39.8610201" lon="116.6517602">
        <ele>25.49448</ele>
        <time>2026-07-27T22:56:02.348000Z</time>
      </trkpt>
      <trkpt lat="39.8611281" lon="116.6517486">
        <ele>25.3412</ele>
        <time>2026-07-27T22:56:06.330000Z</time>
      </trkpt>
      <trkpt lat="39.8612384" lon="116.6517344">
        <ele>25.14469</ele>
        <time>2026-07-27T22:56:10.311000Z</time>
      </trkpt>
      <trkpt lat="39.8613494" lon="116.6517233">
        <ele>24.93289</ele>
        <time>2026-07-27T22:56:14.293000Z</time>
      </trkpt>
      <trkpt lat="39.8614609" lon="116.6517169">
        <ele>24.72299</ele>
        <time>2026-07-27T22:56:18.274000Z</time>
      </trkpt>
      <trkpt lat="39.8615708" lon="116.6517123">
        <ele>24.55041</ele>
        <time>2026-07-27T22:56:22.256000Z</time>
      </trkpt>
      <trkpt lat="39.8616821" lon="116.6517081">
        <ele>24.43885</ele>
        <time>2026-07-27T22:56:26.238000Z</time>
      </trkpt>
      <trkpt lat="39.8617918" lon="116.6517032">
        <ele>24.39748</ele>
        <time>2026-07-27T22:56:30.219000Z</time>
      </trkpt>
      <trkpt lat="39.8618991" lon="116.6516986">
        <ele>24.40961</ele>
        <time>2026-07-27T22:56:34.201000Z</time>
      </trkpt>
      <trkpt lat="39.8620028" lon="116.6517134">
        <ele>24.44713</ele>
        <time>2026-07-27T22:56:38.183000Z</time>
      </trkpt>
      <trkpt lat="39.862095" lon="116.651774">
        <ele>24.50984</ele>
        <time>2026-07-27T22:56:42.164000Z</time>
      </trkpt>
      <trkpt lat="39.8621864" lon="116.6518391">
        <ele>24.5844</ele>
        <time>2026-07-27T22:56:46.146000Z</time>
      </trkpt>
      <trkpt lat="39.8622902" lon="116.6518584">
        <ele>24.65095</ele>
        <time>2026-07-27T22:56:50.127000Z</time>
      </trkpt>
      <trkpt lat="39.8623958" lon="116.6518575">
        <ele>24.68255</ele>
        <time>2026-07-27T22:56:54.109000Z</time>
      </trkpt>
      <trkpt lat="39.8624997" lon="116.6518126">
        <ele>24.71259</ele>
        <time>2026-07-27T22:56:58.091000Z</time>
      </trkpt>
      <trkpt lat="39.8625865" lon="116.6517282">
        <ele>24.78793</ele>
        <time>2026-07-27T22:57:02.072000Z</time>
      </trkpt>
      <trkpt lat="39.8626848" lon="116.6516723">
        <ele>24.92273</ele>
        <time>2026-07-27T22:57:06.054000Z</time>
      </trkpt>
      <trkpt lat="39.8627965" lon="116.6516663">
        <ele>25.08924</ele>
        <time>2026-07-27T22:57:10.035000Z</time>
      </trkpt>
      <trkpt lat="39.8629093" lon="116.6516829">
        <ele>25.23853</ele>
        <time>2026-07-27T22:57:14.017000Z</time>
      </trkpt>
      <trkpt lat="39.8630171" lon="116.6517003">
        <ele>25.32629</ele>
        <time>2026-07-27T22:57:17.999000Z</time>
      </trkpt>
      <trkpt lat="39.8631277" lon="116.6517175">
        <ele>25.35286</ele>
        <time>2026-07-27T22:57:21.980000Z</time>
      </trkpt>
      <trkpt lat="39.8632361" lon="116.6517267">
        <ele>25.36379</ele>
        <time>2026-07-27T22:57:25.962000Z</time>
      </trkpt>
      <trkpt lat="39.8633455" lon="116.6517328">
        <ele>25.3932</ele>
        <time>2026-07-27T22:57:29.943000Z</time>
      </trkpt>
      <trkpt lat="39.8634563" lon="116.6517419">
        <ele>25.44595</ele>
        <time>2026-07-27T22:57:33.925000Z</time>
      </trkpt>
      <trkpt lat="39.8635641" lon="116.6517391">
        <ele>25.519</ele>
        <time>2026-07-27T22:57:37.907000Z</time>
      </trkpt>
      <trkpt lat="39.8636693" lon="116.6517289">
        <ele>25.59531</ele>
        <time>2026-07-27T22:57:41.888000Z</time>
      </trkpt>
      <trkpt lat="39.8637754" lon="116.6517173">
        <ele>25.65549</ele>
        <time>2026-07-27T22:57:45.870000Z</time>
      </trkpt>
      <trkpt lat="39.8638819" lon="116.6517101">
        <ele>25.7086</ele>
        <time>2026-07-27T22:57:49.852000Z</time>
      </trkpt>
      <trkpt lat="39.8639893" lon="116.6517063">
        <ele>25.76161</ele>
        <time>2026-07-27T22:57:53.833000Z</time>
      </trkpt>
      <trkpt lat="39.8640951" lon="116.6517002">
        <ele>25.8065</ele>
        <time>2026-07-27T22:57:57.815000Z</time>
      </trkpt>
      <trkpt lat="39.8642018" lon="116.6516901">
        <ele>25.81992</ele>
        <time>2026-07-27T22:58:01.796000Z</time>
      </trkpt>
      <trkpt lat="39.8643054" lon="116.6516801">
        <ele>25.8101</ele>
        <time>2026-07-27T22:58:05.778000Z</time>
      </trkpt>
      <trkpt lat="39.8644108" lon="116.6516733">
        <ele>25.80802</ele>
        <time>2026-07-27T22:58:09.760000Z</time>
      </trkpt>
      <trkpt lat="39.8645161" lon="116.6516664">
        <ele>25.84644</ele>
        <time>2026-07-27T22:58:13.741000Z</time>
      </trkpt>
      <trkpt lat="39.8646211" lon="116.6516649">
        <ele>25.92724</ele>
        <time>2026-07-27T22:58:17.723000Z</time>
      </trkpt>
      <trkpt lat="39.8647244" lon="116.6516685">
        <ele>26.04714</ele>
        <time>2026-07-27T22:58:21.704000Z</time>
      </trkpt>
      <trkpt lat="39.8648299" lon="116.6516768">
        <ele>26.1748</ele>
        <time>2026-07-27T22:58:25.686000Z</time>
      </trkpt>
      <trkpt lat="39.8649324" lon="116.651684">
        <ele>26.2598</ele>
        <time>2026-07-27T22:58:29.668000Z</time>
      </trkpt>
      <trkpt lat="39.8650371" lon="116.6516867">
        <ele>26.29928</ele>
        <time>2026-07-27T22:58:33.649000Z</time>
      </trkpt>
      <trkpt lat="39.865145" lon="116.6516835">
        <ele>26.35598</ele>
        <time>2026-07-27T22:58:37.631000Z</time>
      </trkpt>
      <trkpt lat="39.8652498" lon="116.6516707">
        <ele>26.42162</ele>
        <time>2026-07-27T22:58:41.613000Z</time>
      </trkpt>
      <trkpt lat="39.86535" lon="116.6516463">
        <ele>26.48206</ele>
        <time>2026-07-27T22:58:45.594000Z</time>
      </trkpt>
      <trkpt lat="39.8654479" lon="116.6516285">
        <ele>26.57516</ele>
        <time>2026-07-27T22:58:49.576000Z</time>
      </trkpt>
      <trkpt lat="39.8655459" lon="116.6516245">
        <ele>26.70466</ele>
        <time>2026-07-27T22:58:53.557000Z</time>
      </trkpt>
      <trkpt lat="39.8656508" lon="116.6516236">
        <ele>26.85829</ele>
        <time>2026-07-27T22:58:57.539000Z</time>
      </trkpt>
      <trkpt lat="39.8657559" lon="116.6516229">
        <ele>26.99435</ele>
        <time>2026-07-27T22:59:01.521000Z</time>
      </trkpt>
      <trkpt lat="39.8658599" lon="116.6516239">
        <ele>27.06834</ele>
        <time>2026-07-27T22:59:05.502000Z</time>
      </trkpt>
      <trkpt lat="39.8659642" lon="116.6516265">
        <ele>27.06469</ele>
        <time>2026-07-27T22:59:09.484000Z</time>
      </trkpt>
      <trkpt lat="39.866067" lon="116.6516313">
        <ele>26.99566</ele>
        <time>2026-07-27T22:59:13.466000Z</time>
      </trkpt>
      <trkpt lat="39.8661724" lon="116.6516392">
        <ele>26.94881</ele>
        <time>2026-07-27T22:59:17.447000Z</time>
      </trkpt>
      <trkpt lat="39.8662776" lon="116.651641">
        <ele>26.94501</ele>
        <time>2026-07-27T22:59:21.429000Z</time>
      </trkpt>
      <trkpt lat="39.8663809" lon="116.6516354">
        <ele>26.93067</ele>
        <time>2026-07-27T22:59:25.410000Z</time>
      </trkpt>
      <trkpt lat="39.866485" lon="116.6516339">
        <ele>26.87327</ele>
        <time>2026-07-27T22:59:29.392000Z</time>
      </trkpt>
      <trkpt lat="39.8665902" lon="116.6516354">
        <ele>26.76626</ele>
        <time>2026-07-27T22:59:33.374000Z</time>
      </trkpt>
      <trkpt lat="39.8666977" lon="116.6516364">
        <ele>26.64165</ele>
        <time>2026-07-27T22:59:37.355000Z</time>
      </trkpt>
      <trkpt lat="39.8668048" lon="116.6516382">
        <ele>26.50127</ele>
        <time>2026-07-27T22:59:41.337000Z</time>
      </trkpt>
      <trkpt lat="39.8669076" lon="116.651648">
        <ele>26.36264</ele>
        <time>2026-07-27T22:59:45.319000Z</time>
      </trkpt>
      <trkpt lat="39.8670128" lon="116.6516623">
        <ele>26.28782</ele>
        <time>2026-07-27T22:59:49.300000Z</time>
      </trkpt>
      <trkpt lat="39.867116" lon="116.6516786">
        <ele>26.27453</ele>
        <time>2026-07-27T22:59:53.282000Z</time>
      </trkpt>
      <trkpt lat="39.8672191" lon="116.6516903">
        <ele>26.25686</ele>
        <time>2026-07-27T22:59:57.263000Z</time>
      </trkpt>
      <trkpt lat="39.8673235" lon="116.6517011">
        <ele>26.16673</ele>
        <time>2026-07-27T23:00:01.245000Z</time>
      </trkpt>
      <trkpt lat="39.8674269" lon="116.6517111">
        <ele>26.00835</ele>
        <time>2026-07-27T23:00:05.227000Z</time>
      </trkpt>
      <trkpt lat="39.8675313" lon="116.651721">
        <ele>25.80468</ele>
        <time>2026-07-27T23:00:09.208000Z</time>
      </trkpt>
      <trkpt lat="39.8676304" lon="116.6517279">
        <ele>25.55987</ele>
        <time>2026-07-27T23:00:13.190000Z</time>
      </trkpt>
      <trkpt lat="39.8677398" lon="116.6517346">
        <ele>25.37115</ele>
        <time>2026-07-27T23:00:18Z</time>
      </trkpt>
      <trkpt lat="39.8678439" lon="116.6517678">
        <ele>25.31847</ele>
        <time>2026-07-27T23:00:23Z</time>
      </trkpt>
      <trkpt lat="39.8679002" lon="116.6518591">
        <ele>25.34704</ele>
        <time>2026-07-27T23:00:33Z</time>
      </trkpt>
      <trkpt lat="39.8679107" lon="116.6518789">
        <ele>25.19334</ele>
        <time>2026-07-27T23:00:39.071000Z</time>
      </trkpt>
      <trkpt lat="39.8679299" lon="116.6518779">
        <ele>24.95353</ele>
        <time>2026-07-27T23:00:45.043000Z</time>
      </trkpt>
      <trkpt lat="39.8679491" lon="116.6518815">
        <ele>24.8546</ele>
        <time>2026-07-27T23:00:49.025000Z</time>
      </trkpt>
      <trkpt lat="39.8680446" lon="116.6518882">
        <ele>24.85975</ele>
        <time>2026-07-27T23:00:54.997000Z</time>
      </trkpt>
      <trkpt lat="39.8681455" lon="116.6518716">
        <ele>24.89275</ele>
        <time>2026-07-27T23:00:58.979000Z</time>
      </trkpt>
      <trkpt lat="39.8682526" lon="116.6518408">
        <ele>24.90562</ele>
        <time>2026-07-27T23:01:02.961000Z</time>
      </trkpt>
      <trkpt lat="39.8683602" lon="116.6518136">
        <ele>24.88992</ele>
        <time>2026-07-27T23:01:06.942000Z</time>
      </trkpt>
      <trkpt lat="39.868473" lon="116.6517983">
        <ele>24.82976</ele>
        <time>2026-07-27T23:01:10.924000Z</time>
      </trkpt>
      <trkpt lat="39.8685845" lon="116.65179">
        <ele>24.7464</ele>
        <time>2026-07-27T23:01:14.906000Z</time>
      </trkpt>
      <trkpt lat="39.8686967" lon="116.6517826">
        <ele>24.69443</ele>
        <time>2026-07-27T23:01:18.887000Z</time>
      </trkpt>
      <trkpt lat="39.8688081" lon="116.6517794">
        <ele>24.7143</ele>
        <time>2026-07-27T23:01:22.869000Z</time>
      </trkpt>
      <trkpt lat="39.8689185" lon="116.651776">
        <ele>24.7988</ele>
        <time>2026-07-27T23:01:26.851000Z</time>
      </trkpt>
      <trkpt lat="39.8690254" lon="116.6517708">
        <ele>24.89864</ele>
        <time>2026-07-27T23:01:30.832000Z</time>
      </trkpt>
      <trkpt lat="39.8691294" lon="116.6517628">
        <ele>24.98903</ele>
        <time>2026-07-27T23:01:34.814000Z</time>
      </trkpt>
      <trkpt lat="39.8692286" lon="116.6517441">
        <ele>25.04793</ele>
        <time>2026-07-27T23:01:38.796000Z</time>
      </trkpt>
      <trkpt lat="39.8693132" lon="116.6517031">
        <ele>25.05751</ele>
        <time>2026-07-27T23:01:42.777000Z</time>
      </trkpt>
      <trkpt lat="39.8694211" lon="116.6516847">
        <ele>25.00478</ele>
        <time>2026-07-27T23:01:47.754000Z</time>
      </trkpt>
      <trkpt lat="39.8695244" lon="116.6516849">
        <ele>24.96739</ele>
        <time>2026-07-27T23:01:51.736000Z</time>
      </trkpt>
      <trkpt lat="39.8696298" lon="116.6516801">
        <ele>24.95595</ele>
        <time>2026-07-27T23:01:55.718000Z</time>
      </trkpt>
      <trkpt lat="39.8697352" lon="116.6516764">
        <ele>24.9359</ele>
        <time>2026-07-27T23:01:59.699000Z</time>
      </trkpt>
      <trkpt lat="39.8698396" lon="116.6516775">
        <ele>24.88774</ele>
        <time>2026-07-27T23:02:03.681000Z</time>
      </trkpt>
      <trkpt lat="39.869945" lon="116.6516663">
        <ele>24.8239</ele>
        <time>2026-07-27T23:02:07.663000Z</time>
      </trkpt>
      <trkpt lat="39.8700529" lon="116.6516548">
        <ele>24.77009</ele>
        <time>2026-07-27T23:02:11.644000Z</time>
      </trkpt>
      <trkpt lat="39.8701583" lon="116.6516455">
        <ele>24.75107</ele>
        <time>2026-07-27T23:02:15.626000Z</time>
      </trkpt>
      <trkpt lat="39.8702627" lon="116.6516238">
        <ele>24.77468</ele>
        <time>2026-07-27T23:02:19.607000Z</time>
      </trkpt>
      <trkpt lat="39.8703643" lon="116.6516184">
        <ele>24.84683</ele>
        <time>2026-07-27T23:02:23.589000Z</time>
      </trkpt>
      <trkpt lat="39.8704691" lon="116.6516219">
        <ele>24.95257</ele>
        <time>2026-07-27T23:02:27.571000Z</time>
      </trkpt>
      <trkpt lat="39.8705755" lon="116.6516281">
        <ele>25.04165</ele>
        <time>2026-07-27T23:02:31.552000Z</time>
      </trkpt>
      <trkpt lat="39.8706843" lon="116.6516352">
        <ele>25.09365</ele>
        <time>2026-07-27T23:02:35.534000Z</time>
      </trkpt>
      <trkpt lat="39.8707925" lon="116.6516435">
        <ele>25.10664</ele>
        <time>2026-07-27T23:02:39.516000Z</time>
      </trkpt>
      <trkpt lat="39.8709019" lon="116.6516504">
        <ele>25.12507</ele>
        <time>2026-07-27T23:02:43.497000Z</time>
      </trkpt>
      <trkpt lat="39.871012" lon="116.6516533">
        <ele>25.20606</ele>
        <time>2026-07-27T23:02:47.479000Z</time>
      </trkpt>
      <trkpt lat="39.8711232" lon="116.6516576">
        <ele>25.37176</ele>
        <time>2026-07-27T23:02:51.461000Z</time>
      </trkpt>
      <trkpt lat="39.8712353" lon="116.651667">
        <ele>25.59307</ele>
        <time>2026-07-27T23:02:55.442000Z</time>
      </trkpt>
      <trkpt lat="39.8713459" lon="116.6516814">
        <ele>25.76091</ele>
        <time>2026-07-27T23:02:59.424000Z</time>
      </trkpt>
      <trkpt lat="39.8714577" lon="116.6516973">
        <ele>25.80814</ele>
        <time>2026-07-27T23:03:03.406000Z</time>
      </trkpt>
      <trkpt lat="39.8715656" lon="116.6517087">
        <ele>25.75639</ele>
        <time>2026-07-27T23:03:07.387000Z</time>
      </trkpt>
      <trkpt lat="39.8716724" lon="116.6517239">
        <ele>25.68127</ele>
        <time>2026-07-27T23:03:11.369000Z</time>
      </trkpt>
      <trkpt lat="39.8717822" lon="116.6517386">
        <ele>25.63389</ele>
        <time>2026-07-27T23:03:15.351000Z</time>
      </trkpt>
      <trkpt lat="39.8718914" lon="116.651747">
        <ele>25.60426</ele>
        <time>2026-07-27T23:03:19.332000Z</time>
      </trkpt>
      <trkpt lat="39.871994" lon="116.6517517">
        <ele>25.57011</ele>
        <time>2026-07-27T23:03:23.314000Z</time>
      </trkpt>
      <trkpt lat="39.872097" lon="116.6517539">
        <ele>25.55126</ele>
        <time>2026-07-27T23:03:27.295000Z</time>
      </trkpt>
      <trkpt lat="39.8722006" lon="116.6517564">
        <ele>25.53549</ele>
        <time>2026-07-27T23:03:31.277000Z</time>
      </trkpt>
      <trkpt lat="39.8723023" lon="116.6517552">
        <ele>25.53418</ele>
        <time>2026-07-27T23:03:35.259000Z</time>
      </trkpt>
      <trkpt lat="39.8724057" lon="116.6517484">
        <ele>25.54909</ele>
        <time>2026-07-27T23:03:39.240000Z</time>
      </trkpt>
      <trkpt lat="39.8725105" lon="116.6517453">
        <ele>25.57175</ele>
        <time>2026-07-27T23:03:43.222000Z</time>
      </trkpt>
      <trkpt lat="39.8726165" lon="116.6517374">
        <ele>25.57285</ele>
        <time>2026-07-27T23:03:47.204000Z</time>
      </trkpt>
      <trkpt lat="39.8727205" lon="116.6517265">
        <ele>25.50634</ele>
        <time>2026-07-27T23:03:51.185000Z</time>
      </trkpt>
      <trkpt lat="39.872825" lon="116.6517183">
        <ele>25.38495</ele>
        <time>2026-07-27T23:03:55.167000Z</time>
      </trkpt>
      <trkpt lat="39.8729303" lon="116.651711">
        <ele>25.25948</ele>
        <time>2026-07-27T23:03:59.149000Z</time>
      </trkpt>
      <trkpt lat="39.8730336" lon="116.6517069">
        <ele>25.13453</ele>
        <time>2026-07-27T23:04:03.130000Z</time>
      </trkpt>
      <trkpt lat="39.8731376" lon="116.6517047">
        <ele>25.00944</ele>
        <time>2026-07-27T23:04:07.112000Z</time>
      </trkpt>
      <trkpt lat="39.87324" lon="116.651702">
        <ele>24.8902</ele>
        <time>2026-07-27T23:04:11.093000Z</time>
      </trkpt>
      <trkpt lat="39.87334" lon="116.6517028">
        <ele>24.79874</ele>
        <time>2026-07-27T23:04:15.075000Z</time>
      </trkpt>
      <trkpt lat="39.8734418" lon="116.6517167">
        <ele>24.73918</ele>
        <time>2026-07-27T23:04:19.057000Z</time>
      </trkpt>
      <trkpt lat="39.8735479" lon="116.6517296">
        <ele>24.71591</ele>
        <time>2026-07-27T23:04:23.038000Z</time>
      </trkpt>
      <trkpt lat="39.8736572" lon="116.6517396">
        <ele>24.73084</ele>
        <time>2026-07-27T23:04:27.020000Z</time>
      </trkpt>
      <trkpt lat="39.8737668" lon="116.6517474">
        <ele>24.78877</ele>
        <time>2026-07-27T23:04:31.002000Z</time>
      </trkpt>
      <trkpt lat="39.8738782" lon="116.6517616">
        <ele>24.88639</ele>
        <time>2026-07-27T23:04:34.983000Z</time>
      </trkpt>
      <trkpt lat="39.8739916" lon="116.6517719">
        <ele>24.99185</ele>
        <time>2026-07-27T23:04:38.965000Z</time>
      </trkpt>
      <trkpt lat="39.874103" lon="116.6517796">
        <ele>25.07102</ele>
        <time>2026-07-27T23:04:42.947000Z</time>
      </trkpt>
      <trkpt lat="39.8741992" lon="116.6518294">
        <ele>25.10663</ele>
        <time>2026-07-27T23:04:46.928000Z</time>
      </trkpt>
      <trkpt lat="39.874257" lon="116.6519473">
        <ele>25.08495</ele>
        <time>2026-07-27T23:04:50.910000Z</time>
      </trkpt>
      <trkpt lat="39.8742724" lon="116.6520921">
        <ele>25.00874</ele>
        <time>2026-07-27T23:04:54.892000Z</time>
      </trkpt>
      <trkpt lat="39.8742799" lon="116.6522421">
        <ele>24.93619</ele>
        <time>2026-07-27T23:04:58.873000Z</time>
      </trkpt>
      <trkpt lat="39.8742917" lon="116.6523908">
        <ele>24.9152</ele>
        <time>2026-07-27T23:05:02.855000Z</time>
      </trkpt>
      <trkpt lat="39.8743035" lon="116.6525386">
        <ele>24.89288</ele>
        <time>2026-07-27T23:05:06.837000Z</time>
      </trkpt>
      <trkpt lat="39.8743099" lon="116.6526811">
        <ele>24.8171</ele>
        <time>2026-07-27T23:05:10.818000Z</time>
      </trkpt>
      <trkpt lat="39.8743133" lon="116.6528187">
        <ele>24.72923</ele>
        <time>2026-07-27T23:05:14.800000Z</time>
      </trkpt>
      <trkpt lat="39.8743145" lon="116.6529555">
        <ele>24.68823</ele>
        <time>2026-07-27T23:05:18.781000Z</time>
      </trkpt>
      <trkpt lat="39.8743117" lon="116.6530974">
        <ele>24.70937</ele>
        <time>2026-07-27T23:05:22.763000Z</time>
      </trkpt>
      <trkpt lat="39.8743131" lon="116.6532364">
        <ele>24.7799</ele>
        <time>2026-07-27T23:05:26.745000Z</time>
      </trkpt>
      <trkpt lat="39.8743197" lon="116.6533752">
        <ele>24.89345</ele>
        <time>2026-07-27T23:05:30.726000Z</time>
      </trkpt>
      <trkpt lat="39.8743239" lon="116.6535279">
        <ele>25.04709</ele>
        <time>2026-07-27T23:05:34.708000Z</time>
      </trkpt>
      <trkpt lat="39.8743334" lon="116.6536806">
        <ele>25.20532</ele>
        <time>2026-07-27T23:05:38.690000Z</time>
      </trkpt>
      <trkpt lat="39.8743496" lon="116.6538293">
        <ele>25.3413</ele>
        <time>2026-07-27T23:05:42.671000Z</time>
      </trkpt>
      <trkpt lat="39.8743615" lon="116.6539764">
        <ele>25.42215</ele>
        <time>2026-07-27T23:05:46.653000Z</time>
      </trkpt>
      <trkpt lat="39.8743621" lon="116.6541215">
        <ele>25.41734</ele>
        <time>2026-07-27T23:05:50.634000Z</time>
      </trkpt>
      <trkpt lat="39.8743558" lon="116.654264">
        <ele>25.36606</ele>
        <time>2026-07-27T23:05:54.616000Z</time>
      </trkpt>
      <trkpt lat="39.8743438" lon="116.6544049">
        <ele>25.35011</ele>
        <time>2026-07-27T23:05:58.598000Z</time>
      </trkpt>
      <trkpt lat="39.8743353" lon="116.6545481">
        <ele>25.41264</ele>
        <time>2026-07-27T23:06:02.579000Z</time>
      </trkpt>
      <trkpt lat="39.874331" lon="116.6546936">
        <ele>25.48959</ele>
        <time>2026-07-27T23:06:06.561000Z</time>
      </trkpt>
      <trkpt lat="39.8743193" lon="116.6548384">
        <ele>25.53006</ele>
        <time>2026-07-27T23:06:10.542000Z</time>
      </trkpt>
      <trkpt lat="39.8743103" lon="116.6549835">
        <ele>25.53304</ele>
        <time>2026-07-27T23:06:14.524000Z</time>
      </trkpt>
      <trkpt lat="39.8743024" lon="116.6551306">
        <ele>25.50041</ele>
        <time>2026-07-27T23:06:18.506000Z</time>
      </trkpt>
      <trkpt lat="39.8742954" lon="116.6552774">
        <ele>25.49535</ele>
        <time>2026-07-27T23:06:22.487000Z</time>
      </trkpt>
      <trkpt lat="39.8742905" lon="116.6554232">
        <ele>25.53197</ele>
        <time>2026-07-27T23:06:26.469000Z</time>
      </trkpt>
      <trkpt lat="39.8742943" lon="116.6555677">
        <ele>25.58482</ele>
        <time>2026-07-27T23:06:30.451000Z</time>
      </trkpt>
      <trkpt lat="39.8742877" lon="116.6557097">
        <ele>25.66516</ele>
        <time>2026-07-27T23:06:34.432000Z</time>
      </trkpt>
      <trkpt lat="39.8742874" lon="116.6558539">
        <ele>25.73694</ele>
        <time>2026-07-27T23:06:38.414000Z</time>
      </trkpt>
      <trkpt lat="39.8742916" lon="116.6559979">
        <ele>25.7689</ele>
        <time>2026-07-27T23:06:42.395000Z</time>
      </trkpt>
      <trkpt lat="39.8742969" lon="116.6561416">
        <ele>25.82294</ele>
        <time>2026-07-27T23:06:46.377000Z</time>
      </trkpt>
      <trkpt lat="39.8743015" lon="116.6562824">
        <ele>25.91584</ele>
        <time>2026-07-27T23:06:50.359000Z</time>
      </trkpt>
      <trkpt lat="39.8743099" lon="116.6564217">
        <ele>25.99397</ele>
        <time>2026-07-27T23:06:54.340000Z</time>
      </trkpt>
      <trkpt lat="39.8743129" lon="116.65656">
        <ele>26.02541</ele>
        <time>2026-07-27T23:06:58.322000Z</time>
      </trkpt>
      <trkpt lat="39.8743117" lon="116.6566978">
        <ele>26.03005</ele>
        <time>2026-07-27T23:07:02.303000Z</time>
      </trkpt>
      <trkpt lat="39.8743172" lon="116.6568343">
        <ele>25.99797</ele>
        <time>2026-07-27T23:07:06.285000Z</time>
      </trkpt>
      <trkpt lat="39.8743299" lon="116.6569674">
        <ele>25.94094</ele>
        <time>2026-07-27T23:07:10.267000Z</time>
      </trkpt>
      <trkpt lat="39.8743418" lon="116.6570988">
        <ele>25.84514</ele>
        <time>2026-07-27T23:07:14.248000Z</time>
      </trkpt>
      <trkpt lat="39.8743493" lon="116.657226">
        <ele>25.70036</ele>
        <time>2026-07-27T23:07:18.230000Z</time>
      </trkpt>
      <trkpt lat="39.8743522" lon="116.6573502">
        <ele>25.55238</ele>
        <time>2026-07-27T23:07:22.211000Z</time>
      </trkpt>
      <trkpt lat="39.8743514" lon="116.6574797">
        <ele>25.45402</ele>
        <time>2026-07-27T23:07:26.193000Z</time>
      </trkpt>
      <trkpt lat="39.8743508" lon="116.6576135">
        <ele>25.40833</ele>
        <time>2026-07-27T23:07:30.175000Z</time>
      </trkpt>
      <trkpt lat="39.8743484" lon="116.657749">
        <ele>25.3494</ele>
        <time>2026-07-27T23:07:34.156000Z</time>
      </trkpt>
      <trkpt lat="39.8743455" lon="116.6578771">
        <ele>25.26802</ele>
        <time>2026-07-27T23:07:38Z</time>
      </trkpt>
      <trkpt lat="39.8743468" lon="116.6580112">
        <ele>25.21365</ele>
        <time>2026-07-27T23:07:42Z</time>
      </trkpt>
      <trkpt lat="39.8743486" lon="116.6581468">
        <ele>25.19658</ele>
        <time>2026-07-27T23:07:46Z</time>
      </trkpt>
      <trkpt lat="39.8743478" lon="116.6582896">
        <ele>25.20148</ele>
        <time>2026-07-27T23:07:50Z</time>
      </trkpt>
      <trkpt lat="39.874352" lon="116.6584328">
        <ele>25.17334</ele>
        <time>2026-07-27T23:07:54Z</time>
      </trkpt>
      <trkpt lat="39.8743538" lon="116.6585728">
        <ele>25.12509</ele>
        <time>2026-07-27T23:07:58Z</time>
      </trkpt>
      <trkpt lat="39.8743358" lon="116.6587073">
        <ele>25.07677</ele>
        <time>2026-07-27T23:08:02Z</time>
      </trkpt>
      <trkpt lat="39.8742598" lon="116.6587973">
        <ele>24.98752</ele>
        <time>2026-07-27T23:08:06Z</time>
      </trkpt>
      <trkpt lat="39.8741506" lon="116.6588101">
        <ele>24.85474</ele>
        <time>2026-07-27T23:08:09.991000Z</time>
      </trkpt>
      <trkpt lat="39.8740422" lon="116.6587767">
        <ele>24.75498</ele>
        <time>2026-07-27T23:08:13.972000Z</time>
      </trkpt>
      <trkpt lat="39.8739351" lon="116.6587381">
        <ele>24.72729</ele>
        <time>2026-07-27T23:08:17.954000Z</time>
      </trkpt>
      <trkpt lat="39.8738283" lon="116.6587089">
        <ele>24.75441</ele>
        <time>2026-07-27T23:08:21.936000Z</time>
      </trkpt>
      <trkpt lat="39.873723" lon="116.6586835">
        <ele>24.7904</ele>
        <time>2026-07-27T23:08:25.917000Z</time>
      </trkpt>
      <trkpt lat="39.87362" lon="116.6586461">
        <ele>24.78523</ele>
        <time>2026-07-27T23:08:29.899000Z</time>
      </trkpt>
      <trkpt lat="39.8735177" lon="116.6586044">
        <ele>24.72942</ele>
        <time>2026-07-27T23:08:33.881000Z</time>
      </trkpt>
      <trkpt lat="39.8734186" lon="116.6585608">
        <ele>24.65795</ele>
        <time>2026-07-27T23:08:37.862000Z</time>
      </trkpt>
      <trkpt lat="39.8733178" lon="116.658514">
        <ele>24.62549</ele>
        <time>2026-07-27T23:08:41.844000Z</time>
      </trkpt>
      <trkpt lat="39.8732192" lon="116.6584639">
        <ele>24.61288</ele>
        <time>2026-07-27T23:08:45.826000Z</time>
      </trkpt>
      <trkpt lat="39.8731213" lon="116.6584138">
        <ele>24.58523</ele>
        <time>2026-07-27T23:08:49.807000Z</time>
      </trkpt>
      <trkpt lat="39.8730238" lon="116.658367">
        <ele>24.56228</ele>
        <time>2026-07-27T23:08:53.789000Z</time>
      </trkpt>
      <trkpt lat="39.8729257" lon="116.6583214">
        <ele>24.60493</ele>
        <time>2026-07-27T23:08:57.770000Z</time>
      </trkpt>
      <trkpt lat="39.8728297" lon="116.6582808">
        <ele>24.72281</ele>
        <time>2026-07-27T23:09:01.752000Z</time>
      </trkpt>
      <trkpt lat="39.8727384" lon="116.6582426">
        <ele>24.85492</ele>
        <time>2026-07-27T23:09:05.734000Z</time>
      </trkpt>
      <trkpt lat="39.8726571" lon="116.6581908">
        <ele>24.96042</ele>
        <time>2026-07-27T23:09:09.715000Z</time>
      </trkpt>
      <trkpt lat="39.8726019" lon="116.658145">
        <ele>25.08188</ele>
        <time>2026-07-27T23:09:18.674000Z</time>
      </trkpt>
      <trkpt lat="39.8727041" lon="116.6581949">
        <ele>25.1415</ele>
        <time>2026-07-27T23:09:23.651000Z</time>
      </trkpt>
      <trkpt lat="39.8728099" lon="116.6582564">
        <ele>25.1658</ele>
        <time>2026-07-27T23:09:27.633000Z</time>
      </trkpt>
      <trkpt lat="39.8729159" lon="116.6583216">
        <ele>25.14029</ele>
        <time>2026-07-27T23:09:31.615000Z</time>
      </trkpt>
      <trkpt lat="39.8729979" lon="116.658372">
        <ele>25.0932</ele>
        <time>2026-07-27T23:09:34.601000Z</time>
      </trkpt>
      <trkpt lat="39.8730822" lon="116.658414">
        <ele>25.03235</ele>
        <time>2026-07-27T23:09:37.587000Z</time>
      </trkpt>
      <trkpt lat="39.8731916" lon="116.6584584">
        <ele>24.94593</ele>
        <time>2026-07-27T23:09:41.569000Z</time>
      </trkpt>
      <trkpt lat="39.8732984" lon="116.658501">
        <ele>24.88346</ele>
        <time>2026-07-27T23:09:45.550000Z</time>
      </trkpt>
      <trkpt lat="39.8734047" lon="116.6585401">
        <ele>24.85555</ele>
        <time>2026-07-27T23:09:49.532000Z</time>
      </trkpt>
      <trkpt lat="39.8735054" lon="116.6585781">
        <ele>24.81893</ele>
        <time>2026-07-27T23:09:53.514000Z</time>
      </trkpt>
      <trkpt lat="39.8736012" lon="116.6586216">
        <ele>24.73535</ele>
        <time>2026-07-27T23:09:57.495000Z</time>
      </trkpt>
      <trkpt lat="39.8736978" lon="116.6586703">
        <ele>24.62633</ele>
        <time>2026-07-27T23:10:01.477000Z</time>
      </trkpt>
      <trkpt lat="39.8737894" lon="116.6587144">
        <ele>24.55262</ele>
        <time>2026-07-27T23:10:05.459000Z</time>
      </trkpt>
      <trkpt lat="39.873886" lon="116.6587548">
        <ele>24.51808</ele>
        <time>2026-07-27T23:10:09.440000Z</time>
      </trkpt>
      <trkpt lat="39.8739816" lon="116.6587832">
        <ele>24.46641</ele>
        <time>2026-07-27T23:10:13.422000Z</time>
      </trkpt>
      <trkpt lat="39.8740854" lon="116.6588101">
        <ele>24.38652</ele>
        <time>2026-07-27T23:10:18.399000Z</time>
      </trkpt>
      <trkpt lat="39.874131" lon="116.6587017">
        <ele>24.33759</ele>
        <time>2026-07-27T23:10:24.372000Z</time>
      </trkpt>
      <trkpt lat="39.8741108" lon="116.6585709">
        <ele>24.34409</ele>
        <time>2026-07-27T23:10:28.353000Z</time>
      </trkpt>
      <trkpt lat="39.874081" lon="116.6584365">
        <ele>24.36654</ele>
        <time>2026-07-27T23:10:32.335000Z</time>
      </trkpt>
      <trkpt lat="39.8740388" lon="116.658306">
        <ele>24.37005</ele>
        <time>2026-07-27T23:10:36.317000Z</time>
      </trkpt>
      <trkpt lat="39.8739659" lon="116.6582291">
        <ele>24.35391</ele>
        <time>2026-07-27T23:10:40.298000Z</time>
      </trkpt>
      <trkpt lat="39.8738758" lon="116.6582783">
        <ele>24.33626</ele>
        <time>2026-07-27T23:10:45.275000Z</time>
      </trkpt>
      <trkpt lat="39.8739123" lon="116.6584164">
        <ele>24.37929</ele>
        <time>2026-07-27T23:10:50.252000Z</time>
      </trkpt>
      <trkpt lat="39.8739928" lon="116.6585069">
        <ele>24.49038</ele>
        <time>2026-07-27T23:10:54.234000Z</time>
      </trkpt>
      <trkpt lat="39.8741012" lon="116.6585289">
        <ele>24.76521</ele>
        <time>2026-07-27T23:10:59.211000Z</time>
      </trkpt>
      <trkpt lat="39.874165" lon="116.6584386">
        <ele>25.04986</ele>
        <time>2026-07-27T23:11:03Z</time>
      </trkpt>
      <trkpt lat="39.8741755" lon="116.6582954">
        <ele>25.30462</ele>
        <time>2026-07-27T23:11:07Z</time>
      </trkpt>
      <trkpt lat="39.874178" lon="116.6583275">
        <ele>25.46476</ele>
        <time>2026-07-27T23:11:14Z</time>
      </trkpt>
      <trkpt lat="39.8741966" lon="116.6584508">
        <ele>25.52432</ele>
        <time>2026-07-27T23:11:21Z</time>
      </trkpt>
      <trkpt lat="39.874218" lon="116.6585836">
        <ele>25.46813</ele>
        <time>2026-07-27T23:11:28Z</time>
      </trkpt>
      <trkpt lat="39.8742389" lon="116.6587106">
        <ele>25.1213</ele>
        <time>2026-07-27T23:11:34Z</time>
      </trkpt>
      <trkpt lat="39.8742588" lon="116.6588302">
        <ele>24.8404</ele>
        <time>2026-07-27T23:11:39Z</time>
      </trkpt>
    </trkseg>
  </trk>
</gpx>