<?xml version="1.0" encoding="UTF-8"?>
<gpx xmlns="http://www.topografix.com/GPX/1/1" xmlns:gpxtpx="http://www.garmin.com/xmlschemas/TrackPointExtension/v1" xmlns:xsi="http://www.w3.org/2001/XMLSchema-instance" xsi:schemaLocation="http://www.topografix.com/GPX/1/1 http://www.topografix.com/GPX/1/1/gpx.xsd" version="1.1" creator="gpx.py -- https://github.com/tkrajina/gpxpy">
  <trk>
    <name>gpx from codoon</name>
    <type>Run</type>
    <trkseg>
      <trkpt lat="39.8730906" lon="116.6656507">
        <ele>22.85524</ele>
        <time>2026-08-21T22:09:02Z</time>
      </trkpt>
      <trkpt lat="39.8731747" lon="116.6657128">
        <ele>22.72398</ele>
        <time>2026-08-21T22:09:08.726000Z</time>
      </trkpt>
      <trkpt lat="39.8732607" lon="116.6657892">
        <ele>22.53444</ele>
        <time>2026-08-21T22:09:14.698000Z</time>
      </trkpt>
      <trkpt lat="39.8733524" lon="116.6658309">
        <ele>22.44041</ele>
        <time>2026-08-21T22:09:18.680000Z</time>
      </trkpt>
      <trkpt lat="39.8734562" lon="116.6658571">
        <ele>22.40095</ele>
        <time>2026-08-21T22:09:22.661000Z</time>
      </trkpt>
      <trkpt lat="39.8735631" lon="116.6658457">
        <ele>22.42351</ele>
        <time>2026-08-21T22:09:26.643000Z</time>
      </trkpt>
      <trkpt lat="39.8736646" lon="116.6657914">
        <ele>22.54358</ele>
        <time>2026-08-21T22:09:30.624000Z</time>
      </trkpt>
      <trkpt lat="39.8737585" lon="116.6657208">
        <ele>22.76752</ele>
        <time>2026-08-21T22:09:34.606000Z</time>
      </trkpt>
      <trkpt lat="39.8738461" lon="116.6656473">
        <ele>23.03946</ele>
        <time>2026-08-21T22:09:38.587000Z</time>
      </trkpt>
      <trkpt lat="39.8739346" lon="116.6655734">
        <ele>23.30708</ele>
        <time>2026-08-21T22:09:42.569000Z</time>
      </trkpt>
      <trkpt lat="39.8740306" lon="116.6655114">
        <ele>23.51034</ele>
        <time>2026-08-21T22:09:46.550000Z</time>
      </trkpt>
      <trkpt lat="39.8741336" lon="116.665459">
        <ele>23.60748</ele>
        <time>2026-08-21T22:09:50.531000Z</time>
      </trkpt>
      <trkpt lat="39.8742377" lon="116.6654073">
        <ele>23.59199</ele>
        <time>2026-08-21T22:09:54.513000Z</time>
      </trkpt>
      <trkpt lat="39.8743422" lon="116.665374">
        <ele>23.47879</ele>
        <time>2026-08-21T22:09:58.494000Z</time>
      </trkpt>
      <trkpt lat="39.8744436" lon="116.6654157">
        <ele>23.31834</ele>
        <time>2026-08-21T22:10:02.476000Z</time>
      </trkpt>
      <trkpt lat="39.8745092" lon="116.6655387">
        <ele>23.16886</ele>
        <time>2026-08-21T22:10:06.457000Z</time>
      </trkpt>
      <trkpt lat="39.8745571" lon="116.6656698">
        <ele>23.0525</ele>
        <time>2026-08-21T22:10:10.439000Z</time>
      </trkpt>
      <trkpt lat="39.874606" lon="116.6658017">
        <ele>22.96719</ele>
        <time>2026-08-21T22:10:14.420000Z</time>
      </trkpt>
      <trkpt lat="39.874659" lon="116.6659269">
        <ele>22.88306</ele>
        <time>2026-08-21T22:10:18.402000Z</time>
      </trkpt>
      <trkpt lat="39.8747167" lon="116.6660476">
        <ele>22.8033</ele>
        <time>2026-08-21T22:10:22.383000Z</time>
      </trkpt>
      <trkpt lat="39.8747782" lon="116.6661614">
        <ele>22.76635</ele>
        <time>2026-08-21T22:10:26.365000Z</time>
      </trkpt>
      <trkpt lat="39.8748411" lon="116.6662707">
        <ele>22.73574</ele>
        <time>2026-08-21T22:10:30.346000Z</time>
      </trkpt>
      <trkpt lat="39.8749021" lon="116.6663797">
        <ele>22.68321</ele>
        <time>2026-08-21T22:10:34.327000Z</time>
      </trkpt>
      <trkpt lat="39.8749623" lon="116.6664855">
        <ele>22.66108</ele>
        <time>2026-08-21T22:10:38.309000Z</time>
      </trkpt>
      <trkpt lat="39.8750215" lon="116.6665932">
        <ele>22.66649</ele>
        <time>2026-08-21T22:10:42.290000Z</time>
      </trkpt>
      <trkpt lat="39.8750799" lon="116.6667046">
        <ele>22.71012</ele>
        <time>2026-08-21T22:10:46.272000Z</time>
      </trkpt>
      <trkpt lat="39.8751435" lon="116.6668087">
        <ele>22.79743</ele>
        <time>2026-08-21T22:10:50.253000Z</time>
      </trkpt>
      <trkpt lat="39.8752139" lon="116.6669009">
        <ele>22.91962</ele>
        <time>2026-08-21T22:10:54.234000Z</time>
      </trkpt>
      <trkpt lat="39.8752896" lon="116.6669903">
        <ele>23.11055</ele>
        <time>2026-08-21T22:10:58.216000Z</time>
      </trkpt>
      <trkpt lat="39.8753552" lon="116.6670986">
        <ele>23.36802</ele>
        <time>2026-08-21T22:11:02.197000Z</time>
      </trkpt>
      <trkpt lat="39.8754175" lon="116.6671994">
        <ele>23.55606</ele>
        <time>2026-08-21T22:11:06Z</time>
      </trkpt>
      <trkpt lat="39.8754854" lon="116.6672976">
        <ele>23.61648</ele>
        <time>2026-08-21T22:11:10Z</time>
      </trkpt>
      <trkpt lat="39.8755506" lon="116.6673924">
        <ele>23.62313</ele>
        <time>2026-08-21T22:11:14Z</time>
      </trkpt>
      <trkpt lat="39.8756151" lon="116.6674871">
        <ele>23.61472</ele>
        <time>2026-08-21T22:11:18Z</time>
      </trkpt>
      <trkpt lat="39.8756761" lon="116.6675871">
        <ele>23.624</ele>
        <time>2026-08-21T22:11:22Z</time>
      </trkpt>
      <trkpt lat="39.8757335" lon="116.6676901">
        <ele>23.65307</ele>
        <time>2026-08-21T22:11:26Z</time>
      </trkpt>
      <trkpt lat="39.8757848" lon="116.6677884">
        <ele>23.6907</ele>
        <time>2026-08-21T22:11:30Z</time>
      </trkpt>
      <trkpt lat="39.8757328" lon="116.6678966">
        <ele>23.74264</ele>
        <time>2026-08-21T22:11:37Z</time>
      </trkpt>
      <trkpt lat="39.875676" lon="116.6679978">
        <ele>23.83059</ele>
        <time>2026-08-21T22:11:42Z</time>
      </trkpt>
      <trkpt lat="39.8756233" lon="116.668103">
        <ele>23.84748</ele>
        <time>2026-08-21T22:11:46.988000Z</time>
      </trkpt>
      <trkpt lat="39.8755167" lon="116.6681056">
        <ele>23.773</ele>
        <time>2026-08-21T22:11:51.964000Z</time>
      </trkpt>
      <trkpt lat="39.875423" lon="116.6680551">
        <ele>23.68343</ele>
        <time>2026-08-21T22:11:55.946000Z</time>
      </trkpt>
      <trkpt lat="39.8753233" lon="116.6679982">
        <ele>23.59501</ele>
        <time>2026-08-21T22:11:59.927000Z</time>
      </trkpt>
      <trkpt lat="39.8752309" lon="116.6679187">
        <ele>23.50955</ele>
        <time>2026-08-21T22:12:03.909000Z</time>
      </trkpt>
      <trkpt lat="39.8751616" lon="116.6678066">
        <ele>23.40901</ele>
        <time>2026-08-21T22:12:07.890000Z</time>
      </trkpt>
      <trkpt lat="39.8750914" lon="116.667695">
        <ele>23.29834</ele>
        <time>2026-08-21T22:12:11.871000Z</time>
      </trkpt>
      <trkpt lat="39.8750098" lon="116.6676004">
        <ele>23.18884</ele>
        <time>2026-08-21T22:12:15.853000Z</time>
      </trkpt>
      <trkpt lat="39.8749174" lon="116.6675316">
        <ele>23.08933</ele>
        <time>2026-08-21T22:12:19.834000Z</time>
      </trkpt>
      <trkpt lat="39.8748164" lon="116.6674885">
        <ele>22.99539</ele>
        <time>2026-08-21T22:12:23.815000Z</time>
      </trkpt>
      <trkpt lat="39.8747138" lon="116.6674655">
        <ele>22.89881</ele>
        <time>2026-08-21T22:12:27.797000Z</time>
      </trkpt>
      <trkpt lat="39.8746094" lon="116.6674728">
        <ele>22.80081</ele>
        <time>2026-08-21T22:12:31.778000Z</time>
      </trkpt>
      <trkpt lat="39.8745068" lon="116.6674884">
        <ele>22.68059</ele>
        <time>2026-08-21T22:12:35.759000Z</time>
      </trkpt>
      <trkpt lat="39.8744044" lon="116.6675154">
        <ele>22.50107</ele>
        <time>2026-08-21T22:12:39.741000Z</time>
      </trkpt>
      <trkpt lat="39.8743055" lon="116.6675597">
        <ele>22.2652</ele>
        <time>2026-08-21T22:12:43.722000Z</time>
      </trkpt>
      <trkpt lat="39.8742124" lon="116.6676213">
        <ele>22.02019</ele>
        <time>2026-08-21T22:12:47.703000Z</time>
      </trkpt>
      <trkpt lat="39.8741232" lon="116.6676911">
        <ele>21.8321</ele>
        <time>2026-08-21T22:12:51.685000Z</time>
      </trkpt>
      <trkpt lat="39.8740272" lon="116.6677494">
        <ele>21.72342</ele>
        <time>2026-08-21T22:12:55.666000Z</time>
      </trkpt>
      <trkpt lat="39.8739261" lon="116.6677824">
        <ele>21.70443</ele>
        <time>2026-08-21T22:12:59.647000Z</time>
      </trkpt>
      <trkpt lat="39.8738217" lon="116.6677896">
        <ele>21.7761</ele>
        <time>2026-08-21T22:13:03.629000Z</time>
      </trkpt>
      <trkpt lat="39.8737176" lon="116.6677773">
        <ele>21.89136</ele>
        <time>2026-08-21T22:13:07.610000Z</time>
      </trkpt>
      <trkpt lat="39.8736151" lon="116.6677555">
        <ele>22.03076</ele>
        <time>2026-08-21T22:13:11.591000Z</time>
      </trkpt>
      <trkpt lat="39.8735105" lon="116.6677374">
        <ele>22.18038</ele>
        <time>2026-08-21T22:13:15.573000Z</time>
      </trkpt>
      <trkpt lat="39.8734044" lon="116.6677353">
        <ele>22.29111</ele>
        <time>2026-08-21T22:13:19.554000Z</time>
      </trkpt>
      <trkpt lat="39.8733056" lon="116.6677665">
        <ele>22.3231</ele>
        <time>2026-08-21T22:13:23.535000Z</time>
      </trkpt>
      <trkpt lat="39.8732135" lon="116.6678181">
        <ele>22.27861</ele>
        <time>2026-08-21T22:13:27.516000Z</time>
      </trkpt>
      <trkpt lat="39.8731153" lon="116.6678561">
        <ele>22.1965</ele>
        <time>2026-08-21T22:13:31.498000Z</time>
      </trkpt>
      <trkpt lat="39.8730119" lon="116.6678539">
        <ele>22.08983</ele>
        <time>2026-08-21T22:13:35.479000Z</time>
      </trkpt>
      <trkpt lat="39.8729076" lon="116.6678183">
        <ele>21.97015</ele>
        <time>2026-08-21T22:13:39.460000Z</time>
      </trkpt>
      <trkpt lat="39.8728046" lon="116.6677741">
        <ele>21.8364</ele>
        <time>2026-08-21T22:13:43.442000Z</time>
      </trkpt>
      <trkpt lat="39.8727034" lon="116.667737">
        <ele>21.70115</ele>
        <time>2026-08-21T22:13:47.423000Z</time>
      </trkpt>
      <trkpt lat="39.872599" lon="116.6677222">
        <ele>21.58514</ele>
        <time>2026-08-21T22:13:51.404000Z</time>
      </trkpt>
      <trkpt lat="39.8724945" lon="116.6677221">
        <ele>21.49821</ele>
        <time>2026-08-21T22:13:55.386000Z</time>
      </trkpt>
      <trkpt lat="39.8723905" lon="116.6677336">
        <ele>21.43896</ele>
        <time>2026-08-21T22:13:59.367000Z</time>
      </trkpt>
      <trkpt lat="39.8722852" lon="116.6677494">
        <ele>21.39906</ele>
        <time>2026-08-21T22:14:03.348000Z</time>
      </trkpt>
      <trkpt lat="39.8721797" lon="116.6677519">
        <ele>21.35637</ele>
        <time>2026-08-21T22:14:07.329000Z</time>
      </trkpt>
      <trkpt lat="39.8720733" lon="116.6677376">
        <ele>21.28674</ele>
        <time>2026-08-21T22:14:11.311000Z</time>
      </trkpt>
      <trkpt lat="39.871969" lon="116.6677075">
        <ele>21.1765</ele>
        <time>2026-08-21T22:14:15.292000Z</time>
      </trkpt>
      <trkpt lat="39.8718669" lon="116.6676622">
        <ele>21.05431</ele>
        <time>2026-08-21T22:14:19.273000Z</time>
      </trkpt>
      <trkpt lat="39.8717665" lon="116.667611">
        <ele>20.9569</ele>
        <time>2026-08-21T22:14:23.255000Z</time>
      </trkpt>
      <trkpt lat="39.8716674" lon="116.6675663">
        <ele>20.90241</ele>
        <time>2026-08-21T22:14:27.236000Z</time>
      </trkpt>
      <trkpt lat="39.8715635" lon="116.6675255">
        <ele>20.87629</ele>
        <time>2026-08-21T22:14:31.217000Z</time>
      </trkpt>
      <trkpt lat="39.8714574" lon="116.667501">
        <ele>20.83201</ele>
        <time>2026-08-21T22:14:35.198000Z</time>
      </trkpt>
      <trkpt lat="39.8713547" lon="116.6675038">
        <ele>20.77736</ele>
        <time>2026-08-21T22:14:39Z</time>
      </trkpt>
      <trkpt lat="39.8712515" lon="116.6675166">
        <ele>20.76944</ele>
        <time>2026-08-21T22:14:43Z</time>
      </trkpt>
      <trkpt lat="39.8711472" lon="116.667532">
        <ele>20.82623</ele>
        <time>2026-08-21T22:14:47Z</time>
      </trkpt>
      <trkpt lat="39.8710515" lon="116.6675727">
        <ele>20.90973</ele>
        <time>2026-08-21T22:14:51Z</time>
      </trkpt>
      <trkpt lat="39.8709972" lon="116.6676731">
        <ele>20.95992</ele>
        <time>2026-08-21T22:14:55Z</time>
      </trkpt>
      <trkpt lat="39.870957" lon="116.6677972">
        <ele>20.92008</ele>
        <time>2026-08-21T22:14:59Z</time>
      </trkpt>
      <trkpt lat="39.8708759" lon="116.667869">
        <ele>20.91716</ele>
        <time>2026-08-21T22:15:03Z</time>
      </trkpt>
      <trkpt lat="39.870768" lon="116.6678847">
        <ele>21.12831</ele>
        <time>2026-08-21T22:15:07.048000Z</time>
      </trkpt>
      <trkpt lat="39.8706596" lon="116.6678852">
        <ele>21.39825</ele>
        <time>2026-08-21T22:15:11.030000Z</time>
      </trkpt>
      <trkpt lat="39.8705532" lon="116.6678892">
        <ele>21.62473</ele>
        <time>2026-08-21T22:15:15.011000Z</time>
      </trkpt>
      <trkpt lat="39.8704496" lon="116.6678849">
        <ele>21.78163</ele>
        <time>2026-08-21T22:15:18.992000Z</time>
      </trkpt>
      <trkpt lat="39.8703513" lon="116.6678459">
        <ele>21.86904</ele>
        <time>2026-08-21T22:15:22.973000Z</time>
      </trkpt>
      <trkpt lat="39.8702569" lon="116.667789">
        <ele>21.88379</ele>
        <time>2026-08-21T22:15:26.955000Z</time>
      </trkpt>
      <trkpt lat="39.8701582" lon="116.6677854">
        <ele>21.8403</ele>
        <time>2026-08-21T22:15:30.936000Z</time>
      </trkpt>
      <trkpt lat="39.8700584" lon="116.6677996">
        <ele>21.76245</ele>
        <time>2026-08-21T22:15:34.917000Z</time>
      </trkpt>
      <trkpt lat="39.8699574" lon="116.6678051">
        <ele>21.65214</ele>
        <time>2026-08-21T22:15:38.898000Z</time>
      </trkpt>
      <trkpt lat="39.8698561" lon="116.6677984">
        <ele>21.52145</ele>
        <time>2026-08-21T22:15:42.880000Z</time>
      </trkpt>
      <trkpt lat="39.8697557" lon="116.6677945">
        <ele>21.38369</ele>
        <time>2026-08-21T22:15:46.861000Z</time>
      </trkpt>
      <trkpt lat="39.8696629" lon="116.6678199">
        <ele>21.26221</ele>
        <time>2026-08-21T22:15:50.842000Z</time>
      </trkpt>
      <trkpt lat="39.8695858" lon="116.6678831">
        <ele>21.15324</ele>
        <time>2026-08-21T22:15:54.823000Z</time>
      </trkpt>
      <trkpt lat="39.869535" lon="116.6679821">
        <ele>21.05784</ele>
        <time>2026-08-21T22:15:58.805000Z</time>
      </trkpt>
      <trkpt lat="39.8695156" lon="116.6681001">
        <ele>20.99256</ele>
        <time>2026-08-21T22:16:02.786000Z</time>
      </trkpt>
      <trkpt lat="39.8695284" lon="116.6682229">
        <ele>20.95603</ele>
        <time>2026-08-21T22:16:06.767000Z</time>
      </trkpt>
      <trkpt lat="39.8695702" lon="116.6683365">
        <ele>20.93786</ele>
        <time>2026-08-21T22:16:10.748000Z</time>
      </trkpt>
      <trkpt lat="39.8696388" lon="116.6684272">
        <ele>20.91325</ele>
        <time>2026-08-21T22:16:14.729000Z</time>
      </trkpt>
      <trkpt lat="39.8697254" lon="116.668462">
        <ele>20.86642</ele>
        <time>2026-08-21T22:16:18.711000Z</time>
      </trkpt>
      <trkpt lat="39.869815" lon="116.6683964">
        <ele>20.7805</ele>
        <time>2026-08-21T22:16:23.687000Z</time>
      </trkpt>
      <trkpt lat="39.8698892" lon="116.6683022">
        <ele>20.70621</ele>
        <time>2026-08-21T22:16:28.664000Z</time>
      </trkpt>
      <trkpt lat="39.86998" lon="116.6682853">
        <ele>20.67907</ele>
        <time>2026-08-21T22:16:32.645000Z</time>
      </trkpt>
      <trkpt lat="39.8700768" lon="116.6682897">
        <ele>20.64928</ele>
        <time>2026-08-21T22:16:36.626000Z</time>
      </trkpt>
      <trkpt lat="39.8701767" lon="116.6682744">
        <ele>20.57668</ele>
        <time>2026-08-21T22:16:40.607000Z</time>
      </trkpt>
      <trkpt lat="39.8702695" lon="116.6682278">
        <ele>20.48509</ele>
        <time>2026-08-21T22:16:44.589000Z</time>
      </trkpt>
      <trkpt lat="39.8703547" lon="116.6681641">
        <ele>20.41602</ele>
        <time>2026-08-21T22:16:48.570000Z</time>
      </trkpt>
      <trkpt lat="39.8704461" lon="116.6681193">
        <ele>20.40688</ele>
        <time>2026-08-21T22:16:52.551000Z</time>
      </trkpt>
      <trkpt lat="39.8705426" lon="116.6680986">
        <ele>20.47699</ele>
        <time>2026-08-21T22:16:56.532000Z</time>
      </trkpt>
      <trkpt lat="39.8706413" lon="116.6681107">
        <ele>20.60004</ele>
        <time>2026-08-21T22:17:00.513000Z</time>
      </trkpt>
      <trkpt lat="39.8707438" lon="116.6681372">
        <ele>20.73148</ele>
        <time>2026-08-21T22:17:04.495000Z</time>
      </trkpt>
      <trkpt lat="39.8708445" lon="116.6681454">
        <ele>20.8392</ele>
        <time>2026-08-21T22:17:08.476000Z</time>
      </trkpt>
      <trkpt lat="39.8709458" lon="116.6681339">
        <ele>20.92184</ele>
        <time>2026-08-21T22:17:12.457000Z</time>
      </trkpt>
      <trkpt lat="39.8710431" lon="116.6681071">
        <ele>20.99892</ele>
        <time>2026-08-21T22:17:16.438000Z</time>
      </trkpt>
      <trkpt lat="39.8711362" lon="116.6680657">
        <ele>21.07635</ele>
        <time>2026-08-21T22:17:20.420000Z</time>
      </trkpt>
      <trkpt lat="39.8712362" lon="116.6680004">
        <ele>21.15164</ele>
        <time>2026-08-21T22:17:25.396000Z</time>
      </trkpt>
      <trkpt lat="39.8713224" lon="116.6679545">
        <ele>21.15427</ele>
        <time>2026-08-21T22:17:29.377000Z</time>
      </trkpt>
      <trkpt lat="39.8714163" lon="116.6679406">
        <ele>21.11914</ele>
        <time>2026-08-21T22:17:33.358000Z</time>
      </trkpt>
      <trkpt lat="39.8715115" lon="116.6679527">
        <ele>21.07703</ele>
        <time>2026-08-21T22:17:37.339000Z</time>
      </trkpt>
      <trkpt lat="39.8716044" lon="116.6679838">
        <ele>21.04034</ele>
        <time>2026-08-21T22:17:41.321000Z</time>
      </trkpt>
      <trkpt lat="39.87169" lon="116.6680378">
        <ele>21.01836</ele>
        <time>2026-08-21T22:17:45.302000Z</time>
      </trkpt>
      <trkpt lat="39.8717754" lon="116.6681024">
        <ele>21.01997</ele>
        <time>2026-08-21T22:17:49.283000Z</time>
      </trkpt>
      <trkpt lat="39.8718648" lon="116.6681563">
        <ele>21.06485</ele>
        <time>2026-08-21T22:17:53.264000Z</time>
      </trkpt>
      <trkpt lat="39.8719608" lon="116.6681947">
        <ele>21.16047</ele>
        <time>2026-08-21T22:17:57.246000Z</time>
      </trkpt>
      <trkpt lat="39.8720575" lon="116.6682083">
        <ele>21.27775</ele>
        <time>2026-08-21T22:18:01.227000Z</time>
      </trkpt>
      <trkpt lat="39.8721554" lon="116.668202">
        <ele>21.3699</ele>
        <time>2026-08-21T22:18:05.208000Z</time>
      </trkpt>
      <trkpt lat="39.8722529" lon="116.6682085">
        <ele>21.42064</ele>
        <time>2026-08-21T22:18:09.189000Z</time>
      </trkpt>
      <trkpt lat="39.8723473" lon="116.6682408">
        <ele>21.44755</ele>
        <time>2026-08-21T22:18:13.170000Z</time>
      </trkpt>
      <trkpt lat="39.8724335" lon="116.6683035">
        <ele>21.4526</ele>
        <time>2026-08-21T22:18:17.151000Z</time>
      </trkpt>
      <trkpt lat="39.8725102" lon="116.6683886">
        <ele>21.42976</ele>
        <time>2026-08-21T22:18:21.133000Z</time>
      </trkpt>
      <trkpt lat="39.8725723" lon="116.6684914">
        <ele>21.39891</ele>
        <time>2026-08-21T22:18:25.114000Z</time>
      </trkpt>
      <trkpt lat="39.8726096" lon="116.6686183">
        <ele>21.4097</ele>
        <time>2026-08-21T22:18:29.095000Z</time>
      </trkpt>
      <trkpt lat="39.8726289" lon="116.6687566">
        <ele>21.46981</ele>
        <time>2026-08-21T22:18:33.076000Z</time>
      </trkpt>
      <trkpt lat="39.8726266" lon="116.6688999">
        <ele>21.538</ele>
        <time>2026-08-21T22:18:37.057000Z</time>
      </trkpt>
      <trkpt lat="39.8726025" lon="116.6690376">
        <ele>21.58147</ele>
        <time>2026-08-21T22:18:41.039000Z</time>
      </trkpt>
      <trkpt lat="39.8725644" lon="116.6691727">
        <ele>21.59827</ele>
        <time>2026-08-21T22:18:45.020000Z</time>
      </trkpt>
      <trkpt lat="39.8725318" lon="116.6693066">
        <ele>21.6066</ele>
        <time>2026-08-21T22:18:49.001000Z</time>
      </trkpt>
      <trkpt lat="39.8725141" lon="116.6694413">
        <ele>21.62599</ele>
        <time>2026-08-21T22:18:52.982000Z</time>
      </trkpt>
      <trkpt lat="39.8725083" lon="116.6695726">
        <ele>21.67018</ele>
        <time>2026-08-21T22:18:56.963000Z</time>
      </trkpt>
      <trkpt lat="39.8725222" lon="116.669699">
        <ele>21.73063</ele>
        <time>2026-08-21T22:19:00.944000Z</time>
      </trkpt>
      <trkpt lat="39.8725506" lon="116.6698194">
        <ele>21.79236</ele>
        <time>2026-08-21T22:19:04.926000Z</time>
      </trkpt>
      <trkpt lat="39.8725999" lon="116.6699232">
        <ele>21.85521</ele>
        <time>2026-08-21T22:19:08.907000Z</time>
      </trkpt>
      <trkpt lat="39.8726655" lon="116.6700057">
        <ele>21.89809</ele>
        <time>2026-08-21T22:19:12.888000Z</time>
      </trkpt>
      <trkpt lat="39.872759" lon="116.6700809">
        <ele>21.88956</ele>
        <time>2026-08-21T22:19:17.864000Z</time>
      </trkpt>
      <trkpt lat="39.8728657" lon="116.6701302">
        <ele>21.79191</ele>
        <time>2026-08-21T22:19:22.841000Z</time>
      </trkpt>
      <trkpt lat="39.872957" lon="116.6701582">
        <ele>21.66963</ele>
        <time>2026-08-21T22:19:26.822000Z</time>
      </trkpt>
      <trkpt lat="39.8730507" lon="116.6701687">
        <ele>21.54947</ele>
        <time>2026-08-21T22:19:30.803000Z</time>
      </trkpt>
      <trkpt lat="39.8731444" lon="116.6701621">
        <ele>21.43461</ele>
        <time>2026-08-21T22:19:34.784000Z</time>
      </trkpt>
      <trkpt lat="39.8732371" lon="116.6701369">
        <ele>21.31911</ele>
        <time>2026-08-21T22:19:38.765000Z</time>
      </trkpt>
      <trkpt lat="39.8733278" lon="116.6701036">
        <ele>21.20555</ele>
        <time>2026-08-21T22:19:42.747000Z</time>
      </trkpt>
      <trkpt lat="39.8734146" lon="116.6700578">
        <ele>21.10386</ele>
        <time>2026-08-21T22:19:46.728000Z</time>
      </trkpt>
      <trkpt lat="39.873495" lon="116.6699965">
        <ele>21.03709</ele>
        <time>2026-08-21T22:19:50.709000Z</time>
      </trkpt>
      <trkpt lat="39.8735692" lon="116.6699222">
        <ele>21.00759</ele>
        <time>2026-08-21T22:19:54.690000Z</time>
      </trkpt>
      <trkpt lat="39.8736435" lon="116.6698522">
        <ele>21.00587</ele>
        <time>2026-08-21T22:19:58.671000Z</time>
      </trkpt>
      <trkpt lat="39.8737285" lon="116.6698104">
        <ele>21.03912</ele>
        <time>2026-08-21T22:20:02.652000Z</time>
      </trkpt>
      <trkpt lat="39.873822" lon="116.6697947">
        <ele>21.09989</ele>
        <time>2026-08-21T22:20:06.633000Z</time>
      </trkpt>
      <trkpt lat="39.8739168" lon="116.6698081">
        <ele>21.16557</ele>
        <time>2026-08-21T22:20:10.615000Z</time>
      </trkpt>
      <trkpt lat="39.8740097" lon="116.6698333">
        <ele>21.26116</ele>
        <time>2026-08-21T22:20:14.596000Z</time>
      </trkpt>
      <trkpt lat="39.874104" lon="116.6698495">
        <ele>21.35441</ele>
        <time>2026-08-21T22:20:18.577000Z</time>
      </trkpt>
      <trkpt lat="39.8741979" lon="116.6698426">
        <ele>21.39295</ele>
        <time>2026-08-21T22:20:22.558000Z</time>
      </trkpt>
      <trkpt lat="39.8742855" lon="116.6698057">
        <ele>21.41932</ele>
        <time>2026-08-21T22:20:26.539000Z</time>
      </trkpt>
      <trkpt lat="39.8743609" lon="116.6697348">
        <ele>21.52027</ele>
        <time>2026-08-21T22:20:30.520000Z</time>
      </trkpt>
      <trkpt lat="39.8744258" lon="116.6696446">
        <ele>21.6912</ele>
        <time>2026-08-21T22:20:34.501000Z</time>
      </trkpt>
      <trkpt lat="39.8744927" lon="116.669555">
        <ele>21.89976</ele>
        <time>2026-08-21T22:20:38.483000Z</time>
      </trkpt>
      <trkpt lat="39.8745761" lon="116.6694968">
        <ele>22.12065</ele>
        <time>2026-08-21T22:20:42.464000Z</time>
      </trkpt>
      <trkpt lat="39.8746739" lon="116.6694836">
        <ele>22.33464</ele>
        <time>2026-08-21T22:20:46.445000Z</time>
      </trkpt>
      <trkpt lat="39.8747727" lon="116.6695083">
        <ele>22.56346</ele>
        <time>2026-08-21T22:20:50.426000Z</time>
      </trkpt>
      <trkpt lat="39.8748651" lon="116.6695536">
        <ele>22.78863</ele>
        <time>2026-08-21T22:20:54.407000Z</time>
      </trkpt>
      <trkpt lat="39.8749545" lon="116.6696106">
        <ele>22.96678</ele>
        <time>2026-08-21T22:20:58.388000Z</time>
      </trkpt>
      <trkpt lat="39.8750466" lon="116.6696652">
        <ele>23.07863</ele>
        <time>2026-08-21T22:21:02.370000Z</time>
      </trkpt>
      <trkpt lat="39.8751415" lon="116.6696737">
        <ele>23.14532</ele>
        <time>2026-08-21T22:21:06.351000Z</time>
      </trkpt>
      <trkpt lat="39.8752295" lon="116.6696256">
        <ele>23.16664</ele>
        <time>2026-08-21T22:21:10.332000Z</time>
      </trkpt>
      <trkpt lat="39.8753131" lon="116.6695582">
        <ele>23.15549</ele>
        <time>2026-08-21T22:21:14.313000Z</time>
      </trkpt>
      <trkpt lat="39.8754027" lon="116.669516">
        <ele>23.16308</ele>
        <time>2026-08-21T22:21:18.294000Z</time>
      </trkpt>
      <trkpt lat="39.8754927" lon="116.6694898">
        <ele>23.20202</ele>
        <time>2026-08-21T22:21:22.275000Z</time>
      </trkpt>
      <trkpt lat="39.8755798" lon="116.6694434">
        <ele>23.24911</ele>
        <time>2026-08-21T22:21:26.256000Z</time>
      </trkpt>
      <trkpt lat="39.8756522" lon="116.6693629">
        <ele>23.28279</ele>
        <time>2026-08-21T22:21:30.238000Z</time>
      </trkpt>
      <trkpt lat="39.8756945" lon="116.6692562">
        <ele>23.30264</ele>
        <time>2026-08-21T22:21:34.219000Z</time>
      </trkpt>
      <trkpt lat="39.8757031" lon="116.6691377">
        <ele>23.28045</ele>
        <time>2026-08-21T22:21:38.200000Z</time>
      </trkpt>
      <trkpt lat="39.8756786" lon="116.6690021">
        <ele>23.18817</ele>
        <time>2026-08-21T22:21:43Z</time>
      </trkpt>
      <trkpt lat="39.8756328" lon="116.6688931">
        <ele>23.13986</ele>
        <time>2026-08-21T22:21:47Z</time>
      </trkpt>
      <trkpt lat="39.8755732" lon="116.6687871">
        <ele>23.12829</ele>
        <time>2026-08-21T22:21:51Z</time>
      </trkpt>
      <trkpt lat="39.8755041" lon="116.6686924">
        <ele>23.12138</ele>
        <time>2026-08-21T22:21:55Z</time>
      </trkpt>
      <trkpt lat="39.8754311" lon="116.6686026">
        <ele>23.11938</ele>
        <time>2026-08-21T22:21:59Z</time>
      </trkpt>
      <trkpt lat="39.8753665" lon="116.6685097">
        <ele>23.10085</ele>
        <time>2026-08-21T22:22:03Z</time>
      </trkpt>
      <trkpt lat="39.875322" lon="116.6683959">
        <ele>23.05945</ele>
        <time>2026-08-21T22:22:07Z</time>
      </trkpt>
      <trkpt lat="39.8752947" lon="116.6682717">
        <ele>23.00211</ele>
        <time>2026-08-21T22:22:11Z</time>
      </trkpt>
      <trkpt lat="39.875272" lon="116.6681485">
        <ele>22.95099</ele>
        <time>2026-08-21T22:22:15Z</time>
      </trkpt>
      <trkpt lat="39.8752431" lon="116.668029">
        <ele>22.94033</ele>
        <time>2026-08-21T22:22:19Z</time>
      </trkpt>
      <trkpt lat="39.8752032" lon="116.6679153">
        <ele>22.96988</ele>
        <time>2026-08-21T22:22:22.988000Z</time>
      </trkpt>
      <trkpt lat="39.8751513" lon="116.6678094">
        <ele>22.98998</ele>
        <time>2026-08-21T22:22:26.969000Z</time>
      </trkpt>
      <trkpt lat="39.8750859" lon="116.6677173">
        <ele>22.99754</ele>
        <time>2026-08-21T22:22:30.950000Z</time>
      </trkpt>
      <trkpt lat="39.8750094" lon="116.6676417">
        <ele>23.01767</ele>
        <time>2026-08-21T22:22:34.931000Z</time>
      </trkpt>
      <trkpt lat="39.8749209" lon="116.6675893">
        <ele>23.04953</ele>
        <time>2026-08-21T22:22:38.912000Z</time>
      </trkpt>
      <trkpt lat="39.8748295" lon="116.6675524">
        <ele>23.07506</ele>
        <time>2026-08-21T22:22:42.893000Z</time>
      </trkpt>
      <trkpt lat="39.8747345" lon="116.6675226">
        <ele>23.07141</ele>
        <time>2026-08-21T22:22:46.875000Z</time>
      </trkpt>
      <trkpt lat="39.8746384" lon="116.6675006">
        <ele>23.01863</ele>
        <time>2026-08-21T22:22:50.856000Z</time>
      </trkpt>
      <trkpt lat="39.8745414" lon="116.6674901">
        <ele>22.90935</ele>
        <time>2026-08-21T22:22:54.837000Z</time>
      </trkpt>
      <trkpt lat="39.8744443" lon="116.66751">
        <ele>22.74568</ele>
        <time>2026-08-21T22:22:58.818000Z</time>
      </trkpt>
      <trkpt lat="39.8743499" lon="116.6675504">
        <ele>22.54203</ele>
        <time>2026-08-21T22:23:02.799000Z</time>
      </trkpt>
      <trkpt lat="39.8742619" lon="116.6676039">
        <ele>22.33266</ele>
        <time>2026-08-21T22:23:06.780000Z</time>
      </trkpt>
      <trkpt lat="39.8741762" lon="116.6676615">
        <ele>22.16395</ele>
        <time>2026-08-21T22:23:10.762000Z</time>
      </trkpt>
      <trkpt lat="39.8740883" lon="116.6677169">
        <ele>22.07145</ele>
        <time>2026-08-21T22:23:14.743000Z</time>
      </trkpt>
      <trkpt lat="39.8739981" lon="116.6677652">
        <ele>22.05021</ele>
        <time>2026-08-21T22:23:18.724000Z</time>
      </trkpt>
      <trkpt lat="39.873904" lon="116.6677951">
        <ele>22.07549</ele>
        <time>2026-08-21T22:23:22.705000Z</time>
      </trkpt>
      <trkpt lat="39.8738083" lon="116.6677997">
        <ele>22.11254</ele>
        <time>2026-08-21T22:23:26.686000Z</time>
      </trkpt>
      <trkpt lat="39.8737104" lon="116.6677923">
        <ele>22.12076</ele>
        <time>2026-08-21T22:23:30.667000Z</time>
      </trkpt>
      <trkpt lat="39.8736098" lon="116.6677748">
        <ele>22.10396</ele>
        <time>2026-08-21T22:23:34.649000Z</time>
      </trkpt>
      <trkpt lat="39.8735139" lon="116.6677392">
        <ele>22.07596</ele>
        <time>2026-08-21T22:23:38.630000Z</time>
      </trkpt>
      <trkpt lat="39.8734165" lon="116.6677146">
        <ele>22.05842</ele>
        <time>2026-08-21T22:23:42.611000Z</time>
      </trkpt>
      <trkpt lat="39.8733187" lon="116.6677239">
        <ele>22.05854</ele>
        <time>2026-08-21T22:23:46.592000Z</time>
      </trkpt>
      <trkpt lat="39.8732271" lon="116.6677609">
        <ele>22.06848</ele>
        <time>2026-08-21T22:23:50.573000Z</time>
      </trkpt>
      <trkpt lat="39.8731435" lon="116.6678114">
        <ele>22.06543</ele>
        <time>2026-08-21T22:23:54.554000Z</time>
      </trkpt>
      <trkpt lat="39.8730419" lon="116.6678544">
        <ele>22.0136</ele>
        <time>2026-08-21T22:23:59.531000Z</time>
      </trkpt>
      <trkpt lat="39.8729439" lon="116.6678374">
        <ele>21.98418</ele>
        <time>2026-08-21T22:24:03.512000Z</time>
      </trkpt>
      <trkpt lat="39.8728474" lon="116.6678109">
        <ele>21.96598</ele>
        <time>2026-08-21T22:24:07.493000Z</time>
      </trkpt>
      <trkpt lat="39.8727524" lon="116.6677795">
        <ele>21.9341</ele>
        <time>2026-08-21T22:24:11.474000Z</time>
      </trkpt>
      <trkpt lat="39.8726588" lon="116.6677551">
        <ele>21.90283</ele>
        <time>2026-08-21T22:24:15.456000Z</time>
      </trkpt>
      <trkpt lat="39.8725681" lon="116.667748">
        <ele>21.90267</ele>
        <time>2026-08-21T22:24:19.437000Z</time>
      </trkpt>
      <trkpt lat="39.8724735" lon="116.6677521">
        <ele>21.927</ele>
        <time>2026-08-21T22:24:23.418000Z</time>
      </trkpt>
      <trkpt lat="39.8723759" lon="116.6677653">
        <ele>21.91965</ele>
        <time>2026-08-21T22:24:27.399000Z</time>
      </trkpt>
      <trkpt lat="39.8722795" lon="116.667777">
        <ele>21.85413</ele>
        <time>2026-08-21T22:24:31.390000Z</time>
      </trkpt>
      <trkpt lat="39.8721802" lon="116.6677873">
        <ele>21.72975</ele>
        <time>2026-08-21T22:24:35.372000Z</time>
      </trkpt>
      <trkpt lat="39.8720817" lon="116.6677798">
        <ele>21.5892</ele>
        <time>2026-08-21T22:24:39.353000Z</time>
      </trkpt>
      <trkpt lat="39.8719868" lon="116.6677564">
        <ele>21.46301</ele>
        <time>2026-08-21T22:24:43.334000Z</time>
      </trkpt>
      <trkpt lat="39.8718935" lon="116.6677205">
        <ele>21.35176</ele>
        <time>2026-08-21T22:24:47.315000Z</time>
      </trkpt>
      <trkpt lat="39.8718025" lon="116.6676777">
        <ele>21.25518</ele>
        <time>2026-08-21T22:24:51.296000Z</time>
      </trkpt>
      <trkpt lat="39.8717153" lon="116.667621">
        <ele>21.19394</ele>
        <time>2026-08-21T22:24:55.277000Z</time>
      </trkpt>
      <trkpt lat="39.8716185" lon="116.6675741">
        <ele>21.19043</ele>
        <time>2026-08-21T22:24:59.259000Z</time>
      </trkpt>
      <trkpt lat="39.8715179" lon="116.6675386">
        <ele>21.25629</ele>
        <time>2026-08-21T22:25:03.240000Z</time>
      </trkpt>
      <trkpt lat="39.8714181" lon="116.6675185">
        <ele>21.38075</ele>
        <time>2026-08-21T22:25:07.221000Z</time>
      </trkpt>
      <trkpt lat="39.8713224" lon="116.6675187">
        <ele>21.53519</ele>
        <time>2026-08-21T22:25:11.202000Z</time>
      </trkpt>
      <trkpt lat="39.8712313" lon="116.6675292">
        <ele>21.65744</ele>
        <time>2026-08-21T22:25:15Z</time>
      </trkpt>
      <trkpt lat="39.8711356" lon="116.6675467">
        <ele>21.71512</ele>
        <time>2026-08-21T22:25:19Z</time>
      </trkpt>
      <trkpt lat="39.8710355" lon="116.6676058">
        <ele>21.68896</ele>
        <time>2026-08-21T22:25:24Z</time>
      </trkpt>
      <trkpt lat="39.870994" lon="116.6677193">
        <ele>21.55224</ele>
        <time>2026-08-21T22:25:28Z</time>
      </trkpt>
      <trkpt lat="39.8709467" lon="116.6678328">
        <ele>21.31963</ele>
        <time>2026-08-21T22:25:32Z</time>
      </trkpt>
      <trkpt lat="39.8708598" lon="116.6678804">
        <ele>21.15036</ele>
        <time>2026-08-21T22:25:36Z</time>
      </trkpt>
      <trkpt lat="39.8707586" lon="116.6678897">
        <ele>21.14037</ele>
        <time>2026-08-21T22:25:40Z</time>
      </trkpt>
      <trkpt lat="39.8706555" lon="116.6678925">
        <ele>21.22797</ele>
        <time>2026-08-21T22:25:44Z</time>
      </trkpt>
      <trkpt lat="39.8705555" lon="116.6678914">
        <ele>21.33577</ele>
        <time>2026-08-21T22:25:48Z</time>
      </trkpt>
      <trkpt lat="39.8704574" lon="116.6678847">
        <ele>21.46132</ele>
        <time>2026-08-21T22:25:52Z</time>
      </trkpt>
      <trkpt lat="39.8703642" lon="116.6678576">
        <ele>21.61445</ele>
        <time>2026-08-21T22:25:55.990000Z</time>
      </trkpt>
      <trkpt lat="39.8702838" lon="116.667797">
        <ele>21.7292</ele>
        <time>2026-08-21T22:25:59.972000Z</time>
      </trkpt>
      <trkpt lat="39.8701958" lon="116.6677681">
        <ele>21.77361</ele>
        <time>2026-08-21T22:26:03.953000Z</time>
      </trkpt>
      <trkpt lat="39.8701029" lon="116.6677688">
        <ele>21.76816</ele>
        <time>2026-08-21T22:26:07.934000Z</time>
      </trkpt>
      <trkpt lat="39.8700057" lon="116.667765">
        <ele>21.73781</ele>
        <time>2026-08-21T22:26:11.915000Z</time>
      </trkpt>
      <trkpt lat="39.8699064" lon="116.667752">
        <ele>21.69698</ele>
        <time>2026-08-21T22:26:15.896000Z</time>
      </trkpt>
      <trkpt lat="39.8698073" lon="116.6677273">
        <ele>21.643</ele>
        <time>2026-08-21T22:26:19.877000Z</time>
      </trkpt>
      <trkpt lat="39.8697118" lon="116.6677145">
        <ele>21.5623</ele>
        <time>2026-08-21T22:26:23.859000Z</time>
      </trkpt>
      <trkpt lat="39.8696196" lon="116.6677262">
        <ele>21.44805</ele>
        <time>2026-08-21T22:26:27.840000Z</time>
      </trkpt>
      <trkpt lat="39.8695235" lon="116.6678">
        <ele>21.35995</ele>
        <time>2026-08-21T22:26:32.816000Z</time>
      </trkpt>
      <trkpt lat="39.8694778" lon="116.6679031">
        <ele>21.39329</ele>
        <time>2026-08-21T22:26:36.797000Z</time>
      </trkpt>
      <trkpt lat="39.8694631" lon="116.6680236">
        <ele>21.45161</ele>
        <time>2026-08-21T22:26:40.779000Z</time>
      </trkpt>
      <trkpt lat="39.8694714" lon="116.6681445">
        <ele>21.47813</ele>
        <time>2026-08-21T22:26:44.760000Z</time>
      </trkpt>
      <trkpt lat="39.8695097" lon="116.668257">
        <ele>21.47667</ele>
        <time>2026-08-21T22:26:48.741000Z</time>
      </trkpt>
      <trkpt lat="39.8695781" lon="116.6683456">
        <ele>21.44554</ele>
        <time>2026-08-21T22:26:52.722000Z</time>
      </trkpt>
      <trkpt lat="39.869668" lon="116.6683947">
        <ele>21.36078</ele>
        <time>2026-08-21T22:26:56.703000Z</time>
      </trkpt>
      <trkpt lat="39.8697663" lon="116.6683903">
        <ele>21.24758</ele>
        <time>2026-08-21T22:27:00.685000Z</time>
      </trkpt>
      <trkpt lat="39.8698581" lon="116.6683538">
        <ele>21.16144</ele>
        <time>2026-08-21T22:27:04.666000Z</time>
      </trkpt>
      <trkpt lat="39.8699518" lon="116.6683215">
        <ele>21.11765</ele>
        <time>2026-08-21T22:27:08.647000Z</time>
      </trkpt>
      <trkpt lat="39.8700475" lon="116.6683085">
        <ele>21.07293</ele>
        <time>2026-08-21T22:27:12.628000Z</time>
      </trkpt>
      <trkpt lat="39.8701442" lon="116.6682997">
        <ele>20.97161</ele>
        <time>2026-08-21T22:27:16.609000Z</time>
      </trkpt>
      <trkpt lat="39.8702394" lon="116.6682782">
        <ele>20.81295</ele>
        <time>2026-08-21T22:27:20.591000Z</time>
      </trkpt>
      <trkpt lat="39.8703265" lon="116.6682292">
        <ele>20.66065</ele>
        <time>2026-08-21T22:27:24.572000Z</time>
      </trkpt>
      <trkpt lat="39.8704125" lon="116.6681659">
        <ele>20.57768</ele>
        <time>2026-08-21T22:27:28.553000Z</time>
      </trkpt>
      <trkpt lat="39.8705018" lon="116.6681181">
        <ele>20.56624</ele>
        <time>2026-08-21T22:27:32.534000Z</time>
      </trkpt>
      <trkpt lat="39.8705981" lon="116.6680998">
        <ele>20.60371</ele>
        <time>2026-08-21T22:27:36.515000Z</time>
      </trkpt>
      <trkpt lat="39.8706936" lon="116.6681095">
        <ele>20.68672</ele>
        <time>2026-08-21T22:27:40.497000Z</time>
      </trkpt>
      <trkpt lat="39.8707877" lon="116.6681355">
        <ele>20.78366</ele>
        <time>2026-08-21T22:27:44.478000Z</time>
      </trkpt>
      <trkpt lat="39.870884" lon="116.668153">
        <ele>20.86728</ele>
        <time>2026-08-21T22:27:48.459000Z</time>
      </trkpt>
      <trkpt lat="39.8709839" lon="116.6681434">
        <ele>20.92554</ele>
        <time>2026-08-21T22:27:52.440000Z</time>
      </trkpt>
      <trkpt lat="39.8710814" lon="116.6681114">
        <ele>20.93806</ele>
        <time>2026-08-21T22:27:56.421000Z</time>
      </trkpt>
      <trkpt lat="39.871172" lon="116.6680617">
        <ele>20.91475</ele>
        <time>2026-08-21T22:28:00.403000Z</time>
      </trkpt>
      <trkpt lat="39.871261" lon="116.6680098">
        <ele>20.86359</ele>
        <time>2026-08-21T22:28:04.384000Z</time>
      </trkpt>
      <trkpt lat="39.8713551" lon="116.6679748">
        <ele>20.81571</ele>
        <time>2026-08-21T22:28:08.365000Z</time>
      </trkpt>
      <trkpt lat="39.8714596" lon="116.6679663">
        <ele>20.7947</ele>
        <time>2026-08-21T22:28:12.346000Z</time>
      </trkpt>
      <trkpt lat="39.8715617" lon="116.6679826">
        <ele>20.78548</ele>
        <time>2026-08-21T22:28:16.327000Z</time>
      </trkpt>
      <trkpt lat="39.8716581" lon="116.6680192">
        <ele>20.79643</ele>
        <time>2026-08-21T22:28:20.309000Z</time>
      </trkpt>
      <trkpt lat="39.8717467" lon="116.6680799">
        <ele>20.86688</ele>
        <time>2026-08-21T22:28:24.290000Z</time>
      </trkpt>
      <trkpt lat="39.8718301" lon="116.6681499">
        <ele>21.01063</ele>
        <time>2026-08-21T22:28:28.271000Z</time>
      </trkpt>
      <trkpt lat="39.8719171" lon="116.6682017">
        <ele>21.20674</ele>
        <time>2026-08-21T22:28:32.252000Z</time>
      </trkpt>
      <trkpt lat="39.8720114" lon="116.6682202">
        <ele>21.45191</ele>
        <time>2026-08-21T22:28:36.233000Z</time>
      </trkpt>
      <trkpt lat="39.8721059" lon="116.6682228">
        <ele>21.72538</ele>
        <time>2026-08-21T22:28:40.215000Z</time>
      </trkpt>
      <trkpt lat="39.872199" lon="116.6682235">
        <ele>22.01497</ele>
        <time>2026-08-21T22:28:44.196000Z</time>
      </trkpt>
      <trkpt lat="39.8722899" lon="116.668238">
        <ele>22.23761</ele>
        <time>2026-08-21T22:28:48Z</time>
      </trkpt>
      <trkpt lat="39.8723791" lon="116.668282">
        <ele>22.30287</ele>
        <time>2026-08-21T22:28:52Z</time>
      </trkpt>
      <trkpt lat="39.8724621" lon="116.6683531">
        <ele>22.1974</ele>
        <time>2026-08-21T22:28:56.139000Z</time>
      </trkpt>
      <trkpt lat="39.8725302" lon="116.6684444">
        <ele>22.08555</ele>
        <time>2026-08-21T22:29:00.121000Z</time>
      </trkpt>
      <trkpt lat="39.8725875" lon="116.6685523">
        <ele>22.00226</ele>
        <time>2026-08-21T22:29:04.102000Z</time>
      </trkpt>
      <trkpt lat="39.8726225" lon="116.6686725">
        <ele>21.93447</ele>
        <time>2026-08-21T22:29:08.083000Z</time>
      </trkpt>
      <trkpt lat="39.8726356" lon="116.6687967">
        <ele>21.85524</ele>
        <time>2026-08-21T22:29:12.064000Z</time>
      </trkpt>
      <trkpt lat="39.872627" lon="116.6689258">
        <ele>21.76711</ele>
        <time>2026-08-21T22:29:16.045000Z</time>
      </trkpt>
      <trkpt lat="39.8726048" lon="116.6690504">
        <ele>21.68455</ele>
        <time>2026-08-21T22:29:20.027000Z</time>
      </trkpt>
      <trkpt lat="39.8725773" lon="116.6691737">
        <ele>21.62312</ele>
        <time>2026-08-21T22:29:24.008000Z</time>
      </trkpt>
      <trkpt lat="39.8725541" lon="116.6692963">
        <ele>21.59569</ele>
        <time>2026-08-21T22:29:27.989000Z</time>
      </trkpt>
      <trkpt lat="39.8725437" lon="116.669421">
        <ele>21.59978</ele>
        <time>2026-08-21T22:29:31.970000Z</time>
      </trkpt>
      <trkpt lat="39.8725441" lon="116.6695485">
        <ele>21.65166</ele>
        <time>2026-08-21T22:29:35.951000Z</time>
      </trkpt>
      <trkpt lat="39.8725516" lon="116.6696736">
        <ele>21.75529</ele>
        <time>2026-08-21T22:29:39.933000Z</time>
      </trkpt>
      <trkpt lat="39.8725754" lon="116.6698004">
        <ele>21.85744</ele>
        <time>2026-08-21T22:29:43.914000Z</time>
      </trkpt>
      <trkpt lat="39.8726252" lon="116.6699101">
        <ele>21.93913</ele>
        <time>2026-08-21T22:29:47.895000Z</time>
      </trkpt>
      <trkpt lat="39.8726934" lon="116.6700014">
        <ele>21.96567</ele>
        <time>2026-08-21T22:29:51.876000Z</time>
      </trkpt>
      <trkpt lat="39.8727692" lon="116.6700753">
        <ele>21.91606</ele>
        <time>2026-08-21T22:29:55.857000Z</time>
      </trkpt>
      <trkpt lat="39.8728515" lon="116.670137">
        <ele>21.79937</ele>
        <time>2026-08-21T22:29:59.839000Z</time>
      </trkpt>
      <trkpt lat="39.8729448" lon="116.6701829">
        <ele>21.65693</ele>
        <time>2026-08-21T22:30:03.820000Z</time>
      </trkpt>
      <trkpt lat="39.8730444" lon="116.6701991">
        <ele>21.50872</ele>
        <time>2026-08-21T22:30:07.801000Z</time>
      </trkpt>
      <trkpt lat="39.8731467" lon="116.6701934">
        <ele>21.35779</ele>
        <time>2026-08-21T22:30:11.782000Z</time>
      </trkpt>
      <trkpt lat="39.8732464" lon="116.6701691">
        <ele>21.21518</ele>
        <time>2026-08-21T22:30:15.764000Z</time>
      </trkpt>
      <trkpt lat="39.873342" lon="116.6701309">
        <ele>21.09096</ele>
        <time>2026-08-21T22:30:19.745000Z</time>
      </trkpt>
      <trkpt lat="39.8734335" lon="116.6700778">
        <ele>20.98778</ele>
        <time>2026-08-21T22:30:23.726000Z</time>
      </trkpt>
      <trkpt lat="39.8735179" lon="116.6700075">
        <ele>20.90908</ele>
        <time>2026-08-21T22:30:27.707000Z</time>
      </trkpt>
      <trkpt lat="39.8735972" lon="116.6699296">
        <ele>20.88794</ele>
        <time>2026-08-21T22:30:31.688000Z</time>
      </trkpt>
      <trkpt lat="39.8736803" lon="116.6698601">
        <ele>20.92136</ele>
        <time>2026-08-21T22:30:35.670000Z</time>
      </trkpt>
      <trkpt lat="39.8737733" lon="116.6698167">
        <ele>20.98827</ele>
        <time>2026-08-21T22:30:39.651000Z</time>
      </trkpt>
      <trkpt lat="39.8738731" lon="116.6698141">
        <ele>21.06923</ele>
        <time>2026-08-21T22:30:43.632000Z</time>
      </trkpt>
      <trkpt lat="39.8739711" lon="116.6698356">
        <ele>21.14215</ele>
        <time>2026-08-21T22:30:47.613000Z</time>
      </trkpt>
      <trkpt lat="39.8740703" lon="116.6698544">
        <ele>21.19117</ele>
        <time>2026-08-21T22:30:51.595000Z</time>
      </trkpt>
      <trkpt lat="39.8741708" lon="116.6698543">
        <ele>21.20733</ele>
        <time>2026-08-21T22:30:55.576000Z</time>
      </trkpt>
      <trkpt lat="39.8742677" lon="116.6698189">
        <ele>21.21793</ele>
        <time>2026-08-21T22:30:59.557000Z</time>
      </trkpt>
      <trkpt lat="39.8743487" lon="116.6697471">
        <ele>21.29991</ele>
        <time>2026-08-21T22:31:03.538000Z</time>
      </trkpt>
      <trkpt lat="39.874418" lon="116.6696491">
        <ele>21.49682</ele>
        <time>2026-08-21T22:31:07.519000Z</time>
      </trkpt>
      <trkpt lat="39.8744873" lon="116.6695522">
        <ele>21.77856</ele>
        <time>2026-08-21T22:31:11.511000Z</time>
      </trkpt>
      <trkpt lat="39.8745756" lon="116.6694927">
        <ele>22.08248</ele>
        <time>2026-08-21T22:31:15.492000Z</time>
      </trkpt>
      <trkpt lat="39.8746774" lon="116.6694797">
        <ele>22.38042</ele>
        <time>2026-08-21T22:31:19.473000Z</time>
      </trkpt>
      <trkpt lat="39.8747769" lon="116.6695048">
        <ele>22.67015</ele>
        <time>2026-08-21T22:31:23.454000Z</time>
      </trkpt>
      <trkpt lat="39.8748766" lon="116.6695505">
        <ele>22.94865</ele>
        <time>2026-08-21T22:31:27.436000Z</time>
      </trkpt>
      <trkpt lat="39.8749733" lon="116.6696083">
        <ele>23.15817</ele>
        <time>2026-08-21T22:31:31.417000Z</time>
      </trkpt>
      <trkpt lat="39.8750656" lon="116.6696619">
        <ele>23.26869</ele>
        <time>2026-08-21T22:31:35.398000Z</time>
      </trkpt>
      <trkpt lat="39.8751598" lon="116.6696587">
        <ele>23.29868</ele>
        <time>2026-08-21T22:31:39.379000Z</time>
      </trkpt>
      <trkpt lat="39.8752421" lon="116.669592">
        <ele>23.29548</ele>
        <time>2026-08-21T22:31:43.360000Z</time>
      </trkpt>
      <trkpt lat="39.8753266" lon="116.6695292">
        <ele>23.29489</ele>
        <time>2026-08-21T22:31:47.342000Z</time>
      </trkpt>
      <trkpt lat="39.8754216" lon="116.6695051">
        <ele>23.31577</ele>
        <time>2026-08-21T22:31:51.323000Z</time>
      </trkpt>
      <trkpt lat="39.8755207" lon="116.6694805">
        <ele>23.39862</ele>
        <time>2026-08-21T22:31:55.304000Z</time>
      </trkpt>
      <trkpt lat="39.875608" lon="116.6694142">
        <ele>23.51807</ele>
        <time>2026-08-21T22:31:59.285000Z</time>
      </trkpt>
      <trkpt lat="39.8756638" lon="116.6693101">
        <ele>23.62627</ele>
        <time>2026-08-21T22:32:03.267000Z</time>
      </trkpt>
      <trkpt lat="39.8756833" lon="116.6691858">
        <ele>23.6891</ele>
        <time>2026-08-21T22:32:07.248000Z</time>
      </trkpt>
      <trkpt lat="39.8756746" lon="116.6690628">
        <ele>23.72295</ele>
        <time>2026-08-21T22:32:11.229000Z</time>
      </trkpt>
      <trkpt lat="39.8756388" lon="116.6689443">
        <ele>23.7976</ele>
        <time>2026-08-21T22:32:15.210000Z</time>
      </trkpt>
      <trkpt lat="39.8755839" lon="116.6688466">
        <ele>23.88867</ele>
        <time>2026-08-21T22:32:19Z</time>
      </trkpt>
      <trkpt lat="39.8755083" lon="116.668759">
        <ele>23.90383</ele>
        <time>2026-08-21T22:32:23Z</time>
      </trkpt>
      <trkpt lat="39.8754298" lon="116.6686732">
        <ele>23.83658</ele>
        <time>2026-08-21T22:32:27Z</time>
      </trkpt>
      <trkpt lat="39.8753626" lon="116.6685667">
        <ele>23.73676</ele>
        <time>2026-08-21T22:32:31Z</time>
      </trkpt>
      <trkpt lat="39.8753178" lon="116.6684363">
        <ele>23.61973</ele>
        <time>2026-08-21T22:32:35Z</time>
      </trkpt>
      <trkpt lat="39.8752895" lon="116.6682977">
        <ele>23.50721</ele>
        <time>2026-08-21T22:32:39Z</time>
      </trkpt>
      <trkpt lat="39.8752667" lon="116.6681593">
        <ele>23.41897</ele>
        <time>2026-08-21T22:32:43Z</time>
      </trkpt>
      <trkpt lat="39.8752358" lon="116.6680259">
        <ele>23.38055</ele>
        <time>2026-08-21T22:32:47Z</time>
      </trkpt>
      <trkpt lat="39.8751912" lon="116.6678997">
        <ele>23.3887</ele>
        <time>2026-08-21T22:32:51Z</time>
      </trkpt>
      <trkpt lat="39.8751351" lon="116.6677865">
        <ele>23.38037</ele>
        <time>2026-08-21T22:32:55Z</time>
      </trkpt>
      <trkpt lat="39.8750639" lon="116.6676883">
        <ele>23.29606</ele>
        <time>2026-08-21T22:32:59Z</time>
      </trkpt>
      <trkpt lat="39.8749774" lon="116.6676122">
        <ele>23.1475</ele>
        <time>2026-08-21T22:33:02.985000Z</time>
      </trkpt>
      <trkpt lat="39.874881" lon="116.6675567">
        <ele>23.01744</ele>
        <time>2026-08-21T22:33:06.966000Z</time>
      </trkpt>
      <trkpt lat="39.8747822" lon="116.667516">
        <ele>22.92305</ele>
        <time>2026-08-21T22:33:10.948000Z</time>
      </trkpt>
      <trkpt lat="39.8746808" lon="116.6674883">
        <ele>22.8476</ele>
        <time>2026-08-21T22:33:14.929000Z</time>
      </trkpt>
      <trkpt lat="39.8745811" lon="116.6674754">
        <ele>22.76449</ele>
        <time>2026-08-21T22:33:18.910000Z</time>
      </trkpt>
      <trkpt lat="39.8744821" lon="116.6674782">
        <ele>22.63772</ele>
        <time>2026-08-21T22:33:22.891000Z</time>
      </trkpt>
      <trkpt lat="39.8743856" lon="116.6675058">
        <ele>22.46861</ele>
        <time>2026-08-21T22:33:26.872000Z</time>
      </trkpt>
      <trkpt lat="39.8742945" lon="116.6675542">
        <ele>22.29764</ele>
        <time>2026-08-21T22:33:30.854000Z</time>
      </trkpt>
      <trkpt lat="39.8742066" lon="116.6676127">
        <ele>22.14829</ele>
        <time>2026-08-21T22:33:34.835000Z</time>
      </trkpt>
      <trkpt lat="39.8741162" lon="116.6676749">
        <ele>22.0395</ele>
        <time>2026-08-21T22:33:38.816000Z</time>
      </trkpt>
      <trkpt lat="39.8740213" lon="116.6677351">
        <ele>21.97706</ele>
        <time>2026-08-21T22:33:42.797000Z</time>
      </trkpt>
      <trkpt lat="39.873919" lon="116.6677674">
        <ele>21.95918</ele>
        <time>2026-08-21T22:33:46.779000Z</time>
      </trkpt>
      <trkpt lat="39.8738124" lon="116.6677759">
        <ele>21.9934</ele>
        <time>2026-08-21T22:33:50.760000Z</time>
      </trkpt>
      <trkpt lat="39.8737053" lon="116.6677704">
        <ele>22.07245</ele>
        <time>2026-08-21T22:33:54.741000Z</time>
      </trkpt>
      <trkpt lat="39.8735986" lon="116.6677483">
        <ele>22.18503</ele>
        <time>2026-08-21T22:33:58.722000Z</time>
      </trkpt>
      <trkpt lat="39.8734914" lon="116.6677265">
        <ele>22.28835</ele>
        <time>2026-08-21T22:34:02.704000Z</time>
      </trkpt>
      <trkpt lat="39.8733838" lon="116.6677328">
        <ele>22.34582</ele>
        <time>2026-08-21T22:34:06.685000Z</time>
      </trkpt>
      <trkpt lat="39.8732793" lon="116.6677702">
        <ele>22.32482</ele>
        <time>2026-08-21T22:34:10.666000Z</time>
      </trkpt>
      <trkpt lat="39.873175" lon="116.667813">
        <ele>22.21578</ele>
        <time>2026-08-21T22:34:14.647000Z</time>
      </trkpt>
      <trkpt lat="39.8730643" lon="116.6678336">
        <ele>22.05922</ele>
        <time>2026-08-21T22:34:18.629000Z</time>
      </trkpt>
      <trkpt lat="39.8729482" lon="116.6678237">
        <ele>21.89151</ele>
        <time>2026-08-21T22:34:22.610000Z</time>
      </trkpt>
      <trkpt lat="39.8728358" lon="116.6677845">
        <ele>21.74508</ele>
        <time>2026-08-21T22:34:26.591000Z</time>
      </trkpt>
      <trkpt lat="39.872727" lon="116.6677376">
        <ele>21.64031</ele>
        <time>2026-08-21T22:34:30.572000Z</time>
      </trkpt>
      <trkpt lat="39.872619" lon="116.6677031">
        <ele>21.59924</ele>
        <time>2026-08-21T22:34:34.554000Z</time>
      </trkpt>
      <trkpt lat="39.8725093" lon="116.6676857">
        <ele>21.64993</ele>
        <time>2026-08-21T22:34:38.535000Z</time>
      </trkpt>
      <trkpt lat="39.8724" lon="116.6676936">
        <ele>21.70476</ele>
        <time>2026-08-21T22:34:42.516000Z</time>
      </trkpt>
      <trkpt lat="39.8722929" lon="116.6677171">
        <ele>21.67374</ele>
        <time>2026-08-21T22:34:46.497000Z</time>
      </trkpt>
      <trkpt lat="39.872183" lon="116.667737">
        <ele>21.58588</ele>
        <time>2026-08-21T22:34:50.479000Z</time>
      </trkpt>
      <trkpt lat="39.8720728" lon="116.6677416">
        <ele>21.4657</ele>
        <time>2026-08-21T22:34:54.460000Z</time>
      </trkpt>
      <trkpt lat="39.8719669" lon="116.667727">
        <ele>21.31297</ele>
        <time>2026-08-21T22:34:58.441000Z</time>
      </trkpt>
      <trkpt lat="39.8718627" lon="116.6676919">
        <ele>21.14765</ele>
        <time>2026-08-21T22:35:02.422000Z</time>
      </trkpt>
      <trkpt lat="39.8717606" lon="116.6676385">
        <ele>21.03418</ele>
        <time>2026-08-21T22:35:06.403000Z</time>
      </trkpt>
      <trkpt lat="39.871656" lon="116.6675887">
        <ele>20.98052</ele>
        <time>2026-08-21T22:35:10.385000Z</time>
      </trkpt>
      <trkpt lat="39.8715467" lon="116.6675568">
        <ele>20.95057</ele>
        <time>2026-08-21T22:35:14.366000Z</time>
      </trkpt>
      <trkpt lat="39.8714359" lon="116.6675447">
        <ele>20.91425</ele>
        <time>2026-08-21T22:35:18.347000Z</time>
      </trkpt>
      <trkpt lat="39.8713279" lon="116.6675528">
        <ele>20.83804</ele>
        <time>2026-08-21T22:35:22.328000Z</time>
      </trkpt>
      <trkpt lat="39.8712223" lon="116.6675722">
        <ele>20.70859</ele>
        <time>2026-08-21T22:35:26.310000Z</time>
      </trkpt>
      <trkpt lat="39.8711203" lon="116.6676054">
        <ele>20.54114</ele>
        <time>2026-08-21T22:35:30.291000Z</time>
      </trkpt>
      <trkpt lat="39.8710388" lon="116.6676752">
        <ele>20.4128</ele>
        <time>2026-08-21T22:35:34.272000Z</time>
      </trkpt>
      <trkpt lat="39.8709867" lon="116.6677893">
        <ele>20.4135</ele>
        <time>2026-08-21T22:35:38.253000Z</time>
      </trkpt>
      <trkpt lat="39.8709134" lon="116.6678816">
        <ele>20.54347</ele>
        <time>2026-08-21T22:35:42.235000Z</time>
      </trkpt>
      <trkpt lat="39.8708113" lon="116.6679011">
        <ele>20.69683</ele>
        <time>2026-08-21T22:35:46.216000Z</time>
      </trkpt>
      <trkpt lat="39.8707039" lon="116.6678889">
        <ele>20.8206</ele>
        <time>2026-08-21T22:35:50.197000Z</time>
      </trkpt>
      <trkpt lat="39.8706055" lon="116.6678818">
        <ele>20.93322</ele>
        <time>2026-08-21T22:35:54Z</time>
      </trkpt>
      <trkpt lat="39.870503" lon="116.6678811">
        <ele>21.11657</ele>
        <time>2026-08-21T22:35:58Z</time>
      </trkpt>
      <trkpt lat="39.8704006" lon="116.6678689">
        <ele>21.38021</ele>
        <time>2026-08-21T22:36:02Z</time>
      </trkpt>
      <trkpt lat="39.8703104" lon="116.667811">
        <ele>21.6901</ele>
        <time>2026-08-21T22:36:06Z</time>
      </trkpt>
      <trkpt lat="39.870215" lon="116.6677654">
        <ele>21.93375</ele>
        <time>2026-08-21T22:36:10.103000Z</time>
      </trkpt>
      <trkpt lat="39.8701173" lon="116.6677677">
        <ele>22.06823</ele>
        <time>2026-08-21T22:36:14.084000Z</time>
      </trkpt>
      <trkpt lat="39.870013" lon="116.6677764">
        <ele>22.16894</ele>
        <time>2026-08-21T22:36:18.066000Z</time>
      </trkpt>
      <trkpt lat="39.8699077" lon="116.6677685">
        <ele>22.22271</ele>
        <time>2026-08-21T22:36:22.001000Z</time>
      </trkpt>
      <trkpt lat="39.8698013" lon="116.6677413">
        <ele>22.1903</ele>
        <time>2026-08-21T22:36:26.001000Z</time>
      </trkpt>
      <trkpt lat="39.8697008" lon="116.6677283">
        <ele>22.05894</ele>
        <time>2026-08-21T22:36:30.001000Z</time>
      </trkpt>
      <trkpt lat="39.8695993" lon="116.6677852">
        <ele>21.84507</ele>
        <time>2026-08-21T22:36:34.986000Z</time>
      </trkpt>
      <trkpt lat="39.8695404" lon="116.6678768">
        <ele>21.75678</ele>
        <time>2026-08-21T22:36:38.967000Z</time>
      </trkpt>
      <trkpt lat="39.8695" lon="116.6679945">
        <ele>21.74775</ele>
        <time>2026-08-21T22:36:42.948000Z</time>
      </trkpt>
      <trkpt lat="39.8694891" lon="116.6681222">
        <ele>21.75849</ele>
        <time>2026-08-21T22:36:46.930000Z</time>
      </trkpt>
      <trkpt lat="39.8695137" lon="116.6682457">
        <ele>21.71759</ele>
        <time>2026-08-21T22:36:50.911000Z</time>
      </trkpt>
      <trkpt lat="39.869575" lon="116.6683492">
        <ele>21.61377</ele>
        <time>2026-08-21T22:36:54.892000Z</time>
      </trkpt>
      <trkpt lat="39.8696604" lon="116.6684104">
        <ele>21.47806</ele>
        <time>2026-08-21T22:36:58.873000Z</time>
      </trkpt>
      <trkpt lat="39.86976" lon="116.6684094">
        <ele>21.34773</ele>
        <time>2026-08-21T22:37:02.854000Z</time>
      </trkpt>
      <trkpt lat="39.869859" lon="116.6683669">
        <ele>21.24528</ele>
        <time>2026-08-21T22:37:06.836000Z</time>
      </trkpt>
      <trkpt lat="39.8699588" lon="116.6683334">
        <ele>21.16657</ele>
        <time>2026-08-21T22:37:10.817000Z</time>
      </trkpt>
      <trkpt lat="39.8700614" lon="116.6683184">
        <ele>21.07945</ele>
        <time>2026-08-21T22:37:14.798000Z</time>
      </trkpt>
      <trkpt lat="39.8701611" lon="116.6682983">
        <ele>20.97701</ele>
        <time>2026-08-21T22:37:18.779000Z</time>
      </trkpt>
      <trkpt lat="39.8702588" lon="116.6682574">
        <ele>20.8701</ele>
        <time>2026-08-21T22:37:22.761000Z</time>
      </trkpt>
      <trkpt lat="39.8703574" lon="116.6681976">
        <ele>20.77041</ele>
        <time>2026-08-21T22:37:26.742000Z</time>
      </trkpt>
      <trkpt lat="39.8704565" lon="116.6681375">
        <ele>20.69458</ele>
        <time>2026-08-21T22:37:30.723000Z</time>
      </trkpt>
      <trkpt lat="39.8705613" lon="116.6681071">
        <ele>20.64939</ele>
        <time>2026-08-21T22:37:34.704000Z</time>
      </trkpt>
      <trkpt lat="39.8706676" lon="116.6681092">
        <ele>20.63248</ele>
        <time>2026-08-21T22:37:38.686000Z</time>
      </trkpt>
      <trkpt lat="39.8707708" lon="116.6681283">
        <ele>20.65771</ele>
        <time>2026-08-21T22:37:42.667000Z</time>
      </trkpt>
      <trkpt lat="39.8708785" lon="116.6681366">
        <ele>20.71567</ele>
        <time>2026-08-21T22:37:46.648000Z</time>
      </trkpt>
      <trkpt lat="39.8709847" lon="116.6681251">
        <ele>20.79754</ele>
        <time>2026-08-21T22:37:50.629000Z</time>
      </trkpt>
      <trkpt lat="39.8710862" lon="116.668102">
        <ele>20.88901</ele>
        <time>2026-08-21T22:37:54.611000Z</time>
      </trkpt>
      <trkpt lat="39.8711847" lon="116.6680646">
        <ele>20.96052</ele>
        <time>2026-08-21T22:37:58.592000Z</time>
      </trkpt>
      <trkpt lat="39.8712796" lon="116.6680175">
        <ele>20.99405</ele>
        <time>2026-08-21T22:38:02.573000Z</time>
      </trkpt>
      <trkpt lat="39.871381" lon="116.6679874">
        <ele>20.9633</ele>
        <time>2026-08-21T22:38:06.554000Z</time>
      </trkpt>
      <trkpt lat="39.8714854" lon="116.6679885">
        <ele>20.88004</ele>
        <time>2026-08-21T22:38:10.536000Z</time>
      </trkpt>
      <trkpt lat="39.8715862" lon="116.6680153">
        <ele>20.78238</ele>
        <time>2026-08-21T22:38:14.517000Z</time>
      </trkpt>
      <trkpt lat="39.8716853" lon="116.6680625">
        <ele>20.71759</ele>
        <time>2026-08-21T22:38:18.498000Z</time>
      </trkpt>
      <trkpt lat="39.8717782" lon="116.6681253">
        <ele>20.74743</ele>
        <time>2026-08-21T22:38:22.479000Z</time>
      </trkpt>
      <trkpt lat="39.8718671" lon="116.6681885">
        <ele>20.87279</ele>
        <time>2026-08-21T22:38:26.461000Z</time>
      </trkpt>
      <trkpt lat="39.8719642" lon="116.6682331">
        <ele>21.0517</ele>
        <time>2026-08-21T22:38:30.442000Z</time>
      </trkpt>
      <trkpt lat="39.8720658" lon="116.6682416">
        <ele>21.23808</ele>
        <time>2026-08-21T22:38:34.423000Z</time>
      </trkpt>
      <trkpt lat="39.8721682" lon="116.6682286">
        <ele>21.40838</ele>
        <time>2026-08-21T22:38:38.404000Z</time>
      </trkpt>
      <trkpt lat="39.8722684" lon="116.6682414">
        <ele>21.54238</ele>
        <time>2026-08-21T22:38:42.386000Z</time>
      </trkpt>
      <trkpt lat="39.872367" lon="116.6682935">
        <ele>21.61733</ele>
        <time>2026-08-21T22:38:46.367000Z</time>
      </trkpt>
      <trkpt lat="39.872455" lon="116.6683707">
        <ele>21.63688</ele>
        <time>2026-08-21T22:38:50.348000Z</time>
      </trkpt>
      <trkpt lat="39.8725286" lon="116.6684682">
        <ele>21.62751</ele>
        <time>2026-08-21T22:38:54.329000Z</time>
      </trkpt>
      <trkpt lat="39.8725843" lon="116.6685817">
        <ele>21.61549</ele>
        <time>2026-08-21T22:38:58.311000Z</time>
      </trkpt>
      <trkpt lat="39.8726176" lon="116.6687114">
        <ele>21.61569</ele>
        <time>2026-08-21T22:39:02.292000Z</time>
      </trkpt>
      <trkpt lat="39.8726339" lon="116.6688441">
        <ele>21.62982</ele>
        <time>2026-08-21T22:39:06.273000Z</time>
      </trkpt>
      <trkpt lat="39.8726261" lon="116.6689787">
        <ele>21.64806</ele>
        <time>2026-08-21T22:39:10.255000Z</time>
      </trkpt>
      <trkpt lat="39.8725971" lon="116.6691072">
        <ele>21.65268</ele>
        <time>2026-08-21T22:39:14.236000Z</time>
      </trkpt>
      <trkpt lat="39.8725611" lon="116.6692348">
        <ele>21.64817</ele>
        <time>2026-08-21T22:39:18.217000Z</time>
      </trkpt>
      <trkpt lat="39.8725277" lon="116.6693619">
        <ele>21.64215</ele>
        <time>2026-08-21T22:39:22.198000Z</time>
      </trkpt>
      <trkpt lat="39.8725088" lon="116.6694935">
        <ele>21.63581</ele>
        <time>2026-08-21T22:39:26.180000Z</time>
      </trkpt>
      <trkpt lat="39.8725059" lon="116.6696247">
        <ele>21.63421</ele>
        <time>2026-08-21T22:39:30.161000Z</time>
      </trkpt>
      <trkpt lat="39.8725238" lon="116.6697511">
        <ele>21.61358</ele>
        <time>2026-08-21T22:39:34.001000Z</time>
      </trkpt>
      <trkpt lat="39.872566" lon="116.6698718">
        <ele>21.60114</ele>
        <time>2026-08-21T22:39:38.001000Z</time>
      </trkpt>
      <trkpt lat="39.8726318" lon="116.6699695">
        <ele>21.65661</ele>
        <time>2026-08-21T22:39:42.105000Z</time>
      </trkpt>
      <trkpt lat="39.8727098" lon="116.6700399">
        <ele>21.76132</ele>
        <time>2026-08-21T22:39:46.086000Z</time>
      </trkpt>
      <trkpt lat="39.8727969" lon="116.6700926">
        <ele>21.87447</ele>
        <time>2026-08-21T22:39:50.067000Z</time>
      </trkpt>
      <trkpt lat="39.8728912" lon="116.6701231">
        <ele>21.94736</ele>
        <time>2026-08-21T22:39:54.048000Z</time>
      </trkpt>
      <trkpt lat="39.8729878" lon="116.6701362">
        <ele>21.94926</ele>
        <time>2026-08-21T22:39:58.030000Z</time>
      </trkpt>
      <trkpt lat="39.8730872" lon="116.6701409">
        <ele>21.88831</ele>
        <time>2026-08-21T22:40:02.011000Z</time>
      </trkpt>
      <trkpt lat="39.8731865" lon="116.6701331">
        <ele>21.77685</ele>
        <time>2026-08-21T22:40:05.992000Z</time>
      </trkpt>
      <trkpt lat="39.8732844" lon="116.6701134">
        <ele>21.63348</ele>
        <time>2026-08-21T22:40:09.973000Z</time>
      </trkpt>
      <trkpt lat="39.8733769" lon="116.6700807">
        <ele>21.47019</ele>
        <time>2026-08-21T22:40:13.955000Z</time>
      </trkpt>
      <trkpt lat="39.8734615" lon="116.6700237">
        <ele>21.31046</ele>
        <time>2026-08-21T22:40:17.936000Z</time>
      </trkpt>
      <trkpt lat="39.8735386" lon="116.6699483">
        <ele>21.19145</ele>
        <time>2026-08-21T22:40:21.917000Z</time>
      </trkpt>
      <trkpt lat="39.8736168" lon="116.6698677">
        <ele>21.14749</ele>
        <time>2026-08-21T22:40:25.898000Z</time>
      </trkpt>
      <trkpt lat="39.8737014" lon="116.6698092">
        <ele>21.20107</ele>
        <time>2026-08-21T22:40:29.880000Z</time>
      </trkpt>
      <trkpt lat="39.8737977" lon="116.6697857">
        <ele>21.32438</ele>
        <time>2026-08-21T22:40:33.861000Z</time>
      </trkpt>
      <trkpt lat="39.8738987" lon="116.6697879">
        <ele>21.45459</ele>
        <time>2026-08-21T22:40:37.842000Z</time>
      </trkpt>
      <trkpt lat="39.8740013" lon="116.6697995">
        <ele>21.5553</ele>
        <time>2026-08-21T22:40:41.824000Z</time>
      </trkpt>
      <trkpt lat="39.8741032" lon="116.6698112">
        <ele>21.63042</ele>
        <time>2026-08-21T22:40:45.805000Z</time>
      </trkpt>
      <trkpt lat="39.8742061" lon="116.6697972">
        <ele>21.68899</ele>
        <time>2026-08-21T22:40:49.786000Z</time>
      </trkpt>
      <trkpt lat="39.8742978" lon="116.6697365">
        <ele>21.74698</ele>
        <time>2026-08-21T22:40:53.767000Z</time>
      </trkpt>
      <trkpt lat="39.8743769" lon="116.669639">
        <ele>21.8478</ele>
        <time>2026-08-21T22:40:57.749000Z</time>
      </trkpt>
      <trkpt lat="39.8744572" lon="116.6695412">
        <ele>21.99722</ele>
        <time>2026-08-21T22:41:01.730000Z</time>
      </trkpt>
      <trkpt lat="39.8745461" lon="116.6694716">
        <ele>22.18161</ele>
        <time>2026-08-21T22:41:05.711000Z</time>
      </trkpt>
      <trkpt lat="39.8746481" lon="116.669447">
        <ele>22.40659</ele>
        <time>2026-08-21T22:41:09.692000Z</time>
      </trkpt>
      <trkpt lat="39.8747498" lon="116.6694721">
        <ele>22.656</ele>
        <time>2026-08-21T22:41:13.674000Z</time>
      </trkpt>
      <trkpt lat="39.8748468" lon="116.6695301">
        <ele>22.89552</ele>
        <time>2026-08-21T22:41:17.655000Z</time>
      </trkpt>
      <trkpt lat="39.8749412" lon="116.6695974">
        <ele>23.10191</ele>
        <time>2026-08-21T22:41:21.636000Z</time>
      </trkpt>
      <trkpt lat="39.8750387" lon="116.6696479">
        <ele>23.2695</ele>
        <time>2026-08-21T22:41:25.618000Z</time>
      </trkpt>
      <trkpt lat="39.8751407" lon="116.6696429">
        <ele>23.37937</ele>
        <time>2026-08-21T22:41:29.599000Z</time>
      </trkpt>
      <trkpt lat="39.8752381" lon="116.6695885">
        <ele>23.42138</ele>
        <time>2026-08-21T22:41:33.580000Z</time>
      </trkpt>
      <trkpt lat="39.8753309" lon="116.6695375">
        <ele>23.41644</ele>
        <time>2026-08-21T22:41:37.561000Z</time>
      </trkpt>
      <trkpt lat="39.8754301" lon="116.6695188">
        <ele>23.41078</ele>
        <time>2026-08-21T22:41:41.543000Z</time>
      </trkpt>
      <trkpt lat="39.8755246" lon="116.6694909">
        <ele>23.417</ele>
        <time>2026-08-21T22:41:45.524000Z</time>
      </trkpt>
      <trkpt lat="39.8756093" lon="116.6694137">
        <ele>23.43774</ele>
        <time>2026-08-21T22:41:49.505000Z</time>
      </trkpt>
      <trkpt lat="39.8756644" lon="116.6693001">
        <ele>23.49356</ele>
        <time>2026-08-21T22:41:53.486000Z</time>
      </trkpt>
      <trkpt lat="39.8756821" lon="116.6691668">
        <ele>23.56806</ele>
        <time>2026-08-21T22:41:57.468000Z</time>
      </trkpt>
      <trkpt lat="39.875669" lon="116.669032">
        <ele>23.62041</ele>
        <time>2026-08-21T22:42:01.449000Z</time>
      </trkpt>
      <trkpt lat="39.87563" lon="116.6689083">
        <ele>23.63451</ele>
        <time>2026-08-21T22:42:05.430000Z</time>
      </trkpt>
      <trkpt lat="39.8755683" lon="116.6688047">
        <ele>23.62408</ele>
        <time>2026-08-21T22:42:09.411000Z</time>
      </trkpt>
      <trkpt lat="39.8754905" lon="116.6687171">
        <ele>23.5768</ele>
        <time>2026-08-21T22:42:13.393000Z</time>
      </trkpt>
      <trkpt lat="39.8754099" lon="116.6686356">
        <ele>23.4852</ele>
        <time>2026-08-21T22:42:17.374000Z</time>
      </trkpt>
      <trkpt lat="39.8753372" lon="116.6685459">
        <ele>23.34658</ele>
        <time>2026-08-21T22:42:21.355000Z</time>
      </trkpt>
      <trkpt lat="39.8752934" lon="116.6684257">
        <ele>23.19053</ele>
        <time>2026-08-21T22:42:25.337000Z</time>
      </trkpt>
      <trkpt lat="39.8752629" lon="116.6682936">
        <ele>23.04084</ele>
        <time>2026-08-21T22:42:29.318000Z</time>
      </trkpt>
      <trkpt lat="39.8752356" lon="116.6681608">
        <ele>22.92991</ele>
        <time>2026-08-21T22:42:33.298000Z</time>
      </trkpt>
      <trkpt lat="39.8752029" lon="116.6680296">
        <ele>22.87077</ele>
        <time>2026-08-21T22:42:37.279000Z</time>
      </trkpt>
      <trkpt lat="39.8751588" lon="116.6679039">
        <ele>22.84355</ele>
        <time>2026-08-21T22:42:41.261000Z</time>
      </trkpt>
      <trkpt lat="39.8751002" lon="116.6677809">
        <ele>22.82362</ele>
        <time>2026-08-21T22:42:45.242000Z</time>
      </trkpt>
      <trkpt lat="39.8750251" lon="116.667675">
        <ele>22.80916</ele>
        <time>2026-08-21T22:42:49.224000Z</time>
      </trkpt>
      <trkpt lat="39.8749336" lon="116.6676024">
        <ele>22.77278</ele>
        <time>2026-08-21T22:42:53.205000Z</time>
      </trkpt>
      <trkpt lat="39.8748344" lon="116.6675516">
        <ele>22.66515</ele>
        <time>2026-08-21T22:42:57.186000Z</time>
      </trkpt>
      <trkpt lat="39.8747331" lon="116.6675185">
        <ele>22.45604</ele>
        <time>2026-08-21T22:43:01.168000Z</time>
      </trkpt>
      <trkpt lat="39.8746308" lon="116.6674955">
        <ele>22.17263</ele>
        <time>2026-08-21T22:43:05.149000Z</time>
      </trkpt>
      <trkpt lat="39.8745294" lon="116.6674969">
        <ele>21.96637</ele>
        <time>2026-08-21T22:43:08.999000Z</time>
      </trkpt>
      <trkpt lat="39.8744212" lon="116.6675225">
        <ele>21.89602</ele>
        <time>2026-08-21T22:43:12.999000Z</time>
      </trkpt>
      <trkpt lat="39.8743174" lon="116.6675602">
        <ele>21.89868</ele>
        <time>2026-08-21T22:43:17Z</time>
      </trkpt>
      <trkpt lat="39.8742219" lon="116.6676162">
        <ele>21.93496</ele>
        <time>2026-08-21T22:43:21Z</time>
      </trkpt>
      <trkpt lat="39.8741273" lon="116.6676823">
        <ele>21.94367</ele>
        <time>2026-08-21T22:43:25Z</time>
      </trkpt>
      <trkpt lat="39.8740328" lon="116.6677401">
        <ele>21.92537</ele>
        <time>2026-08-21T22:43:29Z</time>
      </trkpt>
      <trkpt lat="39.8739341" lon="116.667781">
        <ele>21.89075</ele>
        <time>2026-08-21T22:43:33Z</time>
      </trkpt>
      <trkpt lat="39.8738301" lon="116.6677967">
        <ele>21.83909</ele>
        <time>2026-08-21T22:43:37Z</time>
      </trkpt>
      <trkpt lat="39.8737237" lon="116.6677907">
        <ele>21.80214</ele>
        <time>2026-08-21T22:43:40.981000Z</time>
      </trkpt>
      <trkpt lat="39.8736179" lon="116.6677672">
        <ele>21.79373</ele>
        <time>2026-08-21T22:43:44.962000Z</time>
      </trkpt>
      <trkpt lat="39.8735136" lon="116.6677405">
        <ele>21.8125</ele>
        <time>2026-08-21T22:43:48.944000Z</time>
      </trkpt>
      <trkpt lat="39.8734068" lon="116.6677369">
        <ele>21.88131</ele>
        <time>2026-08-21T22:43:52.925000Z</time>
      </trkpt>
      <trkpt lat="39.8733054" lon="116.6677684">
        <ele>22.0147</ele>
        <time>2026-08-21T22:43:56.906000Z</time>
      </trkpt>
      <trkpt lat="39.8732091" lon="116.6678203">
        <ele>22.15469</ele>
        <time>2026-08-21T22:44:00.887000Z</time>
      </trkpt>
      <trkpt lat="39.8731091" lon="116.6678612">
        <ele>22.24427</ele>
        <time>2026-08-21T22:44:04.869000Z</time>
      </trkpt>
      <trkpt lat="39.8730049" lon="116.6678717">
        <ele>22.25432</ele>
        <time>2026-08-21T22:44:08.850000Z</time>
      </trkpt>
      <trkpt lat="39.8729002" lon="116.667844">
        <ele>22.21232</ele>
        <time>2026-08-21T22:44:12.831000Z</time>
      </trkpt>
      <trkpt lat="39.8727986" lon="116.6677966">
        <ele>22.16753</ele>
        <time>2026-08-21T22:44:16.813000Z</time>
      </trkpt>
      <trkpt lat="39.8726954" lon="116.6677507">
        <ele>22.15252</ele>
        <time>2026-08-21T22:44:20.794000Z</time>
      </trkpt>
      <trkpt lat="39.8725869" lon="116.6677254">
        <ele>22.14623</ele>
        <time>2026-08-21T22:44:24.775000Z</time>
      </trkpt>
      <trkpt lat="39.8724802" lon="116.6677278">
        <ele>22.13529</ele>
        <time>2026-08-21T22:44:28.756000Z</time>
      </trkpt>
      <trkpt lat="39.8723761" lon="116.6677426">
        <ele>22.09654</ele>
        <time>2026-08-21T22:44:32.738000Z</time>
      </trkpt>
      <trkpt lat="39.8722691" lon="116.6677539">
        <ele>22.01113</ele>
        <time>2026-08-21T22:44:36.719000Z</time>
      </trkpt>
      <trkpt lat="39.8721624" lon="116.6677429">
        <ele>21.86073</ele>
        <time>2026-08-21T22:44:40.700000Z</time>
      </trkpt>
      <trkpt lat="39.8720578" lon="116.667717">
        <ele>21.63445</ele>
        <time>2026-08-21T22:44:44.682000Z</time>
      </trkpt>
      <trkpt lat="39.8719572" lon="116.6676776">
        <ele>21.38157</ele>
        <time>2026-08-21T22:44:48.663000Z</time>
      </trkpt>
      <trkpt lat="39.8718616" lon="116.6676199">
        <ele>21.17122</ele>
        <time>2026-08-21T22:44:52.644000Z</time>
      </trkpt>
      <trkpt lat="39.8717675" lon="116.6675566">
        <ele>21.02228</ele>
        <time>2026-08-21T22:44:56.625000Z</time>
      </trkpt>
      <trkpt lat="39.8716673" lon="116.667506">
        <ele>20.93373</ele>
        <time>2026-08-21T22:45:00.607000Z</time>
      </trkpt>
      <trkpt lat="39.8715615" lon="116.6674732">
        <ele>20.89127</ele>
        <time>2026-08-21T22:45:04.588000Z</time>
      </trkpt>
      <trkpt lat="39.871454" lon="116.6674643">
        <ele>20.8548</ele>
        <time>2026-08-21T22:45:08.569000Z</time>
      </trkpt>
      <trkpt lat="39.8713515" lon="116.6674709">
        <ele>20.80106</ele>
        <time>2026-08-21T22:45:12.551000Z</time>
      </trkpt>
      <trkpt lat="39.8712487" lon="116.6674867">
        <ele>20.73783</ele>
        <time>2026-08-21T22:45:16.532000Z</time>
      </trkpt>
      <trkpt lat="39.8711473" lon="116.6674994">
        <ele>20.69111</ele>
        <time>2026-08-21T22:45:20.513000Z</time>
      </trkpt>
      <trkpt lat="39.8710608" lon="116.6675357">
        <ele>20.68465</ele>
        <time>2026-08-21T22:45:24.495000Z</time>
      </trkpt>
      <trkpt lat="39.8709965" lon="116.6676571">
        <ele>20.75471</ele>
        <time>2026-08-21T22:45:29.471000Z</time>
      </trkpt>
      <trkpt lat="39.8709587" lon="116.6677748">
        <ele>20.93461</ele>
        <time>2026-08-21T22:45:33.452000Z</time>
      </trkpt>
      <trkpt lat="39.8708789" lon="116.6678422">
        <ele>21.18757</ele>
        <time>2026-08-21T22:45:37.434000Z</time>
      </trkpt>
      <trkpt lat="39.8707795" lon="116.6678594">
        <ele>21.41468</ele>
        <time>2026-08-21T22:45:41.415000Z</time>
      </trkpt>
      <trkpt lat="39.8706774" lon="116.6678671">
        <ele>21.55964</ele>
        <time>2026-08-21T22:45:45.396000Z</time>
      </trkpt>
      <trkpt lat="39.8705773" lon="116.6678677">
        <ele>21.64062</ele>
        <time>2026-08-21T22:45:49.378000Z</time>
      </trkpt>
      <trkpt lat="39.8704767" lon="116.6678541">
        <ele>21.71754</ele>
        <time>2026-08-21T22:45:53.359000Z</time>
      </trkpt>
      <trkpt lat="39.8703776" lon="116.667824">
        <ele>21.81746</ele>
        <time>2026-08-21T22:45:57.340000Z</time>
      </trkpt>
      <trkpt lat="39.8702821" lon="116.6677777">
        <ele>21.89814</ele>
        <time>2026-08-21T22:46:01.322000Z</time>
      </trkpt>
      <trkpt lat="39.870183" lon="116.6677672">
        <ele>21.92592</ele>
        <time>2026-08-21T22:46:05.303000Z</time>
      </trkpt>
      <trkpt lat="39.8700787" lon="116.6677771">
        <ele>21.88651</ele>
        <time>2026-08-21T22:46:09.284000Z</time>
      </trkpt>
      <trkpt lat="39.8699767" lon="116.6677729">
        <ele>21.79295</ele>
        <time>2026-08-21T22:46:13.265000Z</time>
      </trkpt>
      <trkpt lat="39.8698731" lon="116.6677497">
        <ele>21.71082</ele>
        <time>2026-08-21T22:46:17.247000Z</time>
      </trkpt>
      <trkpt lat="39.8697677" lon="116.6677219">
        <ele>21.7012</ele>
        <time>2026-08-21T22:46:21.228000Z</time>
      </trkpt>
      <trkpt lat="39.8696627" lon="116.6677227">
        <ele>21.75884</ele>
        <time>2026-08-21T22:46:25.209000Z</time>
      </trkpt>
      <trkpt lat="39.8695701" lon="116.6677597">
        <ele>21.86553</ele>
        <time>2026-08-21T22:46:29Z</time>
      </trkpt>
      <trkpt lat="39.8694919" lon="116.6678395">
        <ele>21.9373</ele>
        <time>2026-08-21T22:46:33Z</time>
      </trkpt>
      <trkpt lat="39.869451" lon="116.6679572">
        <ele>21.9354</ele>
        <time>2026-08-21T22:46:37Z</time>
      </trkpt>
      <trkpt lat="39.8694468" lon="116.6680927">
        <ele>21.85479</ele>
        <time>2026-08-21T22:46:41.134000Z</time>
      </trkpt>
      <trkpt lat="39.869473" lon="116.6682182">
        <ele>21.73559</ele>
        <time>2026-08-21T22:46:45Z</time>
      </trkpt>
      <trkpt lat="39.8695337" lon="116.6683279">
        <ele>21.61954</ele>
        <time>2026-08-21T22:46:49Z</time>
      </trkpt>
      <trkpt lat="39.8696215" lon="116.6683876">
        <ele>21.51418</ele>
        <time>2026-08-21T22:46:53Z</time>
      </trkpt>
      <trkpt lat="39.8697268" lon="116.6683807">
        <ele>21.43979</ele>
        <time>2026-08-21T22:46:57Z</time>
      </trkpt>
      <trkpt lat="39.8698269" lon="116.6683436">
        <ele>21.40167</ele>
        <time>2026-08-21T22:47:01Z</time>
      </trkpt>
      <trkpt lat="39.8699271" lon="116.6683168">
        <ele>21.39869</ele>
        <time>2026-08-21T22:47:05Z</time>
      </trkpt>
      <trkpt lat="39.8700306" lon="116.6683159">
        <ele>21.3668</ele>
        <time>2026-08-21T22:47:09Z</time>
      </trkpt>
      <trkpt lat="39.8701345" lon="116.6683102">
        <ele>21.20665</ele>
        <time>2026-08-21T22:47:12.985000Z</time>
      </trkpt>
      <trkpt lat="39.8702335" lon="116.6682739">
        <ele>20.98646</ele>
        <time>2026-08-21T22:47:16.966000Z</time>
      </trkpt>
      <trkpt lat="39.8703291" lon="116.6682085">
        <ele>20.77831</ele>
        <time>2026-08-21T22:47:20.947000Z</time>
      </trkpt>
      <trkpt lat="39.87042" lon="116.6681434">
        <ele>20.609</ele>
        <time>2026-08-21T22:47:24.929000Z</time>
      </trkpt>
      <trkpt lat="39.8705172" lon="116.6681018">
        <ele>20.50526</ele>
        <time>2026-08-21T22:47:28.910000Z</time>
      </trkpt>
      <trkpt lat="39.8706205" lon="116.6681037">
        <ele>20.48234</ele>
        <time>2026-08-21T22:47:32.891000Z</time>
      </trkpt>
      <trkpt lat="39.870725" lon="116.668132">
        <ele>20.51928</ele>
        <time>2026-08-21T22:47:36.873000Z</time>
      </trkpt>
      <trkpt lat="39.8708268" lon="116.6681555">
        <ele>20.60064</ele>
        <time>2026-08-21T22:47:40.854000Z</time>
      </trkpt>
      <trkpt lat="39.8709333" lon="116.6681455">
        <ele>20.70466</ele>
        <time>2026-08-21T22:47:44.835000Z</time>
      </trkpt>
      <trkpt lat="39.8710393" lon="116.6681077">
        <ele>20.81115</ele>
        <time>2026-08-21T22:47:48.816000Z</time>
      </trkpt>
      <trkpt lat="39.8711354" lon="116.6680526">
        <ele>20.93298</ele>
        <time>2026-08-21T22:47:52.798000Z</time>
      </trkpt>
      <trkpt lat="39.8712261" lon="116.6679932">
        <ele>21.04833</ele>
        <time>2026-08-21T22:47:56.779000Z</time>
      </trkpt>
      <trkpt lat="39.8713211" lon="116.6679503">
        <ele>21.12636</ele>
        <time>2026-08-21T22:48:00.760000Z</time>
      </trkpt>
      <trkpt lat="39.8714219" lon="116.6679367">
        <ele>21.17735</ele>
        <time>2026-08-21T22:48:04.742000Z</time>
      </trkpt>
      <trkpt lat="39.871522" lon="116.6679604">
        <ele>21.18516</ele>
        <time>2026-08-21T22:48:08.723000Z</time>
      </trkpt>
      <trkpt lat="39.8716127" lon="116.6680064">
        <ele>21.1651</ele>
        <time>2026-08-21T22:48:12.704000Z</time>
      </trkpt>
      <trkpt lat="39.8716985" lon="116.6680697">
        <ele>21.16465</ele>
        <time>2026-08-21T22:48:16.686000Z</time>
      </trkpt>
      <trkpt lat="39.8717854" lon="116.6681351">
        <ele>21.19209</ele>
        <time>2026-08-21T22:48:20.667000Z</time>
      </trkpt>
      <trkpt lat="39.8718795" lon="116.6681881">
        <ele>21.25057</ele>
        <time>2026-08-21T22:48:24.648000Z</time>
      </trkpt>
      <trkpt lat="39.8719792" lon="116.6682187">
        <ele>21.34323</ele>
        <time>2026-08-21T22:48:28.629000Z</time>
      </trkpt>
      <trkpt lat="39.8720803" lon="116.6682273">
        <ele>21.44782</ele>
        <time>2026-08-21T22:48:32.611000Z</time>
      </trkpt>
      <trkpt lat="39.8721806" lon="116.668231">
        <ele>21.53095</ele>
        <time>2026-08-21T22:48:36.592000Z</time>
      </trkpt>
      <trkpt lat="39.8722783" lon="116.6682656">
        <ele>21.57521</ele>
        <time>2026-08-21T22:48:40.573000Z</time>
      </trkpt>
      <trkpt lat="39.8723676" lon="116.6683332">
        <ele>21.56114</ele>
        <time>2026-08-21T22:48:44.555000Z</time>
      </trkpt>
      <trkpt lat="39.8724417" lon="116.668428">
        <ele>21.51664</ele>
        <time>2026-08-21T22:48:48.536000Z</time>
      </trkpt>
      <trkpt lat="39.8724997" lon="116.6685393">
        <ele>21.48258</ele>
        <time>2026-08-21T22:48:52.517000Z</time>
      </trkpt>
      <trkpt lat="39.8725452" lon="116.6686681">
        <ele>21.45846</ele>
        <time>2026-08-21T22:48:56.499000Z</time>
      </trkpt>
      <trkpt lat="39.8725696" lon="116.6688035">
        <ele>21.44291</ele>
        <time>2026-08-21T22:49:00.480000Z</time>
      </trkpt>
      <trkpt lat="39.8725804" lon="116.6689412">
        <ele>21.44487</ele>
        <time>2026-08-21T22:49:04.461000Z</time>
      </trkpt>
      <trkpt lat="39.8725775" lon="116.6690725">
        <ele>21.45751</ele>
        <time>2026-08-21T22:49:08.443000Z</time>
      </trkpt>
      <trkpt lat="39.8725394" lon="116.6691994">
        <ele>21.47989</ele>
        <time>2026-08-21T22:49:12.424000Z</time>
      </trkpt>
      <trkpt lat="39.8724993" lon="116.669332">
        <ele>21.50722</ele>
        <time>2026-08-21T22:49:16.405000Z</time>
      </trkpt>
      <trkpt lat="39.8724795" lon="116.6694697">
        <ele>21.55429</ele>
        <time>2026-08-21T22:49:20.386000Z</time>
      </trkpt>
      <trkpt lat="39.8724778" lon="116.6696097">
        <ele>21.62381</ele>
        <time>2026-08-21T22:49:24.368000Z</time>
      </trkpt>
      <trkpt lat="39.8724942" lon="116.6697431">
        <ele>21.68787</ele>
        <time>2026-08-21T22:49:28.349000Z</time>
      </trkpt>
      <trkpt lat="39.8725337" lon="116.6698665">
        <ele>21.73618</ele>
        <time>2026-08-21T22:49:32.330000Z</time>
      </trkpt>
      <trkpt lat="39.872595" lon="116.6699734">
        <ele>21.77696</ele>
        <time>2026-08-21T22:49:36.312000Z</time>
      </trkpt>
      <trkpt lat="39.8726777" lon="116.6700527">
        <ele>21.8162</ele>
        <time>2026-08-21T22:49:40.293000Z</time>
      </trkpt>
      <trkpt lat="39.8727777" lon="116.6701075">
        <ele>21.8288</ele>
        <time>2026-08-21T22:49:44.274000Z</time>
      </trkpt>
      <trkpt lat="39.8728828" lon="116.6701414">
        <ele>21.79856</ele>
        <time>2026-08-21T22:49:48.256000Z</time>
      </trkpt>
      <trkpt lat="39.8729898" lon="116.6701485">
        <ele>21.73119</ele>
        <time>2026-08-21T22:49:52.237000Z</time>
      </trkpt>
      <trkpt lat="39.873095" lon="116.6701351">
        <ele>21.63877</ele>
        <time>2026-08-21T22:49:56.218000Z</time>
      </trkpt>
      <trkpt lat="39.8731992" lon="116.6701095">
        <ele>21.52065</ele>
        <time>2026-08-21T22:50:00.200000Z</time>
      </trkpt>
      <trkpt lat="39.8732994" lon="116.6700775">
        <ele>21.38885</ele>
        <time>2026-08-21T22:50:04.181000Z</time>
      </trkpt>
      <trkpt lat="39.8733961" lon="116.6700308">
        <ele>21.2539</ele>
        <time>2026-08-21T22:50:08.162000Z</time>
      </trkpt>
      <trkpt lat="39.8734867" lon="116.6699651">
        <ele>21.13301</ele>
        <time>2026-08-21T22:50:12.144000Z</time>
      </trkpt>
      <trkpt lat="39.8735708" lon="116.6698944">
        <ele>21.05976</ele>
        <time>2026-08-21T22:50:16.125000Z</time>
      </trkpt>
      <trkpt lat="39.8736555" lon="116.6698227">
        <ele>21.04979</ele>
        <time>2026-08-21T22:50:20.106000Z</time>
      </trkpt>
      <trkpt lat="39.8737503" lon="116.6697744">
        <ele>21.12128</ele>
        <time>2026-08-21T22:50:24.088000Z</time>
      </trkpt>
      <trkpt lat="39.8738524" lon="116.6697713">
        <ele>21.27635</ele>
        <time>2026-08-21T22:50:28.069000Z</time>
      </trkpt>
      <trkpt lat="39.8739515" lon="116.6698002">
        <ele>21.44599</ele>
        <time>2026-08-21T22:50:32Z</time>
      </trkpt>
      <trkpt lat="39.874056" lon="116.6698299">
        <ele>21.5136</ele>
        <time>2026-08-21T22:50:36Z</time>
      </trkpt>
      <trkpt lat="39.8741637" lon="116.6698374">
        <ele>21.49401</ele>
        <time>2026-08-21T22:50:40Z</time>
      </trkpt>
      <trkpt lat="39.8742612" lon="116.6698072">
        <ele>21.42689</ele>
        <time>2026-08-21T22:50:43.994000Z</time>
      </trkpt>
      <trkpt lat="39.8743462" lon="116.6697378">
        <ele>21.37591</ele>
        <time>2026-08-21T22:50:47.976000Z</time>
      </trkpt>
      <trkpt lat="39.8744223" lon="116.6696405">
        <ele>21.43474</ele>
        <time>2026-08-21T22:50:51.957000Z</time>
      </trkpt>
      <trkpt lat="39.874498" lon="116.6695462">
        <ele>21.58891</ele>
        <time>2026-08-21T22:50:55.938000Z</time>
      </trkpt>
      <trkpt lat="39.8745952" lon="116.6694984">
        <ele>21.80185</ele>
        <time>2026-08-21T22:50:59.920000Z</time>
      </trkpt>
      <trkpt lat="39.8747072" lon="116.6695026">
        <ele>22.06957</ele>
        <time>2026-08-21T22:51:03.901000Z</time>
      </trkpt>
      <trkpt lat="39.8748155" lon="116.6695336">
        <ele>22.36887</ele>
        <time>2026-08-21T22:51:07.882000Z</time>
      </trkpt>
      <trkpt lat="39.8749172" lon="116.6695795">
        <ele>22.66255</ele>
        <time>2026-08-21T22:51:11.864000Z</time>
      </trkpt>
      <trkpt lat="39.8750189" lon="116.6696311">
        <ele>22.91077</ele>
        <time>2026-08-21T22:51:15.845000Z</time>
      </trkpt>
      <trkpt lat="39.875123" lon="116.6696566">
        <ele>23.06058</ele>
        <time>2026-08-21T22:51:19.826000Z</time>
      </trkpt>
      <trkpt lat="39.8752218" lon="116.6696161">
        <ele>23.12258</ele>
        <time>2026-08-21T22:51:23.808000Z</time>
      </trkpt>
      <trkpt lat="39.8753041" lon="116.669537">
        <ele>23.13772</ele>
        <time>2026-08-21T22:51:27.789000Z</time>
      </trkpt>
      <trkpt lat="39.8753912" lon="116.6694793">
        <ele>23.13711</ele>
        <time>2026-08-21T22:51:31.770000Z</time>
      </trkpt>
      <trkpt lat="39.875489" lon="116.6694403">
        <ele>23.12576</ele>
        <time>2026-08-21T22:51:35.752000Z</time>
      </trkpt>
      <trkpt lat="39.8755788" lon="116.6693829">
        <ele>23.13025</ele>
        <time>2026-08-21T22:51:39.733000Z</time>
      </trkpt>
      <trkpt lat="39.8756449" lon="116.6692897">
        <ele>23.17778</ele>
        <time>2026-08-21T22:51:43.714000Z</time>
      </trkpt>
      <trkpt lat="39.8756756" lon="116.6691753">
        <ele>23.24564</ele>
        <time>2026-08-21T22:51:47.696000Z</time>
      </trkpt>
      <trkpt lat="39.8756556" lon="116.6690352">
        <ele>23.33366</ele>
        <time>2026-08-21T22:51:52.672000Z</time>
      </trkpt>
      <trkpt lat="39.8756205" lon="116.6689058">
        <ele>23.43346</ele>
        <time>2026-08-21T22:51:57.649000Z</time>
      </trkpt>
      <trkpt lat="39.8755586" lon="116.6687885">
        <ele>23.47013</ele>
        <time>2026-08-21T22:52:02.626000Z</time>
      </trkpt>
      <trkpt lat="39.8754891" lon="116.6687041">
        <ele>23.39815</ele>
        <time>2026-08-21T22:52:06.607000Z</time>
      </trkpt>
      <trkpt lat="39.8754151" lon="116.6686213">
        <ele>23.27148</ele>
        <time>2026-08-21T22:52:10.588000Z</time>
      </trkpt>
      <trkpt lat="39.8753532" lon="116.668519">
        <ele>23.15026</ele>
        <time>2026-08-21T22:52:14.570000Z</time>
      </trkpt>
      <trkpt lat="39.8753118" lon="116.6683983">
        <ele>23.06627</ele>
        <time>2026-08-21T22:52:18.551000Z</time>
      </trkpt>
      <trkpt lat="39.8752793" lon="116.6682704">
        <ele>23.00291</ele>
        <time>2026-08-21T22:52:22.532000Z</time>
      </trkpt>
      <trkpt lat="39.8752506" lon="116.6681415">
        <ele>22.96068</ele>
        <time>2026-08-21T22:52:26.514000Z</time>
      </trkpt>
      <trkpt lat="39.8752112" lon="116.6680147">
        <ele>22.93925</ele>
        <time>2026-08-21T22:52:30.495000Z</time>
      </trkpt>
      <trkpt lat="39.8751539" lon="116.667898">
        <ele>22.91942</ele>
        <time>2026-08-21T22:52:34.476000Z</time>
      </trkpt>
      <trkpt lat="39.8750847" lon="116.6677973">
        <ele>22.88333</ele>
        <time>2026-08-21T22:52:38.458000Z</time>
      </trkpt>
      <trkpt lat="39.875004" lon="116.6677137">
        <ele>22.82913</ele>
        <time>2026-08-21T22:52:42.439000Z</time>
      </trkpt>
      <trkpt lat="39.8749091" lon="116.6676507">
        <ele>22.78293</ele>
        <time>2026-08-21T22:52:46.420000Z</time>
      </trkpt>
      <trkpt lat="39.8748093" lon="116.6676014">
        <ele>22.73863</ele>
        <time>2026-08-21T22:52:50.402000Z</time>
      </trkpt>
      <trkpt lat="39.87471" lon="116.6675612">
        <ele>22.68859</ele>
        <time>2026-08-21T22:52:54.383000Z</time>
      </trkpt>
      <trkpt lat="39.8746065" lon="116.6675323">
        <ele>22.64017</ele>
        <time>2026-08-21T22:52:58.364000Z</time>
      </trkpt>
      <trkpt lat="39.8745027" lon="116.6675227">
        <ele>22.59466</ele>
        <time>2026-08-21T22:53:02.346000Z</time>
      </trkpt>
      <trkpt lat="39.8744025" lon="116.6675333">
        <ele>22.53814</ele>
        <time>2026-08-21T22:53:06.327000Z</time>
      </trkpt>
      <trkpt lat="39.8743049" lon="116.6675544">
        <ele>22.4396</ele>
        <time>2026-08-21T22:53:10.309000Z</time>
      </trkpt>
      <trkpt lat="39.8742149" lon="116.6675854">
        <ele>22.26154</ele>
        <time>2026-08-21T22:53:14.290000Z</time>
      </trkpt>
      <trkpt lat="39.8741195" lon="116.6676617">
        <ele>22.00953</ele>
        <time>2026-08-21T22:53:19.267000Z</time>
      </trkpt>
      <trkpt lat="39.8740405" lon="116.6677263">
        <ele>21.83765</ele>
        <time>2026-08-21T22:53:23.248000Z</time>
      </trkpt>
      <trkpt lat="39.8739525" lon="116.667774">
        <ele>21.68486</ele>
        <time>2026-08-21T22:53:27.229000Z</time>
      </trkpt>
      <trkpt lat="39.8738508" lon="116.6677873">
        <ele>21.55448</ele>
        <time>2026-08-21T22:53:31.211000Z</time>
      </trkpt>
      <trkpt lat="39.8737481" lon="116.6677874">
        <ele>21.44816</ele>
        <time>2026-08-21T22:53:35Z</time>
      </trkpt>
      <trkpt lat="39.8736409" lon="116.6677843">
        <ele>21.38051</ele>
        <time>2026-08-21T22:53:39Z</time>
      </trkpt>
      <trkpt lat="39.8735337" lon="116.6677631">
        <ele>21.33006</ele>
        <time>2026-08-21T22:53:43Z</time>
      </trkpt>
      <trkpt lat="39.8734255" lon="116.6677482">
        <ele>21.2559</ele>
        <time>2026-08-21T22:53:47Z</time>
      </trkpt>
      <trkpt lat="39.8733193" lon="116.6677676">
        <ele>21.17183</ele>
        <time>2026-08-21T22:53:51Z</time>
      </trkpt>
      <trkpt lat="39.8732231" lon="116.6678144">
        <ele>21.11865</ele>
        <time>2026-08-21T22:53:55Z</time>
      </trkpt>
      <trkpt lat="39.8731245" lon="116.6678563">
        <ele>21.1444</ele>
        <time>2026-08-21T22:53:59Z</time>
      </trkpt>
      <trkpt lat="39.8730201" lon="116.667869">
        <ele>21.18754</ele>
        <time>2026-08-21T22:54:03Z</time>
      </trkpt>
      <trkpt lat="39.8729153" lon="116.6678431">
        <ele>21.19678</ele>
        <time>2026-08-21T22:54:07Z</time>
      </trkpt>
      <trkpt lat="39.8728099" lon="116.6677999">
        <ele>21.27</ele>
        <time>2026-08-21T22:54:11Z</time>
      </trkpt>
      <trkpt lat="39.872704" lon="116.6677632">
        <ele>21.46826</ele>
        <time>2026-08-21T22:54:15.006000Z</time>
      </trkpt>
      <trkpt lat="39.8725942" lon="116.6677397">
        <ele>21.7083</ele>
        <time>2026-08-21T22:54:18.987000Z</time>
      </trkpt>
      <trkpt lat="39.8724868" lon="116.6677278">
        <ele>21.90855</ele>
        <time>2026-08-21T22:54:22.968000Z</time>
      </trkpt>
      <trkpt lat="39.8723764" lon="116.6677245">
        <ele>21.99554</ele>
        <time>2026-08-21T22:54:26.950000Z</time>
      </trkpt>
      <trkpt lat="39.8722645" lon="116.6677246">
        <ele>21.90384</ele>
        <time>2026-08-21T22:54:30.931000Z</time>
      </trkpt>
      <trkpt lat="39.87215" lon="116.6677223">
        <ele>21.70628</ele>
        <time>2026-08-21T22:54:34.912000Z</time>
      </trkpt>
      <trkpt lat="39.8720353" lon="116.6677062">
        <ele>21.49402</ele>
        <time>2026-08-21T22:54:38.894000Z</time>
      </trkpt>
      <trkpt lat="39.8719223" lon="116.6676671">
        <ele>21.29973</ele>
        <time>2026-08-21T22:54:42.875000Z</time>
      </trkpt>
      <trkpt lat="39.8718149" lon="116.6676157">
        <ele>21.11325</ele>
        <time>2026-08-21T22:54:46.856000Z</time>
      </trkpt>
      <trkpt lat="39.8717077" lon="116.6675629">
        <ele>20.96839</ele>
        <time>2026-08-21T22:54:50.838000Z</time>
      </trkpt>
      <trkpt lat="39.8715957" lon="116.6675211">
        <ele>20.90275</ele>
        <time>2026-08-21T22:54:54.819000Z</time>
      </trkpt>
      <trkpt lat="39.8714819" lon="116.6674947">
        <ele>20.85463</ele>
        <time>2026-08-21T22:54:58.800000Z</time>
      </trkpt>
      <trkpt lat="39.8713673" lon="116.66748">
        <ele>20.78095</ele>
        <time>2026-08-21T22:55:02.782000Z</time>
      </trkpt>
      <trkpt lat="39.8712556" lon="116.6674792">
        <ele>20.70761</ele>
        <time>2026-08-21T22:55:06.763000Z</time>
      </trkpt>
      <trkpt lat="39.871152" lon="116.6674966">
        <ele>20.61889</ele>
        <time>2026-08-21T22:55:10.744000Z</time>
      </trkpt>
      <trkpt lat="39.8710616" lon="116.6675482">
        <ele>20.56386</ele>
        <time>2026-08-21T22:55:14.726000Z</time>
      </trkpt>
      <trkpt lat="39.8710034" lon="116.6676608">
        <ele>20.62193</ele>
        <time>2026-08-21T22:55:18.707000Z</time>
      </trkpt>
      <trkpt lat="39.8709576" lon="116.667798">
        <ele>20.81167</ele>
        <time>2026-08-21T22:55:22.689000Z</time>
      </trkpt>
      <trkpt lat="39.8708812" lon="116.6678727">
        <ele>21.0387</ele>
        <time>2026-08-21T22:55:26.670000Z</time>
      </trkpt>
      <trkpt lat="39.8707821" lon="116.667879">
        <ele>21.23845</ele>
        <time>2026-08-21T22:55:30.651000Z</time>
      </trkpt>
      <trkpt lat="39.8706762" lon="116.6678726">
        <ele>21.3893</ele>
        <time>2026-08-21T22:55:34.633000Z</time>
      </trkpt>
      <trkpt lat="39.8705716" lon="116.667871">
        <ele>21.48277</ele>
        <time>2026-08-21T22:55:38.614000Z</time>
      </trkpt>
      <trkpt lat="39.8704673" lon="116.6678651">
        <ele>21.5542</ele>
        <time>2026-08-21T22:55:42.595000Z</time>
      </trkpt>
      <trkpt lat="39.8703663" lon="116.6678418">
        <ele>21.62707</ele>
        <time>2026-08-21T22:55:46.577000Z</time>
      </trkpt>
      <trkpt lat="39.8702777" lon="116.6677872">
        <ele>21.68009</ele>
        <time>2026-08-21T22:55:50.558000Z</time>
      </trkpt>
      <trkpt lat="39.8701807" lon="116.6677684">
        <ele>21.6804</ele>
        <time>2026-08-21T22:55:54.539000Z</time>
      </trkpt>
      <trkpt lat="39.870074" lon="116.6677841">
        <ele>21.63088</ele>
        <time>2026-08-21T22:55:58.521000Z</time>
      </trkpt>
      <trkpt lat="39.8699657" lon="116.6677866">
        <ele>21.54992</ele>
        <time>2026-08-21T22:56:02.502000Z</time>
      </trkpt>
      <trkpt lat="39.8698561" lon="116.6677716">
        <ele>21.44309</ele>
        <time>2026-08-21T22:56:06.483000Z</time>
      </trkpt>
      <trkpt lat="39.8697474" lon="116.6677552">
        <ele>21.32091</ele>
        <time>2026-08-21T22:56:10.465000Z</time>
      </trkpt>
      <trkpt lat="39.8696411" lon="116.6677656">
        <ele>21.2124</ele>
        <time>2026-08-21T22:56:14.446000Z</time>
      </trkpt>
      <trkpt lat="39.869546" lon="116.6678196">
        <ele>21.16705</ele>
        <time>2026-08-21T22:56:18.427000Z</time>
      </trkpt>
      <trkpt lat="39.8694826" lon="116.6679226">
        <ele>21.21395</ele>
        <time>2026-08-21T22:56:22.409000Z</time>
      </trkpt>
      <trkpt lat="39.8694594" lon="116.6680497">
        <ele>21.30073</ele>
        <time>2026-08-21T22:56:26.390000Z</time>
      </trkpt>
      <trkpt lat="39.8694769" lon="116.6681818">
        <ele>21.35696</ele>
        <time>2026-08-21T22:56:30.371000Z</time>
      </trkpt>
      <trkpt lat="39.8695327" lon="116.6682949">
        <ele>21.37446</ele>
        <time>2026-08-21T22:56:34.353000Z</time>
      </trkpt>
      <trkpt lat="39.8696188" lon="116.6683585">
        <ele>21.34214</ele>
        <time>2026-08-21T22:56:38.334000Z</time>
      </trkpt>
      <trkpt lat="39.8697215" lon="116.6683507">
        <ele>21.26379</ele>
        <time>2026-08-21T22:56:42.315000Z</time>
      </trkpt>
      <trkpt lat="39.8698231" lon="116.6683075">
        <ele>21.18578</ele>
        <time>2026-08-21T22:56:46.297000Z</time>
      </trkpt>
      <trkpt lat="39.8699296" lon="116.6682791">
        <ele>21.14364</ele>
        <time>2026-08-21T22:56:50.278000Z</time>
      </trkpt>
      <trkpt lat="39.8700383" lon="116.6682801">
        <ele>21.11454</ele>
        <time>2026-08-21T22:56:54.259000Z</time>
      </trkpt>
      <trkpt lat="39.8701436" lon="116.6682738">
        <ele>21.07203</ele>
        <time>2026-08-21T22:56:58.241000Z</time>
      </trkpt>
      <trkpt lat="39.8702459" lon="116.6682368">
        <ele>21.02353</ele>
        <time>2026-08-21T22:57:02.222000Z</time>
      </trkpt>
      <trkpt lat="39.8703428" lon="116.6681784">
        <ele>20.97964</ele>
        <time>2026-08-21T22:57:06.203000Z</time>
      </trkpt>
      <trkpt lat="39.8704376" lon="116.6681169">
        <ele>20.98384</ele>
        <time>2026-08-21T22:57:10.185000Z</time>
      </trkpt>
      <trkpt lat="39.8705429" lon="116.6680866">
        <ele>21.06152</ele>
        <time>2026-08-21T22:57:14.166000Z</time>
      </trkpt>
      <trkpt lat="39.8706533" lon="116.6680845">
        <ele>21.1904</ele>
        <time>2026-08-21T22:57:18.147000Z</time>
      </trkpt>
      <trkpt lat="39.8707619" lon="116.6680995">
        <ele>21.32809</ele>
        <time>2026-08-21T22:57:22.129000Z</time>
      </trkpt>
      <trkpt lat="39.8708697" lon="116.6681063">
        <ele>21.44598</ele>
        <time>2026-08-21T22:57:26.110000Z</time>
      </trkpt>
      <trkpt lat="39.8709847" lon="116.6680844">
        <ele>21.5386</ele>
        <time>2026-08-21T22:57:30.091000Z</time>
      </trkpt>
      <trkpt lat="39.8710923" lon="116.6680413">
        <ele>21.61033</ele>
        <time>2026-08-21T22:57:34.073000Z</time>
      </trkpt>
      <trkpt lat="39.8711837" lon="116.6679807">
        <ele>21.65672</ele>
        <time>2026-08-21T22:57:38.054000Z</time>
      </trkpt>
      <trkpt lat="39.8712769" lon="116.6679375">
        <ele>21.66955</ele>
        <time>2026-08-21T22:57:42.035000Z</time>
      </trkpt>
      <trkpt lat="39.8713813" lon="116.66791">
        <ele>21.64492</ele>
        <time>2026-08-21T22:57:46.017000Z</time>
      </trkpt>
      <trkpt lat="39.8714902" lon="116.6679085">
        <ele>21.58818</ele>
        <time>2026-08-21T22:57:49.998000Z</time>
      </trkpt>
      <trkpt lat="39.8715931" lon="116.6679443">
        <ele>21.51308</ele>
        <time>2026-08-21T22:57:53.979000Z</time>
      </trkpt>
      <trkpt lat="39.8716888" lon="116.668009">
        <ele>21.46363</ele>
        <time>2026-08-21T22:57:57.961000Z</time>
      </trkpt>
      <trkpt lat="39.8717847" lon="116.6680843">
        <ele>21.50005</ele>
        <time>2026-08-21T22:58:01.942000Z</time>
      </trkpt>
      <trkpt lat="39.871883" lon="116.6681531">
        <ele>21.60347</ele>
        <time>2026-08-21T22:58:05.924000Z</time>
      </trkpt>
      <trkpt lat="39.8719894" lon="116.6681913">
        <ele>21.74016</ele>
        <time>2026-08-21T22:58:09.905000Z</time>
      </trkpt>
      <trkpt lat="39.8720954" lon="116.6682001">
        <ele>21.846</ele>
        <time>2026-08-21T22:58:13.886000Z</time>
      </trkpt>
      <trkpt lat="39.8722027" lon="116.6682028">
        <ele>21.87676</ele>
        <time>2026-08-21T22:58:17.868000Z</time>
      </trkpt>
      <trkpt lat="39.8723034" lon="116.6682332">
        <ele>21.88604</ele>
        <time>2026-08-21T22:58:21.849000Z</time>
      </trkpt>
      <trkpt lat="39.8723938" lon="116.668295">
        <ele>21.90191</ele>
        <time>2026-08-21T22:58:25.830000Z</time>
      </trkpt>
      <trkpt lat="39.8724734" lon="116.668386">
        <ele>21.92669</ele>
        <time>2026-08-21T22:58:29.812000Z</time>
      </trkpt>
      <trkpt lat="39.8725389" lon="116.6684965">
        <ele>21.96891</ele>
        <time>2026-08-21T22:58:33.793000Z</time>
      </trkpt>
      <trkpt lat="39.8725829" lon="116.6686255">
        <ele>22.03807</ele>
        <time>2026-08-21T22:58:37.774000Z</time>
      </trkpt>
      <trkpt lat="39.8726026" lon="116.6687637">
        <ele>22.11628</ele>
        <time>2026-08-21T22:58:41.756000Z</time>
      </trkpt>
      <trkpt lat="39.8726029" lon="116.6689049">
        <ele>22.20023</ele>
        <time>2026-08-21T22:58:45.737000Z</time>
      </trkpt>
      <trkpt lat="39.8725838" lon="116.6690445">
        <ele>22.27809</ele>
        <time>2026-08-21T22:58:49.718000Z</time>
      </trkpt>
      <trkpt lat="39.8725518" lon="116.6691824">
        <ele>22.31591</ele>
        <time>2026-08-21T22:58:53.700000Z</time>
      </trkpt>
      <trkpt lat="39.8725208" lon="116.6693165">
        <ele>22.27697</ele>
        <time>2026-08-21T22:58:57.681000Z</time>
      </trkpt>
      <trkpt lat="39.8725029" lon="116.6694508">
        <ele>22.17144</ele>
        <time>2026-08-21T22:59:01.662000Z</time>
      </trkpt>
      <trkpt lat="39.8725094" lon="116.6695828">
        <ele>22.00643</ele>
        <time>2026-08-21T22:59:05.644000Z</time>
      </trkpt>
      <trkpt lat="39.8725324" lon="116.6697139">
        <ele>21.81458</ele>
        <time>2026-08-21T22:59:09.625000Z</time>
      </trkpt>
      <trkpt lat="39.8725698" lon="116.6698398">
        <ele>21.65261</ele>
        <time>2026-08-21T22:59:13.606000Z</time>
      </trkpt>
      <trkpt lat="39.8726338" lon="116.6699476">
        <ele>21.55202</ele>
        <time>2026-08-21T22:59:17.588000Z</time>
      </trkpt>
      <trkpt lat="39.8727129" lon="116.6700326">
        <ele>21.54055</ele>
        <time>2026-08-21T22:59:21.569000Z</time>
      </trkpt>
      <trkpt lat="39.8728015" lon="116.6700984">
        <ele>21.57747</ele>
        <time>2026-08-21T22:59:25.550000Z</time>
      </trkpt>
      <trkpt lat="39.8728999" lon="116.6701425">
        <ele>21.59885</ele>
        <time>2026-08-21T22:59:29.532000Z</time>
      </trkpt>
      <trkpt lat="39.8730057" lon="116.6701679">
        <ele>21.59298</ele>
        <time>2026-08-21T22:59:33.513000Z</time>
      </trkpt>
      <trkpt lat="39.8731083" lon="116.6701673">
        <ele>21.54596</ele>
        <time>2026-08-21T22:59:37.494000Z</time>
      </trkpt>
      <trkpt lat="39.8732088" lon="116.6701456">
        <ele>21.44999</ele>
        <time>2026-08-21T22:59:41.476000Z</time>
      </trkpt>
      <trkpt lat="39.8733088" lon="116.6701151">
        <ele>21.32268</ele>
        <time>2026-08-21T22:59:45.457000Z</time>
      </trkpt>
      <trkpt lat="39.8734045" lon="116.6700758">
        <ele>21.20356</ele>
        <time>2026-08-21T22:59:49.438000Z</time>
      </trkpt>
      <trkpt lat="39.8734883" lon="116.6700082">
        <ele>21.11123</ele>
        <time>2026-08-21T22:59:53.420000Z</time>
      </trkpt>
      <trkpt lat="39.8735704" lon="116.6699308">
        <ele>21.05451</ele>
        <time>2026-08-21T22:59:57.401000Z</time>
      </trkpt>
      <trkpt lat="39.8736599" lon="116.6698566">
        <ele>21.05375</ele>
        <time>2026-08-21T23:00:01.382000Z</time>
      </trkpt>
      <trkpt lat="39.8737562" lon="116.6698085">
        <ele>21.10052</ele>
        <time>2026-08-21T23:00:05.364000Z</time>
      </trkpt>
      <trkpt lat="39.8738612" lon="116.6698035">
        <ele>21.20037</ele>
        <time>2026-08-21T23:00:09.345000Z</time>
      </trkpt>
      <trkpt lat="39.8739715" lon="116.6698246">
        <ele>21.36644</ele>
        <time>2026-08-21T23:00:13.327000Z</time>
      </trkpt>
      <trkpt lat="39.874078" lon="116.6698509">
        <ele>21.55572</ele>
        <time>2026-08-21T23:00:17.308000Z</time>
      </trkpt>
      <trkpt lat="39.8741858" lon="116.66985">
        <ele>21.67988</ele>
        <time>2026-08-21T23:00:21.289000Z</time>
      </trkpt>
      <trkpt lat="39.8742861" lon="116.6698084">
        <ele>21.7238</ele>
        <time>2026-08-21T23:00:25.271000Z</time>
      </trkpt>
      <trkpt lat="39.8743665" lon="116.6697267">
        <ele>21.74189</ele>
        <time>2026-08-21T23:00:29.252000Z</time>
      </trkpt>
      <trkpt lat="39.8744387" lon="116.6696296">
        <ele>21.77978</ele>
        <time>2026-08-21T23:00:33.233000Z</time>
      </trkpt>
      <trkpt lat="39.8745126" lon="116.6695381">
        <ele>21.86229</ele>
        <time>2026-08-21T23:00:37.215000Z</time>
      </trkpt>
      <trkpt lat="39.8746068" lon="116.6694878">
        <ele>21.9764</ele>
        <time>2026-08-21T23:00:41.196000Z</time>
      </trkpt>
      <trkpt lat="39.8747113" lon="116.6694928">
        <ele>22.1018</ele>
        <time>2026-08-21T23:00:45.177000Z</time>
      </trkpt>
      <trkpt lat="39.8748154" lon="116.669534">
        <ele>22.24365</ele>
        <time>2026-08-21T23:00:49.159000Z</time>
      </trkpt>
      <trkpt lat="39.8749147" lon="116.6695905">
        <ele>22.39401</ele>
        <time>2026-08-21T23:00:53.140000Z</time>
      </trkpt>
      <trkpt lat="39.8750126" lon="116.6696453">
        <ele>22.47237</ele>
        <time>2026-08-21T23:00:57.122000Z</time>
      </trkpt>
      <trkpt lat="39.8751131" lon="116.6696734">
        <ele>22.39325</ele>
        <time>2026-08-21T23:01:01.103000Z</time>
      </trkpt>
      <trkpt lat="39.8752067" lon="116.6696369">
        <ele>22.11503</ele>
        <time>2026-08-21T23:01:05.084000Z</time>
      </trkpt>
      <trkpt lat="39.8752896" lon="116.6695653">
        <ele>21.80767</ele>
        <time>2026-08-21T23:01:09Z</time>
      </trkpt>
      <trkpt lat="39.8753865" lon="116.6695185">
        <ele>21.71803</ele>
        <time>2026-08-21T23:01:13Z</time>
      </trkpt>
      <trkpt lat="39.8754857" lon="116.6694877">
        <ele>21.79932</ele>
        <time>2026-08-21T23:01:17Z</time>
      </trkpt>
      <trkpt lat="39.8755734" lon="116.6694177">
        <ele>21.99682</ele>
        <time>2026-08-21T23:01:21.010000Z</time>
      </trkpt>
      <trkpt lat="39.8756367" lon="116.6693125">
        <ele>22.27746</ele>
        <time>2026-08-21T23:01:24.991000Z</time>
      </trkpt>
      <trkpt lat="39.8756678" lon="116.6691854">
        <ele>22.60483</ele>
        <time>2026-08-21T23:01:28.972000Z</time>
      </trkpt>
      <trkpt lat="39.8756666" lon="116.6690513">
        <ele>22.87472</ele>
        <time>2026-08-21T23:01:32.954000Z</time>
      </trkpt>
      <trkpt lat="39.8756366" lon="116.6689275">
        <ele>23.07506</ele>
        <time>2026-08-21T23:01:36.935000Z</time>
      </trkpt>
      <trkpt lat="39.875581" lon="116.6688186">
        <ele>23.20549</ele>
        <time>2026-08-21T23:01:40.916000Z</time>
      </trkpt>
      <trkpt lat="39.8755069" lon="116.6687332">
        <ele>23.28069</ele>
        <time>2026-08-21T23:01:44.898000Z</time>
      </trkpt>
      <trkpt lat="39.8754282" lon="116.6686554">
        <ele>23.29995</ele>
        <time>2026-08-21T23:01:48.879000Z</time>
      </trkpt>
      <trkpt lat="39.8753663" lon="116.6685401">
        <ele>23.28608</ele>
        <time>2026-08-21T23:01:52.861000Z</time>
      </trkpt>
      <trkpt lat="39.8753289" lon="116.6684312">
        <ele>23.25376</ele>
        <time>2026-08-21T23:01:55.847000Z</time>
      </trkpt>
      <trkpt lat="39.8752999" lon="116.6683177">
        <ele>23.20369</ele>
        <time>2026-08-21T23:01:58.833000Z</time>
      </trkpt>
      <trkpt lat="39.8752753" lon="116.6682016">
        <ele>23.13785</ele>
        <time>2026-08-21T23:02:01.819000Z</time>
      </trkpt>
      <trkpt lat="39.8752483" lon="116.6680862">
        <ele>23.05806</ele>
        <time>2026-08-21T23:02:04.805000Z</time>
      </trkpt>
      <trkpt lat="39.875214" lon="116.6679727">
        <ele>22.97393</ele>
        <time>2026-08-21T23:02:07.791000Z</time>
      </trkpt>
      <trkpt lat="39.8751693" lon="116.6678687">
        <ele>22.90414</ele>
        <time>2026-08-21T23:02:10.777000Z</time>
      </trkpt>
      <trkpt lat="39.8750921" lon="116.6677543">
        <ele>22.84759</ele>
        <time>2026-08-21T23:02:14.758000Z</time>
      </trkpt>
      <trkpt lat="39.8749973" lon="116.6676723">
        <ele>22.81993</ele>
        <time>2026-08-21T23:02:18.739000Z</time>
      </trkpt>
      <trkpt lat="39.8748899" lon="116.6676194">
        <ele>22.82122</ele>
        <time>2026-08-21T23:02:22.721000Z</time>
      </trkpt>
      <trkpt lat="39.8747813" lon="116.6675802">
        <ele>22.85676</ele>
        <time>2026-08-21T23:02:26.702000Z</time>
      </trkpt>
      <trkpt lat="39.8746706" lon="116.6675512">
        <ele>22.90768</ele>
        <time>2026-08-21T23:02:30.684000Z</time>
      </trkpt>
      <trkpt lat="39.8745578" lon="116.6675414">
        <ele>22.89756</ele>
        <time>2026-08-21T23:02:34.665000Z</time>
      </trkpt>
      <trkpt lat="39.8744455" lon="116.6675633">
        <ele>22.77926</ele>
        <time>2026-08-21T23:02:38.646000Z</time>
      </trkpt>
      <trkpt lat="39.8743349" lon="116.6676023">
        <ele>22.55303</ele>
        <time>2026-08-21T23:02:42.628000Z</time>
      </trkpt>
      <trkpt lat="39.8742276" lon="116.6676523">
        <ele>22.2777</ele>
        <time>2026-08-21T23:02:46.609000Z</time>
      </trkpt>
      <trkpt lat="39.8741235" lon="116.6677138">
        <ele>22.0152</ele>
        <time>2026-08-21T23:02:50.590000Z</time>
      </trkpt>
      <trkpt lat="39.8740192" lon="116.6677756">
        <ele>21.82822</ele>
        <time>2026-08-21T23:02:54.572000Z</time>
      </trkpt>
      <trkpt lat="39.8739067" lon="116.6678106">
        <ele>21.71002</ele>
        <time>2026-08-21T23:02:58.553000Z</time>
      </trkpt>
      <trkpt lat="39.8738158" lon="116.6678146">
        <ele>21.644</ele>
        <time>2026-08-21T23:03:01.539000Z</time>
      </trkpt>
      <trkpt lat="39.8737211" lon="116.6678058">
        <ele>21.60337</ele>
        <time>2026-08-21T23:03:04.525000Z</time>
      </trkpt>
      <trkpt lat="39.8736268" lon="116.6677897">
        <ele>21.59752</ele>
        <time>2026-08-21T23:03:07.511000Z</time>
      </trkpt>
      <trkpt lat="39.8735337" lon="116.6677714">
        <ele>21.62308</ele>
        <time>2026-08-21T23:03:10.497000Z</time>
      </trkpt>
      <trkpt lat="39.8734403" lon="116.6677587">
        <ele>21.67104</ele>
        <time>2026-08-21T23:03:13.483000Z</time>
      </trkpt>
      <trkpt lat="39.8733466" lon="116.667766">
        <ele>21.73043</ele>
        <time>2026-08-21T23:03:16.469000Z</time>
      </trkpt>
      <trkpt lat="39.8732575" lon="116.6677966">
        <ele>21.79214</ele>
        <time>2026-08-21T23:03:19.455000Z</time>
      </trkpt>
      <trkpt lat="39.8731729" lon="116.6678373">
        <ele>21.85761</ele>
        <time>2026-08-21T23:03:22.441000Z</time>
      </trkpt>
      <trkpt lat="39.8730572" lon="116.6678712">
        <ele>21.94797</ele>
        <time>2026-08-21T23:03:26.423000Z</time>
      </trkpt>
      <trkpt lat="39.8729378" lon="116.6678712">
        <ele>22.00588</ele>
        <time>2026-08-21T23:03:30.404000Z</time>
      </trkpt>
      <trkpt lat="39.8728199" lon="116.6678478">
        <ele>21.9779</ele>
        <time>2026-08-21T23:03:34.385000Z</time>
      </trkpt>
      <trkpt lat="39.8727059" lon="116.6678454">
        <ele>21.86769</ele>
        <time>2026-08-21T23:03:38.367000Z</time>
      </trkpt>
      <trkpt lat="39.8726033" lon="116.6679141">
        <ele>21.81762</ele>
        <time>2026-08-21T23:03:42.348000Z</time>
      </trkpt>
      <trkpt lat="39.8725357" lon="116.6680237">
        <ele>21.8876</ele>
        <time>2026-08-21T23:03:46.330000Z</time>
      </trkpt>
      <trkpt lat="39.8725359" lon="116.6681688">
        <ele>21.96543</ele>
        <time>2026-08-21T23:03:50.311000Z</time>
      </trkpt>
      <trkpt lat="39.8725307" lon="116.6683119">
        <ele>21.96774</ele>
        <time>2026-08-21T23:03:54.292000Z</time>
      </trkpt>
      <trkpt lat="39.8725142" lon="116.6684452">
        <ele>21.84631</ele>
        <time>2026-08-21T23:03:58.274000Z</time>
      </trkpt>
      <trkpt lat="39.8725474" lon="116.6685763">
        <ele>21.6236</ele>
        <time>2026-08-21T23:04:02.255000Z</time>
      </trkpt>
      <trkpt lat="39.8725968" lon="116.6687083">
        <ele>21.3418</ele>
        <time>2026-08-21T23:04:06.236000Z</time>
      </trkpt>
      <trkpt lat="39.8726144" lon="116.6688527">
        <ele>21.00748</ele>
        <time>2026-08-21T23:04:10.218000Z</time>
      </trkpt>
      <trkpt lat="39.8726049" lon="116.6690015">
        <ele>20.62334</ele>
        <time>2026-08-21T23:04:14.199000Z</time>
      </trkpt>
      <trkpt lat="39.8725736" lon="116.6691372">
        <ele>20.37043</ele>
        <time>2026-08-21T23:04:18Z</time>
      </trkpt>
      <trkpt lat="39.8725346" lon="116.6692835">
        <ele>20.30749</ele>
        <time>2026-08-21T23:04:22Z</time>
      </trkpt>
      <trkpt lat="39.8725111" lon="116.6694336">
        <ele>20.30882</ele>
        <time>2026-08-21T23:04:26Z</time>
      </trkpt>
      <trkpt lat="39.8725082" lon="116.6695856">
        <ele>20.3009</ele>
        <time>2026-08-21T23:04:30Z</time>
      </trkpt>
      <trkpt lat="39.8725251" lon="116.6697346">
        <ele>20.30502</ele>
        <time>2026-08-21T23:04:34Z</time>
      </trkpt>
      <trkpt lat="39.8725702" lon="116.6698703">
        <ele>20.39914</ele>
        <time>2026-08-21T23:04:38Z</time>
      </trkpt>
      <trkpt lat="39.8726505" lon="116.6699816">
        <ele>20.57854</ele>
        <time>2026-08-21T23:04:42.069000Z</time>
      </trkpt>
      <trkpt lat="39.8727469" lon="116.6700599">
        <ele>20.72065</ele>
        <time>2026-08-21T23:04:46.050000Z</time>
      </trkpt>
      <trkpt lat="39.872854" lon="116.6701143">
        <ele>20.78284</ele>
        <time>2026-08-21T23:04:50.031000Z</time>
      </trkpt>
      <trkpt lat="39.8729647" lon="116.6701541">
        <ele>20.77789</ele>
        <time>2026-08-21T23:04:54.013000Z</time>
      </trkpt>
      <trkpt lat="39.8730764" lon="116.6701664">
        <ele>20.84451</ele>
        <time>2026-08-21T23:04:57.994000Z</time>
      </trkpt>
      <trkpt lat="39.8731913" lon="116.6701482">
        <ele>20.98963</ele>
        <time>2026-08-21T23:05:01.975000Z</time>
      </trkpt>
      <trkpt lat="39.8733035" lon="116.6701127">
        <ele>21.09522</ele>
        <time>2026-08-21T23:05:05.957000Z</time>
      </trkpt>
      <trkpt lat="39.8734093" lon="116.6700607">
        <ele>21.14175</ele>
        <time>2026-08-21T23:05:09.938000Z</time>
      </trkpt>
      <trkpt lat="39.8735052" lon="116.669987">
        <ele>21.13006</ele>
        <time>2026-08-21T23:05:13.919000Z</time>
      </trkpt>
      <trkpt lat="39.8735928" lon="116.6698975">
        <ele>21.10758</ele>
        <time>2026-08-21T23:05:17.901000Z</time>
      </trkpt>
      <trkpt lat="39.8736781" lon="116.6698134">
        <ele>21.16021</ele>
        <time>2026-08-21T23:05:21.882000Z</time>
      </trkpt>
      <trkpt lat="39.8737827" lon="116.6697753">
        <ele>21.29543</ele>
        <time>2026-08-21T23:05:25.863000Z</time>
      </trkpt>
      <trkpt lat="39.8738965" lon="116.6697813">
        <ele>21.45687</ele>
        <time>2026-08-21T23:05:29.845000Z</time>
      </trkpt>
      <trkpt lat="39.874012" lon="116.6698061">
        <ele>21.56674</ele>
        <time>2026-08-21T23:05:33.826000Z</time>
      </trkpt>
      <trkpt lat="39.8741279" lon="116.6698145">
        <ele>21.59796</ele>
        <time>2026-08-21T23:05:37.808000Z</time>
      </trkpt>
      <trkpt lat="39.8742426" lon="116.6697832">
        <ele>21.59404</ele>
        <time>2026-08-21T23:05:41.789000Z</time>
      </trkpt>
      <trkpt lat="39.8743504" lon="116.669746">
        <ele>21.63082</ele>
        <time>2026-08-21T23:05:45.780000Z</time>
      </trkpt>
      <trkpt lat="39.8744632" lon="116.6697267">
        <ele>21.74674</ele>
        <time>2026-08-21T23:05:49.780000Z</time>
      </trkpt>
      <trkpt lat="39.874578" lon="116.6697117">
        <ele>21.8894</ele>
        <time>2026-08-21T23:05:53.780000Z</time>
      </trkpt>
      <trkpt lat="39.8746898" lon="116.6696976">
        <ele>22.03187</ele>
        <time>2026-08-21T23:05:57.780000Z</time>
      </trkpt>
      <trkpt lat="39.8748026" lon="116.6696833">
        <ele>22.20399</ele>
        <time>2026-08-21T23:06:01.780000Z</time>
      </trkpt>
      <trkpt lat="39.8749109" lon="116.6696697">
        <ele>22.39324</ele>
        <time>2026-08-21T23:06:05.780000Z</time>
      </trkpt>
    </trkseg>
  </trk>
</gpx>