<?xml version="1.0" encoding="UTF-8"?>
<gpx xmlns="http://www.topografix.com/GPX/1/1" xmlns:gpxtpx="http://www.garmin.com/xmlschemas/TrackPointExtension/v1" xmlns:xsi="http://www.w3.org/2001/XMLSchema-instance" xsi:schemaLocation="http://www.topografix.com/GPX/1/1 http://www.topografix.com/GPX/1/1/gpx.xsd" version="1.1" creator="gpx.py -- https://github.com/tkrajina/gpxpy">
  <trk>
    <name>gpx from codoon</name>
    <type>Run</type>
    <trkseg>
      <trkpt lat="39.8736755" lon="116.6658607">
        <ele>22.22007</ele>
        <time>2026-09-02T22:07:43Z</time>
      </trkpt>
      <trkpt lat="39.8737625" lon="116.6657962">
        <ele>22.34739</ele>
        <time>2026-09-02T22:07:49.530000Z</time>
      </trkpt>
      <trkpt lat="39.8738549" lon="116.6657244">
        <ele>22.50817</ele>
        <time>2026-09-02T22:07:54.506000Z</time>
      </trkpt>
      <trkpt lat="39.8739346" lon="116.6656609">
        <ele>22.68198</ele>
        <time>2026-09-02T22:07:58.487000Z</time>
      </trkpt>
      <trkpt lat="39.8740233" lon="116.6655974">
        <ele>22.88992</ele>
        <time>2026-09-02T22:08:02.468000Z</time>
      </trkpt>
      <trkpt lat="39.8741114" lon="116.6655369">
        <ele>23.09977</ele>
        <time>2026-09-02T22:08:06.450000Z</time>
      </trkpt>
      <trkpt lat="39.8741998" lon="116.6654773">
        <ele>23.29492</ele>
        <time>2026-09-02T22:08:10.431000Z</time>
      </trkpt>
      <trkpt lat="39.8742921" lon="116.6654281">
        <ele>23.46965</ele>
        <time>2026-09-02T22:08:14.412000Z</time>
      </trkpt>
      <trkpt lat="39.8743834" lon="116.6653983">
        <ele>23.58791</ele>
        <time>2026-09-02T22:08:18.393000Z</time>
      </trkpt>
      <trkpt lat="39.8744795" lon="116.6654602">
        <ele>23.60195</ele>
        <time>2026-09-02T22:08:23.369000Z</time>
      </trkpt>
      <trkpt lat="39.8745333" lon="116.6655817">
        <ele>23.53498</ele>
        <time>2026-09-02T22:08:27.351000Z</time>
      </trkpt>
      <trkpt lat="39.8745804" lon="116.6656975">
        <ele>23.42095</ele>
        <time>2026-09-02T22:08:31.332000Z</time>
      </trkpt>
      <trkpt lat="39.8746295" lon="116.6658114">
        <ele>23.29622</ele>
        <time>2026-09-02T22:08:35.313000Z</time>
      </trkpt>
      <trkpt lat="39.8746782" lon="116.6659232">
        <ele>23.18421</ele>
        <time>2026-09-02T22:08:39.294000Z</time>
      </trkpt>
      <trkpt lat="39.8747258" lon="116.6660348">
        <ele>23.09743</ele>
        <time>2026-09-02T22:08:43.275000Z</time>
      </trkpt>
      <trkpt lat="39.8747764" lon="116.666146">
        <ele>23.05229</ele>
        <time>2026-09-02T22:08:47.256000Z</time>
      </trkpt>
      <trkpt lat="39.8748315" lon="116.6662521">
        <ele>23.11153</ele>
        <time>2026-09-02T22:08:51.237000Z</time>
      </trkpt>
      <trkpt lat="39.8748862" lon="116.6663617">
        <ele>23.39214</ele>
        <time>2026-09-02T22:08:55.218000Z</time>
      </trkpt>
      <trkpt lat="39.8749419" lon="116.6664735">
        <ele>23.85602</ele>
        <time>2026-09-02T22:08:59.199000Z</time>
      </trkpt>
      <trkpt lat="39.8749986" lon="116.6665716">
        <ele>24.19456</ele>
        <time>2026-09-02T22:09:03Z</time>
      </trkpt>
      <trkpt lat="39.8750624" lon="116.6666714">
        <ele>24.29289</ele>
        <time>2026-09-02T22:09:07Z</time>
      </trkpt>
      <trkpt lat="39.8751322" lon="116.6667677">
        <ele>24.28073</ele>
        <time>2026-09-02T22:09:11Z</time>
      </trkpt>
      <trkpt lat="39.8752022" lon="116.6668641">
        <ele>24.24732</ele>
        <time>2026-09-02T22:09:15Z</time>
      </trkpt>
      <trkpt lat="39.8752684" lon="116.6669598">
        <ele>24.22461</ele>
        <time>2026-09-02T22:09:19Z</time>
      </trkpt>
      <trkpt lat="39.8753302" lon="116.6670608">
        <ele>24.23209</ele>
        <time>2026-09-02T22:09:23Z</time>
      </trkpt>
      <trkpt lat="39.8753972" lon="116.6671563">
        <ele>24.25672</ele>
        <time>2026-09-02T22:09:27Z</time>
      </trkpt>
      <trkpt lat="39.8754694" lon="116.6672509">
        <ele>24.26135</ele>
        <time>2026-09-02T22:09:31Z</time>
      </trkpt>
      <trkpt lat="39.875539" lon="116.6673512">
        <ele>24.27109</ele>
        <time>2026-09-02T22:09:35Z</time>
      </trkpt>
      <trkpt lat="39.8756058" lon="116.6674503">
        <ele>24.2619</ele>
        <time>2026-09-02T22:09:39Z</time>
      </trkpt>
      <trkpt lat="39.8756684" lon="116.6675516">
        <ele>24.13226</ele>
        <time>2026-09-02T22:09:43Z</time>
      </trkpt>
      <trkpt lat="39.875733" lon="116.6676504">
        <ele>23.88917</ele>
        <time>2026-09-02T22:09:46.982000Z</time>
      </trkpt>
      <trkpt lat="39.8758024" lon="116.6677447">
        <ele>23.66404</ele>
        <time>2026-09-02T22:09:50.963000Z</time>
      </trkpt>
      <trkpt lat="39.8758733" lon="116.6678361">
        <ele>23.50517</ele>
        <time>2026-09-02T22:09:54.944000Z</time>
      </trkpt>
      <trkpt lat="39.8759461" lon="116.6679281">
        <ele>23.4242</ele>
        <time>2026-09-02T22:09:58.925000Z</time>
      </trkpt>
      <trkpt lat="39.876013" lon="116.6680224">
        <ele>23.40705</ele>
        <time>2026-09-02T22:10:02.906000Z</time>
      </trkpt>
      <trkpt lat="39.8760794" lon="116.6681153">
        <ele>23.43108</ele>
        <time>2026-09-02T22:10:06.887000Z</time>
      </trkpt>
      <trkpt lat="39.8761516" lon="116.6681997">
        <ele>23.4764</ele>
        <time>2026-09-02T22:10:10.868000Z</time>
      </trkpt>
      <trkpt lat="39.8762293" lon="116.6682695">
        <ele>23.50901</ele>
        <time>2026-09-02T22:10:14.849000Z</time>
      </trkpt>
      <trkpt lat="39.8763079" lon="116.6683384">
        <ele>23.52462</ele>
        <time>2026-09-02T22:10:18.830000Z</time>
      </trkpt>
      <trkpt lat="39.8763848" lon="116.6684179">
        <ele>23.5359</ele>
        <time>2026-09-02T22:10:22.811000Z</time>
      </trkpt>
      <trkpt lat="39.8764558" lon="116.6685093">
        <ele>23.57611</ele>
        <time>2026-09-02T22:10:26.792000Z</time>
      </trkpt>
      <trkpt lat="39.8765245" lon="116.6686049">
        <ele>23.67303</ele>
        <time>2026-09-02T22:10:30.773000Z</time>
      </trkpt>
      <trkpt lat="39.876591" lon="116.6687038">
        <ele>23.79928</ele>
        <time>2026-09-02T22:10:34.754000Z</time>
      </trkpt>
      <trkpt lat="39.8766574" lon="116.6688009">
        <ele>23.91287</ele>
        <time>2026-09-02T22:10:38.735000Z</time>
      </trkpt>
      <trkpt lat="39.8767268" lon="116.6688928">
        <ele>24.01654</ele>
        <time>2026-09-02T22:10:42.716000Z</time>
      </trkpt>
      <trkpt lat="39.8768006" lon="116.6689838">
        <ele>24.11837</ele>
        <time>2026-09-02T22:10:46.697000Z</time>
      </trkpt>
      <trkpt lat="39.8768741" lon="116.6690785">
        <ele>24.19289</ele>
        <time>2026-09-02T22:10:50.678000Z</time>
      </trkpt>
      <trkpt lat="39.8769427" lon="116.6691752">
        <ele>24.23138</ele>
        <time>2026-09-02T22:10:54.659000Z</time>
      </trkpt>
      <trkpt lat="39.8770055" lon="116.6692794">
        <ele>24.25171</ele>
        <time>2026-09-02T22:10:58.640000Z</time>
      </trkpt>
      <trkpt lat="39.877044" lon="116.6693981">
        <ele>24.25367</ele>
        <time>2026-09-02T22:11:02.621000Z</time>
      </trkpt>
      <trkpt lat="39.8770474" lon="116.669529">
        <ele>24.24949</ele>
        <time>2026-09-02T22:11:06.602000Z</time>
      </trkpt>
      <trkpt lat="39.8769957" lon="116.6696436">
        <ele>24.25809</ele>
        <time>2026-09-02T22:11:10.583000Z</time>
      </trkpt>
      <trkpt lat="39.8769206" lon="116.6697429">
        <ele>24.28347</ele>
        <time>2026-09-02T22:11:14.564000Z</time>
      </trkpt>
      <trkpt lat="39.876842" lon="116.6698436">
        <ele>24.32659</ele>
        <time>2026-09-02T22:11:18.545000Z</time>
      </trkpt>
      <trkpt lat="39.8767647" lon="116.6699428">
        <ele>24.36749</ele>
        <time>2026-09-02T22:11:22.526000Z</time>
      </trkpt>
      <trkpt lat="39.8766872" lon="116.6700388">
        <ele>24.36841</ele>
        <time>2026-09-02T22:11:26.507000Z</time>
      </trkpt>
      <trkpt lat="39.8766103" lon="116.670128">
        <ele>24.32475</ele>
        <time>2026-09-02T22:11:30.488000Z</time>
      </trkpt>
      <trkpt lat="39.8765352" lon="116.6702149">
        <ele>24.2561</ele>
        <time>2026-09-02T22:11:34.469000Z</time>
      </trkpt>
      <trkpt lat="39.8764652" lon="116.6703123">
        <ele>24.19801</ele>
        <time>2026-09-02T22:11:38.450000Z</time>
      </trkpt>
      <trkpt lat="39.8764037" lon="116.670416">
        <ele>24.16818</ele>
        <time>2026-09-02T22:11:42.431000Z</time>
      </trkpt>
      <trkpt lat="39.8763465" lon="116.6705227">
        <ele>24.18398</ele>
        <time>2026-09-02T22:11:46.412000Z</time>
      </trkpt>
      <trkpt lat="39.8762814" lon="116.6706242">
        <ele>24.20633</ele>
        <time>2026-09-02T22:11:50.393000Z</time>
      </trkpt>
      <trkpt lat="39.8762119" lon="116.6707225">
        <ele>24.20123</ele>
        <time>2026-09-02T22:11:54.374000Z</time>
      </trkpt>
      <trkpt lat="39.8761388" lon="116.6708173">
        <ele>24.1634</ele>
        <time>2026-09-02T22:11:58.355000Z</time>
      </trkpt>
      <trkpt lat="39.8760608" lon="116.6709113">
        <ele>24.12643</ele>
        <time>2026-09-02T22:12:02.336000Z</time>
      </trkpt>
      <trkpt lat="39.8759841" lon="116.6709976">
        <ele>24.1147</ele>
        <time>2026-09-02T22:12:06.317000Z</time>
      </trkpt>
      <trkpt lat="39.8759075" lon="116.6710867">
        <ele>24.1257</ele>
        <time>2026-09-02T22:12:10.298000Z</time>
      </trkpt>
      <trkpt lat="39.8758357" lon="116.6711793">
        <ele>24.15564</ele>
        <time>2026-09-02T22:12:14.279000Z</time>
      </trkpt>
      <trkpt lat="39.8757643" lon="116.6712698">
        <ele>24.21414</ele>
        <time>2026-09-02T22:12:18.260000Z</time>
      </trkpt>
      <trkpt lat="39.8756925" lon="116.671363">
        <ele>24.30487</ele>
        <time>2026-09-02T22:12:22.241000Z</time>
      </trkpt>
      <trkpt lat="39.8756215" lon="116.6714584">
        <ele>24.40155</ele>
        <time>2026-09-02T22:12:26.222000Z</time>
      </trkpt>
      <trkpt lat="39.8755517" lon="116.6715525">
        <ele>24.46551</ele>
        <time>2026-09-02T22:12:30.203000Z</time>
      </trkpt>
      <trkpt lat="39.8754805" lon="116.6716418">
        <ele>24.46296</ele>
        <time>2026-09-02T22:12:34.184000Z</time>
      </trkpt>
      <trkpt lat="39.8754089" lon="116.6717304">
        <ele>24.39476</ele>
        <time>2026-09-02T22:12:38.165000Z</time>
      </trkpt>
      <trkpt lat="39.8753385" lon="116.6718213">
        <ele>24.31699</ele>
        <time>2026-09-02T22:12:42.146000Z</time>
      </trkpt>
      <trkpt lat="39.8752719" lon="116.6719171">
        <ele>24.25515</ele>
        <time>2026-09-02T22:12:46.127000Z</time>
      </trkpt>
      <trkpt lat="39.8752074" lon="116.6720131">
        <ele>24.21336</ele>
        <time>2026-09-02T22:12:50.108000Z</time>
      </trkpt>
      <trkpt lat="39.875143" lon="116.6721114">
        <ele>24.21049</ele>
        <time>2026-09-02T22:12:54.089000Z</time>
      </trkpt>
      <trkpt lat="39.8750728" lon="116.6722022">
        <ele>24.25582</ele>
        <time>2026-09-02T22:12:58.070000Z</time>
      </trkpt>
      <trkpt lat="39.8749991" lon="116.6722875">
        <ele>24.34709</ele>
        <time>2026-09-02T22:13:02.050000Z</time>
      </trkpt>
      <trkpt lat="39.8749252" lon="116.6723723">
        <ele>24.50352</ele>
        <time>2026-09-02T22:13:06.031000Z</time>
      </trkpt>
      <trkpt lat="39.8748457" lon="116.672456">
        <ele>24.7323</ele>
        <time>2026-09-02T22:13:10.012000Z</time>
      </trkpt>
      <trkpt lat="39.8747666" lon="116.6725365">
        <ele>24.97012</ele>
        <time>2026-09-02T22:13:13.993000Z</time>
      </trkpt>
      <trkpt lat="39.8746878" lon="116.6726121">
        <ele>25.13788</ele>
        <time>2026-09-02T22:13:17.974000Z</time>
      </trkpt>
      <trkpt lat="39.8746094" lon="116.6726889">
        <ele>25.20323</ele>
        <time>2026-09-02T22:13:21.955000Z</time>
      </trkpt>
      <trkpt lat="39.8745291" lon="116.6727668">
        <ele>25.18698</ele>
        <time>2026-09-02T22:13:25.936000Z</time>
      </trkpt>
      <trkpt lat="39.8744521" lon="116.6728495">
        <ele>25.14724</ele>
        <time>2026-09-02T22:13:29.917000Z</time>
      </trkpt>
      <trkpt lat="39.8743782" lon="116.6729393">
        <ele>25.13201</ele>
        <time>2026-09-02T22:13:33.898000Z</time>
      </trkpt>
      <trkpt lat="39.8743035" lon="116.6730281">
        <ele>25.16119</ele>
        <time>2026-09-02T22:13:37.879000Z</time>
      </trkpt>
      <trkpt lat="39.8742247" lon="116.6731139">
        <ele>25.2309</ele>
        <time>2026-09-02T22:13:41.860000Z</time>
      </trkpt>
      <trkpt lat="39.8741489" lon="116.6732008">
        <ele>25.31154</ele>
        <time>2026-09-02T22:13:45.841000Z</time>
      </trkpt>
      <trkpt lat="39.8740813" lon="116.6732953">
        <ele>25.37028</ele>
        <time>2026-09-02T22:13:49.822000Z</time>
      </trkpt>
      <trkpt lat="39.8740145" lon="116.6733917">
        <ele>25.38599</ele>
        <time>2026-09-02T22:13:53.803000Z</time>
      </trkpt>
      <trkpt lat="39.8739476" lon="116.6734898">
        <ele>25.377</ele>
        <time>2026-09-02T22:13:57.784000Z</time>
      </trkpt>
      <trkpt lat="39.873884" lon="116.6735844">
        <ele>25.37684</ele>
        <time>2026-09-02T22:14:01.765000Z</time>
      </trkpt>
      <trkpt lat="39.8738181" lon="116.6736822">
        <ele>25.38882</ele>
        <time>2026-09-02T22:14:05.746000Z</time>
      </trkpt>
      <trkpt lat="39.8737451" lon="116.673769">
        <ele>25.39603</ele>
        <time>2026-09-02T22:14:09.727000Z</time>
      </trkpt>
      <trkpt lat="39.8736676" lon="116.6738492">
        <ele>25.39309</ele>
        <time>2026-09-02T22:14:13.708000Z</time>
      </trkpt>
      <trkpt lat="39.873595" lon="116.6739382">
        <ele>25.36975</ele>
        <time>2026-09-02T22:14:17.689000Z</time>
      </trkpt>
      <trkpt lat="39.8735253" lon="116.6740341">
        <ele>25.32998</ele>
        <time>2026-09-02T22:14:21.669000Z</time>
      </trkpt>
      <trkpt lat="39.8734572" lon="116.6741314">
        <ele>25.25343</ele>
        <time>2026-09-02T22:14:25.650000Z</time>
      </trkpt>
      <trkpt lat="39.8733846" lon="116.6742237">
        <ele>25.14257</ele>
        <time>2026-09-02T22:14:29.631000Z</time>
      </trkpt>
      <trkpt lat="39.873314" lon="116.6743121">
        <ele>25.05205</ele>
        <time>2026-09-02T22:14:33.612000Z</time>
      </trkpt>
      <trkpt lat="39.8732443" lon="116.6744078">
        <ele>25.02765</ele>
        <time>2026-09-02T22:14:37.593000Z</time>
      </trkpt>
      <trkpt lat="39.8731727" lon="116.6745039">
        <ele>25.04716</ele>
        <time>2026-09-02T22:14:41.574000Z</time>
      </trkpt>
      <trkpt lat="39.8730965" lon="116.6746006">
        <ele>25.0562</ele>
        <time>2026-09-02T22:14:45.555000Z</time>
      </trkpt>
      <trkpt lat="39.8730226" lon="116.6747063">
        <ele>25.05496</ele>
        <time>2026-09-02T22:14:49.536000Z</time>
      </trkpt>
      <trkpt lat="39.872948" lon="116.6748131">
        <ele>25.08371</ele>
        <time>2026-09-02T22:14:53.517000Z</time>
      </trkpt>
      <trkpt lat="39.8728663" lon="116.6749252">
        <ele>25.13302</ele>
        <time>2026-09-02T22:14:57.498000Z</time>
      </trkpt>
      <trkpt lat="39.8727844" lon="116.6750373">
        <ele>25.13496</ele>
        <time>2026-09-02T22:15:01.479000Z</time>
      </trkpt>
      <trkpt lat="39.8727087" lon="116.6751489">
        <ele>25.06616</ele>
        <time>2026-09-02T22:15:05.460000Z</time>
      </trkpt>
      <trkpt lat="39.8726375" lon="116.6752539">
        <ele>24.93703</ele>
        <time>2026-09-02T22:15:09.440000Z</time>
      </trkpt>
      <trkpt lat="39.8725785" lon="116.6753564">
        <ele>24.7693</ele>
        <time>2026-09-02T22:15:13.421000Z</time>
      </trkpt>
      <trkpt lat="39.8725193" lon="116.6754599">
        <ele>24.59423</ele>
        <time>2026-09-02T22:15:17.402000Z</time>
      </trkpt>
      <trkpt lat="39.8724614" lon="116.6755692">
        <ele>24.44048</ele>
        <time>2026-09-02T22:15:21.383000Z</time>
      </trkpt>
      <trkpt lat="39.8724025" lon="116.6756787">
        <ele>24.34205</ele>
        <time>2026-09-02T22:15:25.364000Z</time>
      </trkpt>
      <trkpt lat="39.8723431" lon="116.6757882">
        <ele>24.29808</ele>
        <time>2026-09-02T22:15:29.345000Z</time>
      </trkpt>
      <trkpt lat="39.8722878" lon="116.6758999">
        <ele>24.2707</ele>
        <time>2026-09-02T22:15:33.326000Z</time>
      </trkpt>
      <trkpt lat="39.8722304" lon="116.6760165">
        <ele>24.21809</ele>
        <time>2026-09-02T22:15:37.307000Z</time>
      </trkpt>
      <trkpt lat="39.8721716" lon="116.6761349">
        <ele>24.15379</ele>
        <time>2026-09-02T22:15:41.288000Z</time>
      </trkpt>
      <trkpt lat="39.8721198" lon="116.6762596">
        <ele>24.10481</ele>
        <time>2026-09-02T22:15:45.268000Z</time>
      </trkpt>
      <trkpt lat="39.8720707" lon="116.6763843">
        <ele>24.09419</ele>
        <time>2026-09-02T22:15:49.249000Z</time>
      </trkpt>
      <trkpt lat="39.8720169" lon="116.6765035">
        <ele>24.14485</ele>
        <time>2026-09-02T22:15:53.230000Z</time>
      </trkpt>
      <trkpt lat="39.8719655" lon="116.6766207">
        <ele>24.23273</ele>
        <time>2026-09-02T22:15:57.211000Z</time>
      </trkpt>
      <trkpt lat="39.8719155" lon="116.6767318">
        <ele>24.3194</ele>
        <time>2026-09-02T22:16:01.192000Z</time>
      </trkpt>
      <trkpt lat="39.8718763" lon="116.6768475">
        <ele>24.36484</ele>
        <time>2026-09-02T22:16:05.173000Z</time>
      </trkpt>
      <trkpt lat="39.8718351" lon="116.6769639">
        <ele>24.37692</ele>
        <time>2026-09-02T22:16:09.154000Z</time>
      </trkpt>
      <trkpt lat="39.8717919" lon="116.6770809">
        <ele>24.37174</ele>
        <time>2026-09-02T22:16:13.135000Z</time>
      </trkpt>
      <trkpt lat="39.8717479" lon="116.6771964">
        <ele>24.33356</ele>
        <time>2026-09-02T22:16:17.115000Z</time>
      </trkpt>
      <trkpt lat="39.8717048" lon="116.6773152">
        <ele>24.23882</ele>
        <time>2026-09-02T22:16:21.096000Z</time>
      </trkpt>
      <trkpt lat="39.8716609" lon="116.6774366">
        <ele>24.10441</ele>
        <time>2026-09-02T22:16:25.077000Z</time>
      </trkpt>
      <trkpt lat="39.8716146" lon="116.6775606">
        <ele>23.98666</ele>
        <time>2026-09-02T22:16:29.058000Z</time>
      </trkpt>
      <trkpt lat="39.87157" lon="116.6776841">
        <ele>23.89382</ele>
        <time>2026-09-02T22:16:33.039000Z</time>
      </trkpt>
      <trkpt lat="39.8715288" lon="116.6778018">
        <ele>23.80564</ele>
        <time>2026-09-02T22:16:37Z</time>
      </trkpt>
      <trkpt lat="39.8714895" lon="116.6779216">
        <ele>23.722</ele>
        <time>2026-09-02T22:16:41Z</time>
      </trkpt>
      <trkpt lat="39.8714517" lon="116.6780434">
        <ele>23.65461</ele>
        <time>2026-09-02T22:16:44.982000Z</time>
      </trkpt>
      <trkpt lat="39.8714198" lon="116.678163">
        <ele>23.65124</ele>
        <time>2026-09-02T22:16:48.962000Z</time>
      </trkpt>
      <trkpt lat="39.8713906" lon="116.6782816">
        <ele>23.68339</ele>
        <time>2026-09-02T22:16:52.943000Z</time>
      </trkpt>
      <trkpt lat="39.8713656" lon="116.6784065">
        <ele>23.70235</ele>
        <time>2026-09-02T22:16:56.924000Z</time>
      </trkpt>
      <trkpt lat="39.8713398" lon="116.6785323">
        <ele>23.7103</ele>
        <time>2026-09-02T22:17:00.905000Z</time>
      </trkpt>
      <trkpt lat="39.8713122" lon="116.6786528">
        <ele>23.72931</ele>
        <time>2026-09-02T22:17:04.886000Z</time>
      </trkpt>
      <trkpt lat="39.871283" lon="116.6787721">
        <ele>23.76748</ele>
        <time>2026-09-02T22:17:08.867000Z</time>
      </trkpt>
      <trkpt lat="39.8712567" lon="116.6788951">
        <ele>23.82897</ele>
        <time>2026-09-02T22:17:12.847000Z</time>
      </trkpt>
      <trkpt lat="39.8712272" lon="116.6790183">
        <ele>23.89804</ele>
        <time>2026-09-02T22:17:16.828000Z</time>
      </trkpt>
      <trkpt lat="39.8711979" lon="116.6791392">
        <ele>23.9729</ele>
        <time>2026-09-02T22:17:20.809000Z</time>
      </trkpt>
      <trkpt lat="39.871174" lon="116.6792594">
        <ele>24.05703</ele>
        <time>2026-09-02T22:17:24.790000Z</time>
      </trkpt>
      <trkpt lat="39.8711503" lon="116.6793817">
        <ele>24.14404</ele>
        <time>2026-09-02T22:17:28.771000Z</time>
      </trkpt>
      <trkpt lat="39.8711264" lon="116.6795023">
        <ele>24.2104</ele>
        <time>2026-09-02T22:17:32.752000Z</time>
      </trkpt>
      <trkpt lat="39.8710969" lon="116.6796246">
        <ele>24.25226</ele>
        <time>2026-09-02T22:17:36.733000Z</time>
      </trkpt>
      <trkpt lat="39.8710638" lon="116.6797426">
        <ele>24.27452</ele>
        <time>2026-09-02T22:17:40.713000Z</time>
      </trkpt>
      <trkpt lat="39.8710226" lon="116.6798531">
        <ele>24.27314</ele>
        <time>2026-09-02T22:17:44.694000Z</time>
      </trkpt>
      <trkpt lat="39.8709884" lon="116.6799692">
        <ele>24.24559</ele>
        <time>2026-09-02T22:17:48.675000Z</time>
      </trkpt>
      <trkpt lat="39.8709439" lon="116.6800819">
        <ele>24.20277</ele>
        <time>2026-09-02T22:17:52.656000Z</time>
      </trkpt>
      <trkpt lat="39.8708873" lon="116.6801946">
        <ele>24.17667</ele>
        <time>2026-09-02T22:17:56.637000Z</time>
      </trkpt>
      <trkpt lat="39.8708496" lon="116.6803195">
        <ele>24.18828</ele>
        <time>2026-09-02T22:18:00.618000Z</time>
      </trkpt>
      <trkpt lat="39.8708166" lon="116.6804429">
        <ele>24.19409</ele>
        <time>2026-09-02T22:18:04.598000Z</time>
      </trkpt>
      <trkpt lat="39.8707818" lon="116.6805618">
        <ele>24.12049</ele>
        <time>2026-09-02T22:18:08.579000Z</time>
      </trkpt>
      <trkpt lat="39.87075" lon="116.6806784">
        <ele>24.02026</ele>
        <time>2026-09-02T22:18:12.560000Z</time>
      </trkpt>
      <trkpt lat="39.8707253" lon="116.6807988">
        <ele>23.99012</ele>
        <time>2026-09-02T22:18:16.541000Z</time>
      </trkpt>
      <trkpt lat="39.8707022" lon="116.6809247">
        <ele>24.09728</ele>
        <time>2026-09-02T22:18:20.522000Z</time>
      </trkpt>
      <trkpt lat="39.8706766" lon="116.6810507">
        <ele>24.27571</ele>
        <time>2026-09-02T22:18:24.502000Z</time>
      </trkpt>
      <trkpt lat="39.8706501" lon="116.6811713">
        <ele>24.40053</ele>
        <time>2026-09-02T22:18:28.483000Z</time>
      </trkpt>
      <trkpt lat="39.8706212" lon="116.6812992">
        <ele>24.43056</ele>
        <time>2026-09-02T22:18:32.464000Z</time>
      </trkpt>
      <trkpt lat="39.8705908" lon="116.6814224">
        <ele>24.37345</ele>
        <time>2026-09-02T22:18:36.445000Z</time>
      </trkpt>
      <trkpt lat="39.8705591" lon="116.6815491">
        <ele>24.25201</ele>
        <time>2026-09-02T22:18:40.426000Z</time>
      </trkpt>
      <trkpt lat="39.8705211" lon="116.6816719">
        <ele>24.08564</ele>
        <time>2026-09-02T22:18:44.407000Z</time>
      </trkpt>
      <trkpt lat="39.8704855" lon="116.6817984">
        <ele>23.87038</ele>
        <time>2026-09-02T22:18:48.387000Z</time>
      </trkpt>
      <trkpt lat="39.8704494" lon="116.6819197">
        <ele>23.62049</ele>
        <time>2026-09-02T22:18:52.368000Z</time>
      </trkpt>
      <trkpt lat="39.8704173" lon="116.6820448">
        <ele>23.36729</ele>
        <time>2026-09-02T22:18:56.349000Z</time>
      </trkpt>
      <trkpt lat="39.8703857" lon="116.6821712">
        <ele>23.07762</ele>
        <time>2026-09-02T22:19:00.330000Z</time>
      </trkpt>
      <trkpt lat="39.8703442" lon="116.682297">
        <ele>22.77741</ele>
        <time>2026-09-02T22:19:04.311000Z</time>
      </trkpt>
      <trkpt lat="39.8703073" lon="116.6824224">
        <ele>22.59416</ele>
        <time>2026-09-02T22:19:08.291000Z</time>
      </trkpt>
      <trkpt lat="39.8702712" lon="116.6825518">
        <ele>22.55703</ele>
        <time>2026-09-02T22:19:12.272000Z</time>
      </trkpt>
      <trkpt lat="39.8702417" lon="116.6826822">
        <ele>22.56463</ele>
        <time>2026-09-02T22:19:16.253000Z</time>
      </trkpt>
      <trkpt lat="39.8702178" lon="116.6828124">
        <ele>22.58116</ele>
        <time>2026-09-02T22:19:20.234000Z</time>
      </trkpt>
      <trkpt lat="39.8701936" lon="116.6829381">
        <ele>22.64975</ele>
        <time>2026-09-02T22:19:24.215000Z</time>
      </trkpt>
      <trkpt lat="39.87017" lon="116.6830603">
        <ele>22.74489</ele>
        <time>2026-09-02T22:19:28.196000Z</time>
      </trkpt>
      <trkpt lat="39.8701456" lon="116.6831809">
        <ele>22.79595</ele>
        <time>2026-09-02T22:19:32Z</time>
      </trkpt>
      <trkpt lat="39.8701144" lon="116.6833077">
        <ele>22.80157</ele>
        <time>2026-09-02T22:19:36Z</time>
      </trkpt>
      <trkpt lat="39.8700799" lon="116.6834353">
        <ele>22.76878</ele>
        <time>2026-09-02T22:19:40Z</time>
      </trkpt>
      <trkpt lat="39.8700459" lon="116.6835631">
        <ele>22.65237</ele>
        <time>2026-09-02T22:19:44Z</time>
      </trkpt>
      <trkpt lat="39.8700111" lon="116.6836974">
        <ele>22.49522</ele>
        <time>2026-09-02T22:19:48.100000Z</time>
      </trkpt>
      <trkpt lat="39.8699766" lon="116.6838307">
        <ele>22.41901</ele>
        <time>2026-09-02T22:19:52.081000Z</time>
      </trkpt>
      <trkpt lat="39.8699391" lon="116.6839584">
        <ele>22.39645</ele>
        <time>2026-09-02T22:19:56.061000Z</time>
      </trkpt>
      <trkpt lat="39.8698999" lon="116.6840851">
        <ele>22.40979</ele>
        <time>2026-09-02T22:20:00.042000Z</time>
      </trkpt>
      <trkpt lat="39.8698608" lon="116.6842137">
        <ele>22.43606</ele>
        <time>2026-09-02T22:20:04.023000Z</time>
      </trkpt>
      <trkpt lat="39.8698247" lon="116.6843468">
        <ele>22.46205</ele>
        <time>2026-09-02T22:20:08.004000Z</time>
      </trkpt>
      <trkpt lat="39.8697887" lon="116.6844738">
        <ele>22.49474</ele>
        <time>2026-09-02T22:20:11.985000Z</time>
      </trkpt>
      <trkpt lat="39.8697548" lon="116.6846006">
        <ele>22.50273</ele>
        <time>2026-09-02T22:20:15.966000Z</time>
      </trkpt>
      <trkpt lat="39.869725" lon="116.6847291">
        <ele>22.46872</ele>
        <time>2026-09-02T22:20:19.947000Z</time>
      </trkpt>
      <trkpt lat="39.8696894" lon="116.6848535">
        <ele>22.42453</ele>
        <time>2026-09-02T22:20:23.927000Z</time>
      </trkpt>
      <trkpt lat="39.869655" lon="116.6849742">
        <ele>22.39787</ele>
        <time>2026-09-02T22:20:27.908000Z</time>
      </trkpt>
      <trkpt lat="39.869628" lon="116.6851008">
        <ele>22.40509</ele>
        <time>2026-09-02T22:20:31.889000Z</time>
      </trkpt>
      <trkpt lat="39.8695985" lon="116.6852279">
        <ele>22.42318</ele>
        <time>2026-09-02T22:20:35.870000Z</time>
      </trkpt>
      <trkpt lat="39.869565" lon="116.6853523">
        <ele>22.43408</ele>
        <time>2026-09-02T22:20:39.851000Z</time>
      </trkpt>
      <trkpt lat="39.8695309" lon="116.6854739">
        <ele>22.42619</ele>
        <time>2026-09-02T22:20:43.832000Z</time>
      </trkpt>
      <trkpt lat="39.8694952" lon="116.6855964">
        <ele>22.39688</ele>
        <time>2026-09-02T22:20:47.813000Z</time>
      </trkpt>
      <trkpt lat="39.8694631" lon="116.6857193">
        <ele>22.33994</ele>
        <time>2026-09-02T22:20:51.793000Z</time>
      </trkpt>
      <trkpt lat="39.8694367" lon="116.6858392">
        <ele>22.28058</ele>
        <time>2026-09-02T22:20:55.774000Z</time>
      </trkpt>
      <trkpt lat="39.8694095" lon="116.6859592">
        <ele>22.24559</ele>
        <time>2026-09-02T22:20:59.755000Z</time>
      </trkpt>
      <trkpt lat="39.8693833" lon="116.6860778">
        <ele>22.23522</ele>
        <time>2026-09-02T22:21:03.736000Z</time>
      </trkpt>
      <trkpt lat="39.8693585" lon="116.6861991">
        <ele>22.24233</ele>
        <time>2026-09-02T22:21:07.717000Z</time>
      </trkpt>
      <trkpt lat="39.8693287" lon="116.6863203">
        <ele>22.24685</ele>
        <time>2026-09-02T22:21:11.698000Z</time>
      </trkpt>
      <trkpt lat="39.8693016" lon="116.6864433">
        <ele>22.24379</ele>
        <time>2026-09-02T22:21:15.678000Z</time>
      </trkpt>
      <trkpt lat="39.8692815" lon="116.6865662">
        <ele>22.24598</ele>
        <time>2026-09-02T22:21:19.659000Z</time>
      </trkpt>
      <trkpt lat="39.8692493" lon="116.6866825">
        <ele>22.27354</ele>
        <time>2026-09-02T22:21:23.640000Z</time>
      </trkpt>
      <trkpt lat="39.8692148" lon="116.6868017">
        <ele>22.3161</ele>
        <time>2026-09-02T22:21:27.621000Z</time>
      </trkpt>
      <trkpt lat="39.8691799" lon="116.6869199">
        <ele>22.35193</ele>
        <time>2026-09-02T22:21:31.602000Z</time>
      </trkpt>
      <trkpt lat="39.8691465" lon="116.6870378">
        <ele>22.36179</ele>
        <time>2026-09-02T22:21:35.583000Z</time>
      </trkpt>
      <trkpt lat="39.8691083" lon="116.6871559">
        <ele>22.34066</ele>
        <time>2026-09-02T22:21:39.564000Z</time>
      </trkpt>
      <trkpt lat="39.869069" lon="116.6872705">
        <ele>22.33791</ele>
        <time>2026-09-02T22:21:43.544000Z</time>
      </trkpt>
      <trkpt lat="39.8690364" lon="116.6873868">
        <ele>22.36225</ele>
        <time>2026-09-02T22:21:47.525000Z</time>
      </trkpt>
      <trkpt lat="39.8689991" lon="116.6875089">
        <ele>22.39078</ele>
        <time>2026-09-02T22:21:51.506000Z</time>
      </trkpt>
      <trkpt lat="39.8689632" lon="116.6876347">
        <ele>22.4339</ele>
        <time>2026-09-02T22:21:55.487000Z</time>
      </trkpt>
      <trkpt lat="39.8689311" lon="116.6877605">
        <ele>22.47554</ele>
        <time>2026-09-02T22:21:59.468000Z</time>
      </trkpt>
      <trkpt lat="39.8688975" lon="116.6878878">
        <ele>22.48122</ele>
        <time>2026-09-02T22:22:03.449000Z</time>
      </trkpt>
      <trkpt lat="39.8688626" lon="116.6880144">
        <ele>22.46112</ele>
        <time>2026-09-02T22:22:07.429000Z</time>
      </trkpt>
      <trkpt lat="39.8688243" lon="116.688135">
        <ele>22.45102</ele>
        <time>2026-09-02T22:22:11.410000Z</time>
      </trkpt>
      <trkpt lat="39.868785" lon="116.6882529">
        <ele>22.46723</ele>
        <time>2026-09-02T22:22:15.391000Z</time>
      </trkpt>
      <trkpt lat="39.8687467" lon="116.6883715">
        <ele>22.49331</ele>
        <time>2026-09-02T22:22:19.372000Z</time>
      </trkpt>
      <trkpt lat="39.8687062" lon="116.6884906">
        <ele>22.5087</ele>
        <time>2026-09-02T22:22:23.353000Z</time>
      </trkpt>
      <trkpt lat="39.8686671" lon="116.6886092">
        <ele>22.51273</ele>
        <time>2026-09-02T22:22:27.334000Z</time>
      </trkpt>
      <trkpt lat="39.8686296" lon="116.6887262">
        <ele>22.51956</ele>
        <time>2026-09-02T22:22:31.315000Z</time>
      </trkpt>
      <trkpt lat="39.8685727" lon="116.6888333">
        <ele>22.59179</ele>
        <time>2026-09-02T22:22:35.295000Z</time>
      </trkpt>
      <trkpt lat="39.8684878" lon="116.6888977">
        <ele>22.72443</ele>
        <time>2026-09-02T22:22:39.276000Z</time>
      </trkpt>
      <trkpt lat="39.8683855" lon="116.6888979">
        <ele>22.84671</ele>
        <time>2026-09-02T22:22:43.257000Z</time>
      </trkpt>
      <trkpt lat="39.8682789" lon="116.6888796">
        <ele>22.95448</ele>
        <time>2026-09-02T22:22:47.238000Z</time>
      </trkpt>
      <trkpt lat="39.8681739" lon="116.688858">
        <ele>23.04605</ele>
        <time>2026-09-02T22:22:51.219000Z</time>
      </trkpt>
      <trkpt lat="39.8680723" lon="116.6888443">
        <ele>23.09406</ele>
        <time>2026-09-02T22:22:55.200000Z</time>
      </trkpt>
      <trkpt lat="39.8679714" lon="116.688841">
        <ele>23.0637</ele>
        <time>2026-09-02T22:22:59.181000Z</time>
      </trkpt>
      <trkpt lat="39.8678709" lon="116.6888481">
        <ele>22.9394</ele>
        <time>2026-09-02T22:23:03.161000Z</time>
      </trkpt>
      <trkpt lat="39.8677716" lon="116.6888599">
        <ele>22.78367</ele>
        <time>2026-09-02T22:23:07.142000Z</time>
      </trkpt>
      <trkpt lat="39.8676741" lon="116.6888779">
        <ele>22.66788</ele>
        <time>2026-09-02T22:23:11.123000Z</time>
      </trkpt>
      <trkpt lat="39.8675765" lon="116.6889019">
        <ele>22.58526</ele>
        <time>2026-09-02T22:23:15.104000Z</time>
      </trkpt>
      <trkpt lat="39.8674808" lon="116.6889235">
        <ele>22.51172</ele>
        <time>2026-09-02T22:23:19.085000Z</time>
      </trkpt>
      <trkpt lat="39.8673851" lon="116.6889497">
        <ele>22.44698</ele>
        <time>2026-09-02T22:23:23.066000Z</time>
      </trkpt>
      <trkpt lat="39.8672884" lon="116.6889802">
        <ele>22.39178</ele>
        <time>2026-09-02T22:23:27.046000Z</time>
      </trkpt>
      <trkpt lat="39.8671933" lon="116.6890115">
        <ele>22.35629</ele>
        <time>2026-09-02T22:23:31.027000Z</time>
      </trkpt>
      <trkpt lat="39.867098" lon="116.6890494">
        <ele>22.332</ele>
        <time>2026-09-02T22:23:35.008000Z</time>
      </trkpt>
      <trkpt lat="39.8670025" lon="116.6890766">
        <ele>22.3163</ele>
        <time>2026-09-02T22:23:38.989000Z</time>
      </trkpt>
      <trkpt lat="39.8669062" lon="116.6890998">
        <ele>22.32666</ele>
        <time>2026-09-02T22:23:42.970000Z</time>
      </trkpt>
      <trkpt lat="39.8668094" lon="116.6891268">
        <ele>22.36393</ele>
        <time>2026-09-02T22:23:46.951000Z</time>
      </trkpt>
      <trkpt lat="39.8667137" lon="116.6891618">
        <ele>22.39194</ele>
        <time>2026-09-02T22:23:50.932000Z</time>
      </trkpt>
      <trkpt lat="39.8666196" lon="116.6892001">
        <ele>22.41456</ele>
        <time>2026-09-02T22:23:54.912000Z</time>
      </trkpt>
      <trkpt lat="39.8665266" lon="116.6892402">
        <ele>22.45137</ele>
        <time>2026-09-02T22:23:58.893000Z</time>
      </trkpt>
      <trkpt lat="39.8664259" lon="116.6892852">
        <ele>22.50633</ele>
        <time>2026-09-02T22:24:02.874000Z</time>
      </trkpt>
      <trkpt lat="39.8663211" lon="116.689329">
        <ele>22.55896</ele>
        <time>2026-09-02T22:24:06.855000Z</time>
      </trkpt>
      <trkpt lat="39.8662229" lon="116.6893687">
        <ele>22.60017</ele>
        <time>2026-09-02T22:24:10.836000Z</time>
      </trkpt>
      <trkpt lat="39.8661267" lon="116.6894105">
        <ele>22.61866</ele>
        <time>2026-09-02T22:24:14.817000Z</time>
      </trkpt>
      <trkpt lat="39.8660316" lon="116.6894555">
        <ele>22.60548</ele>
        <time>2026-09-02T22:24:18.797000Z</time>
      </trkpt>
      <trkpt lat="39.8659342" lon="116.6894973">
        <ele>22.5811</ele>
        <time>2026-09-02T22:24:22.778000Z</time>
      </trkpt>
      <trkpt lat="39.8658378" lon="116.6895351">
        <ele>22.56843</ele>
        <time>2026-09-02T22:24:26.759000Z</time>
      </trkpt>
      <trkpt lat="39.8657459" lon="116.6895688">
        <ele>22.56685</ele>
        <time>2026-09-02T22:24:30.740000Z</time>
      </trkpt>
      <trkpt lat="39.8656568" lon="116.6896078">
        <ele>22.55494</ele>
        <time>2026-09-02T22:24:34.721000Z</time>
      </trkpt>
      <trkpt lat="39.865566" lon="116.6896502">
        <ele>22.51338</ele>
        <time>2026-09-02T22:24:38.702000Z</time>
      </trkpt>
      <trkpt lat="39.8654736" lon="116.6896903">
        <ele>22.42352</ele>
        <time>2026-09-02T22:24:42.683000Z</time>
      </trkpt>
      <trkpt lat="39.8653806" lon="116.68973">
        <ele>22.29639</ele>
        <time>2026-09-02T22:24:46.663000Z</time>
      </trkpt>
      <trkpt lat="39.8652847" lon="116.689779">
        <ele>22.16736</ele>
        <time>2026-09-02T22:24:50.644000Z</time>
      </trkpt>
      <trkpt lat="39.8651915" lon="116.6898377">
        <ele>22.0551</ele>
        <time>2026-09-02T22:24:54.625000Z</time>
      </trkpt>
      <trkpt lat="39.8650954" lon="116.6898883">
        <ele>21.95885</ele>
        <time>2026-09-02T22:24:58.606000Z</time>
      </trkpt>
      <trkpt lat="39.865" lon="116.6899333">
        <ele>21.86683</ele>
        <time>2026-09-02T22:25:02.587000Z</time>
      </trkpt>
      <trkpt lat="39.8649067" lon="116.6899835">
        <ele>21.7921</ele>
        <time>2026-09-02T22:25:06.568000Z</time>
      </trkpt>
      <trkpt lat="39.8648131" lon="116.6900283">
        <ele>21.75937</ele>
        <time>2026-09-02T22:25:10.549000Z</time>
      </trkpt>
      <trkpt lat="39.8647166" lon="116.6900652">
        <ele>21.77723</ele>
        <time>2026-09-02T22:25:14.529000Z</time>
      </trkpt>
      <trkpt lat="39.8646182" lon="116.6901088">
        <ele>21.82815</ele>
        <time>2026-09-02T22:25:18.510000Z</time>
      </trkpt>
      <trkpt lat="39.8645206" lon="116.6901612">
        <ele>21.8629</ele>
        <time>2026-09-02T22:25:22.491000Z</time>
      </trkpt>
      <trkpt lat="39.8644239" lon="116.6902117">
        <ele>21.85218</ele>
        <time>2026-09-02T22:25:26.472000Z</time>
      </trkpt>
      <trkpt lat="39.8643271" lon="116.690263">
        <ele>21.80436</ele>
        <time>2026-09-02T22:25:30.453000Z</time>
      </trkpt>
      <trkpt lat="39.8642278" lon="116.6903106">
        <ele>21.75459</ele>
        <time>2026-09-02T22:25:34.434000Z</time>
      </trkpt>
      <trkpt lat="39.8641289" lon="116.6903562">
        <ele>21.73954</ele>
        <time>2026-09-02T22:25:38.415000Z</time>
      </trkpt>
      <trkpt lat="39.8640316" lon="116.6903971">
        <ele>21.76243</ele>
        <time>2026-09-02T22:25:42.396000Z</time>
      </trkpt>
      <trkpt lat="39.8639358" lon="116.6904396">
        <ele>21.80655</ele>
        <time>2026-09-02T22:25:46.376000Z</time>
      </trkpt>
      <trkpt lat="39.8638413" lon="116.6904865">
        <ele>21.85895</ele>
        <time>2026-09-02T22:25:50.357000Z</time>
      </trkpt>
      <trkpt lat="39.8637473" lon="116.6905369">
        <ele>21.91765</ele>
        <time>2026-09-02T22:25:54.338000Z</time>
      </trkpt>
      <trkpt lat="39.8636545" lon="116.6905865">
        <ele>21.96395</ele>
        <time>2026-09-02T22:25:58.319000Z</time>
      </trkpt>
      <trkpt lat="39.8635584" lon="116.6906294">
        <ele>22.00389</ele>
        <time>2026-09-02T22:26:02.300000Z</time>
      </trkpt>
      <trkpt lat="39.863461" lon="116.6906703">
        <ele>22.03236</ele>
        <time>2026-09-02T22:26:06.281000Z</time>
      </trkpt>
      <trkpt lat="39.8633659" lon="116.6907103">
        <ele>22.02044</ele>
        <time>2026-09-02T22:26:10.262000Z</time>
      </trkpt>
      <trkpt lat="39.8632714" lon="116.690751">
        <ele>21.94044</ele>
        <time>2026-09-02T22:26:14.243000Z</time>
      </trkpt>
      <trkpt lat="39.8631787" lon="116.6907956">
        <ele>21.78737</ele>
        <time>2026-09-02T22:26:18.223000Z</time>
      </trkpt>
      <trkpt lat="39.8630857" lon="116.69084">
        <ele>21.59855</ele>
        <time>2026-09-02T22:26:22.204000Z</time>
      </trkpt>
      <trkpt lat="39.862996" lon="116.6908823">
        <ele>21.48382</ele>
        <time>2026-09-02T22:26:26.001000Z</time>
      </trkpt>
      <trkpt lat="39.8629005" lon="116.6909179">
        <ele>21.50294</ele>
        <time>2026-09-02T22:26:30.001000Z</time>
      </trkpt>
      <trkpt lat="39.8627968" lon="116.6909279">
        <ele>21.57794</ele>
        <time>2026-09-02T22:26:34.147000Z</time>
      </trkpt>
      <trkpt lat="39.8627061" lon="116.690875">
        <ele>21.65246</ele>
        <time>2026-09-02T22:26:38.128000Z</time>
      </trkpt>
      <trkpt lat="39.8626494" lon="116.6907659">
        <ele>21.73996</ele>
        <time>2026-09-02T22:26:42.109000Z</time>
      </trkpt>
      <trkpt lat="39.8626144" lon="116.6906444">
        <ele>21.86517</ele>
        <time>2026-09-02T22:26:46.001000Z</time>
      </trkpt>
      <trkpt lat="39.8625818" lon="116.6905196">
        <ele>22.02897</ele>
        <time>2026-09-02T22:26:50.001000Z</time>
      </trkpt>
      <trkpt lat="39.8625481" lon="116.690394">
        <ele>22.15134</ele>
        <time>2026-09-02T22:26:54.001000Z</time>
      </trkpt>
      <trkpt lat="39.8625116" lon="116.6902722">
        <ele>22.15824</ele>
        <time>2026-09-02T22:26:58.001000Z</time>
      </trkpt>
      <trkpt lat="39.862477" lon="116.6901498">
        <ele>22.06371</ele>
        <time>2026-09-02T22:27:02.001000Z</time>
      </trkpt>
      <trkpt lat="39.8624365" lon="116.690032">
        <ele>21.90604</ele>
        <time>2026-09-02T22:27:05.994000Z</time>
      </trkpt>
      <trkpt lat="39.8623936" lon="116.68991">
        <ele>21.73048</ele>
        <time>2026-09-02T22:27:09.975000Z</time>
      </trkpt>
      <trkpt lat="39.8623542" lon="116.6897693">
        <ele>21.58833</ele>
        <time>2026-09-02T22:27:13.956000Z</time>
      </trkpt>
      <trkpt lat="39.8623184" lon="116.6896255">
        <ele>21.50681</ele>
        <time>2026-09-02T22:27:17.937000Z</time>
      </trkpt>
      <trkpt lat="39.8622735" lon="116.6894882">
        <ele>21.50576</ele>
        <time>2026-09-02T22:27:21.917000Z</time>
      </trkpt>
      <trkpt lat="39.8622223" lon="116.6893569">
        <ele>21.5807</ele>
        <time>2026-09-02T22:27:25.898000Z</time>
      </trkpt>
      <trkpt lat="39.8621783" lon="116.6892235">
        <ele>21.6986</ele>
        <time>2026-09-02T22:27:29.879000Z</time>
      </trkpt>
      <trkpt lat="39.8621358" lon="116.6890966">
        <ele>21.82036</ele>
        <time>2026-09-02T22:27:33.860000Z</time>
      </trkpt>
      <trkpt lat="39.8621028" lon="116.6889721">
        <ele>21.90979</ele>
        <time>2026-09-02T22:27:37.841000Z</time>
      </trkpt>
      <trkpt lat="39.8620696" lon="116.6888446">
        <ele>21.94928</ele>
        <time>2026-09-02T22:27:41.822000Z</time>
      </trkpt>
      <trkpt lat="39.8620317" lon="116.6887256">
        <ele>21.94945</ele>
        <time>2026-09-02T22:27:45.803000Z</time>
      </trkpt>
      <trkpt lat="39.8620022" lon="116.688604">
        <ele>21.93659</ele>
        <time>2026-09-02T22:27:49.784000Z</time>
      </trkpt>
      <trkpt lat="39.8619704" lon="116.6884829">
        <ele>21.92261</ele>
        <time>2026-09-02T22:27:53.765000Z</time>
      </trkpt>
      <trkpt lat="39.8619405" lon="116.6883618">
        <ele>21.89731</ele>
        <time>2026-09-02T22:27:57.746000Z</time>
      </trkpt>
      <trkpt lat="39.8619151" lon="116.6882443">
        <ele>21.85625</ele>
        <time>2026-09-02T22:28:01.727000Z</time>
      </trkpt>
      <trkpt lat="39.8618646" lon="116.6881207">
        <ele>21.79292</ele>
        <time>2026-09-02T22:28:06.703000Z</time>
      </trkpt>
      <trkpt lat="39.8618152" lon="116.6879935">
        <ele>21.74264</ele>
        <time>2026-09-02T22:28:11.679000Z</time>
      </trkpt>
      <trkpt lat="39.8617919" lon="116.6878746">
        <ele>21.72611</ele>
        <time>2026-09-02T22:28:15.660000Z</time>
      </trkpt>
      <trkpt lat="39.861768" lon="116.6877505">
        <ele>21.74417</ele>
        <time>2026-09-02T22:28:19.641000Z</time>
      </trkpt>
      <trkpt lat="39.8617413" lon="116.6876259">
        <ele>21.79886</ele>
        <time>2026-09-02T22:28:23.622000Z</time>
      </trkpt>
      <trkpt lat="39.8617058" lon="116.6875042">
        <ele>21.89942</ele>
        <time>2026-09-02T22:28:27.602000Z</time>
      </trkpt>
      <trkpt lat="39.8616419" lon="116.6874127">
        <ele>22.05929</ele>
        <time>2026-09-02T22:28:31.583000Z</time>
      </trkpt>
      <trkpt lat="39.8615391" lon="116.6873777">
        <ele>22.25733</ele>
        <time>2026-09-02T22:28:35.564000Z</time>
      </trkpt>
      <trkpt lat="39.8614371" lon="116.6873651">
        <ele>22.45298</ele>
        <time>2026-09-02T22:28:39.545000Z</time>
      </trkpt>
      <trkpt lat="39.8613362" lon="116.6873479">
        <ele>22.63557</ele>
        <time>2026-09-02T22:28:43.526000Z</time>
      </trkpt>
      <trkpt lat="39.8612438" lon="116.6873002">
        <ele>22.79705</ele>
        <time>2026-09-02T22:28:47.507000Z</time>
      </trkpt>
      <trkpt lat="39.8611722" lon="116.6872108">
        <ele>22.91911</ele>
        <time>2026-09-02T22:28:51.488000Z</time>
      </trkpt>
      <trkpt lat="39.86109" lon="116.6871404">
        <ele>22.98309</ele>
        <time>2026-09-02T22:28:55.469000Z</time>
      </trkpt>
      <trkpt lat="39.8609916" lon="116.6871188">
        <ele>22.98603</ele>
        <time>2026-09-02T22:28:59.450000Z</time>
      </trkpt>
      <trkpt lat="39.8608924" lon="116.6871163">
        <ele>22.94021</ele>
        <time>2026-09-02T22:29:03.431000Z</time>
      </trkpt>
      <trkpt lat="39.8607929" lon="116.687122">
        <ele>22.86517</ele>
        <time>2026-09-02T22:29:07.412000Z</time>
      </trkpt>
      <trkpt lat="39.8606923" lon="116.6871265">
        <ele>22.8062</ele>
        <time>2026-09-02T22:29:11.393000Z</time>
      </trkpt>
      <trkpt lat="39.860593" lon="116.6871277">
        <ele>22.80968</ele>
        <time>2026-09-02T22:29:15.373000Z</time>
      </trkpt>
      <trkpt lat="39.8604909" lon="116.687127">
        <ele>22.86076</ele>
        <time>2026-09-02T22:29:19.354000Z</time>
      </trkpt>
      <trkpt lat="39.860392" lon="116.6871252">
        <ele>22.91361</ele>
        <time>2026-09-02T22:29:23.335000Z</time>
      </trkpt>
      <trkpt lat="39.8602913" lon="116.6871257">
        <ele>22.96452</ele>
        <time>2026-09-02T22:29:27.316000Z</time>
      </trkpt>
      <trkpt lat="39.8601914" lon="116.6871361">
        <ele>23.03843</ele>
        <time>2026-09-02T22:29:31.297000Z</time>
      </trkpt>
      <trkpt lat="39.8600939" lon="116.6871346">
        <ele>23.16229</ele>
        <time>2026-09-02T22:29:35.278000Z</time>
      </trkpt>
      <trkpt lat="39.8599953" lon="116.6871307">
        <ele>23.32736</ele>
        <time>2026-09-02T22:29:39.259000Z</time>
      </trkpt>
      <trkpt lat="39.8598968" lon="116.6871203">
        <ele>23.54493</ele>
        <time>2026-09-02T22:29:43.240000Z</time>
      </trkpt>
      <trkpt lat="39.8597962" lon="116.6871096">
        <ele>23.82242</ele>
        <time>2026-09-02T22:29:47.221000Z</time>
      </trkpt>
      <trkpt lat="39.8596936" lon="116.6871119">
        <ele>24.14792</ele>
        <time>2026-09-02T22:29:51.202000Z</time>
      </trkpt>
      <trkpt lat="39.8595921" lon="116.6871093">
        <ele>24.4143</ele>
        <time>2026-09-02T22:29:55Z</time>
      </trkpt>
      <trkpt lat="39.8594899" lon="116.6871062">
        <ele>24.54558</ele>
        <time>2026-09-02T22:29:59Z</time>
      </trkpt>
      <trkpt lat="39.8593893" lon="116.6871048">
        <ele>24.57133</ele>
        <time>2026-09-02T22:30:03Z</time>
      </trkpt>
      <trkpt lat="39.8592882" lon="116.6871064">
        <ele>24.51915</ele>
        <time>2026-09-02T22:30:07Z</time>
      </trkpt>
      <trkpt lat="39.8591827" lon="116.6871143">
        <ele>24.47532</ele>
        <time>2026-09-02T22:30:11.106000Z</time>
      </trkpt>
      <trkpt lat="39.8590826" lon="116.6871186">
        <ele>24.50404</ele>
        <time>2026-09-02T22:30:15Z</time>
      </trkpt>
      <trkpt lat="39.8589787" lon="116.6871">
        <ele>24.46654</ele>
        <time>2026-09-02T22:30:19Z</time>
      </trkpt>
      <trkpt lat="39.8589077" lon="116.687011">
        <ele>24.44231</ele>
        <time>2026-09-02T22:30:23Z</time>
      </trkpt>
      <trkpt lat="39.8588799" lon="116.6868844">
        <ele>24.50064</ele>
        <time>2026-09-02T22:30:27Z</time>
      </trkpt>
      <trkpt lat="39.8588579" lon="116.6867572">
        <ele>24.49652</ele>
        <time>2026-09-02T22:30:31.011000Z</time>
      </trkpt>
      <trkpt lat="39.8588376" lon="116.6866336">
        <ele>24.34933</ele>
        <time>2026-09-02T22:30:34.992000Z</time>
      </trkpt>
      <trkpt lat="39.8588107" lon="116.6865076">
        <ele>24.14204</ele>
        <time>2026-09-02T22:30:38.973000Z</time>
      </trkpt>
      <trkpt lat="39.8587796" lon="116.6863818">
        <ele>23.98249</ele>
        <time>2026-09-02T22:30:42.954000Z</time>
      </trkpt>
      <trkpt lat="39.8587503" lon="116.6862561">
        <ele>23.89389</ele>
        <time>2026-09-02T22:30:46.934000Z</time>
      </trkpt>
      <trkpt lat="39.8587313" lon="116.6861252">
        <ele>23.87819</ele>
        <time>2026-09-02T22:30:50.915000Z</time>
      </trkpt>
      <trkpt lat="39.8587179" lon="116.6859917">
        <ele>23.91612</ele>
        <time>2026-09-02T22:30:54.896000Z</time>
      </trkpt>
      <trkpt lat="39.8587056" lon="116.6858595">
        <ele>23.96084</ele>
        <time>2026-09-02T22:30:58.877000Z</time>
      </trkpt>
      <trkpt lat="39.8586923" lon="116.6857278">
        <ele>23.96968</ele>
        <time>2026-09-02T22:31:02.858000Z</time>
      </trkpt>
      <trkpt lat="39.8586883" lon="116.6855938">
        <ele>23.92837</ele>
        <time>2026-09-02T22:31:06.839000Z</time>
      </trkpt>
      <trkpt lat="39.8586835" lon="116.6854579">
        <ele>23.84577</ele>
        <time>2026-09-02T22:31:10.820000Z</time>
      </trkpt>
      <trkpt lat="39.8586798" lon="116.6853189">
        <ele>23.74219</ele>
        <time>2026-09-02T22:31:14.801000Z</time>
      </trkpt>
      <trkpt lat="39.8586742" lon="116.6851765">
        <ele>23.64435</ele>
        <time>2026-09-02T22:31:18.782000Z</time>
      </trkpt>
      <trkpt lat="39.8586746" lon="116.6850354">
        <ele>23.57366</ele>
        <time>2026-09-02T22:31:22.763000Z</time>
      </trkpt>
      <trkpt lat="39.858683" lon="116.6848945">
        <ele>23.51719</ele>
        <time>2026-09-02T22:31:26.744000Z</time>
      </trkpt>
      <trkpt lat="39.8586967" lon="116.6847561">
        <ele>23.44398</ele>
        <time>2026-09-02T22:31:30.724000Z</time>
      </trkpt>
      <trkpt lat="39.8587175" lon="116.6846238">
        <ele>23.36436</ele>
        <time>2026-09-02T22:31:34.705000Z</time>
      </trkpt>
      <trkpt lat="39.8587441" lon="116.6844955">
        <ele>23.27743</ele>
        <time>2026-09-02T22:31:38.686000Z</time>
      </trkpt>
      <trkpt lat="39.8587731" lon="116.6843723">
        <ele>23.19644</ele>
        <time>2026-09-02T22:31:42.667000Z</time>
      </trkpt>
      <trkpt lat="39.8587962" lon="116.6842462">
        <ele>23.14786</ele>
        <time>2026-09-02T22:31:46.648000Z</time>
      </trkpt>
      <trkpt lat="39.8588112" lon="116.6841206">
        <ele>23.13837</ele>
        <time>2026-09-02T22:31:50.629000Z</time>
      </trkpt>
      <trkpt lat="39.8588251" lon="116.683999">
        <ele>23.16546</ele>
        <time>2026-09-02T22:31:54.610000Z</time>
      </trkpt>
      <trkpt lat="39.8588482" lon="116.6838819">
        <ele>23.22532</ele>
        <time>2026-09-02T22:31:58.591000Z</time>
      </trkpt>
      <trkpt lat="39.8589037" lon="116.6837825">
        <ele>23.29578</ele>
        <time>2026-09-02T22:32:02.572000Z</time>
      </trkpt>
      <trkpt lat="39.8589991" lon="116.6837335">
        <ele>23.35961</ele>
        <time>2026-09-02T22:32:06.552000Z</time>
      </trkpt>
      <trkpt lat="39.8591104" lon="116.6837277">
        <ele>23.40886</ele>
        <time>2026-09-02T22:32:10.533000Z</time>
      </trkpt>
      <trkpt lat="39.859219" lon="116.6837334">
        <ele>23.41642</ele>
        <time>2026-09-02T22:32:14.514000Z</time>
      </trkpt>
      <trkpt lat="39.8593129" lon="116.6837333">
        <ele>23.38736</ele>
        <time>2026-09-02T22:32:18.495000Z</time>
      </trkpt>
      <trkpt lat="39.8593275" lon="116.6837169">
        <ele>23.37341</ele>
        <time>2026-09-02T22:32:21.481000Z</time>
      </trkpt>
      <trkpt lat="39.8592284" lon="116.6837267">
        <ele>23.40841</ele>
        <time>2026-09-02T22:32:26.457000Z</time>
      </trkpt>
      <trkpt lat="39.859127" lon="116.6837209">
        <ele>23.48696</ele>
        <time>2026-09-02T22:32:30.438000Z</time>
      </trkpt>
      <trkpt lat="39.8590456" lon="116.6836249">
        <ele>23.58786</ele>
        <time>2026-09-02T22:32:35.414000Z</time>
      </trkpt>
      <trkpt lat="39.8590272" lon="116.6834915">
        <ele>23.62033</ele>
        <time>2026-09-02T22:32:39.395000Z</time>
      </trkpt>
      <trkpt lat="39.8590118" lon="116.6833513">
        <ele>23.57853</ele>
        <time>2026-09-02T22:32:43.376000Z</time>
      </trkpt>
      <trkpt lat="39.858996" lon="116.6832117">
        <ele>23.47047</ele>
        <time>2026-09-02T22:32:47.356000Z</time>
      </trkpt>
      <trkpt lat="39.8589883" lon="116.6830736">
        <ele>23.32888</ele>
        <time>2026-09-02T22:32:51.337000Z</time>
      </trkpt>
      <trkpt lat="39.8589893" lon="116.682938">
        <ele>23.19202</ele>
        <time>2026-09-02T22:32:55.318000Z</time>
      </trkpt>
      <trkpt lat="39.858993" lon="116.6828051">
        <ele>23.08601</ele>
        <time>2026-09-02T22:32:59.299000Z</time>
      </trkpt>
      <trkpt lat="39.8589983" lon="116.6826758">
        <ele>23.04182</ele>
        <time>2026-09-02T22:33:03.280000Z</time>
      </trkpt>
      <trkpt lat="39.8590032" lon="116.6825515">
        <ele>23.08388</ele>
        <time>2026-09-02T22:33:07.261000Z</time>
      </trkpt>
      <trkpt lat="39.8589991" lon="116.6824282">
        <ele>23.2361</ele>
        <time>2026-09-02T22:33:11.242000Z</time>
      </trkpt>
      <trkpt lat="39.8589898" lon="116.6823053">
        <ele>23.52853</ele>
        <time>2026-09-02T22:33:15.222000Z</time>
      </trkpt>
      <trkpt lat="39.8589918" lon="116.6821755">
        <ele>23.94539</ele>
        <time>2026-09-02T22:33:19.203000Z</time>
      </trkpt>
      <trkpt lat="39.858991" lon="116.68205">
        <ele>24.30978</ele>
        <time>2026-09-02T22:33:23Z</time>
      </trkpt>
      <trkpt lat="39.8589841" lon="116.6819176">
        <ele>24.49785</ele>
        <time>2026-09-02T22:33:27Z</time>
      </trkpt>
      <trkpt lat="39.8589747" lon="116.6817858">
        <ele>24.54932</ele>
        <time>2026-09-02T22:33:31Z</time>
      </trkpt>
      <trkpt lat="39.8589652" lon="116.6816565">
        <ele>24.49514</ele>
        <time>2026-09-02T22:33:35Z</time>
      </trkpt>
      <trkpt lat="39.8589571" lon="116.6815233">
        <ele>24.43222</ele>
        <time>2026-09-02T22:33:39Z</time>
      </trkpt>
      <trkpt lat="39.8589579" lon="116.6813924">
        <ele>24.45314</ele>
        <time>2026-09-02T22:33:43Z</time>
      </trkpt>
      <trkpt lat="39.8589644" lon="116.6812617">
        <ele>24.55983</ele>
        <time>2026-09-02T22:33:47Z</time>
      </trkpt>
      <trkpt lat="39.8589725" lon="116.6811305">
        <ele>24.72244</ele>
        <time>2026-09-02T22:33:51Z</time>
      </trkpt>
      <trkpt lat="39.8589759" lon="116.6810021">
        <ele>24.81244</ele>
        <time>2026-09-02T22:33:55Z</time>
      </trkpt>
      <trkpt lat="39.8589769" lon="116.6808776">
        <ele>24.74048</ele>
        <time>2026-09-02T22:33:59Z</time>
      </trkpt>
      <trkpt lat="39.8589717" lon="116.6807561">
        <ele>24.48835</ele>
        <time>2026-09-02T22:34:02.993000Z</time>
      </trkpt>
      <trkpt lat="39.8589633" lon="116.680635">
        <ele>24.12438</ele>
        <time>2026-09-02T22:34:06.974000Z</time>
      </trkpt>
      <trkpt lat="39.8589655" lon="116.6805097">
        <ele>23.73468</ele>
        <time>2026-09-02T22:34:10.955000Z</time>
      </trkpt>
      <trkpt lat="39.8589743" lon="116.6803841">
        <ele>23.38818</ele>
        <time>2026-09-02T22:34:14.935000Z</time>
      </trkpt>
      <trkpt lat="39.858981" lon="116.6802562">
        <ele>23.14356</ele>
        <time>2026-09-02T22:34:18.916000Z</time>
      </trkpt>
      <trkpt lat="39.8589807" lon="116.6801279">
        <ele>23.01507</ele>
        <time>2026-09-02T22:34:22.897000Z</time>
      </trkpt>
      <trkpt lat="39.8589753" lon="116.6799985">
        <ele>22.96491</ele>
        <time>2026-09-02T22:34:26.878000Z</time>
      </trkpt>
      <trkpt lat="39.8589697" lon="116.6798652">
        <ele>22.95232</ele>
        <time>2026-09-02T22:34:30.859000Z</time>
      </trkpt>
      <trkpt lat="39.8589668" lon="116.6797246">
        <ele>22.94381</ele>
        <time>2026-09-02T22:34:34.840000Z</time>
      </trkpt>
      <trkpt lat="39.8589641" lon="116.6795765">
        <ele>22.94456</ele>
        <time>2026-09-02T22:34:38.820000Z</time>
      </trkpt>
      <trkpt lat="39.8589697" lon="116.6794225">
        <ele>22.97644</ele>
        <time>2026-09-02T22:34:42.801000Z</time>
      </trkpt>
      <trkpt lat="39.8589785" lon="116.6793035">
        <ele>23.01095</ele>
        <time>2026-09-02T22:34:45.787000Z</time>
      </trkpt>
      <trkpt lat="39.8589862" lon="116.6791537">
        <ele>23.07002</ele>
        <time>2026-09-02T22:34:49.778000Z</time>
      </trkpt>
      <trkpt lat="39.8589877" lon="116.6790094">
        <ele>23.15783</ele>
        <time>2026-09-02T22:34:53.759000Z</time>
      </trkpt>
      <trkpt lat="39.8589848" lon="116.6788671">
        <ele>23.27725</ele>
        <time>2026-09-02T22:34:57.739000Z</time>
      </trkpt>
      <trkpt lat="39.8589792" lon="116.6787336">
        <ele>23.40543</ele>
        <time>2026-09-02T22:35:01.720000Z</time>
      </trkpt>
      <trkpt lat="39.8589653" lon="116.6785998">
        <ele>23.51653</ele>
        <time>2026-09-02T22:35:05.701000Z</time>
      </trkpt>
      <trkpt lat="39.8589563" lon="116.6784674">
        <ele>23.6085</ele>
        <time>2026-09-02T22:35:09.682000Z</time>
      </trkpt>
      <trkpt lat="39.8589566" lon="116.6783334">
        <ele>23.6842</ele>
        <time>2026-09-02T22:35:13.663000Z</time>
      </trkpt>
      <trkpt lat="39.8589606" lon="116.6782003">
        <ele>23.74349</ele>
        <time>2026-09-02T22:35:17.644000Z</time>
      </trkpt>
      <trkpt lat="39.858965" lon="116.678068">
        <ele>23.79279</ele>
        <time>2026-09-02T22:35:21.625000Z</time>
      </trkpt>
      <trkpt lat="39.8589776" lon="116.6779405">
        <ele>23.82179</ele>
        <time>2026-09-02T22:35:25.605000Z</time>
      </trkpt>
      <trkpt lat="39.8589975" lon="116.6778166">
        <ele>23.81558</ele>
        <time>2026-09-02T22:35:29.586000Z</time>
      </trkpt>
      <trkpt lat="39.8590004" lon="116.677693">
        <ele>23.79983</ele>
        <time>2026-09-02T22:35:33.567000Z</time>
      </trkpt>
      <trkpt lat="39.8590025" lon="116.6775682">
        <ele>23.80913</ele>
        <time>2026-09-02T22:35:37.548000Z</time>
      </trkpt>
      <trkpt lat="39.859007" lon="116.6774412">
        <ele>23.83943</ele>
        <time>2026-09-02T22:35:41.529000Z</time>
      </trkpt>
      <trkpt lat="39.8590088" lon="116.6773134">
        <ele>23.85133</ele>
        <time>2026-09-02T22:35:45.510000Z</time>
      </trkpt>
      <trkpt lat="39.859005" lon="116.6771863">
        <ele>23.81126</ele>
        <time>2026-09-02T22:35:49.490000Z</time>
      </trkpt>
      <trkpt lat="39.8590018" lon="116.6770581">
        <ele>23.72306</ele>
        <time>2026-09-02T22:35:53.471000Z</time>
      </trkpt>
      <trkpt lat="39.8589976" lon="116.6769307">
        <ele>23.5973</ele>
        <time>2026-09-02T22:35:57.452000Z</time>
      </trkpt>
      <trkpt lat="39.8589947" lon="116.6768038">
        <ele>23.45533</ele>
        <time>2026-09-02T22:36:01.433000Z</time>
      </trkpt>
      <trkpt lat="39.858995" lon="116.6766772">
        <ele>23.31647</ele>
        <time>2026-09-02T22:36:05.414000Z</time>
      </trkpt>
      <trkpt lat="39.8589931" lon="116.6765535">
        <ele>23.21056</ele>
        <time>2026-09-02T22:36:09.395000Z</time>
      </trkpt>
      <trkpt lat="39.8589904" lon="116.6764334">
        <ele>23.15791</ele>
        <time>2026-09-02T22:36:13.376000Z</time>
      </trkpt>
      <trkpt lat="39.8589916" lon="116.6763104">
        <ele>23.15022</ele>
        <time>2026-09-02T22:36:17.356000Z</time>
      </trkpt>
      <trkpt lat="39.8589962" lon="116.6761853">
        <ele>23.1733</ele>
        <time>2026-09-02T22:36:21.337000Z</time>
      </trkpt>
      <trkpt lat="39.8589959" lon="116.6760604">
        <ele>23.21703</ele>
        <time>2026-09-02T22:36:25.318000Z</time>
      </trkpt>
      <trkpt lat="39.8589998" lon="116.6759378">
        <ele>23.28317</ele>
        <time>2026-09-02T22:36:29.299000Z</time>
      </trkpt>
      <trkpt lat="39.8589968" lon="116.6758109">
        <ele>23.3771</ele>
        <time>2026-09-02T22:36:33.280000Z</time>
      </trkpt>
      <trkpt lat="39.8589938" lon="116.6756819">
        <ele>23.52817</ele>
        <time>2026-09-02T22:36:37.261000Z</time>
      </trkpt>
      <trkpt lat="39.858995" lon="116.6755515">
        <ele>23.75412</ele>
        <time>2026-09-02T22:36:41.242000Z</time>
      </trkpt>
      <trkpt lat="39.858999" lon="116.675419">
        <ele>24.01537</ele>
        <time>2026-09-02T22:36:45.222000Z</time>
      </trkpt>
      <trkpt lat="39.8590026" lon="116.6752868">
        <ele>24.24305</ele>
        <time>2026-09-02T22:36:49.203000Z</time>
      </trkpt>
      <trkpt lat="39.8590058" lon="116.6751579">
        <ele>24.34998</ele>
        <time>2026-09-02T22:36:53Z</time>
      </trkpt>
      <trkpt lat="39.8590075" lon="116.6750197">
        <ele>24.34761</ele>
        <time>2026-09-02T22:36:57Z</time>
      </trkpt>
      <trkpt lat="39.8590092" lon="116.6748812">
        <ele>24.33071</ele>
        <time>2026-09-02T22:37:01Z</time>
      </trkpt>
      <trkpt lat="39.8590042" lon="116.674745">
        <ele>24.28492</ele>
        <time>2026-09-02T22:37:05Z</time>
      </trkpt>
      <trkpt lat="39.8590047" lon="116.6746084">
        <ele>24.20594</ele>
        <time>2026-09-02T22:37:09Z</time>
      </trkpt>
      <trkpt lat="39.8590092" lon="116.6744779">
        <ele>24.15754</ele>
        <time>2026-09-02T22:37:13Z</time>
      </trkpt>
      <trkpt lat="39.8590096" lon="116.6743506">
        <ele>24.19688</ele>
        <time>2026-09-02T22:37:17Z</time>
      </trkpt>
      <trkpt lat="39.8590072" lon="116.6742252">
        <ele>24.29644</ele>
        <time>2026-09-02T22:37:21Z</time>
      </trkpt>
      <trkpt lat="39.8590063" lon="116.6740997">
        <ele>24.36256</ele>
        <time>2026-09-02T22:37:25Z</time>
      </trkpt>
      <trkpt lat="39.8590079" lon="116.6739704">
        <ele>24.24156</ele>
        <time>2026-09-02T22:37:29Z</time>
      </trkpt>
      <trkpt lat="39.859001" lon="116.6738401">
        <ele>23.90451</ele>
        <time>2026-09-02T22:37:32.993000Z</time>
      </trkpt>
      <trkpt lat="39.8589945" lon="116.6737092">
        <ele>23.52947</ele>
        <time>2026-09-02T22:37:36.974000Z</time>
      </trkpt>
      <trkpt lat="39.8590046" lon="116.6735759">
        <ele>23.22073</ele>
        <time>2026-09-02T22:37:40.955000Z</time>
      </trkpt>
      <trkpt lat="39.8590199" lon="116.6734432">
        <ele>22.97653</ele>
        <time>2026-09-02T22:37:44.935000Z</time>
      </trkpt>
      <trkpt lat="39.8590235" lon="116.673308">
        <ele>22.77558</ele>
        <time>2026-09-02T22:37:48.916000Z</time>
      </trkpt>
      <trkpt lat="39.8590212" lon="116.6731682">
        <ele>22.61687</ele>
        <time>2026-09-02T22:37:52.897000Z</time>
      </trkpt>
      <trkpt lat="39.8590222" lon="116.67303">
        <ele>22.53871</ele>
        <time>2026-09-02T22:37:56.878000Z</time>
      </trkpt>
      <trkpt lat="39.8590224" lon="116.6728903">
        <ele>22.53971</ele>
        <time>2026-09-02T22:38:00.859000Z</time>
      </trkpt>
      <trkpt lat="39.8590191" lon="116.6727514">
        <ele>22.60752</ele>
        <time>2026-09-02T22:38:04.840000Z</time>
      </trkpt>
      <trkpt lat="39.8590138" lon="116.6726133">
        <ele>22.72683</ele>
        <time>2026-09-02T22:38:08.821000Z</time>
      </trkpt>
      <trkpt lat="39.8590087" lon="116.6724718">
        <ele>22.87197</ele>
        <time>2026-09-02T22:38:12.801000Z</time>
      </trkpt>
      <trkpt lat="39.8590057" lon="116.6723271">
        <ele>23.02675</ele>
        <time>2026-09-02T22:38:16.782000Z</time>
      </trkpt>
      <trkpt lat="39.8590039" lon="116.6721816">
        <ele>23.17561</ele>
        <time>2026-09-02T22:38:20.763000Z</time>
      </trkpt>
      <trkpt lat="39.8590155" lon="116.6720313">
        <ele>23.29345</ele>
        <time>2026-09-02T22:38:24.744000Z</time>
      </trkpt>
      <trkpt lat="39.8590246" lon="116.6719117">
        <ele>23.33823</ele>
        <time>2026-09-02T22:38:27.730000Z</time>
      </trkpt>
      <trkpt lat="39.8590309" lon="116.6717894">
        <ele>23.33376</ele>
        <time>2026-09-02T22:38:30.715000Z</time>
      </trkpt>
      <trkpt lat="39.8590289" lon="116.6716715">
        <ele>23.28612</ele>
        <time>2026-09-02T22:38:33.701000Z</time>
      </trkpt>
      <trkpt lat="39.8590255" lon="116.6715538">
        <ele>23.20633</ele>
        <time>2026-09-02T22:38:36.687000Z</time>
      </trkpt>
      <trkpt lat="39.8590262" lon="116.6714048">
        <ele>23.06435</ele>
        <time>2026-09-02T22:38:40.667000Z</time>
      </trkpt>
      <trkpt lat="39.8590272" lon="116.6712636">
        <ele>22.89507</ele>
        <time>2026-09-02T22:38:44.648000Z</time>
      </trkpt>
      <trkpt lat="39.8590243" lon="116.6711244">
        <ele>22.71908</ele>
        <time>2026-09-02T22:38:48.629000Z</time>
      </trkpt>
      <trkpt lat="39.859024" lon="116.6709864">
        <ele>22.57273</ele>
        <time>2026-09-02T22:38:52.610000Z</time>
      </trkpt>
      <trkpt lat="39.8590222" lon="116.6708457">
        <ele>22.4952</ele>
        <time>2026-09-02T22:38:56.591000Z</time>
      </trkpt>
      <trkpt lat="39.8590232" lon="116.6707072">
        <ele>22.47854</ele>
        <time>2026-09-02T22:39:00.572000Z</time>
      </trkpt>
      <trkpt lat="39.8590251" lon="116.6705743">
        <ele>22.48059</ele>
        <time>2026-09-02T22:39:04.552000Z</time>
      </trkpt>
      <trkpt lat="39.8590261" lon="116.6704451">
        <ele>22.47486</ele>
        <time>2026-09-02T22:39:08.533000Z</time>
      </trkpt>
      <trkpt lat="39.8590252" lon="116.6703152">
        <ele>22.44875</ele>
        <time>2026-09-02T22:39:12.514000Z</time>
      </trkpt>
      <trkpt lat="39.8590227" lon="116.6701828">
        <ele>22.41197</ele>
        <time>2026-09-02T22:39:16.495000Z</time>
      </trkpt>
      <trkpt lat="39.8590307" lon="116.6700505">
        <ele>22.38714</ele>
        <time>2026-09-02T22:39:20.476000Z</time>
      </trkpt>
      <trkpt lat="39.8590326" lon="116.6699173">
        <ele>22.41812</ele>
        <time>2026-09-02T22:39:24.457000Z</time>
      </trkpt>
      <trkpt lat="39.859025" lon="116.6697862">
        <ele>22.54036</ele>
        <time>2026-09-02T22:39:28.437000Z</time>
      </trkpt>
      <trkpt lat="39.85902" lon="116.6696538">
        <ele>22.73625</ele>
        <time>2026-09-02T22:39:32.418000Z</time>
      </trkpt>
      <trkpt lat="39.8590119" lon="116.6695192">
        <ele>22.93771</ele>
        <time>2026-09-02T22:39:36.399000Z</time>
      </trkpt>
      <trkpt lat="39.8590065" lon="116.6693827">
        <ele>23.09106</ele>
        <time>2026-09-02T22:39:40.380000Z</time>
      </trkpt>
      <trkpt lat="39.8590105" lon="116.6692449">
        <ele>23.19761</ele>
        <time>2026-09-02T22:39:44.361000Z</time>
      </trkpt>
      <trkpt lat="39.8590171" lon="116.6691107">
        <ele>23.28364</ele>
        <time>2026-09-02T22:39:48.342000Z</time>
      </trkpt>
      <trkpt lat="39.859017" lon="116.6689809">
        <ele>23.35125</ele>
        <time>2026-09-02T22:39:52.322000Z</time>
      </trkpt>
      <trkpt lat="39.8590181" lon="116.6688478">
        <ele>23.41368</ele>
        <time>2026-09-02T22:39:56.303000Z</time>
      </trkpt>
      <trkpt lat="39.8590277" lon="116.6687146">
        <ele>23.48887</ele>
        <time>2026-09-02T22:40:00.284000Z</time>
      </trkpt>
      <trkpt lat="39.8590271" lon="116.6685854">
        <ele>23.60561</ele>
        <time>2026-09-02T22:40:04.265000Z</time>
      </trkpt>
      <trkpt lat="39.8590245" lon="116.6684541">
        <ele>23.78533</ele>
        <time>2026-09-02T22:40:08.246000Z</time>
      </trkpt>
      <trkpt lat="39.8590236" lon="116.6683207">
        <ele>24.05386</ele>
        <time>2026-09-02T22:40:12.227000Z</time>
      </trkpt>
      <trkpt lat="39.8590222" lon="116.6681863">
        <ele>24.40494</ele>
        <time>2026-09-02T22:40:16.207000Z</time>
      </trkpt>
      <trkpt lat="39.8590202" lon="116.6680556">
        <ele>24.69469</ele>
        <time>2026-09-02T22:40:20Z</time>
      </trkpt>
      <trkpt lat="39.8590156" lon="116.6679074">
        <ele>24.77847</ele>
        <time>2026-09-02T22:40:24.169000Z</time>
      </trkpt>
      <trkpt lat="39.8590157" lon="116.6677634">
        <ele>24.75229</ele>
        <time>2026-09-02T22:40:28Z</time>
      </trkpt>
      <trkpt lat="39.8590217" lon="116.6676105">
        <ele>24.70709</ele>
        <time>2026-09-02T22:40:32Z</time>
      </trkpt>
      <trkpt lat="39.8590273" lon="116.6674555">
        <ele>24.71697</ele>
        <time>2026-09-02T22:40:36Z</time>
      </trkpt>
      <trkpt lat="39.859031" lon="116.6673002">
        <ele>24.69235</ele>
        <time>2026-09-02T22:40:40Z</time>
      </trkpt>
      <trkpt lat="39.8590345" lon="116.6671792">
        <ele>24.53981</ele>
        <time>2026-09-02T22:40:43Z</time>
      </trkpt>
      <trkpt lat="39.8590369" lon="116.6670564">
        <ele>24.20544</ele>
        <time>2026-09-02T22:40:46.064000Z</time>
      </trkpt>
      <trkpt lat="39.8590369" lon="116.6669046">
        <ele>23.65131</ele>
        <time>2026-09-02T22:40:50.044000Z</time>
      </trkpt>
      <trkpt lat="39.8590353" lon="116.6667613">
        <ele>23.16286</ele>
        <time>2026-09-02T22:40:54.025000Z</time>
      </trkpt>
      <trkpt lat="39.8590296" lon="116.6666185">
        <ele>22.82306</ele>
        <time>2026-09-02T22:40:58.006000Z</time>
      </trkpt>
      <trkpt lat="39.8590293" lon="116.6664789">
        <ele>22.64454</ele>
        <time>2026-09-02T22:41:01.987000Z</time>
      </trkpt>
      <trkpt lat="39.8590435" lon="116.6663426">
        <ele>22.56967</ele>
        <time>2026-09-02T22:41:05.968000Z</time>
      </trkpt>
      <trkpt lat="39.8590572" lon="116.6662136">
        <ele>22.56382</ele>
        <time>2026-09-02T22:41:09.949000Z</time>
      </trkpt>
      <trkpt lat="39.8590649" lon="116.6660956">
        <ele>22.59651</ele>
        <time>2026-09-02T22:41:13.929000Z</time>
      </trkpt>
      <trkpt lat="39.8590614" lon="116.6659764">
        <ele>22.63242</ele>
        <time>2026-09-02T22:41:17.910000Z</time>
      </trkpt>
      <trkpt lat="39.8590528" lon="116.6658597">
        <ele>22.67034</ele>
        <time>2026-09-02T22:41:21.891000Z</time>
      </trkpt>
      <trkpt lat="39.8590436" lon="116.6657432">
        <ele>22.71249</ele>
        <time>2026-09-02T22:41:25.872000Z</time>
      </trkpt>
      <trkpt lat="39.8590319" lon="116.665599">
        <ele>22.78246</ele>
        <time>2026-09-02T22:41:30.848000Z</time>
      </trkpt>
      <trkpt lat="39.8590355" lon="116.6654798">
        <ele>22.84906</ele>
        <time>2026-09-02T22:41:34.829000Z</time>
      </trkpt>
      <trkpt lat="39.8590435" lon="116.6653504">
        <ele>22.94318</ele>
        <time>2026-09-02T22:41:38.810000Z</time>
      </trkpt>
      <trkpt lat="39.8590423" lon="116.6652129">
        <ele>23.0988</ele>
        <time>2026-09-02T22:41:42.790000Z</time>
      </trkpt>
      <trkpt lat="39.8590389" lon="116.6650662">
        <ele>23.31829</ele>
        <time>2026-09-02T22:41:46.771000Z</time>
      </trkpt>
      <trkpt lat="39.85904" lon="116.6649476">
        <ele>23.50416</ele>
        <time>2026-09-02T22:41:49.757000Z</time>
      </trkpt>
      <trkpt lat="39.8590421" lon="116.6648261">
        <ele>23.70409</ele>
        <time>2026-09-02T22:41:52.742000Z</time>
      </trkpt>
      <trkpt lat="39.8590402" lon="116.6647042">
        <ele>23.92757</ele>
        <time>2026-09-02T22:41:55.728000Z</time>
      </trkpt>
      <trkpt lat="39.8590382" lon="116.6645833">
        <ele>24.16474</ele>
        <time>2026-09-02T22:41:58.714000Z</time>
      </trkpt>
      <trkpt lat="39.8590368" lon="116.6644659">
        <ele>24.3821</ele>
        <time>2026-09-02T22:42:01.699000Z</time>
      </trkpt>
      <trkpt lat="39.859038" lon="116.6643109">
        <ele>24.60799</ele>
        <time>2026-09-02T22:42:05.680000Z</time>
      </trkpt>
      <trkpt lat="39.8590379" lon="116.664192">
        <ele>24.73454</ele>
        <time>2026-09-02T22:42:08.666000Z</time>
      </trkpt>
      <trkpt lat="39.859033" lon="116.6640736">
        <ele>24.84003</ele>
        <time>2026-09-02T22:42:11.651000Z</time>
      </trkpt>
      <trkpt lat="39.8590223" lon="116.6639209">
        <ele>24.96084</ele>
        <time>2026-09-02T22:42:15.632000Z</time>
      </trkpt>
      <trkpt lat="39.8590129" lon="116.6637683">
        <ele>25.07671</ele>
        <time>2026-09-02T22:42:19.613000Z</time>
      </trkpt>
      <trkpt lat="39.8590006" lon="116.6636167">
        <ele>25.18921</ele>
        <time>2026-09-02T22:42:23.594000Z</time>
      </trkpt>
      <trkpt lat="39.8589763" lon="116.6634674">
        <ele>25.29286</ele>
        <time>2026-09-02T22:42:27.575000Z</time>
      </trkpt>
      <trkpt lat="39.8589575" lon="116.6633133">
        <ele>25.39711</ele>
        <time>2026-09-02T22:42:31.556000Z</time>
      </trkpt>
      <trkpt lat="39.8589524" lon="116.6631889">
        <ele>25.47584</ele>
        <time>2026-09-02T22:42:34.541000Z</time>
      </trkpt>
      <trkpt lat="39.85895" lon="116.6630653">
        <ele>25.54317</ele>
        <time>2026-09-02T22:42:37.527000Z</time>
      </trkpt>
      <trkpt lat="39.8589472" lon="116.6629424">
        <ele>25.5933</ele>
        <time>2026-09-02T22:42:40.512000Z</time>
      </trkpt>
      <trkpt lat="39.8589452" lon="116.6628203">
        <ele>25.6312</ele>
        <time>2026-09-02T22:42:43.498000Z</time>
      </trkpt>
      <trkpt lat="39.8589458" lon="116.6626984">
        <ele>25.6717</ele>
        <time>2026-09-02T22:42:46.484000Z</time>
      </trkpt>
      <trkpt lat="39.8589516" lon="116.662577">
        <ele>25.73187</ele>
        <time>2026-09-02T22:42:49.469000Z</time>
      </trkpt>
      <trkpt lat="39.8589618" lon="116.6624564">
        <ele>25.81453</ele>
        <time>2026-09-02T22:42:52.455000Z</time>
      </trkpt>
      <trkpt lat="39.8589734" lon="116.6623321">
        <ele>25.89956</ele>
        <time>2026-09-02T22:42:55.440000Z</time>
      </trkpt>
      <trkpt lat="39.8589849" lon="116.6622046">
        <ele>25.97009</ele>
        <time>2026-09-02T22:42:58.426000Z</time>
      </trkpt>
      <trkpt lat="39.8589968" lon="116.662076">
        <ele>26.02159</ele>
        <time>2026-09-02T22:43:01.412000Z</time>
      </trkpt>
      <trkpt lat="39.8590086" lon="116.6619497">
        <ele>26.0351</ele>
        <time>2026-09-02T22:43:04.397000Z</time>
      </trkpt>
      <trkpt lat="39.8590187" lon="116.6618217">
        <ele>26.00511</ele>
        <time>2026-09-02T22:43:07.383000Z</time>
      </trkpt>
      <trkpt lat="39.859026" lon="116.6616935">
        <ele>25.94532</ele>
        <time>2026-09-02T22:43:10.368000Z</time>
      </trkpt>
      <trkpt lat="39.8590319" lon="116.6615694">
        <ele>25.87664</ele>
        <time>2026-09-02T22:43:13.354000Z</time>
      </trkpt>
      <trkpt lat="39.8590377" lon="116.6614442">
        <ele>25.82411</ele>
        <time>2026-09-02T22:43:16.340000Z</time>
      </trkpt>
      <trkpt lat="39.8590421" lon="116.6613156">
        <ele>25.80401</ele>
        <time>2026-09-02T22:43:19.325000Z</time>
      </trkpt>
      <trkpt lat="39.8590457" lon="116.6611894">
        <ele>25.8182</ele>
        <time>2026-09-02T22:43:22.311000Z</time>
      </trkpt>
      <trkpt lat="39.8590476" lon="116.6610627">
        <ele>25.86508</ele>
        <time>2026-09-02T22:43:25.296000Z</time>
      </trkpt>
      <trkpt lat="39.8590464" lon="116.6609343">
        <ele>25.92192</ele>
        <time>2026-09-02T22:43:28.282000Z</time>
      </trkpt>
      <trkpt lat="39.8590445" lon="116.6608073">
        <ele>25.95359</ele>
        <time>2026-09-02T22:43:31.268000Z</time>
      </trkpt>
      <trkpt lat="39.8590431" lon="116.6606805">
        <ele>25.93049</ele>
        <time>2026-09-02T22:43:34.253000Z</time>
      </trkpt>
      <trkpt lat="39.8590428" lon="116.6605513">
        <ele>25.82606</ele>
        <time>2026-09-02T22:43:37.239000Z</time>
      </trkpt>
      <trkpt lat="39.8590462" lon="116.6604215">
        <ele>25.6253</ele>
        <time>2026-09-02T22:43:40.224000Z</time>
      </trkpt>
      <trkpt lat="39.8590539" lon="116.6602906">
        <ele>25.33254</ele>
        <time>2026-09-02T22:43:43.210000Z</time>
      </trkpt>
      <trkpt lat="39.8590607" lon="116.6601555">
        <ele>24.99689</ele>
        <time>2026-09-02T22:43:46.196000Z</time>
      </trkpt>
      <trkpt lat="39.8590596" lon="116.66003">
        <ele>24.76291</ele>
        <time>2026-09-02T22:43:49Z</time>
      </trkpt>
      <trkpt lat="39.8590555" lon="116.6598996">
        <ele>24.68772</ele>
        <time>2026-09-02T22:43:52Z</time>
      </trkpt>
      <trkpt lat="39.8590532" lon="116.6597727">
        <ele>24.71868</ele>
        <time>2026-09-02T22:43:55Z</time>
      </trkpt>
      <trkpt lat="39.8590539" lon="116.6596466">
        <ele>24.77555</ele>
        <time>2026-09-02T22:43:58Z</time>
      </trkpt>
      <trkpt lat="39.8590528" lon="116.6595189">
        <ele>24.83284</ele>
        <time>2026-09-02T22:44:01.123000Z</time>
      </trkpt>
      <trkpt lat="39.859047" lon="116.6593724">
        <ele>24.90885</ele>
        <time>2026-09-02T22:44:05Z</time>
      </trkpt>
      <trkpt lat="39.859043" lon="116.6592183">
        <ele>24.96818</ele>
        <time>2026-09-02T22:44:09Z</time>
      </trkpt>
      <trkpt lat="39.8590436" lon="116.6591003">
        <ele>24.97722</ele>
        <time>2026-09-02T22:44:12.071000Z</time>
      </trkpt>
      <trkpt lat="39.8590353" lon="116.6589506">
        <ele>24.97746</ele>
        <time>2026-09-02T22:44:16.051000Z</time>
      </trkpt>
      <trkpt lat="39.8590388" lon="116.6588046">
        <ele>24.99366</ele>
        <time>2026-09-02T22:44:20Z</time>
      </trkpt>
      <trkpt lat="39.859044" lon="116.6586872">
        <ele>25.02689</ele>
        <time>2026-09-02T22:44:23.018000Z</time>
      </trkpt>
      <trkpt lat="39.8590434" lon="116.6585695">
        <ele>25.0784</ele>
        <time>2026-09-02T22:44:26.003000Z</time>
      </trkpt>
      <trkpt lat="39.8590389" lon="116.6584134">
        <ele>25.19256</ele>
        <time>2026-09-02T22:44:29.984000Z</time>
      </trkpt>
      <trkpt lat="39.8590404" lon="116.6582941">
        <ele>25.32791</ele>
        <time>2026-09-02T22:44:32.970000Z</time>
      </trkpt>
      <trkpt lat="39.8590438" lon="116.6581763">
        <ele>25.48936</ele>
        <time>2026-09-02T22:44:35.955000Z</time>
      </trkpt>
      <trkpt lat="39.8590458" lon="116.6580555">
        <ele>25.6559</ele>
        <time>2026-09-02T22:44:38.941000Z</time>
      </trkpt>
      <trkpt lat="39.8590506" lon="116.6579324">
        <ele>25.82267</ele>
        <time>2026-09-02T22:44:41.926000Z</time>
      </trkpt>
      <trkpt lat="39.8590604" lon="116.6578074">
        <ele>25.98539</ele>
        <time>2026-09-02T22:44:44.912000Z</time>
      </trkpt>
      <trkpt lat="39.8590703" lon="116.657682">
        <ele>26.1224</ele>
        <time>2026-09-02T22:44:47.898000Z</time>
      </trkpt>
      <trkpt lat="39.8590774" lon="116.6575572">
        <ele>26.22137</ele>
        <time>2026-09-02T22:44:50.883000Z</time>
      </trkpt>
      <trkpt lat="39.8590792" lon="116.6574339">
        <ele>26.28327</ele>
        <time>2026-09-02T22:44:53.869000Z</time>
      </trkpt>
      <trkpt lat="39.8590788" lon="116.6573093">
        <ele>26.31732</ele>
        <time>2026-09-02T22:44:56.854000Z</time>
      </trkpt>
      <trkpt lat="39.8590783" lon="116.6571922">
        <ele>26.32999</ele>
        <time>2026-09-02T22:44:59.840000Z</time>
      </trkpt>
      <trkpt lat="39.8590747" lon="116.6570381">
        <ele>26.32149</ele>
        <time>2026-09-02T22:45:03.821000Z</time>
      </trkpt>
      <trkpt lat="39.859071" lon="116.656886">
        <ele>26.28909</ele>
        <time>2026-09-02T22:45:07.801000Z</time>
      </trkpt>
      <trkpt lat="39.8590653" lon="116.656735">
        <ele>26.22362</ele>
        <time>2026-09-02T22:45:11.782000Z</time>
      </trkpt>
      <trkpt lat="39.8590577" lon="116.6565853">
        <ele>26.12719</ele>
        <time>2026-09-02T22:45:15.763000Z</time>
      </trkpt>
      <trkpt lat="39.8590457" lon="116.6564394">
        <ele>26.02177</ele>
        <time>2026-09-02T22:45:19.744000Z</time>
      </trkpt>
      <trkpt lat="39.8590489" lon="116.6562943">
        <ele>25.92605</ele>
        <time>2026-09-02T22:45:23.724000Z</time>
      </trkpt>
      <trkpt lat="39.8590545" lon="116.6561475">
        <ele>25.80266</ele>
        <time>2026-09-02T22:45:27.705000Z</time>
      </trkpt>
      <trkpt lat="39.8590585" lon="116.6560016">
        <ele>25.62695</ele>
        <time>2026-09-02T22:45:31.686000Z</time>
      </trkpt>
      <trkpt lat="39.8590627" lon="116.655856">
        <ele>25.39977</ele>
        <time>2026-09-02T22:45:35.667000Z</time>
      </trkpt>
      <trkpt lat="39.8590671" lon="116.6557114">
        <ele>25.13731</ele>
        <time>2026-09-02T22:45:39.648000Z</time>
      </trkpt>
      <trkpt lat="39.85907" lon="116.6555728">
        <ele>24.87943</ele>
        <time>2026-09-02T22:45:43.628000Z</time>
      </trkpt>
      <trkpt lat="39.859069" lon="116.6554336">
        <ele>24.67293</ele>
        <time>2026-09-02T22:45:47.609000Z</time>
      </trkpt>
      <trkpt lat="39.8590706" lon="116.6552978">
        <ele>24.53542</ele>
        <time>2026-09-02T22:45:51.590000Z</time>
      </trkpt>
      <trkpt lat="39.8590739" lon="116.65516">
        <ele>24.45026</ele>
        <time>2026-09-02T22:45:55.571000Z</time>
      </trkpt>
      <trkpt lat="39.8590742" lon="116.6550194">
        <ele>24.38693</ele>
        <time>2026-09-02T22:45:59.551000Z</time>
      </trkpt>
      <trkpt lat="39.8590705" lon="116.6548752">
        <ele>24.34455</ele>
        <time>2026-09-02T22:46:03.532000Z</time>
      </trkpt>
      <trkpt lat="39.8590637" lon="116.6547327">
        <ele>24.32738</ele>
        <time>2026-09-02T22:46:07.513000Z</time>
      </trkpt>
      <trkpt lat="39.8590618" lon="116.6545857">
        <ele>24.3373</ele>
        <time>2026-09-02T22:46:11.494000Z</time>
      </trkpt>
      <trkpt lat="39.8590661" lon="116.6544358">
        <ele>24.37108</ele>
        <time>2026-09-02T22:46:15.475000Z</time>
      </trkpt>
      <trkpt lat="39.8590672" lon="116.6542916">
        <ele>24.42105</ele>
        <time>2026-09-02T22:46:19.455000Z</time>
      </trkpt>
      <trkpt lat="39.8590708" lon="116.6541507">
        <ele>24.48582</ele>
        <time>2026-09-02T22:46:23.436000Z</time>
      </trkpt>
      <trkpt lat="39.8590731" lon="116.6540094">
        <ele>24.55015</ele>
        <time>2026-09-02T22:46:27.417000Z</time>
      </trkpt>
      <trkpt lat="39.8590791" lon="116.6538618">
        <ele>24.60492</ele>
        <time>2026-09-02T22:46:31.398000Z</time>
      </trkpt>
      <trkpt lat="39.8590855" lon="116.6537143">
        <ele>24.63915</ele>
        <time>2026-09-02T22:46:35.378000Z</time>
      </trkpt>
      <trkpt lat="39.8590977" lon="116.6535689">
        <ele>24.68691</ele>
        <time>2026-09-02T22:46:39.359000Z</time>
      </trkpt>
      <trkpt lat="39.8591124" lon="116.6534293">
        <ele>24.7751</ele>
        <time>2026-09-02T22:46:43.340000Z</time>
      </trkpt>
      <trkpt lat="39.8591162" lon="116.653288">
        <ele>24.87802</ele>
        <time>2026-09-02T22:46:47.321000Z</time>
      </trkpt>
      <trkpt lat="39.8590995" lon="116.6531476">
        <ele>24.95581</ele>
        <time>2026-09-02T22:46:51.301000Z</time>
      </trkpt>
      <trkpt lat="39.8590674" lon="116.6530169">
        <ele>24.99441</ele>
        <time>2026-09-02T22:46:55.282000Z</time>
      </trkpt>
      <trkpt lat="39.859058" lon="116.6528737">
        <ele>25.00969</ele>
        <time>2026-09-02T22:46:59.263000Z</time>
      </trkpt>
      <trkpt lat="39.8590569" lon="116.6527259">
        <ele>25.00124</ele>
        <time>2026-09-02T22:47:03.244000Z</time>
      </trkpt>
      <trkpt lat="39.8590598" lon="116.6525791">
        <ele>24.95302</ele>
        <time>2026-09-02T22:47:07.225000Z</time>
      </trkpt>
      <trkpt lat="39.8590603" lon="116.6524315">
        <ele>24.84706</ele>
        <time>2026-09-02T22:47:11.205000Z</time>
      </trkpt>
      <trkpt lat="39.8590561" lon="116.6522933">
        <ele>24.72679</ele>
        <time>2026-09-02T22:47:15Z</time>
      </trkpt>
      <trkpt lat="39.8590525" lon="116.6521485">
        <ele>24.68133</ele>
        <time>2026-09-02T22:47:19Z</time>
      </trkpt>
      <trkpt lat="39.8590666" lon="116.6520064">
        <ele>24.79997</ele>
        <time>2026-09-02T22:47:23Z</time>
      </trkpt>
      <trkpt lat="39.8591368" lon="116.6518965">
        <ele>25.09879</ele>
        <time>2026-09-02T22:47:27.129000Z</time>
      </trkpt>
      <trkpt lat="39.8592438" lon="116.6518561">
        <ele>25.41292</ele>
        <time>2026-09-02T22:47:31.109000Z</time>
      </trkpt>
      <trkpt lat="39.8593496" lon="116.6518382">
        <ele>25.66583</ele>
        <time>2026-09-02T22:47:35.090000Z</time>
      </trkpt>
      <trkpt lat="39.8594553" lon="116.6518357">
        <ele>25.80692</ele>
        <time>2026-09-02T22:47:39.071000Z</time>
      </trkpt>
      <trkpt lat="39.8595643" lon="116.6518357">
        <ele>25.83698</ele>
        <time>2026-09-02T22:47:43.052000Z</time>
      </trkpt>
      <trkpt lat="39.8596785" lon="116.6518306">
        <ele>25.77859</ele>
        <time>2026-09-02T22:47:47.033000Z</time>
      </trkpt>
      <trkpt lat="39.8597913" lon="116.6518243">
        <ele>25.69194</ele>
        <time>2026-09-02T22:47:51.013000Z</time>
      </trkpt>
      <trkpt lat="39.8599052" lon="116.6518264">
        <ele>25.6923</ele>
        <time>2026-09-02T22:47:54.994000Z</time>
      </trkpt>
      <trkpt lat="39.860018" lon="116.6518308">
        <ele>25.83133</ele>
        <time>2026-09-02T22:47:58.975000Z</time>
      </trkpt>
      <trkpt lat="39.860129" lon="116.6518315">
        <ele>25.96271</ele>
        <time>2026-09-02T22:48:02.956000Z</time>
      </trkpt>
      <trkpt lat="39.8602399" lon="116.651829">
        <ele>26.03587</ele>
        <time>2026-09-02T22:48:06.937000Z</time>
      </trkpt>
      <trkpt lat="39.8603506" lon="116.6518247">
        <ele>26.04951</ele>
        <time>2026-09-02T22:48:10.917000Z</time>
      </trkpt>
      <trkpt lat="39.860462" lon="116.6518105">
        <ele>26.03974</ele>
        <time>2026-09-02T22:48:14.898000Z</time>
      </trkpt>
      <trkpt lat="39.8605774" lon="116.6518007">
        <ele>26.03929</ele>
        <time>2026-09-02T22:48:18.879000Z</time>
      </trkpt>
      <trkpt lat="39.8606924" lon="116.6517888">
        <ele>26.04572</ele>
        <time>2026-09-02T22:48:22.860000Z</time>
      </trkpt>
      <trkpt lat="39.8608055" lon="116.6517673">
        <ele>26.03375</ele>
        <time>2026-09-02T22:48:26.840000Z</time>
      </trkpt>
      <trkpt lat="39.8609203" lon="116.6517405">
        <ele>26.00358</ele>
        <time>2026-09-02T22:48:30.821000Z</time>
      </trkpt>
      <trkpt lat="39.8610359" lon="116.6517287">
        <ele>25.95682</ele>
        <time>2026-09-02T22:48:34.802000Z</time>
      </trkpt>
      <trkpt lat="39.861147" lon="116.6517233">
        <ele>25.88527</ele>
        <time>2026-09-02T22:48:38.783000Z</time>
      </trkpt>
      <trkpt lat="39.8612613" lon="116.6517153">
        <ele>25.79623</ele>
        <time>2026-09-02T22:48:42.764000Z</time>
      </trkpt>
      <trkpt lat="39.8613745" lon="116.6517135">
        <ele>25.71593</ele>
        <time>2026-09-02T22:48:46.744000Z</time>
      </trkpt>
      <trkpt lat="39.8614885" lon="116.6517192">
        <ele>25.67198</ele>
        <time>2026-09-02T22:48:50.725000Z</time>
      </trkpt>
      <trkpt lat="39.8616017" lon="116.6517248">
        <ele>25.65061</ele>
        <time>2026-09-02T22:48:54.706000Z</time>
      </trkpt>
      <trkpt lat="39.8617161" lon="116.6517287">
        <ele>25.61396</ele>
        <time>2026-09-02T22:48:58.687000Z</time>
      </trkpt>
      <trkpt lat="39.8618299" lon="116.6517371">
        <ele>25.55677</ele>
        <time>2026-09-02T22:49:02.668000Z</time>
      </trkpt>
      <trkpt lat="39.8619426" lon="116.6517589">
        <ele>25.4779</ele>
        <time>2026-09-02T22:49:06.648000Z</time>
      </trkpt>
      <trkpt lat="39.8620551" lon="116.6518147">
        <ele>25.35886</ele>
        <time>2026-09-02T22:49:10.629000Z</time>
      </trkpt>
      <trkpt lat="39.8621413" lon="116.6518739">
        <ele>25.27045</ele>
        <time>2026-09-02T22:49:13.615000Z</time>
      </trkpt>
      <trkpt lat="39.8622332" lon="116.6519335">
        <ele>25.17209</ele>
        <time>2026-09-02T22:49:16.600000Z</time>
      </trkpt>
      <trkpt lat="39.8623299" lon="116.6519754">
        <ele>25.04778</ele>
        <time>2026-09-02T22:49:19.586000Z</time>
      </trkpt>
      <trkpt lat="39.862392" lon="116.6519846">
        <ele>24.54488</ele>
        <time>2026-09-02T22:49:29Z</time>
      </trkpt>
      <trkpt lat="39.8623882" lon="116.6520116">
        <ele>24.34032</ele>
        <time>2026-09-02T22:49:35Z</time>
      </trkpt>
      <trkpt lat="39.8624097" lon="116.6520216">
        <ele>24.41105</ele>
        <time>2026-09-02T22:49:54Z</time>
      </trkpt>
      <trkpt lat="39.8624993" lon="116.6520043">
        <ele>24.74228</ele>
        <time>2026-09-02T22:49:59.394000Z</time>
      </trkpt>
      <trkpt lat="39.8625935" lon="116.6519472">
        <ele>24.96454</ele>
        <time>2026-09-02T22:50:02.380000Z</time>
      </trkpt>
      <trkpt lat="39.8626963" lon="116.6519034">
        <ele>25.19326</ele>
        <time>2026-09-02T22:50:05.365000Z</time>
      </trkpt>
      <trkpt lat="39.8628062" lon="116.651886">
        <ele>25.40576</ele>
        <time>2026-09-02T22:50:08.351000Z</time>
      </trkpt>
      <trkpt lat="39.8629132" lon="116.6518804">
        <ele>25.57855</ele>
        <time>2026-09-02T22:50:11.336000Z</time>
      </trkpt>
      <trkpt lat="39.8630153" lon="116.6518768">
        <ele>25.70827</ele>
        <time>2026-09-02T22:50:14.322000Z</time>
      </trkpt>
      <trkpt lat="39.8631125" lon="116.6518714">
        <ele>25.79635</ele>
        <time>2026-09-02T22:50:17.308000Z</time>
      </trkpt>
      <trkpt lat="39.863205" lon="116.6518601">
        <ele>25.84756</ele>
        <time>2026-09-02T22:50:20.293000Z</time>
      </trkpt>
      <trkpt lat="39.8632953" lon="116.6518399">
        <ele>25.87382</ele>
        <time>2026-09-02T22:50:23.279000Z</time>
      </trkpt>
      <trkpt lat="39.8634139" lon="116.6518267">
        <ele>25.88536</ele>
        <time>2026-09-02T22:50:27.260000Z</time>
      </trkpt>
      <trkpt lat="39.8635041" lon="116.651824">
        <ele>25.85948</ele>
        <time>2026-09-02T22:50:30.245000Z</time>
      </trkpt>
      <trkpt lat="39.8635961" lon="116.651818">
        <ele>25.78222</ele>
        <time>2026-09-02T22:50:33.231000Z</time>
      </trkpt>
      <trkpt lat="39.8636858" lon="116.6518058">
        <ele>25.63945</ele>
        <time>2026-09-02T22:50:36.216000Z</time>
      </trkpt>
      <trkpt lat="39.8638016" lon="116.6517865">
        <ele>25.34745</ele>
        <time>2026-09-02T22:50:40.197000Z</time>
      </trkpt>
      <trkpt lat="39.8639155" lon="116.6517683">
        <ele>24.97044</ele>
        <time>2026-09-02T22:50:44.178000Z</time>
      </trkpt>
      <trkpt lat="39.8640247" lon="116.6517532">
        <ele>24.64016</ele>
        <time>2026-09-02T22:50:48Z</time>
      </trkpt>
      <trkpt lat="39.8641417" lon="116.6517422">
        <ele>24.50076</ele>
        <time>2026-09-02T22:50:52Z</time>
      </trkpt>
      <trkpt lat="39.8642604" lon="116.6517314">
        <ele>24.4867</ele>
        <time>2026-09-02T22:50:56Z</time>
      </trkpt>
      <trkpt lat="39.8643764" lon="116.6517179">
        <ele>24.59588</ele>
        <time>2026-09-02T22:51:00Z</time>
      </trkpt>
      <trkpt lat="39.8644683" lon="116.6517011">
        <ele>24.82094</ele>
        <time>2026-09-02T22:51:03.087000Z</time>
      </trkpt>
      <trkpt lat="39.8645578" lon="116.6516859">
        <ele>25.06143</ele>
        <time>2026-09-02T22:51:06.072000Z</time>
      </trkpt>
      <trkpt lat="39.8646478" lon="116.6516738">
        <ele>25.24549</ele>
        <time>2026-09-02T22:51:09.058000Z</time>
      </trkpt>
      <trkpt lat="39.864766" lon="116.6516596">
        <ele>25.36919</ele>
        <time>2026-09-02T22:51:13.039000Z</time>
      </trkpt>
      <trkpt lat="39.8648564" lon="116.65165">
        <ele>25.38566</ele>
        <time>2026-09-02T22:51:16.024000Z</time>
      </trkpt>
      <trkpt lat="39.8649485" lon="116.6516484">
        <ele>25.39134</ele>
        <time>2026-09-02T22:51:19.010000Z</time>
      </trkpt>
      <trkpt lat="39.8650399" lon="116.6516544">
        <ele>25.50982</ele>
        <time>2026-09-02T22:51:21.996000Z</time>
      </trkpt>
      <trkpt lat="39.8651342" lon="116.6516638">
        <ele>25.77615</ele>
        <time>2026-09-02T22:51:24.981000Z</time>
      </trkpt>
      <trkpt lat="39.8652373" lon="116.6516808">
        <ele>26.0561</ele>
        <time>2026-09-02T22:51:27.967000Z</time>
      </trkpt>
      <trkpt lat="39.8653442" lon="116.6516968">
        <ele>26.29124</ele>
        <time>2026-09-02T22:51:30.952000Z</time>
      </trkpt>
      <trkpt lat="39.8654498" lon="116.6517015">
        <ele>26.46963</ele>
        <time>2026-09-02T22:51:33.938000Z</time>
      </trkpt>
      <trkpt lat="39.8655526" lon="116.6517034">
        <ele>26.59062</ele>
        <time>2026-09-02T22:51:36.924000Z</time>
      </trkpt>
      <trkpt lat="39.8656523" lon="116.6517094">
        <ele>26.66005</ele>
        <time>2026-09-02T22:51:39.909000Z</time>
      </trkpt>
      <trkpt lat="39.865752" lon="116.6517139">
        <ele>26.69717</ele>
        <time>2026-09-02T22:51:42.895000Z</time>
      </trkpt>
      <trkpt lat="39.8658509" lon="116.6517155">
        <ele>26.72468</ele>
        <time>2026-09-02T22:51:45.880000Z</time>
      </trkpt>
      <trkpt lat="39.8659481" lon="116.6517152">
        <ele>26.75597</ele>
        <time>2026-09-02T22:51:48.866000Z</time>
      </trkpt>
      <trkpt lat="39.8660467" lon="116.6517186">
        <ele>26.78548</ele>
        <time>2026-09-02T22:51:51.852000Z</time>
      </trkpt>
      <trkpt lat="39.8661479" lon="116.6517304">
        <ele>26.82267</ele>
        <time>2026-09-02T22:51:54.837000Z</time>
      </trkpt>
      <trkpt lat="39.8662498" lon="116.6517372">
        <ele>26.8712</ele>
        <time>2026-09-02T22:51:57.823000Z</time>
      </trkpt>
      <trkpt lat="39.8663457" lon="116.6517383">
        <ele>26.90652</ele>
        <time>2026-09-02T22:52:00.808000Z</time>
      </trkpt>
      <trkpt lat="39.8664641" lon="116.6517394">
        <ele>26.90409</ele>
        <time>2026-09-02T22:52:04.789000Z</time>
      </trkpt>
      <trkpt lat="39.8665752" lon="116.6517238">
        <ele>26.87364</ele>
        <time>2026-09-02T22:52:08.770000Z</time>
      </trkpt>
      <trkpt lat="39.8666892" lon="116.6517168">
        <ele>26.836</ele>
        <time>2026-09-02T22:52:12.751000Z</time>
      </trkpt>
      <trkpt lat="39.8668045" lon="116.6517203">
        <ele>26.78542</ele>
        <time>2026-09-02T22:52:16.732000Z</time>
      </trkpt>
      <trkpt lat="39.8669201" lon="116.6517279">
        <ele>26.72254</ele>
        <time>2026-09-02T22:52:20.712000Z</time>
      </trkpt>
      <trkpt lat="39.8670374" lon="116.6517375">
        <ele>26.65327</ele>
        <time>2026-09-02T22:52:24.693000Z</time>
      </trkpt>
      <trkpt lat="39.8671285" lon="116.651741">
        <ele>26.59866</ele>
        <time>2026-09-02T22:52:27.679000Z</time>
      </trkpt>
      <trkpt lat="39.8672188" lon="116.6517407">
        <ele>26.54004</ele>
        <time>2026-09-02T22:52:30.664000Z</time>
      </trkpt>
      <trkpt lat="39.867309" lon="116.6517424">
        <ele>26.48079</ele>
        <time>2026-09-02T22:52:33.650000Z</time>
      </trkpt>
      <trkpt lat="39.8674293" lon="116.6517502">
        <ele>26.39778</ele>
        <time>2026-09-02T22:52:37.631000Z</time>
      </trkpt>
      <trkpt lat="39.8675207" lon="116.6517589">
        <ele>26.3225</ele>
        <time>2026-09-02T22:52:40.616000Z</time>
      </trkpt>
      <trkpt lat="39.8676397" lon="116.6517717">
        <ele>26.19856</ele>
        <time>2026-09-02T22:52:44.597000Z</time>
      </trkpt>
      <trkpt lat="39.8677316" lon="116.6517782">
        <ele>26.10599</ele>
        <time>2026-09-02T22:52:47.583000Z</time>
      </trkpt>
      <trkpt lat="39.8678243" lon="116.6517842">
        <ele>26.03854</ele>
        <time>2026-09-02T22:52:50.568000Z</time>
      </trkpt>
      <trkpt lat="39.867943" lon="116.6517929">
        <ele>25.98689</ele>
        <time>2026-09-02T22:52:54.549000Z</time>
      </trkpt>
      <trkpt lat="39.8680604" lon="116.6518039">
        <ele>25.93049</ele>
        <time>2026-09-02T22:52:58.530000Z</time>
      </trkpt>
      <trkpt lat="39.8681518" lon="116.6518072">
        <ele>25.86675</ele>
        <time>2026-09-02T22:53:01.515000Z</time>
      </trkpt>
      <trkpt lat="39.8682434" lon="116.6518019">
        <ele>25.7833</ele>
        <time>2026-09-02T22:53:04.501000Z</time>
      </trkpt>
      <trkpt lat="39.8683334" lon="116.6517938">
        <ele>25.68191</ele>
        <time>2026-09-02T22:53:07.487000Z</time>
      </trkpt>
      <trkpt lat="39.8684448" lon="116.6517826">
        <ele>25.527</ele>
        <time>2026-09-02T22:53:11.467000Z</time>
      </trkpt>
      <trkpt lat="39.8685496" lon="116.6517808">
        <ele>25.37379</ele>
        <time>2026-09-02T22:53:15.448000Z</time>
      </trkpt>
      <trkpt lat="39.8686534" lon="116.6517824">
        <ele>25.24905</ele>
        <time>2026-09-02T22:53:19.429000Z</time>
      </trkpt>
      <trkpt lat="39.8687551" lon="116.6517831">
        <ele>25.15397</ele>
        <time>2026-09-02T22:53:23.410000Z</time>
      </trkpt>
      <trkpt lat="39.8688581" lon="116.6517847">
        <ele>25.07774</ele>
        <time>2026-09-02T22:53:27.391000Z</time>
      </trkpt>
      <trkpt lat="39.8689656" lon="116.6517842">
        <ele>25.02155</ele>
        <time>2026-09-02T22:53:31.371000Z</time>
      </trkpt>
      <trkpt lat="39.8690696" lon="116.6517777">
        <ele>25.00187</ele>
        <time>2026-09-02T22:53:35.352000Z</time>
      </trkpt>
      <trkpt lat="39.8691716" lon="116.6517655">
        <ele>25.03198</ele>
        <time>2026-09-02T22:53:39.333000Z</time>
      </trkpt>
      <trkpt lat="39.8692742" lon="116.6517665">
        <ele>25.08636</ele>
        <time>2026-09-02T22:53:43.314000Z</time>
      </trkpt>
      <trkpt lat="39.8693789" lon="116.6517702">
        <ele>25.11657</ele>
        <time>2026-09-02T22:53:47.294000Z</time>
      </trkpt>
      <trkpt lat="39.8694819" lon="116.6517705">
        <ele>25.10068</ele>
        <time>2026-09-02T22:53:51.275000Z</time>
      </trkpt>
      <trkpt lat="39.8695868" lon="116.6517686">
        <ele>25.02809</ele>
        <time>2026-09-02T22:53:55.256000Z</time>
      </trkpt>
      <trkpt lat="39.8696924" lon="116.6517656">
        <ele>24.88609</ele>
        <time>2026-09-02T22:53:59.237000Z</time>
      </trkpt>
      <trkpt lat="39.8697999" lon="116.6517605">
        <ele>24.6699</ele>
        <time>2026-09-02T22:54:03.218000Z</time>
      </trkpt>
      <trkpt lat="39.8699054" lon="116.6517594">
        <ele>24.41644</ele>
        <time>2026-09-02T22:54:07.198000Z</time>
      </trkpt>
      <trkpt lat="39.8700082" lon="116.6517616">
        <ele>24.26719</ele>
        <time>2026-09-02T22:54:11Z</time>
      </trkpt>
      <trkpt lat="39.8701207" lon="116.6517595">
        <ele>24.26149</ele>
        <time>2026-09-02T22:54:15Z</time>
      </trkpt>
      <trkpt lat="39.8702364" lon="116.6517531">
        <ele>24.40021</ele>
        <time>2026-09-02T22:54:19.141000Z</time>
      </trkpt>
      <trkpt lat="39.8703473" lon="116.6517424">
        <ele>24.61305</ele>
        <time>2026-09-02T22:54:23.122000Z</time>
      </trkpt>
      <trkpt lat="39.8704567" lon="116.6517316">
        <ele>24.78361</ele>
        <time>2026-09-02T22:54:27.102000Z</time>
      </trkpt>
      <trkpt lat="39.8705645" lon="116.6517228">
        <ele>24.87909</ele>
        <time>2026-09-02T22:54:31.083000Z</time>
      </trkpt>
      <trkpt lat="39.870674" lon="116.6517146">
        <ele>24.91236</ele>
        <time>2026-09-02T22:54:35.064000Z</time>
      </trkpt>
      <trkpt lat="39.8707831" lon="116.6517049">
        <ele>24.91685</ele>
        <time>2026-09-02T22:54:39.045000Z</time>
      </trkpt>
      <trkpt lat="39.8708912" lon="116.6516974">
        <ele>24.91504</ele>
        <time>2026-09-02T22:54:43.026000Z</time>
      </trkpt>
      <trkpt lat="39.8709985" lon="116.6516888">
        <ele>24.94024</ele>
        <time>2026-09-02T22:54:47.006000Z</time>
      </trkpt>
      <trkpt lat="39.8711064" lon="116.6516869">
        <ele>24.99907</ele>
        <time>2026-09-02T22:54:50.987000Z</time>
      </trkpt>
      <trkpt lat="39.8712127" lon="116.6516857">
        <ele>25.05192</ele>
        <time>2026-09-02T22:54:54.968000Z</time>
      </trkpt>
      <trkpt lat="39.8713176" lon="116.6516847">
        <ele>25.09909</ele>
        <time>2026-09-02T22:54:58.949000Z</time>
      </trkpt>
      <trkpt lat="39.871421" lon="116.651688">
        <ele>25.14957</ele>
        <time>2026-09-02T22:55:02.930000Z</time>
      </trkpt>
      <trkpt lat="39.8715235" lon="116.6516839">
        <ele>25.17672</ele>
        <time>2026-09-02T22:55:06.910000Z</time>
      </trkpt>
      <trkpt lat="39.8716257" lon="116.6516792">
        <ele>25.18834</ele>
        <time>2026-09-02T22:55:10.891000Z</time>
      </trkpt>
      <trkpt lat="39.8717285" lon="116.6516872">
        <ele>25.21311</ele>
        <time>2026-09-02T22:55:14.872000Z</time>
      </trkpt>
      <trkpt lat="39.8718346" lon="116.6516956">
        <ele>25.2581</ele>
        <time>2026-09-02T22:55:18.853000Z</time>
      </trkpt>
      <trkpt lat="39.8719387" lon="116.6517013">
        <ele>25.33877</ele>
        <time>2026-09-02T22:55:22.834000Z</time>
      </trkpt>
      <trkpt lat="39.8720418" lon="116.6517056">
        <ele>25.44506</ele>
        <time>2026-09-02T22:55:26.814000Z</time>
      </trkpt>
      <trkpt lat="39.8721404" lon="116.651715">
        <ele>25.54489</ele>
        <time>2026-09-02T22:55:30.795000Z</time>
      </trkpt>
      <trkpt lat="39.8722288" lon="116.6517568">
        <ele>25.62336</ele>
        <time>2026-09-02T22:55:34.776000Z</time>
      </trkpt>
      <trkpt lat="39.8723177" lon="116.6517936">
        <ele>25.70857</ele>
        <time>2026-09-02T22:55:38.757000Z</time>
      </trkpt>
      <trkpt lat="39.8724213" lon="116.6518088">
        <ele>25.78435</ele>
        <time>2026-09-02T22:55:42.738000Z</time>
      </trkpt>
      <trkpt lat="39.8725291" lon="116.6518199">
        <ele>25.80585</ele>
        <time>2026-09-02T22:55:46.718000Z</time>
      </trkpt>
      <trkpt lat="39.8726337" lon="116.6518261">
        <ele>25.75458</ele>
        <time>2026-09-02T22:55:50.699000Z</time>
      </trkpt>
      <trkpt lat="39.8727366" lon="116.6518329">
        <ele>25.66942</ele>
        <time>2026-09-02T22:55:54.680000Z</time>
      </trkpt>
      <trkpt lat="39.8728319" lon="116.651827">
        <ele>25.59223</ele>
        <time>2026-09-02T22:55:58.661000Z</time>
      </trkpt>
      <trkpt lat="39.8729285" lon="116.6518177">
        <ele>25.54772</ele>
        <time>2026-09-02T22:56:02.642000Z</time>
      </trkpt>
      <trkpt lat="39.8730294" lon="116.6518155">
        <ele>25.52759</ele>
        <time>2026-09-02T22:56:06.622000Z</time>
      </trkpt>
      <trkpt lat="39.8731334" lon="116.6518083">
        <ele>25.51412</ele>
        <time>2026-09-02T22:56:10.603000Z</time>
      </trkpt>
      <trkpt lat="39.8732365" lon="116.6518027">
        <ele>25.45703</ele>
        <time>2026-09-02T22:56:14.584000Z</time>
      </trkpt>
      <trkpt lat="39.8733373" lon="116.6517949">
        <ele>25.3367</ele>
        <time>2026-09-02T22:56:18.565000Z</time>
      </trkpt>
      <trkpt lat="39.873431" lon="116.651815">
        <ele>25.16877</ele>
        <time>2026-09-02T22:56:22.546000Z</time>
      </trkpt>
      <trkpt lat="39.8735093" lon="116.6518759">
        <ele>25.02759</ele>
        <time>2026-09-02T22:56:26.527000Z</time>
      </trkpt>
      <trkpt lat="39.8736016" lon="116.651901">
        <ele>24.96073</ele>
        <time>2026-09-02T22:56:30.507000Z</time>
      </trkpt>
      <trkpt lat="39.8737077" lon="116.6518876">
        <ele>24.9465</ele>
        <time>2026-09-02T22:56:34.488000Z</time>
      </trkpt>
      <trkpt lat="39.873816" lon="116.6518651">
        <ele>24.96567</ele>
        <time>2026-09-02T22:56:38.469000Z</time>
      </trkpt>
      <trkpt lat="39.8739252" lon="116.6518392">
        <ele>25.01898</ele>
        <time>2026-09-02T22:56:42.450000Z</time>
      </trkpt>
      <trkpt lat="39.8740315" lon="116.6518219">
        <ele>25.0933</ele>
        <time>2026-09-02T22:56:46.431000Z</time>
      </trkpt>
      <trkpt lat="39.874135" lon="116.6518305">
        <ele>25.16934</ele>
        <time>2026-09-02T22:56:50.412000Z</time>
      </trkpt>
      <trkpt lat="39.8742199" lon="116.6518994">
        <ele>25.21533</ele>
        <time>2026-09-02T22:56:54.392000Z</time>
      </trkpt>
      <trkpt lat="39.8742554" lon="116.6520236">
        <ele>25.21309</ele>
        <time>2026-09-02T22:56:58.373000Z</time>
      </trkpt>
      <trkpt lat="39.8742568" lon="116.6521616">
        <ele>25.15344</ele>
        <time>2026-09-02T22:57:02.354000Z</time>
      </trkpt>
      <trkpt lat="39.8742607" lon="116.6522954">
        <ele>25.01269</ele>
        <time>2026-09-02T22:57:06.335000Z</time>
      </trkpt>
      <trkpt lat="39.8742744" lon="116.6524244">
        <ele>24.79716</ele>
        <time>2026-09-02T22:57:10.316000Z</time>
      </trkpt>
      <trkpt lat="39.8742782" lon="116.6525554">
        <ele>24.57709</ele>
        <time>2026-09-02T22:57:14.297000Z</time>
      </trkpt>
      <trkpt lat="39.8742804" lon="116.6526878">
        <ele>24.41287</ele>
        <time>2026-09-02T22:57:18.277000Z</time>
      </trkpt>
      <trkpt lat="39.8742835" lon="116.6528227">
        <ele>24.29535</ele>
        <time>2026-09-02T22:57:22.258000Z</time>
      </trkpt>
      <trkpt lat="39.8742904" lon="116.6529625">
        <ele>24.17116</ele>
        <time>2026-09-02T22:57:26.239000Z</time>
      </trkpt>
      <trkpt lat="39.8742942" lon="116.6531056">
        <ele>24.01061</ele>
        <time>2026-09-02T22:57:30.220000Z</time>
      </trkpt>
      <trkpt lat="39.874292" lon="116.6532489">
        <ele>23.78711</ele>
        <time>2026-09-02T22:57:34.201000Z</time>
      </trkpt>
      <trkpt lat="39.8742886" lon="116.6533835">
        <ele>23.54865</ele>
        <time>2026-09-02T22:57:38Z</time>
      </trkpt>
      <trkpt lat="39.8742864" lon="116.6535311">
        <ele>23.38936</ele>
        <time>2026-09-02T22:57:42.162000Z</time>
      </trkpt>
      <trkpt lat="39.8742869" lon="116.6536625">
        <ele>23.28636</ele>
        <time>2026-09-02T22:57:46Z</time>
      </trkpt>
      <trkpt lat="39.8742914" lon="116.6537946">
        <ele>23.16759</ele>
        <time>2026-09-02T22:57:50Z</time>
      </trkpt>
      <trkpt lat="39.8742942" lon="116.6539246">
        <ele>23.07449</ele>
        <time>2026-09-02T22:57:54Z</time>
      </trkpt>
      <trkpt lat="39.8742904" lon="116.6540527">
        <ele>23.04708</ele>
        <time>2026-09-02T22:57:58Z</time>
      </trkpt>
      <trkpt lat="39.8742909" lon="116.6541823">
        <ele>22.99968</ele>
        <time>2026-09-02T22:58:02Z</time>
      </trkpt>
      <trkpt lat="39.8742958" lon="116.6543157">
        <ele>22.90611</ele>
        <time>2026-09-02T22:58:06Z</time>
      </trkpt>
      <trkpt lat="39.8743012" lon="116.654448">
        <ele>22.8422</ele>
        <time>2026-09-02T22:58:10Z</time>
      </trkpt>
      <trkpt lat="39.8743078" lon="116.6545792">
        <ele>22.95116</ele>
        <time>2026-09-02T22:58:14Z</time>
      </trkpt>
      <trkpt lat="39.8743065" lon="116.6547124">
        <ele>23.39965</ele>
        <time>2026-09-02T22:58:17.990000Z</time>
      </trkpt>
      <trkpt lat="39.8743041" lon="116.6548457">
        <ele>23.91739</ele>
        <time>2026-09-02T22:58:21.971000Z</time>
      </trkpt>
      <trkpt lat="39.8742968" lon="116.65498">
        <ele>24.31883</ele>
        <time>2026-09-02T22:58:25.952000Z</time>
      </trkpt>
      <trkpt lat="39.8742832" lon="116.6551178">
        <ele>24.62772</ele>
        <time>2026-09-02T22:58:29.933000Z</time>
      </trkpt>
      <trkpt lat="39.874274" lon="116.6552545">
        <ele>24.87422</ele>
        <time>2026-09-02T22:58:33.913000Z</time>
      </trkpt>
      <trkpt lat="39.8742671" lon="116.6553924">
        <ele>25.04384</ele>
        <time>2026-09-02T22:58:37.894000Z</time>
      </trkpt>
      <trkpt lat="39.8742677" lon="116.6555318">
        <ele>25.14006</ele>
        <time>2026-09-02T22:58:41.875000Z</time>
      </trkpt>
      <trkpt lat="39.874272" lon="116.6556744">
        <ele>25.18253</ele>
        <time>2026-09-02T22:58:45.856000Z</time>
      </trkpt>
      <trkpt lat="39.8742789" lon="116.6558138">
        <ele>25.21666</ele>
        <time>2026-09-02T22:58:49.837000Z</time>
      </trkpt>
      <trkpt lat="39.8742865" lon="116.655953">
        <ele>25.28238</ele>
        <time>2026-09-02T22:58:53.818000Z</time>
      </trkpt>
      <trkpt lat="39.8742884" lon="116.6560894">
        <ele>25.39618</ele>
        <time>2026-09-02T22:58:57.799000Z</time>
      </trkpt>
      <trkpt lat="39.8742819" lon="116.6562282">
        <ele>25.53657</ele>
        <time>2026-09-02T22:59:01.780000Z</time>
      </trkpt>
      <trkpt lat="39.8742726" lon="116.6563677">
        <ele>25.65876</ele>
        <time>2026-09-02T22:59:05.760000Z</time>
      </trkpt>
      <trkpt lat="39.8742686" lon="116.6565098">
        <ele>25.7337</ele>
        <time>2026-09-02T22:59:09.741000Z</time>
      </trkpt>
      <trkpt lat="39.8742686" lon="116.656649">
        <ele>25.78318</ele>
        <time>2026-09-02T22:59:13.722000Z</time>
      </trkpt>
      <trkpt lat="39.8742719" lon="116.6567869">
        <ele>25.81881</ele>
        <time>2026-09-02T22:59:17.703000Z</time>
      </trkpt>
      <trkpt lat="39.8742762" lon="116.6569262">
        <ele>25.81418</ele>
        <time>2026-09-02T22:59:21.684000Z</time>
      </trkpt>
      <trkpt lat="39.8742828" lon="116.6570653">
        <ele>25.73417</ele>
        <time>2026-09-02T22:59:25.665000Z</time>
      </trkpt>
      <trkpt lat="39.8742916" lon="116.6572039">
        <ele>25.58884</ele>
        <time>2026-09-02T22:59:29.646000Z</time>
      </trkpt>
      <trkpt lat="39.8742951" lon="116.6573464">
        <ele>25.41653</ele>
        <time>2026-09-02T22:59:33.627000Z</time>
      </trkpt>
      <trkpt lat="39.8742974" lon="116.6574853">
        <ele>25.23476</ele>
        <time>2026-09-02T22:59:37.608000Z</time>
      </trkpt>
      <trkpt lat="39.8743003" lon="116.6576257">
        <ele>25.05141</ele>
        <time>2026-09-02T22:59:41.589000Z</time>
      </trkpt>
      <trkpt lat="39.8743052" lon="116.6577669">
        <ele>24.88619</ele>
        <time>2026-09-02T22:59:45.569000Z</time>
      </trkpt>
      <trkpt lat="39.8743147" lon="116.6579119">
        <ele>24.76355</ele>
        <time>2026-09-02T22:59:49.550000Z</time>
      </trkpt>
      <trkpt lat="39.874322" lon="116.6580678">
        <ele>24.68264</ele>
        <time>2026-09-02T22:59:53.531000Z</time>
      </trkpt>
      <trkpt lat="39.8743289" lon="116.6581901">
        <ele>24.65566</ele>
        <time>2026-09-02T22:59:56.517000Z</time>
      </trkpt>
      <trkpt lat="39.8743384" lon="116.65831">
        <ele>24.66432</ele>
        <time>2026-09-02T22:59:59.503000Z</time>
      </trkpt>
      <trkpt lat="39.8743445" lon="116.6584329">
        <ele>24.70102</ele>
        <time>2026-09-02T23:00:02.488000Z</time>
      </trkpt>
      <trkpt lat="39.8743438" lon="116.6585569">
        <ele>24.75107</ele>
        <time>2026-09-02T23:00:05.474000Z</time>
      </trkpt>
      <trkpt lat="39.8743363" lon="116.6586833">
        <ele>24.8106</ele>
        <time>2026-09-02T23:00:08.460000Z</time>
      </trkpt>
      <trkpt lat="39.8743287" lon="116.6588094">
        <ele>24.86239</ele>
        <time>2026-09-02T23:00:11.445000Z</time>
      </trkpt>
      <trkpt lat="39.8743242" lon="116.6589388">
        <ele>24.90347</ele>
        <time>2026-09-02T23:00:14.431000Z</time>
      </trkpt>
      <trkpt lat="39.8743239" lon="116.6590709">
        <ele>24.94566</ele>
        <time>2026-09-02T23:00:17.417000Z</time>
      </trkpt>
      <trkpt lat="39.8743273" lon="116.6591996">
        <ele>24.99634</ele>
        <time>2026-09-02T23:00:20.402000Z</time>
      </trkpt>
      <trkpt lat="39.874332" lon="116.6593249">
        <ele>25.04328</ele>
        <time>2026-09-02T23:00:23.388000Z</time>
      </trkpt>
      <trkpt lat="39.8743321" lon="116.6594485">
        <ele>25.05586</ele>
        <time>2026-09-02T23:00:26.374000Z</time>
      </trkpt>
      <trkpt lat="39.8743322" lon="116.6595689">
        <ele>25.01608</ele>
        <time>2026-09-02T23:00:29.360000Z</time>
      </trkpt>
      <trkpt lat="39.8743326" lon="116.6596892">
        <ele>24.93655</ele>
        <time>2026-09-02T23:00:32.345000Z</time>
      </trkpt>
      <trkpt lat="39.8743261" lon="116.6598432">
        <ele>24.82507</ele>
        <time>2026-09-02T23:00:36.326000Z</time>
      </trkpt>
      <trkpt lat="39.8743071" lon="116.6599878">
        <ele>24.76586</ele>
        <time>2026-09-02T23:00:40.307000Z</time>
      </trkpt>
      <trkpt lat="39.8742838" lon="116.6601386">
        <ele>24.73115</ele>
        <time>2026-09-02T23:00:44.288000Z</time>
      </trkpt>
      <trkpt lat="39.8742688" lon="116.66029">
        <ele>24.65376</ele>
        <time>2026-09-02T23:00:48.269000Z</time>
      </trkpt>
      <trkpt lat="39.8742618" lon="116.6604379">
        <ele>24.50125</ele>
        <time>2026-09-02T23:00:52.250000Z</time>
      </trkpt>
      <trkpt lat="39.8742611" lon="116.6605861">
        <ele>24.22542</ele>
        <time>2026-09-02T23:00:56.231000Z</time>
      </trkpt>
      <trkpt lat="39.8742592" lon="116.6607313">
        <ele>23.83683</ele>
        <time>2026-09-02T23:01:00.212000Z</time>
      </trkpt>
      <trkpt lat="39.8742546" lon="116.6608758">
        <ele>23.51914</ele>
        <time>2026-09-02T23:01:04Z</time>
      </trkpt>
      <trkpt lat="39.8742486" lon="116.6609979">
        <ele>23.48771</ele>
        <time>2026-09-02T23:01:07.179000Z</time>
      </trkpt>
      <trkpt lat="39.8742405" lon="116.6611494">
        <ele>23.51159</ele>
        <time>2026-09-02T23:01:11.160000Z</time>
      </trkpt>
      <trkpt lat="39.8742338" lon="116.6612977">
        <ele>23.40201</ele>
        <time>2026-09-02T23:01:15.141000Z</time>
      </trkpt>
      <trkpt lat="39.8742313" lon="116.6614419">
        <ele>23.08352</ele>
        <time>2026-09-02T23:01:19.122000Z</time>
      </trkpt>
      <trkpt lat="39.8742308" lon="116.6615843">
        <ele>22.58818</ele>
        <time>2026-09-02T23:01:23.102000Z</time>
      </trkpt>
      <trkpt lat="39.874237" lon="116.6617211">
        <ele>22.1447</ele>
        <time>2026-09-02T23:01:27Z</time>
      </trkpt>
      <trkpt lat="39.8742405" lon="116.6618632">
        <ele>21.98675</ele>
        <time>2026-09-02T23:01:31Z</time>
      </trkpt>
      <trkpt lat="39.8742318" lon="116.662008">
        <ele>22.0263</ele>
        <time>2026-09-02T23:01:35Z</time>
      </trkpt>
      <trkpt lat="39.874219" lon="116.6621572">
        <ele>22.21918</ele>
        <time>2026-09-02T23:01:39Z</time>
      </trkpt>
      <trkpt lat="39.8742149" lon="116.6623039">
        <ele>22.68958</ele>
        <time>2026-09-02T23:01:43.007000Z</time>
      </trkpt>
      <trkpt lat="39.8742063" lon="116.6624589">
        <ele>23.13734</ele>
        <time>2026-09-02T23:01:46.988000Z</time>
      </trkpt>
      <trkpt lat="39.8741992" lon="116.6625814">
        <ele>23.32466</ele>
        <time>2026-09-02T23:01:49.974000Z</time>
      </trkpt>
      <trkpt lat="39.8741942" lon="116.6627025">
        <ele>23.39733</ele>
        <time>2026-09-02T23:01:52.960000Z</time>
      </trkpt>
      <trkpt lat="39.874194" lon="116.6628253">
        <ele>23.41695</ele>
        <time>2026-09-02T23:01:55.946000Z</time>
      </trkpt>
      <trkpt lat="39.8741935" lon="116.662944">
        <ele>23.43578</ele>
        <time>2026-09-02T23:01:58.931000Z</time>
      </trkpt>
      <trkpt lat="39.8741901" lon="116.6630615">
        <ele>23.47589</ele>
        <time>2026-09-02T23:02:01.917000Z</time>
      </trkpt>
      <trkpt lat="39.8741876" lon="116.6631824">
        <ele>23.53719</ele>
        <time>2026-09-02T23:02:04.903000Z</time>
      </trkpt>
      <trkpt lat="39.8741863" lon="116.663304">
        <ele>23.61352</ele>
        <time>2026-09-02T23:02:07.889000Z</time>
      </trkpt>
      <trkpt lat="39.8741832" lon="116.6634211">
        <ele>23.71111</ele>
        <time>2026-09-02T23:02:10.874000Z</time>
      </trkpt>
      <trkpt lat="39.8741807" lon="116.6635647">
        <ele>23.89002</ele>
        <time>2026-09-02T23:02:14.855000Z</time>
      </trkpt>
      <trkpt lat="39.874183" lon="116.6637038">
        <ele>24.08781</ele>
        <time>2026-09-02T23:02:18.836000Z</time>
      </trkpt>
      <trkpt lat="39.8741924" lon="116.6638503">
        <ele>24.24576</ele>
        <time>2026-09-02T23:02:22.817000Z</time>
      </trkpt>
      <trkpt lat="39.8742114" lon="116.663993">
        <ele>24.2969</ele>
        <time>2026-09-02T23:02:26.798000Z</time>
      </trkpt>
      <trkpt lat="39.8742324" lon="116.6641369">
        <ele>24.24202</ele>
        <time>2026-09-02T23:02:30.779000Z</time>
      </trkpt>
      <trkpt lat="39.87425" lon="116.6642827">
        <ele>24.14723</ele>
        <time>2026-09-02T23:02:34.760000Z</time>
      </trkpt>
      <trkpt lat="39.8742691" lon="116.6644307">
        <ele>24.0474</ele>
        <time>2026-09-02T23:02:38.741000Z</time>
      </trkpt>
      <trkpt lat="39.8742888" lon="116.6645791">
        <ele>23.91145</ele>
        <time>2026-09-02T23:02:42.722000Z</time>
      </trkpt>
      <trkpt lat="39.8743159" lon="116.664725">
        <ele>23.76357</ele>
        <time>2026-09-02T23:02:46.703000Z</time>
      </trkpt>
      <trkpt lat="39.8743535" lon="116.6648673">
        <ele>23.68965</ele>
        <time>2026-09-02T23:02:50.684000Z</time>
      </trkpt>
      <trkpt lat="39.8743924" lon="116.6650062">
        <ele>23.70114</ele>
        <time>2026-09-02T23:02:54.665000Z</time>
      </trkpt>
      <trkpt lat="39.8744303" lon="116.6651479">
        <ele>23.74485</ele>
        <time>2026-09-02T23:02:58.646000Z</time>
      </trkpt>
      <trkpt lat="39.8744585" lon="116.6652611">
        <ele>23.79944</ele>
        <time>2026-09-02T23:03:01.632000Z</time>
      </trkpt>
      <trkpt lat="39.8744853" lon="116.6653768">
        <ele>23.85421</ele>
        <time>2026-09-02T23:03:04.617000Z</time>
      </trkpt>
      <trkpt lat="39.8745198" lon="116.6655203">
        <ele>23.87236</ele>
        <time>2026-09-02T23:03:08.598000Z</time>
      </trkpt>
      <trkpt lat="39.8745577" lon="116.6656542">
        <ele>23.8228</ele>
        <time>2026-09-02T23:03:12.579000Z</time>
      </trkpt>
      <trkpt lat="39.8746104" lon="116.6657708">
        <ele>23.75779</ele>
        <time>2026-09-02T23:03:16.560000Z</time>
      </trkpt>
      <trkpt lat="39.8746726" lon="116.6658872">
        <ele>23.70434</ele>
        <time>2026-09-02T23:03:20.541000Z</time>
      </trkpt>
      <trkpt lat="39.8747248" lon="116.6660191">
        <ele>23.65431</ele>
        <time>2026-09-02T23:03:24.522000Z</time>
      </trkpt>
      <trkpt lat="39.8747765" lon="116.6661389">
        <ele>23.57069</ele>
        <time>2026-09-02T23:03:28.503000Z</time>
      </trkpt>
      <trkpt lat="39.8748377" lon="116.6662377">
        <ele>23.46169</ele>
        <time>2026-09-02T23:03:32.484000Z</time>
      </trkpt>
      <trkpt lat="39.874875" lon="116.6663459">
        <ele>23.33789</ele>
        <time>2026-09-02T23:03:36.465000Z</time>
      </trkpt>
      <trkpt lat="39.8749037" lon="116.6664748">
        <ele>23.196</ele>
        <time>2026-09-02T23:03:40.446000Z</time>
      </trkpt>
      <trkpt lat="39.8749592" lon="116.6665997">
        <ele>23.03198</ele>
        <time>2026-09-02T23:03:44.427000Z</time>
      </trkpt>
      <trkpt lat="39.8750174" lon="116.6666895">
        <ele>22.93814</ele>
        <time>2026-09-02T23:03:47.413000Z</time>
      </trkpt>
      <trkpt lat="39.8750795" lon="116.666781">
        <ele>22.89717</ele>
        <time>2026-09-02T23:03:50.399000Z</time>
      </trkpt>
      <trkpt lat="39.8751414" lon="116.6668771">
        <ele>22.90595</ele>
        <time>2026-09-02T23:03:53.384000Z</time>
      </trkpt>
      <trkpt lat="39.8752062" lon="116.6669741">
        <ele>22.95729</ele>
        <time>2026-09-02T23:03:56.370000Z</time>
      </trkpt>
      <trkpt lat="39.8752713" lon="116.6670669">
        <ele>23.04914</ele>
        <time>2026-09-02T23:03:59.356000Z</time>
      </trkpt>
      <trkpt lat="39.8753386" lon="116.6671576">
        <ele>23.17544</ele>
        <time>2026-09-02T23:04:02.342000Z</time>
      </trkpt>
      <trkpt lat="39.8754081" lon="116.6672465">
        <ele>23.33245</ele>
        <time>2026-09-02T23:04:05.327000Z</time>
      </trkpt>
      <trkpt lat="39.8754743" lon="116.6673374">
        <ele>23.50857</ele>
        <time>2026-09-02T23:04:08.318000Z</time>
      </trkpt>
      <trkpt lat="39.8755354" lon="116.6674315">
        <ele>23.68168</ele>
        <time>2026-09-02T23:04:11.318000Z</time>
      </trkpt>
      <trkpt lat="39.8755978" lon="116.6675306">
        <ele>23.82572</ele>
        <time>2026-09-02T23:04:14.318000Z</time>
      </trkpt>
      <trkpt lat="39.8756588" lon="116.6676285">
        <ele>23.93851</ele>
        <time>2026-09-02T23:04:17.318000Z</time>
      </trkpt>
      <trkpt lat="39.8757156" lon="116.6677202">
        <ele>24.02049</ele>
        <time>2026-09-02T23:04:20.318000Z</time>
      </trkpt>
    </trkseg>
  </trk>
</gpx>