<?xml version="1.0" encoding="UTF-8"?>
<gpx xmlns="http://www.topografix.com/GPX/1/1" xmlns:gpxtpx="http://www.garmin.com/xmlschemas/TrackPointExtension/v1" xmlns:xsi="http://www.w3.org/2001/XMLSchema-instance" xsi:schemaLocation="http://www.topografix.com/GPX/1/1 http://www.topografix.com/GPX/1/1/gpx.xsd" version="1.1" creator="gpx.py -- https://github.com/tkrajina/gpxpy">
  <trk>
    <name>gpx from codoon</name>
    <type>Run</type>
    <trkseg>
      <trkpt lat="39.8732729" lon="116.6657137">
        <ele>22.55689</ele>
        <time>2026-09-09T22:20:27.824000Z</time>
      </trkpt>
      <trkpt lat="39.8733461" lon="116.6657896">
        <ele>22.50536</ele>
        <time>2026-09-09T22:20:34.002000Z</time>
      </trkpt>
      <trkpt lat="39.8734422" lon="116.6658268">
        <ele>22.44685</ele>
        <time>2026-09-09T22:20:38.978000Z</time>
      </trkpt>
      <trkpt lat="39.8735468" lon="116.6658371">
        <ele>22.41766</ele>
        <time>2026-09-09T22:20:43.956000Z</time>
      </trkpt>
      <trkpt lat="39.8736519" lon="116.6657879">
        <ele>22.43651</ele>
        <time>2026-09-09T22:20:48.934000Z</time>
      </trkpt>
      <trkpt lat="39.8737425" lon="116.6657285">
        <ele>22.52425</ele>
        <time>2026-09-09T22:20:52.916000Z</time>
      </trkpt>
      <trkpt lat="39.8738392" lon="116.6656618">
        <ele>22.67859</ele>
        <time>2026-09-09T22:20:56.898000Z</time>
      </trkpt>
      <trkpt lat="39.8739399" lon="116.6655908">
        <ele>22.8622</ele>
        <time>2026-09-09T22:21:00.879000Z</time>
      </trkpt>
      <trkpt lat="39.8740432" lon="116.6655222">
        <ele>23.03533</ele>
        <time>2026-09-09T22:21:04.861000Z</time>
      </trkpt>
      <trkpt lat="39.8741256" lon="116.6654748">
        <ele>23.15368</ele>
        <time>2026-09-09T22:21:07.847000Z</time>
      </trkpt>
      <trkpt lat="39.8742098" lon="116.6654332">
        <ele>23.25439</ele>
        <time>2026-09-09T22:21:10.833000Z</time>
      </trkpt>
      <trkpt lat="39.8743251" lon="116.6653981">
        <ele>23.34423</ele>
        <time>2026-09-09T22:21:14.814000Z</time>
      </trkpt>
      <trkpt lat="39.874439" lon="116.6654267">
        <ele>23.38896</ele>
        <time>2026-09-09T22:21:18.795000Z</time>
      </trkpt>
      <trkpt lat="39.874499" lon="116.6655142">
        <ele>23.38714</ele>
        <time>2026-09-09T22:21:21.781000Z</time>
      </trkpt>
      <trkpt lat="39.874546" lon="116.6656217">
        <ele>23.34048</ele>
        <time>2026-09-09T22:21:24.767000Z</time>
      </trkpt>
      <trkpt lat="39.8745898" lon="116.6657318">
        <ele>23.26522</ele>
        <time>2026-09-09T22:21:27.753000Z</time>
      </trkpt>
      <trkpt lat="39.8746352" lon="116.6658398">
        <ele>23.19186</ele>
        <time>2026-09-09T22:21:30.739000Z</time>
      </trkpt>
      <trkpt lat="39.8746819" lon="116.6659415">
        <ele>23.12285</ele>
        <time>2026-09-09T22:21:33.725000Z</time>
      </trkpt>
      <trkpt lat="39.8747439" lon="116.6660733">
        <ele>23.01429</ele>
        <time>2026-09-09T22:21:37.706000Z</time>
      </trkpt>
      <trkpt lat="39.8748048" lon="116.6662047">
        <ele>22.90267</ele>
        <time>2026-09-09T22:21:41.687000Z</time>
      </trkpt>
      <trkpt lat="39.8748693" lon="116.6663288">
        <ele>22.81116</ele>
        <time>2026-09-09T22:21:45.668000Z</time>
      </trkpt>
      <trkpt lat="39.874937" lon="116.6664483">
        <ele>22.74659</ele>
        <time>2026-09-09T22:21:49.649000Z</time>
      </trkpt>
      <trkpt lat="39.8750018" lon="116.6665693">
        <ele>22.70412</ele>
        <time>2026-09-09T22:21:53.630000Z</time>
      </trkpt>
      <trkpt lat="39.8750666" lon="116.6666915">
        <ele>22.67209</ele>
        <time>2026-09-09T22:21:57.611000Z</time>
      </trkpt>
      <trkpt lat="39.8751301" lon="116.6668105">
        <ele>22.65283</ele>
        <time>2026-09-09T22:22:01.592000Z</time>
      </trkpt>
      <trkpt lat="39.8751956" lon="116.6669229">
        <ele>22.65353</ele>
        <time>2026-09-09T22:22:05.573000Z</time>
      </trkpt>
      <trkpt lat="39.8752674" lon="116.6670323">
        <ele>22.6839</ele>
        <time>2026-09-09T22:22:09.554000Z</time>
      </trkpt>
      <trkpt lat="39.8753475" lon="116.6671373">
        <ele>22.75011</ele>
        <time>2026-09-09T22:22:13.535000Z</time>
      </trkpt>
      <trkpt lat="39.8754318" lon="116.667239">
        <ele>22.86112</ele>
        <time>2026-09-09T22:22:17.515000Z</time>
      </trkpt>
      <trkpt lat="39.8755094" lon="116.6673424">
        <ele>22.99408</ele>
        <time>2026-09-09T22:22:21.496000Z</time>
      </trkpt>
      <trkpt lat="39.8755812" lon="116.6674472">
        <ele>23.1068</ele>
        <time>2026-09-09T22:22:25.477000Z</time>
      </trkpt>
      <trkpt lat="39.8756567" lon="116.667552">
        <ele>23.18857</ele>
        <time>2026-09-09T22:22:29.458000Z</time>
      </trkpt>
      <trkpt lat="39.8757352" lon="116.6676496">
        <ele>23.26082</ele>
        <time>2026-09-09T22:22:33.439000Z</time>
      </trkpt>
      <trkpt lat="39.8758064" lon="116.6677596">
        <ele>23.3562</ele>
        <time>2026-09-09T22:22:37.420000Z</time>
      </trkpt>
      <trkpt lat="39.8758817" lon="116.6678684">
        <ele>23.46212</ele>
        <time>2026-09-09T22:22:41.401000Z</time>
      </trkpt>
      <trkpt lat="39.8759575" lon="116.6679726">
        <ele>23.55593</ele>
        <time>2026-09-09T22:22:45.382000Z</time>
      </trkpt>
      <trkpt lat="39.8760343" lon="116.6680752">
        <ele>23.62753</ele>
        <time>2026-09-09T22:22:49.362000Z</time>
      </trkpt>
      <trkpt lat="39.8761134" lon="116.6681705">
        <ele>23.68376</ele>
        <time>2026-09-09T22:22:53.343000Z</time>
      </trkpt>
      <trkpt lat="39.8761993" lon="116.6682536">
        <ele>23.72873</ele>
        <time>2026-09-09T22:22:57.324000Z</time>
      </trkpt>
      <trkpt lat="39.876291" lon="116.6683384">
        <ele>23.75983</ele>
        <time>2026-09-09T22:23:01.305000Z</time>
      </trkpt>
      <trkpt lat="39.8763775" lon="116.6684334">
        <ele>23.79286</ele>
        <time>2026-09-09T22:23:05.286000Z</time>
      </trkpt>
      <trkpt lat="39.8764577" lon="116.6685411">
        <ele>23.85039</ele>
        <time>2026-09-09T22:23:09.267000Z</time>
      </trkpt>
      <trkpt lat="39.8765332" lon="116.6686547">
        <ele>23.946</ele>
        <time>2026-09-09T22:23:13.247000Z</time>
      </trkpt>
      <trkpt lat="39.876609" lon="116.6687692">
        <ele>24.07299</ele>
        <time>2026-09-09T22:23:17.228000Z</time>
      </trkpt>
      <trkpt lat="39.8766821" lon="116.6688822">
        <ele>24.21924</ele>
        <time>2026-09-09T22:23:21.209000Z</time>
      </trkpt>
      <trkpt lat="39.8767515" lon="116.6689856">
        <ele>24.33801</ele>
        <time>2026-09-09T22:23:25Z</time>
      </trkpt>
      <trkpt lat="39.8768293" lon="116.6690915">
        <ele>24.39402</ele>
        <time>2026-09-09T22:23:29.171000Z</time>
      </trkpt>
      <trkpt lat="39.8769048" lon="116.6691938">
        <ele>24.40315</ele>
        <time>2026-09-09T22:23:33.151000Z</time>
      </trkpt>
      <trkpt lat="39.8769737" lon="116.6693024">
        <ele>24.40352</ele>
        <time>2026-09-09T22:23:37.132000Z</time>
      </trkpt>
      <trkpt lat="39.8770165" lon="116.6694296">
        <ele>24.40303</ele>
        <time>2026-09-09T22:23:41.113000Z</time>
      </trkpt>
      <trkpt lat="39.8770137" lon="116.6695678">
        <ele>24.40456</ele>
        <time>2026-09-09T22:23:45.094000Z</time>
      </trkpt>
      <trkpt lat="39.8769581" lon="116.6696884">
        <ele>24.4058</ele>
        <time>2026-09-09T22:23:49.075000Z</time>
      </trkpt>
      <trkpt lat="39.8768819" lon="116.6697985">
        <ele>24.4254</ele>
        <time>2026-09-09T22:23:53.055000Z</time>
      </trkpt>
      <trkpt lat="39.8768046" lon="116.6699047">
        <ele>24.47832</ele>
        <time>2026-09-09T22:23:57Z</time>
      </trkpt>
      <trkpt lat="39.8767292" lon="116.6700134">
        <ele>24.50935</ele>
        <time>2026-09-09T22:24:01Z</time>
      </trkpt>
      <trkpt lat="39.8766553" lon="116.6701265">
        <ele>24.48398</ele>
        <time>2026-09-09T22:24:04.998000Z</time>
      </trkpt>
      <trkpt lat="39.876583" lon="116.6702318">
        <ele>24.40299</ele>
        <time>2026-09-09T22:24:08.979000Z</time>
      </trkpt>
      <trkpt lat="39.8765103" lon="116.6703326">
        <ele>24.33094</ele>
        <time>2026-09-09T22:24:12.959000Z</time>
      </trkpt>
      <trkpt lat="39.8764346" lon="116.6704328">
        <ele>24.313</ele>
        <time>2026-09-09T22:24:16.940000Z</time>
      </trkpt>
      <trkpt lat="39.8763541" lon="116.6705291">
        <ele>24.33341</ele>
        <time>2026-09-09T22:24:20.921000Z</time>
      </trkpt>
      <trkpt lat="39.8762727" lon="116.6706223">
        <ele>24.33251</ele>
        <time>2026-09-09T22:24:24.902000Z</time>
      </trkpt>
      <trkpt lat="39.8761894" lon="116.6707146">
        <ele>24.27067</ele>
        <time>2026-09-09T22:24:28.882000Z</time>
      </trkpt>
      <trkpt lat="39.8761076" lon="116.6708092">
        <ele>24.17461</ele>
        <time>2026-09-09T22:24:32.863000Z</time>
      </trkpt>
      <trkpt lat="39.8760249" lon="116.6709068">
        <ele>24.09268</ele>
        <time>2026-09-09T22:24:36.844000Z</time>
      </trkpt>
      <trkpt lat="39.8759468" lon="116.671001">
        <ele>24.0328</ele>
        <time>2026-09-09T22:24:40.825000Z</time>
      </trkpt>
      <trkpt lat="39.8758677" lon="116.6710959">
        <ele>24.00098</ele>
        <time>2026-09-09T22:24:44.805000Z</time>
      </trkpt>
      <trkpt lat="39.8757878" lon="116.6711931">
        <ele>23.98641</ele>
        <time>2026-09-09T22:24:48.786000Z</time>
      </trkpt>
      <trkpt lat="39.8757071" lon="116.6712945">
        <ele>24.0012</ele>
        <time>2026-09-09T22:24:52.767000Z</time>
      </trkpt>
      <trkpt lat="39.8756282" lon="116.671397">
        <ele>24.07115</ele>
        <time>2026-09-09T22:24:56.748000Z</time>
      </trkpt>
      <trkpt lat="39.8755492" lon="116.6714975">
        <ele>24.16965</ele>
        <time>2026-09-09T22:25:00.728000Z</time>
      </trkpt>
      <trkpt lat="39.8754696" lon="116.6715942">
        <ele>24.23848</ele>
        <time>2026-09-09T22:25:04.709000Z</time>
      </trkpt>
      <trkpt lat="39.8753925" lon="116.6716942">
        <ele>24.23738</ele>
        <time>2026-09-09T22:25:08.690000Z</time>
      </trkpt>
      <trkpt lat="39.8753132" lon="116.6717933">
        <ele>24.16639</ele>
        <time>2026-09-09T22:25:12.671000Z</time>
      </trkpt>
      <trkpt lat="39.8752305" lon="116.6718922">
        <ele>24.08342</ele>
        <time>2026-09-09T22:25:16.651000Z</time>
      </trkpt>
      <trkpt lat="39.8751636" lon="116.6719748">
        <ele>24.05696</ele>
        <time>2026-09-09T22:25:19.637000Z</time>
      </trkpt>
      <trkpt lat="39.8750827" lon="116.6720844">
        <ele>24.04902</ele>
        <time>2026-09-09T22:25:23.618000Z</time>
      </trkpt>
      <trkpt lat="39.875009" lon="116.6721898">
        <ele>24.02501</ele>
        <time>2026-09-09T22:25:27.598000Z</time>
      </trkpt>
      <trkpt lat="39.8749392" lon="116.6722959">
        <ele>24.03845</ele>
        <time>2026-09-09T22:25:31.579000Z</time>
      </trkpt>
      <trkpt lat="39.8748617" lon="116.6723928">
        <ele>24.13601</ele>
        <time>2026-09-09T22:25:35.560000Z</time>
      </trkpt>
      <trkpt lat="39.8747811" lon="116.6724839">
        <ele>24.31135</ele>
        <time>2026-09-09T22:25:39.541000Z</time>
      </trkpt>
      <trkpt lat="39.8746972" lon="116.6725724">
        <ele>24.5369</ele>
        <time>2026-09-09T22:25:43.521000Z</time>
      </trkpt>
      <trkpt lat="39.8746181" lon="116.6726645">
        <ele>24.76309</ele>
        <time>2026-09-09T22:25:47.502000Z</time>
      </trkpt>
      <trkpt lat="39.8745389" lon="116.672763">
        <ele>24.93834</ele>
        <time>2026-09-09T22:25:51.483000Z</time>
      </trkpt>
      <trkpt lat="39.8744603" lon="116.6728636">
        <ele>25.07478</ele>
        <time>2026-09-09T22:25:55.463000Z</time>
      </trkpt>
      <trkpt lat="39.8743836" lon="116.6729607">
        <ele>25.20322</ele>
        <time>2026-09-09T22:25:59.444000Z</time>
      </trkpt>
      <trkpt lat="39.874304" lon="116.6730557">
        <ele>25.31669</ele>
        <time>2026-09-09T22:26:03.425000Z</time>
      </trkpt>
      <trkpt lat="39.8742313" lon="116.6731513">
        <ele>25.38154</ele>
        <time>2026-09-09T22:26:07.406000Z</time>
      </trkpt>
      <trkpt lat="39.8741703" lon="116.6732575">
        <ele>25.39633</ele>
        <time>2026-09-09T22:26:11.386000Z</time>
      </trkpt>
      <trkpt lat="39.8741" lon="116.6733541">
        <ele>25.39546</ele>
        <time>2026-09-09T22:26:15.367000Z</time>
      </trkpt>
      <trkpt lat="39.8740219" lon="116.6734416">
        <ele>25.40738</ele>
        <time>2026-09-09T22:26:19.348000Z</time>
      </trkpt>
      <trkpt lat="39.8739348" lon="116.6735224">
        <ele>25.42974</ele>
        <time>2026-09-09T22:26:23.328000Z</time>
      </trkpt>
      <trkpt lat="39.8738508" lon="116.6736037">
        <ele>25.4424</ele>
        <time>2026-09-09T22:26:27.309000Z</time>
      </trkpt>
      <trkpt lat="39.8737676" lon="116.6736945">
        <ele>25.43621</ele>
        <time>2026-09-09T22:26:31.290000Z</time>
      </trkpt>
      <trkpt lat="39.8736829" lon="116.6737868">
        <ele>25.37895</ele>
        <time>2026-09-09T22:26:35.270000Z</time>
      </trkpt>
      <trkpt lat="39.8736001" lon="116.6738776">
        <ele>25.24944</ele>
        <time>2026-09-09T22:26:39.251000Z</time>
      </trkpt>
      <trkpt lat="39.8735186" lon="116.6739753">
        <ele>25.07235</ele>
        <time>2026-09-09T22:26:43.232000Z</time>
      </trkpt>
      <trkpt lat="39.8734398" lon="116.6740751">
        <ele>24.89913</ele>
        <time>2026-09-09T22:26:47.213000Z</time>
      </trkpt>
      <trkpt lat="39.8733588" lon="116.6741735">
        <ele>24.75598</ele>
        <time>2026-09-09T22:26:51.193000Z</time>
      </trkpt>
      <trkpt lat="39.8732745" lon="116.6742767">
        <ele>24.66209</ele>
        <time>2026-09-09T22:26:55.174000Z</time>
      </trkpt>
      <trkpt lat="39.8731913" lon="116.6743866">
        <ele>24.63234</ele>
        <time>2026-09-09T22:26:59.155000Z</time>
      </trkpt>
      <trkpt lat="39.8731147" lon="116.6744966">
        <ele>24.66107</ele>
        <time>2026-09-09T22:27:03Z</time>
      </trkpt>
      <trkpt lat="39.873035" lon="116.6746097">
        <ele>24.71842</ele>
        <time>2026-09-09T22:27:07Z</time>
      </trkpt>
      <trkpt lat="39.8729691" lon="116.6746997">
        <ele>24.76828</ele>
        <time>2026-09-09T22:27:10.101000Z</time>
      </trkpt>
      <trkpt lat="39.8729059" lon="116.674793">
        <ele>24.80135</ele>
        <time>2026-09-09T22:27:13.087000Z</time>
      </trkpt>
      <trkpt lat="39.8728436" lon="116.6748883">
        <ele>24.80639</ele>
        <time>2026-09-09T22:27:16.072000Z</time>
      </trkpt>
      <trkpt lat="39.8727822" lon="116.6749869">
        <ele>24.78335</ele>
        <time>2026-09-09T22:27:19.058000Z</time>
      </trkpt>
      <trkpt lat="39.8727217" lon="116.6750863">
        <ele>24.75364</ele>
        <time>2026-09-09T22:27:22.043000Z</time>
      </trkpt>
      <trkpt lat="39.8726615" lon="116.6751823">
        <ele>24.74155</ele>
        <time>2026-09-09T22:27:25.029000Z</time>
      </trkpt>
      <trkpt lat="39.8726043" lon="116.675275">
        <ele>24.74892</ele>
        <time>2026-09-09T22:27:28.014000Z</time>
      </trkpt>
      <trkpt lat="39.872533" lon="116.6753987">
        <ele>24.7119</ele>
        <time>2026-09-09T22:27:31.995000Z</time>
      </trkpt>
      <trkpt lat="39.8724659" lon="116.675524">
        <ele>24.57829</ele>
        <time>2026-09-09T22:27:35.976000Z</time>
      </trkpt>
      <trkpt lat="39.8724039" lon="116.6756489">
        <ele>24.42807</ele>
        <time>2026-09-09T22:27:39.956000Z</time>
      </trkpt>
      <trkpt lat="39.8723423" lon="116.6757716">
        <ele>24.29925</ele>
        <time>2026-09-09T22:27:43.937000Z</time>
      </trkpt>
      <trkpt lat="39.8722846" lon="116.6758962">
        <ele>24.21044</ele>
        <time>2026-09-09T22:27:47.918000Z</time>
      </trkpt>
      <trkpt lat="39.8722317" lon="116.6760224">
        <ele>24.15538</ele>
        <time>2026-09-09T22:27:51.898000Z</time>
      </trkpt>
      <trkpt lat="39.8721785" lon="116.6761534">
        <ele>24.13257</ele>
        <time>2026-09-09T22:27:55.879000Z</time>
      </trkpt>
      <trkpt lat="39.8721244" lon="116.6762843">
        <ele>24.14249</ele>
        <time>2026-09-09T22:27:59.859000Z</time>
      </trkpt>
      <trkpt lat="39.8720747" lon="116.6764156">
        <ele>24.18452</ele>
        <time>2026-09-09T22:28:03.840000Z</time>
      </trkpt>
      <trkpt lat="39.8720255" lon="116.6765459">
        <ele>24.2354</ele>
        <time>2026-09-09T22:28:07.821000Z</time>
      </trkpt>
      <trkpt lat="39.8719776" lon="116.6766726">
        <ele>24.25941</ele>
        <time>2026-09-09T22:28:11.801000Z</time>
      </trkpt>
      <trkpt lat="39.8719323" lon="116.6768019">
        <ele>24.23379</ele>
        <time>2026-09-09T22:28:15.782000Z</time>
      </trkpt>
      <trkpt lat="39.8719032" lon="116.6769359">
        <ele>24.16588</ele>
        <time>2026-09-09T22:28:19.762000Z</time>
      </trkpt>
      <trkpt lat="39.8718719" lon="116.6770662">
        <ele>24.10403</ele>
        <time>2026-09-09T22:28:23.743000Z</time>
      </trkpt>
      <trkpt lat="39.8718298" lon="116.6771951">
        <ele>24.07269</ele>
        <time>2026-09-09T22:28:27.724000Z</time>
      </trkpt>
      <trkpt lat="39.8717864" lon="116.6773202">
        <ele>24.05069</ele>
        <time>2026-09-09T22:28:31.704000Z</time>
      </trkpt>
      <trkpt lat="39.8717411" lon="116.6774451">
        <ele>24.00979</ele>
        <time>2026-09-09T22:28:35.685000Z</time>
      </trkpt>
      <trkpt lat="39.8716948" lon="116.6775698">
        <ele>23.92435</ele>
        <time>2026-09-09T22:28:39.665000Z</time>
      </trkpt>
      <trkpt lat="39.8716452" lon="116.677687">
        <ele>23.79706</ele>
        <time>2026-09-09T22:28:43.646000Z</time>
      </trkpt>
      <trkpt lat="39.8715944" lon="116.6777973">
        <ele>23.66169</ele>
        <time>2026-09-09T22:28:47.627000Z</time>
      </trkpt>
      <trkpt lat="39.871541" lon="116.6779034">
        <ele>23.5589</ele>
        <time>2026-09-09T22:28:51.607000Z</time>
      </trkpt>
      <trkpt lat="39.8714887" lon="116.6780125">
        <ele>23.50901</ele>
        <time>2026-09-09T22:28:55.588000Z</time>
      </trkpt>
      <trkpt lat="39.8714403" lon="116.67813">
        <ele>23.51915</ele>
        <time>2026-09-09T22:28:59.568000Z</time>
      </trkpt>
      <trkpt lat="39.8714022" lon="116.6782582">
        <ele>23.56618</ele>
        <time>2026-09-09T22:29:03.549000Z</time>
      </trkpt>
      <trkpt lat="39.8713703" lon="116.6783916">
        <ele>23.60743</ele>
        <time>2026-09-09T22:29:07.530000Z</time>
      </trkpt>
      <trkpt lat="39.8713369" lon="116.6785266">
        <ele>23.63892</ele>
        <time>2026-09-09T22:29:11.510000Z</time>
      </trkpt>
      <trkpt lat="39.8713017" lon="116.6786643">
        <ele>23.67099</ele>
        <time>2026-09-09T22:29:15.491000Z</time>
      </trkpt>
      <trkpt lat="39.8712645" lon="116.6787994">
        <ele>23.71628</ele>
        <time>2026-09-09T22:29:19.471000Z</time>
      </trkpt>
      <trkpt lat="39.8712292" lon="116.6789327">
        <ele>23.77324</ele>
        <time>2026-09-09T22:29:23.452000Z</time>
      </trkpt>
      <trkpt lat="39.8711938" lon="116.6790619">
        <ele>23.84278</ele>
        <time>2026-09-09T22:29:27.432000Z</time>
      </trkpt>
      <trkpt lat="39.8711612" lon="116.6791924">
        <ele>23.9214</ele>
        <time>2026-09-09T22:29:31.413000Z</time>
      </trkpt>
      <trkpt lat="39.8711283" lon="116.6793206">
        <ele>23.98339</ele>
        <time>2026-09-09T22:29:35.394000Z</time>
      </trkpt>
      <trkpt lat="39.8710979" lon="116.6794491">
        <ele>24.02366</ele>
        <time>2026-09-09T22:29:39.374000Z</time>
      </trkpt>
      <trkpt lat="39.8710656" lon="116.6795794">
        <ele>24.04858</ele>
        <time>2026-09-09T22:29:43.355000Z</time>
      </trkpt>
      <trkpt lat="39.8710372" lon="116.6797044">
        <ele>24.0403</ele>
        <time>2026-09-09T22:29:47.335000Z</time>
      </trkpt>
      <trkpt lat="39.8710067" lon="116.6798324">
        <ele>24.00462</ele>
        <time>2026-09-09T22:29:51.316000Z</time>
      </trkpt>
      <trkpt lat="39.870973" lon="116.6799632">
        <ele>23.97252</ele>
        <time>2026-09-09T22:29:55.296000Z</time>
      </trkpt>
      <trkpt lat="39.8709378" lon="116.6800939">
        <ele>23.9741</ele>
        <time>2026-09-09T22:29:59.277000Z</time>
      </trkpt>
      <trkpt lat="39.8709022" lon="116.6802269">
        <ele>23.98687</ele>
        <time>2026-09-09T22:30:03.258000Z</time>
      </trkpt>
      <trkpt lat="39.8708658" lon="116.6803582">
        <ele>23.97742</ele>
        <time>2026-09-09T22:30:07.238000Z</time>
      </trkpt>
      <trkpt lat="39.8708305" lon="116.6804908">
        <ele>23.94955</ele>
        <time>2026-09-09T22:30:11.219000Z</time>
      </trkpt>
      <trkpt lat="39.8707952" lon="116.6806246">
        <ele>23.88953</ele>
        <time>2026-09-09T22:30:15.199000Z</time>
      </trkpt>
      <trkpt lat="39.8707624" lon="116.6807603">
        <ele>23.7828</ele>
        <time>2026-09-09T22:30:19.180000Z</time>
      </trkpt>
      <trkpt lat="39.8707281" lon="116.680895">
        <ele>23.69009</ele>
        <time>2026-09-09T22:30:23.160000Z</time>
      </trkpt>
      <trkpt lat="39.8706908" lon="116.6810286">
        <ele>23.62108</ele>
        <time>2026-09-09T22:30:27.141000Z</time>
      </trkpt>
      <trkpt lat="39.8706573" lon="116.6811571">
        <ele>23.52534</ele>
        <time>2026-09-09T22:30:31Z</time>
      </trkpt>
      <trkpt lat="39.8706261" lon="116.6812947">
        <ele>23.42529</ele>
        <time>2026-09-09T22:30:35Z</time>
      </trkpt>
      <trkpt lat="39.8706034" lon="116.6814357">
        <ele>23.34647</ele>
        <time>2026-09-09T22:30:39Z</time>
      </trkpt>
      <trkpt lat="39.8705838" lon="116.6815788">
        <ele>23.2913</ele>
        <time>2026-09-09T22:30:43Z</time>
      </trkpt>
      <trkpt lat="39.8705504" lon="116.6817175">
        <ele>23.25778</ele>
        <time>2026-09-09T22:30:47Z</time>
      </trkpt>
      <trkpt lat="39.8705094" lon="116.6818528">
        <ele>23.22731</ele>
        <time>2026-09-09T22:30:51Z</time>
      </trkpt>
      <trkpt lat="39.8704691" lon="116.6819874">
        <ele>23.23648</ele>
        <time>2026-09-09T22:30:55Z</time>
      </trkpt>
      <trkpt lat="39.8704284" lon="116.6821221">
        <ele>23.2976</ele>
        <time>2026-09-09T22:30:58.985000Z</time>
      </trkpt>
      <trkpt lat="39.8703855" lon="116.6822607">
        <ele>23.27267</ele>
        <time>2026-09-09T22:31:02.966000Z</time>
      </trkpt>
      <trkpt lat="39.870349" lon="116.6823999">
        <ele>23.16358</ele>
        <time>2026-09-09T22:31:06.946000Z</time>
      </trkpt>
      <trkpt lat="39.8703115" lon="116.6825403">
        <ele>23.02808</ele>
        <time>2026-09-09T22:31:10.927000Z</time>
      </trkpt>
      <trkpt lat="39.8702781" lon="116.6826804">
        <ele>22.88883</ele>
        <time>2026-09-09T22:31:14.908000Z</time>
      </trkpt>
      <trkpt lat="39.8702465" lon="116.6828154">
        <ele>22.75217</ele>
        <time>2026-09-09T22:31:18.888000Z</time>
      </trkpt>
      <trkpt lat="39.8702124" lon="116.6829497">
        <ele>22.67258</ele>
        <time>2026-09-09T22:31:22.869000Z</time>
      </trkpt>
      <trkpt lat="39.8701637" lon="116.6830789">
        <ele>22.64166</ele>
        <time>2026-09-09T22:31:26.849000Z</time>
      </trkpt>
      <trkpt lat="39.8701159" lon="116.6832141">
        <ele>22.60267</ele>
        <time>2026-09-09T22:31:30.830000Z</time>
      </trkpt>
      <trkpt lat="39.870078" lon="116.6833512">
        <ele>22.55123</ele>
        <time>2026-09-09T22:31:34.810000Z</time>
      </trkpt>
      <trkpt lat="39.8700426" lon="116.6834893">
        <ele>22.48687</ele>
        <time>2026-09-09T22:31:38.791000Z</time>
      </trkpt>
      <trkpt lat="39.8700067" lon="116.6836269">
        <ele>22.41636</ele>
        <time>2026-09-09T22:31:42.772000Z</time>
      </trkpt>
      <trkpt lat="39.8699806" lon="116.6837648">
        <ele>22.37579</ele>
        <time>2026-09-09T22:31:46.752000Z</time>
      </trkpt>
      <trkpt lat="39.8699522" lon="116.6838966">
        <ele>22.37733</ele>
        <time>2026-09-09T22:31:50.733000Z</time>
      </trkpt>
      <trkpt lat="39.869918" lon="116.6840302">
        <ele>22.4154</ele>
        <time>2026-09-09T22:31:54.713000Z</time>
      </trkpt>
      <trkpt lat="39.8698812" lon="116.684166">
        <ele>22.47522</ele>
        <time>2026-09-09T22:31:58.694000Z</time>
      </trkpt>
      <trkpt lat="39.869843" lon="116.6843022">
        <ele>22.52873</ele>
        <time>2026-09-09T22:32:02.675000Z</time>
      </trkpt>
      <trkpt lat="39.8698065" lon="116.6844374">
        <ele>22.59029</ele>
        <time>2026-09-09T22:32:06.655000Z</time>
      </trkpt>
      <trkpt lat="39.8697706" lon="116.6845722">
        <ele>22.69694</ele>
        <time>2026-09-09T22:32:10.636000Z</time>
      </trkpt>
      <trkpt lat="39.8697347" lon="116.6847064">
        <ele>22.82713</ele>
        <time>2026-09-09T22:32:14.617000Z</time>
      </trkpt>
      <trkpt lat="39.8696963" lon="116.6848392">
        <ele>22.92905</ele>
        <time>2026-09-09T22:32:18.597000Z</time>
      </trkpt>
      <trkpt lat="39.8696584" lon="116.6849715">
        <ele>22.96509</ele>
        <time>2026-09-09T22:32:22.578000Z</time>
      </trkpt>
      <trkpt lat="39.8696248" lon="116.6851058">
        <ele>22.94255</ele>
        <time>2026-09-09T22:32:26.558000Z</time>
      </trkpt>
      <trkpt lat="39.869593" lon="116.6852384">
        <ele>22.90094</ele>
        <time>2026-09-09T22:32:30.539000Z</time>
      </trkpt>
      <trkpt lat="39.8695581" lon="116.6853666">
        <ele>22.87852</ele>
        <time>2026-09-09T22:32:34.520000Z</time>
      </trkpt>
      <trkpt lat="39.8695204" lon="116.685497">
        <ele>22.86297</ele>
        <time>2026-09-09T22:32:38.500000Z</time>
      </trkpt>
      <trkpt lat="39.8694821" lon="116.6856279">
        <ele>22.82788</ele>
        <time>2026-09-09T22:32:42.481000Z</time>
      </trkpt>
      <trkpt lat="39.8694457" lon="116.685758">
        <ele>22.75883</ele>
        <time>2026-09-09T22:32:46.462000Z</time>
      </trkpt>
      <trkpt lat="39.8694077" lon="116.6858854">
        <ele>22.64357</ele>
        <time>2026-09-09T22:32:50.442000Z</time>
      </trkpt>
      <trkpt lat="39.86937" lon="116.6860196">
        <ele>22.48848</ele>
        <time>2026-09-09T22:32:54.423000Z</time>
      </trkpt>
      <trkpt lat="39.8693343" lon="116.686157">
        <ele>22.32409</ele>
        <time>2026-09-09T22:32:58.403000Z</time>
      </trkpt>
      <trkpt lat="39.8692981" lon="116.6862892">
        <ele>22.18378</ele>
        <time>2026-09-09T22:33:02.384000Z</time>
      </trkpt>
      <trkpt lat="39.8692635" lon="116.6864215">
        <ele>22.08398</ele>
        <time>2026-09-09T22:33:06.365000Z</time>
      </trkpt>
      <trkpt lat="39.8692294" lon="116.6865549">
        <ele>22.04345</ele>
        <time>2026-09-09T22:33:10.345000Z</time>
      </trkpt>
      <trkpt lat="39.8691938" lon="116.6866892">
        <ele>22.04954</ele>
        <time>2026-09-09T22:33:14.326000Z</time>
      </trkpt>
      <trkpt lat="39.8691574" lon="116.6868198">
        <ele>22.06409</ele>
        <time>2026-09-09T22:33:18.307000Z</time>
      </trkpt>
      <trkpt lat="39.8691205" lon="116.6869494">
        <ele>22.07893</ele>
        <time>2026-09-09T22:33:22.287000Z</time>
      </trkpt>
      <trkpt lat="39.8690839" lon="116.6870802">
        <ele>22.13369</ele>
        <time>2026-09-09T22:33:26.268000Z</time>
      </trkpt>
      <trkpt lat="39.86905" lon="116.6872164">
        <ele>22.25028</ele>
        <time>2026-09-09T22:33:30.249000Z</time>
      </trkpt>
      <trkpt lat="39.8690209" lon="116.6873529">
        <ele>22.38462</ele>
        <time>2026-09-09T22:33:34.229000Z</time>
      </trkpt>
      <trkpt lat="39.8689922" lon="116.6874916">
        <ele>22.48944</ele>
        <time>2026-09-09T22:33:38.210000Z</time>
      </trkpt>
      <trkpt lat="39.8689619" lon="116.6876311">
        <ele>22.53948</ele>
        <time>2026-09-09T22:33:42.190000Z</time>
      </trkpt>
      <trkpt lat="39.8689275" lon="116.6877672">
        <ele>22.55813</ele>
        <time>2026-09-09T22:33:46Z</time>
      </trkpt>
      <trkpt lat="39.868893" lon="116.6879126">
        <ele>22.60822</ele>
        <time>2026-09-09T22:33:50Z</time>
      </trkpt>
      <trkpt lat="39.8688634" lon="116.6880586">
        <ele>22.69288</ele>
        <time>2026-09-09T22:33:54Z</time>
      </trkpt>
      <trkpt lat="39.8688285" lon="116.6882007">
        <ele>22.77944</ele>
        <time>2026-09-09T22:33:58Z</time>
      </trkpt>
      <trkpt lat="39.8687942" lon="116.6883393">
        <ele>22.84508</ele>
        <time>2026-09-09T22:34:02Z</time>
      </trkpt>
      <trkpt lat="39.868762" lon="116.6884817">
        <ele>22.87439</ele>
        <time>2026-09-09T22:34:06Z</time>
      </trkpt>
      <trkpt lat="39.868725" lon="116.6886228">
        <ele>22.86615</ele>
        <time>2026-09-09T22:34:10Z</time>
      </trkpt>
      <trkpt lat="39.8686808" lon="116.6887594">
        <ele>22.83247</ele>
        <time>2026-09-09T22:34:14.036000Z</time>
      </trkpt>
      <trkpt lat="39.8686108" lon="116.6888671">
        <ele>22.80776</ele>
        <time>2026-09-09T22:34:18.016000Z</time>
      </trkpt>
      <trkpt lat="39.868502" lon="116.6889116">
        <ele>22.74073</ele>
        <time>2026-09-09T22:34:21.997000Z</time>
      </trkpt>
      <trkpt lat="39.8683858" lon="116.688901">
        <ele>22.62905</ele>
        <time>2026-09-09T22:34:25.977000Z</time>
      </trkpt>
      <trkpt lat="39.8682689" lon="116.688882">
        <ele>22.54483</ele>
        <time>2026-09-09T22:34:29.958000Z</time>
      </trkpt>
      <trkpt lat="39.8681526" lon="116.6888672">
        <ele>22.48223</ele>
        <time>2026-09-09T22:34:33.939000Z</time>
      </trkpt>
      <trkpt lat="39.8680376" lon="116.6888578">
        <ele>22.41662</ele>
        <time>2026-09-09T22:34:37.919000Z</time>
      </trkpt>
      <trkpt lat="39.867924" lon="116.6888521">
        <ele>22.36059</ele>
        <time>2026-09-09T22:34:41.900000Z</time>
      </trkpt>
      <trkpt lat="39.8678136" lon="116.6888578">
        <ele>22.32257</ele>
        <time>2026-09-09T22:34:45.881000Z</time>
      </trkpt>
      <trkpt lat="39.8677028" lon="116.6888805">
        <ele>22.31055</ele>
        <time>2026-09-09T22:34:49.861000Z</time>
      </trkpt>
      <trkpt lat="39.867596" lon="116.6889243">
        <ele>22.31753</ele>
        <time>2026-09-09T22:34:53.842000Z</time>
      </trkpt>
      <trkpt lat="39.8674856" lon="116.6889516">
        <ele>22.32684</ele>
        <time>2026-09-09T22:34:57.822000Z</time>
      </trkpt>
      <trkpt lat="39.8673733" lon="116.6889734">
        <ele>22.32014</ele>
        <time>2026-09-09T22:35:01.803000Z</time>
      </trkpt>
      <trkpt lat="39.8672604" lon="116.6890006">
        <ele>22.29831</ele>
        <time>2026-09-09T22:35:05.784000Z</time>
      </trkpt>
      <trkpt lat="39.8671494" lon="116.6890269">
        <ele>22.25616</ele>
        <time>2026-09-09T22:35:09.764000Z</time>
      </trkpt>
      <trkpt lat="39.8670396" lon="116.6890581">
        <ele>22.18648</ele>
        <time>2026-09-09T22:35:13.745000Z</time>
      </trkpt>
      <trkpt lat="39.8669322" lon="116.6890974">
        <ele>22.09967</ele>
        <time>2026-09-09T22:35:17.725000Z</time>
      </trkpt>
      <trkpt lat="39.8668275" lon="116.68914">
        <ele>22.01591</ele>
        <time>2026-09-09T22:35:21.706000Z</time>
      </trkpt>
      <trkpt lat="39.866726" lon="116.6891809">
        <ele>21.9535</ele>
        <time>2026-09-09T22:35:25.686000Z</time>
      </trkpt>
      <trkpt lat="39.8666188" lon="116.6892152">
        <ele>21.92804</ele>
        <time>2026-09-09T22:35:29.665000Z</time>
      </trkpt>
      <trkpt lat="39.8665139" lon="116.6892542">
        <ele>21.9628</ele>
        <time>2026-09-09T22:35:33.645000Z</time>
      </trkpt>
      <trkpt lat="39.8664098" lon="116.6892954">
        <ele>22.04888</ele>
        <time>2026-09-09T22:35:37.625000Z</time>
      </trkpt>
      <trkpt lat="39.8663042" lon="116.6893395">
        <ele>22.12772</ele>
        <time>2026-09-09T22:35:41.605000Z</time>
      </trkpt>
      <trkpt lat="39.8661991" lon="116.6893848">
        <ele>22.13715</ele>
        <time>2026-09-09T22:35:45.586000Z</time>
      </trkpt>
      <trkpt lat="39.8660941" lon="116.6894322">
        <ele>22.07614</ele>
        <time>2026-09-09T22:35:49.566000Z</time>
      </trkpt>
      <trkpt lat="39.8659893" lon="116.6894838">
        <ele>21.98778</ele>
        <time>2026-09-09T22:35:53.546000Z</time>
      </trkpt>
      <trkpt lat="39.8658842" lon="116.689533">
        <ele>21.92813</ele>
        <time>2026-09-09T22:35:57.527000Z</time>
      </trkpt>
      <trkpt lat="39.8657797" lon="116.6895783">
        <ele>21.91501</ele>
        <time>2026-09-09T22:36:01.507000Z</time>
      </trkpt>
      <trkpt lat="39.8656732" lon="116.6896212">
        <ele>21.92834</ele>
        <time>2026-09-09T22:36:05.488000Z</time>
      </trkpt>
      <trkpt lat="39.8655657" lon="116.6896643">
        <ele>21.93997</ele>
        <time>2026-09-09T22:36:09.468000Z</time>
      </trkpt>
      <trkpt lat="39.8654642" lon="116.6897158">
        <ele>21.93846</ele>
        <time>2026-09-09T22:36:13.449000Z</time>
      </trkpt>
      <trkpt lat="39.865362" lon="116.6897706">
        <ele>21.91566</ele>
        <time>2026-09-09T22:36:17.429000Z</time>
      </trkpt>
      <trkpt lat="39.8652604" lon="116.6898258">
        <ele>21.86394</ele>
        <time>2026-09-09T22:36:21.410000Z</time>
      </trkpt>
      <trkpt lat="39.8651586" lon="116.6898831">
        <ele>21.78615</ele>
        <time>2026-09-09T22:36:25.390000Z</time>
      </trkpt>
      <trkpt lat="39.8650551" lon="116.6899364">
        <ele>21.69915</ele>
        <time>2026-09-09T22:36:29.371000Z</time>
      </trkpt>
      <trkpt lat="39.8649536" lon="116.6899902">
        <ele>21.5975</ele>
        <time>2026-09-09T22:36:33.351000Z</time>
      </trkpt>
      <trkpt lat="39.8648479" lon="116.6900426">
        <ele>21.48402</ele>
        <time>2026-09-09T22:36:37.332000Z</time>
      </trkpt>
      <trkpt lat="39.8647429" lon="116.6900893">
        <ele>21.40664</ele>
        <time>2026-09-09T22:36:41.312000Z</time>
      </trkpt>
      <trkpt lat="39.8646368" lon="116.6901388">
        <ele>21.38006</ele>
        <time>2026-09-09T22:36:45.293000Z</time>
      </trkpt>
      <trkpt lat="39.8645321" lon="116.6901954">
        <ele>21.38253</ele>
        <time>2026-09-09T22:36:49.274000Z</time>
      </trkpt>
      <trkpt lat="39.864429" lon="116.6902525">
        <ele>21.37745</ele>
        <time>2026-09-09T22:36:53.254000Z</time>
      </trkpt>
      <trkpt lat="39.8643256" lon="116.6903051">
        <ele>21.33953</ele>
        <time>2026-09-09T22:36:57.235000Z</time>
      </trkpt>
      <trkpt lat="39.8642202" lon="116.6903594">
        <ele>21.28344</ele>
        <time>2026-09-09T22:37:01.215000Z</time>
      </trkpt>
      <trkpt lat="39.8641139" lon="116.6904143">
        <ele>21.19443</ele>
        <time>2026-09-09T22:37:05.196000Z</time>
      </trkpt>
      <trkpt lat="39.8640118" lon="116.6904606">
        <ele>21.09505</ele>
        <time>2026-09-09T22:37:08.994000Z</time>
      </trkpt>
      <trkpt lat="39.8639038" lon="116.6905086">
        <ele>21.05964</ele>
        <time>2026-09-09T22:37:12.994000Z</time>
      </trkpt>
      <trkpt lat="39.8637972" lon="116.690556">
        <ele>21.0574</ele>
        <time>2026-09-09T22:37:16.994000Z</time>
      </trkpt>
      <trkpt lat="39.863691" lon="116.6906072">
        <ele>21.01944</ele>
        <time>2026-09-09T22:37:20.995000Z</time>
      </trkpt>
      <trkpt lat="39.8635832" lon="116.690656">
        <ele>20.9881</ele>
        <time>2026-09-09T22:37:24.996000Z</time>
      </trkpt>
      <trkpt lat="39.8634748" lon="116.6907072">
        <ele>20.98272</ele>
        <time>2026-09-09T22:37:28.997000Z</time>
      </trkpt>
      <trkpt lat="39.863371" lon="116.6907629">
        <ele>21.01924</ele>
        <time>2026-09-09T22:37:32.998000Z</time>
      </trkpt>
      <trkpt lat="39.8632691" lon="116.6908107">
        <ele>21.2008</ele>
        <time>2026-09-09T22:37:36.998000Z</time>
      </trkpt>
      <trkpt lat="39.8631619" lon="116.6908548">
        <ele>21.50193</ele>
        <time>2026-09-09T22:37:41.025000Z</time>
      </trkpt>
      <trkpt lat="39.8630547" lon="116.6908954">
        <ele>21.72298</ele>
        <time>2026-09-09T22:37:45.006000Z</time>
      </trkpt>
      <trkpt lat="39.8629462" lon="116.690934">
        <ele>21.84328</ele>
        <time>2026-09-09T22:37:48.986000Z</time>
      </trkpt>
      <trkpt lat="39.8628366" lon="116.6909608">
        <ele>21.88023</ele>
        <time>2026-09-09T22:37:52.967000Z</time>
      </trkpt>
      <trkpt lat="39.8627328" lon="116.6909298">
        <ele>21.84467</ele>
        <time>2026-09-09T22:37:56.948000Z</time>
      </trkpt>
      <trkpt lat="39.8626622" lon="116.6908275">
        <ele>21.75695</ele>
        <time>2026-09-09T22:38:00.928000Z</time>
      </trkpt>
      <trkpt lat="39.8626192" lon="116.6906904">
        <ele>21.65447</ele>
        <time>2026-09-09T22:38:04.909000Z</time>
      </trkpt>
      <trkpt lat="39.8625841" lon="116.6905498">
        <ele>21.57067</ele>
        <time>2026-09-09T22:38:08.890000Z</time>
      </trkpt>
      <trkpt lat="39.8625482" lon="116.6904088">
        <ele>21.52828</ele>
        <time>2026-09-09T22:38:12.870000Z</time>
      </trkpt>
      <trkpt lat="39.862508" lon="116.6902671">
        <ele>21.5291</ele>
        <time>2026-09-09T22:38:16.851000Z</time>
      </trkpt>
      <trkpt lat="39.8624669" lon="116.6901271">
        <ele>21.55982</ele>
        <time>2026-09-09T22:38:20.831000Z</time>
      </trkpt>
      <trkpt lat="39.8624292" lon="116.6899905">
        <ele>21.59753</ele>
        <time>2026-09-09T22:38:24.812000Z</time>
      </trkpt>
      <trkpt lat="39.8623942" lon="116.6898539">
        <ele>21.61446</ele>
        <time>2026-09-09T22:38:28.792000Z</time>
      </trkpt>
      <trkpt lat="39.862353" lon="116.6897185">
        <ele>21.62466</ele>
        <time>2026-09-09T22:38:32.773000Z</time>
      </trkpt>
      <trkpt lat="39.8623076" lon="116.6895875">
        <ele>21.6437</ele>
        <time>2026-09-09T22:38:36.753000Z</time>
      </trkpt>
      <trkpt lat="39.8622565" lon="116.6894616">
        <ele>21.67596</ele>
        <time>2026-09-09T22:38:40.734000Z</time>
      </trkpt>
      <trkpt lat="39.8622071" lon="116.6893325">
        <ele>21.72705</ele>
        <time>2026-09-09T22:38:44.714000Z</time>
      </trkpt>
      <trkpt lat="39.8621659" lon="116.6892009">
        <ele>21.79551</ele>
        <time>2026-09-09T22:38:48.695000Z</time>
      </trkpt>
      <trkpt lat="39.8621302" lon="116.6890677">
        <ele>21.87038</ele>
        <time>2026-09-09T22:38:52.676000Z</time>
      </trkpt>
      <trkpt lat="39.8620952" lon="116.6889333">
        <ele>21.93104</ele>
        <time>2026-09-09T22:38:56.656000Z</time>
      </trkpt>
      <trkpt lat="39.8620604" lon="116.6887997">
        <ele>21.97462</ele>
        <time>2026-09-09T22:39:00.637000Z</time>
      </trkpt>
      <trkpt lat="39.8620241" lon="116.6886672">
        <ele>22.00089</ele>
        <time>2026-09-09T22:39:04.617000Z</time>
      </trkpt>
      <trkpt lat="39.8619861" lon="116.6885331">
        <ele>22.00031</ele>
        <time>2026-09-09T22:39:08.598000Z</time>
      </trkpt>
      <trkpt lat="39.8619481" lon="116.6883967">
        <ele>21.98057</ele>
        <time>2026-09-09T22:39:12.578000Z</time>
      </trkpt>
      <trkpt lat="39.8619143" lon="116.6882587">
        <ele>21.95595</ele>
        <time>2026-09-09T22:39:16.559000Z</time>
      </trkpt>
      <trkpt lat="39.8618817" lon="116.6881173">
        <ele>21.92104</ele>
        <time>2026-09-09T22:39:20.539000Z</time>
      </trkpt>
      <trkpt lat="39.8618438" lon="116.687969">
        <ele>21.86365</ele>
        <time>2026-09-09T22:39:24.520000Z</time>
      </trkpt>
      <trkpt lat="39.8618098" lon="116.6878571">
        <ele>21.81072</ele>
        <time>2026-09-09T22:39:27.505000Z</time>
      </trkpt>
      <trkpt lat="39.8617744" lon="116.6877469">
        <ele>21.75916</ele>
        <time>2026-09-09T22:39:30.490000Z</time>
      </trkpt>
      <trkpt lat="39.8617382" lon="116.687637">
        <ele>21.71657</ele>
        <time>2026-09-09T22:39:33.476000Z</time>
      </trkpt>
      <trkpt lat="39.8616979" lon="116.6875299">
        <ele>21.69226</ele>
        <time>2026-09-09T22:39:36.461000Z</time>
      </trkpt>
      <trkpt lat="39.8616325" lon="116.6874048">
        <ele>21.7175</ele>
        <time>2026-09-09T22:39:40.442000Z</time>
      </trkpt>
      <trkpt lat="39.8615302" lon="116.6873578">
        <ele>21.83518</ele>
        <time>2026-09-09T22:39:44.422000Z</time>
      </trkpt>
      <trkpt lat="39.8614398" lon="116.687368">
        <ele>21.98271</ele>
        <time>2026-09-09T22:39:47.408000Z</time>
      </trkpt>
      <trkpt lat="39.8613474" lon="116.6873741">
        <ele>22.17075</ele>
        <time>2026-09-09T22:39:50.393000Z</time>
      </trkpt>
      <trkpt lat="39.8612458" lon="116.6873206">
        <ele>22.44632</ele>
        <time>2026-09-09T22:39:54.373000Z</time>
      </trkpt>
      <trkpt lat="39.861182" lon="116.6872026">
        <ele>22.70225</ele>
        <time>2026-09-09T22:39:58.354000Z</time>
      </trkpt>
      <trkpt lat="39.8610885" lon="116.6871391">
        <ele>22.89137</ele>
        <time>2026-09-09T22:40:02.334000Z</time>
      </trkpt>
      <trkpt lat="39.8609757" lon="116.6871314">
        <ele>23.00728</ele>
        <time>2026-09-09T22:40:06.315000Z</time>
      </trkpt>
      <trkpt lat="39.860861" lon="116.6871301">
        <ele>23.058</ele>
        <time>2026-09-09T22:40:10.295000Z</time>
      </trkpt>
      <trkpt lat="39.8607481" lon="116.6871296">
        <ele>23.07704</ele>
        <time>2026-09-09T22:40:14.276000Z</time>
      </trkpt>
      <trkpt lat="39.8606369" lon="116.6871381">
        <ele>23.09393</ele>
        <time>2026-09-09T22:40:18.256000Z</time>
      </trkpt>
      <trkpt lat="39.860528" lon="116.6871593">
        <ele>23.15909</ele>
        <time>2026-09-09T22:40:22.237000Z</time>
      </trkpt>
      <trkpt lat="39.8604167" lon="116.6871611">
        <ele>23.29508</ele>
        <time>2026-09-09T22:40:26.218000Z</time>
      </trkpt>
      <trkpt lat="39.8603034" lon="116.6871557">
        <ele>23.47759</ele>
        <time>2026-09-09T22:40:30.198000Z</time>
      </trkpt>
      <trkpt lat="39.8601981" lon="116.687152">
        <ele>23.61571</ele>
        <time>2026-09-09T22:40:34Z</time>
      </trkpt>
      <trkpt lat="39.8600886" lon="116.6871493">
        <ele>23.69477</ele>
        <time>2026-09-09T22:40:38Z</time>
      </trkpt>
      <trkpt lat="39.8599806" lon="116.6871468">
        <ele>23.76616</ele>
        <time>2026-09-09T22:40:42Z</time>
      </trkpt>
      <trkpt lat="39.859873" lon="116.6871446">
        <ele>23.85322</ele>
        <time>2026-09-09T22:40:46Z</time>
      </trkpt>
      <trkpt lat="39.8597624" lon="116.6871419">
        <ele>23.92116</ele>
        <time>2026-09-09T22:40:50Z</time>
      </trkpt>
      <trkpt lat="39.8596498" lon="116.6871369">
        <ele>23.93972</ele>
        <time>2026-09-09T22:40:54Z</time>
      </trkpt>
      <trkpt lat="39.859538" lon="116.687131">
        <ele>23.95188</ele>
        <time>2026-09-09T22:40:58Z</time>
      </trkpt>
      <trkpt lat="39.8594274" lon="116.6871295">
        <ele>23.9967</ele>
        <time>2026-09-09T22:41:02Z</time>
      </trkpt>
      <trkpt lat="39.8593165" lon="116.6871276">
        <ele>23.99225</ele>
        <time>2026-09-09T22:41:06Z</time>
      </trkpt>
      <trkpt lat="39.8592041" lon="116.6871258">
        <ele>23.81263</ele>
        <time>2026-09-09T22:41:10Z</time>
      </trkpt>
      <trkpt lat="39.85909" lon="116.6871176">
        <ele>23.4523</ele>
        <time>2026-09-09T22:41:13.984000Z</time>
      </trkpt>
      <trkpt lat="39.8589829" lon="116.6870825">
        <ele>23.12769</ele>
        <time>2026-09-09T22:41:17.965000Z</time>
      </trkpt>
      <trkpt lat="39.8589148" lon="116.6869831">
        <ele>22.97495</ele>
        <time>2026-09-09T22:41:21.945000Z</time>
      </trkpt>
      <trkpt lat="39.858888" lon="116.6868529">
        <ele>23.02646</ele>
        <time>2026-09-09T22:41:25.926000Z</time>
      </trkpt>
      <trkpt lat="39.8588705" lon="116.6867092">
        <ele>23.18377</ele>
        <time>2026-09-09T22:41:29.906000Z</time>
      </trkpt>
      <trkpt lat="39.85885" lon="116.6865634">
        <ele>23.35639</ele>
        <time>2026-09-09T22:41:33.887000Z</time>
      </trkpt>
      <trkpt lat="39.8588292" lon="116.6864138">
        <ele>23.51013</ele>
        <time>2026-09-09T22:41:37.867000Z</time>
      </trkpt>
      <trkpt lat="39.8588067" lon="116.6862619">
        <ele>23.62506</ele>
        <time>2026-09-09T22:41:41.848000Z</time>
      </trkpt>
      <trkpt lat="39.8587889" lon="116.6861468">
        <ele>23.67548</ele>
        <time>2026-09-09T22:41:44.833000Z</time>
      </trkpt>
      <trkpt lat="39.8587648" lon="116.685996">
        <ele>23.69835</ele>
        <time>2026-09-09T22:41:48.814000Z</time>
      </trkpt>
      <trkpt lat="39.8587426" lon="116.6858485">
        <ele>23.68992</ele>
        <time>2026-09-09T22:41:52.794000Z</time>
      </trkpt>
      <trkpt lat="39.8587132" lon="116.6857062">
        <ele>23.67147</ele>
        <time>2026-09-09T22:41:56.775000Z</time>
      </trkpt>
      <trkpt lat="39.8586907" lon="116.6855573">
        <ele>23.67332</ele>
        <time>2026-09-09T22:42:00.755000Z</time>
      </trkpt>
      <trkpt lat="39.8586847" lon="116.6854025">
        <ele>23.70606</ele>
        <time>2026-09-09T22:42:04.736000Z</time>
      </trkpt>
      <trkpt lat="39.8586882" lon="116.685248">
        <ele>23.76736</ele>
        <time>2026-09-09T22:42:08.716000Z</time>
      </trkpt>
      <trkpt lat="39.8586971" lon="116.6850942">
        <ele>23.87175</ele>
        <time>2026-09-09T22:42:12.697000Z</time>
      </trkpt>
      <trkpt lat="39.858705" lon="116.6849751">
        <ele>23.9762</ele>
        <time>2026-09-09T22:42:15.682000Z</time>
      </trkpt>
      <trkpt lat="39.858715" lon="116.6848574">
        <ele>24.07696</ele>
        <time>2026-09-09T22:42:18.668000Z</time>
      </trkpt>
      <trkpt lat="39.8587267" lon="116.6847412">
        <ele>24.14802</ele>
        <time>2026-09-09T22:42:21.653000Z</time>
      </trkpt>
      <trkpt lat="39.8587378" lon="116.6846248">
        <ele>24.17347</ele>
        <time>2026-09-09T22:42:24.639000Z</time>
      </trkpt>
      <trkpt lat="39.858751" lon="116.6844781">
        <ele>24.13558</ele>
        <time>2026-09-09T22:42:28.619000Z</time>
      </trkpt>
      <trkpt lat="39.8587597" lon="116.684336">
        <ele>24.03131</ele>
        <time>2026-09-09T22:42:32.600000Z</time>
      </trkpt>
      <trkpt lat="39.8587804" lon="116.6841964">
        <ele>23.87597</ele>
        <time>2026-09-09T22:42:36.580000Z</time>
      </trkpt>
      <trkpt lat="39.8588025" lon="116.6840553">
        <ele>23.70808</ele>
        <time>2026-09-09T22:42:40.561000Z</time>
      </trkpt>
      <trkpt lat="39.8588243" lon="116.6839088">
        <ele>23.57386</ele>
        <time>2026-09-09T22:42:44.541000Z</time>
      </trkpt>
      <trkpt lat="39.8588512" lon="116.683757">
        <ele>23.50011</ele>
        <time>2026-09-09T22:42:48.522000Z</time>
      </trkpt>
      <trkpt lat="39.858873" lon="116.6836426">
        <ele>23.47269</ele>
        <time>2026-09-09T22:42:51.507000Z</time>
      </trkpt>
      <trkpt lat="39.8588965" lon="116.6835268">
        <ele>23.44615</ele>
        <time>2026-09-09T22:42:54.492000Z</time>
      </trkpt>
      <trkpt lat="39.8589195" lon="116.6834112">
        <ele>23.40387</ele>
        <time>2026-09-09T22:42:57.478000Z</time>
      </trkpt>
      <trkpt lat="39.8589427" lon="116.6832964">
        <ele>23.34509</ele>
        <time>2026-09-09T22:43:00.463000Z</time>
      </trkpt>
      <trkpt lat="39.8589664" lon="116.6831437">
        <ele>23.25466</ele>
        <time>2026-09-09T22:43:04.444000Z</time>
      </trkpt>
      <trkpt lat="39.8589733" lon="116.6830264">
        <ele>23.1791</ele>
        <time>2026-09-09T22:43:07.429000Z</time>
      </trkpt>
      <trkpt lat="39.8589733" lon="116.6828748">
        <ele>23.06863</ele>
        <time>2026-09-09T22:43:11.409000Z</time>
      </trkpt>
      <trkpt lat="39.8589674" lon="116.6827288">
        <ele>22.96538</ele>
        <time>2026-09-09T22:43:15.390000Z</time>
      </trkpt>
      <trkpt lat="39.8589619" lon="116.6825872">
        <ele>22.87398</ele>
        <time>2026-09-09T22:43:19.370000Z</time>
      </trkpt>
      <trkpt lat="39.8589549" lon="116.6824494">
        <ele>22.78763</ele>
        <time>2026-09-09T22:43:23.351000Z</time>
      </trkpt>
      <trkpt lat="39.8589302" lon="116.6823144">
        <ele>22.73721</ele>
        <time>2026-09-09T22:43:27.331000Z</time>
      </trkpt>
      <trkpt lat="39.8589225" lon="116.6821768">
        <ele>22.76137</ele>
        <time>2026-09-09T22:43:31.312000Z</time>
      </trkpt>
      <trkpt lat="39.8589275" lon="116.6820356">
        <ele>22.84113</ele>
        <time>2026-09-09T22:43:35.292000Z</time>
      </trkpt>
      <trkpt lat="39.8589339" lon="116.6818897">
        <ele>22.95992</ele>
        <time>2026-09-09T22:43:39.273000Z</time>
      </trkpt>
      <trkpt lat="39.8589377" lon="116.6817428">
        <ele>23.12273</ele>
        <time>2026-09-09T22:43:43.253000Z</time>
      </trkpt>
      <trkpt lat="39.8589382" lon="116.681597">
        <ele>23.32836</ele>
        <time>2026-09-09T22:43:47.234000Z</time>
      </trkpt>
      <trkpt lat="39.8589397" lon="116.6814491">
        <ele>23.56315</ele>
        <time>2026-09-09T22:43:51.214000Z</time>
      </trkpt>
      <trkpt lat="39.8589429" lon="116.6813003">
        <ele>23.81311</ele>
        <time>2026-09-09T22:43:55.195000Z</time>
      </trkpt>
      <trkpt lat="39.8589479" lon="116.6811519">
        <ele>24.04669</ele>
        <time>2026-09-09T22:43:59.175000Z</time>
      </trkpt>
      <trkpt lat="39.8589527" lon="116.6810025">
        <ele>24.21645</ele>
        <time>2026-09-09T22:44:03.156000Z</time>
      </trkpt>
      <trkpt lat="39.8589576" lon="116.6808526">
        <ele>24.29848</ele>
        <time>2026-09-09T22:44:07.136000Z</time>
      </trkpt>
      <trkpt lat="39.8589616" lon="116.6807053">
        <ele>24.30175</ele>
        <time>2026-09-09T22:44:11Z</time>
      </trkpt>
      <trkpt lat="39.8589595" lon="116.6805555">
        <ele>24.257</ele>
        <time>2026-09-09T22:44:15Z</time>
      </trkpt>
      <trkpt lat="39.8589536" lon="116.6804063">
        <ele>24.23603</ele>
        <time>2026-09-09T22:44:19Z</time>
      </trkpt>
      <trkpt lat="39.8589529" lon="116.6802553">
        <ele>24.31094</ele>
        <time>2026-09-09T22:44:23Z</time>
      </trkpt>
      <trkpt lat="39.85896" lon="116.6801007">
        <ele>24.41112</ele>
        <time>2026-09-09T22:44:27Z</time>
      </trkpt>
      <trkpt lat="39.8589665" lon="116.6799465">
        <ele>24.3776</ele>
        <time>2026-09-09T22:44:31Z</time>
      </trkpt>
      <trkpt lat="39.8589681" lon="116.6797909">
        <ele>24.14105</ele>
        <time>2026-09-09T22:44:34.999000Z</time>
      </trkpt>
      <trkpt lat="39.8589672" lon="116.679671">
        <ele>23.86647</ele>
        <time>2026-09-09T22:44:37.984000Z</time>
      </trkpt>
      <trkpt lat="39.8589649" lon="116.679548">
        <ele>23.60649</ele>
        <time>2026-09-09T22:44:40.970000Z</time>
      </trkpt>
      <trkpt lat="39.8589606" lon="116.6794237">
        <ele>23.41493</ele>
        <time>2026-09-09T22:44:43.955000Z</time>
      </trkpt>
      <trkpt lat="39.8589513" lon="116.6792998">
        <ele>23.2987</ele>
        <time>2026-09-09T22:44:46.940000Z</time>
      </trkpt>
      <trkpt lat="39.858937" lon="116.6791773">
        <ele>23.23545</ele>
        <time>2026-09-09T22:44:49.926000Z</time>
      </trkpt>
      <trkpt lat="39.8589181" lon="116.6790552">
        <ele>23.20994</ele>
        <time>2026-09-09T22:44:52.911000Z</time>
      </trkpt>
      <trkpt lat="39.8589039" lon="116.6789352">
        <ele>23.2171</ele>
        <time>2026-09-09T22:44:55.896000Z</time>
      </trkpt>
      <trkpt lat="39.8589002" lon="116.6787797">
        <ele>23.26519</ele>
        <time>2026-09-09T22:44:59.877000Z</time>
      </trkpt>
      <trkpt lat="39.8589" lon="116.6786612">
        <ele>23.31957</ele>
        <time>2026-09-09T22:45:02.862000Z</time>
      </trkpt>
      <trkpt lat="39.8589001" lon="116.6785435">
        <ele>23.38103</ele>
        <time>2026-09-09T22:45:05.848000Z</time>
      </trkpt>
      <trkpt lat="39.8589012" lon="116.6784251">
        <ele>23.43918</ele>
        <time>2026-09-09T22:45:08.833000Z</time>
      </trkpt>
      <trkpt lat="39.8589035" lon="116.6783082">
        <ele>23.49167</ele>
        <time>2026-09-09T22:45:11.818000Z</time>
      </trkpt>
      <trkpt lat="39.8589061" lon="116.6781903">
        <ele>23.53862</ele>
        <time>2026-09-09T22:45:14.804000Z</time>
      </trkpt>
      <trkpt lat="39.8589094" lon="116.6780732">
        <ele>23.57953</ele>
        <time>2026-09-09T22:45:17.789000Z</time>
      </trkpt>
      <trkpt lat="39.858916" lon="116.677955">
        <ele>23.61774</ele>
        <time>2026-09-09T22:45:20.774000Z</time>
      </trkpt>
      <trkpt lat="39.8589257" lon="116.6778328">
        <ele>23.65623</ele>
        <time>2026-09-09T22:45:23.759000Z</time>
      </trkpt>
      <trkpt lat="39.8589322" lon="116.6777128">
        <ele>23.69082</ele>
        <time>2026-09-09T22:45:26.745000Z</time>
      </trkpt>
      <trkpt lat="39.8589344" lon="116.6775569">
        <ele>23.72186</ele>
        <time>2026-09-09T22:45:30.725000Z</time>
      </trkpt>
      <trkpt lat="39.8589344" lon="116.677439">
        <ele>23.71884</ele>
        <time>2026-09-09T22:45:33.711000Z</time>
      </trkpt>
      <trkpt lat="39.8589363" lon="116.6772853">
        <ele>23.65921</ele>
        <time>2026-09-09T22:45:37.691000Z</time>
      </trkpt>
      <trkpt lat="39.8589406" lon="116.677134">
        <ele>23.53861</ele>
        <time>2026-09-09T22:45:41.671000Z</time>
      </trkpt>
      <trkpt lat="39.858942" lon="116.6769836">
        <ele>23.38306</ele>
        <time>2026-09-09T22:45:45.651000Z</time>
      </trkpt>
      <trkpt lat="39.8589412" lon="116.6768323">
        <ele>23.23231</ele>
        <time>2026-09-09T22:45:49.632000Z</time>
      </trkpt>
      <trkpt lat="39.8589418" lon="116.6766837">
        <ele>23.12345</ele>
        <time>2026-09-09T22:45:53.612000Z</time>
      </trkpt>
      <trkpt lat="39.8589444" lon="116.676538">
        <ele>23.08026</ele>
        <time>2026-09-09T22:45:57.593000Z</time>
      </trkpt>
      <trkpt lat="39.8589421" lon="116.6763886">
        <ele>23.08722</ele>
        <time>2026-09-09T22:46:01.573000Z</time>
      </trkpt>
      <trkpt lat="39.8589359" lon="116.6762375">
        <ele>23.13113</ele>
        <time>2026-09-09T22:46:05.554000Z</time>
      </trkpt>
      <trkpt lat="39.8589284" lon="116.6760882">
        <ele>23.21068</ele>
        <time>2026-09-09T22:46:09.534000Z</time>
      </trkpt>
      <trkpt lat="39.858923" lon="116.6759363">
        <ele>23.30465</ele>
        <time>2026-09-09T22:46:13.515000Z</time>
      </trkpt>
      <trkpt lat="39.8589156" lon="116.6757852">
        <ele>23.38525</ele>
        <time>2026-09-09T22:46:17.495000Z</time>
      </trkpt>
      <trkpt lat="39.8589092" lon="116.6756381">
        <ele>23.45861</ele>
        <time>2026-09-09T22:46:21.476000Z</time>
      </trkpt>
      <trkpt lat="39.8589053" lon="116.6754902">
        <ele>23.52555</ele>
        <time>2026-09-09T22:46:25.456000Z</time>
      </trkpt>
      <trkpt lat="39.8589001" lon="116.6753455">
        <ele>23.57182</ele>
        <time>2026-09-09T22:46:29.437000Z</time>
      </trkpt>
      <trkpt lat="39.8589141" lon="116.6752003">
        <ele>23.56067</ele>
        <time>2026-09-09T22:46:33.417000Z</time>
      </trkpt>
      <trkpt lat="39.858943" lon="116.6750533">
        <ele>23.46061</ele>
        <time>2026-09-09T22:46:37.397000Z</time>
      </trkpt>
      <trkpt lat="39.8589594" lon="116.6749052">
        <ele>23.2927</ele>
        <time>2026-09-09T22:46:41.378000Z</time>
      </trkpt>
      <trkpt lat="39.8589674" lon="116.6747565">
        <ele>23.11065</ele>
        <time>2026-09-09T22:46:45.358000Z</time>
      </trkpt>
      <trkpt lat="39.8589775" lon="116.6746082">
        <ele>22.96269</ele>
        <time>2026-09-09T22:46:49.339000Z</time>
      </trkpt>
      <trkpt lat="39.8589887" lon="116.6744609">
        <ele>22.85841</ele>
        <time>2026-09-09T22:46:53.319000Z</time>
      </trkpt>
      <trkpt lat="39.8589968" lon="116.6743169">
        <ele>22.80111</ele>
        <time>2026-09-09T22:46:57.300000Z</time>
      </trkpt>
      <trkpt lat="39.8590027" lon="116.6741721">
        <ele>22.80644</ele>
        <time>2026-09-09T22:47:01.280000Z</time>
      </trkpt>
      <trkpt lat="39.8590059" lon="116.6740259">
        <ele>22.89828</ele>
        <time>2026-09-09T22:47:05.260000Z</time>
      </trkpt>
      <trkpt lat="39.8590082" lon="116.6738798">
        <ele>23.10145</ele>
        <time>2026-09-09T22:47:09.241000Z</time>
      </trkpt>
      <trkpt lat="39.8590109" lon="116.673735">
        <ele>23.42862</ele>
        <time>2026-09-09T22:47:13.221000Z</time>
      </trkpt>
      <trkpt lat="39.8590104" lon="116.6735902">
        <ele>23.85048</ele>
        <time>2026-09-09T22:47:17.202000Z</time>
      </trkpt>
      <trkpt lat="39.8590088" lon="116.6734512">
        <ele>24.18463</ele>
        <time>2026-09-09T22:47:21Z</time>
      </trkpt>
      <trkpt lat="39.8590092" lon="116.6733078">
        <ele>24.28873</ele>
        <time>2026-09-09T22:47:25Z</time>
      </trkpt>
      <trkpt lat="39.8590164" lon="116.6731614">
        <ele>24.17977</ele>
        <time>2026-09-09T22:47:29Z</time>
      </trkpt>
      <trkpt lat="39.8590238" lon="116.6730097">
        <ele>23.99094</ele>
        <time>2026-09-09T22:47:33.123000Z</time>
      </trkpt>
      <trkpt lat="39.859029" lon="116.6728656">
        <ele>23.99488</ele>
        <time>2026-09-09T22:47:37.104000Z</time>
      </trkpt>
      <trkpt lat="39.8590309" lon="116.6727269">
        <ele>24.20791</ele>
        <time>2026-09-09T22:47:41.084000Z</time>
      </trkpt>
      <trkpt lat="39.8590256" lon="116.6725992">
        <ele>24.42244</ele>
        <time>2026-09-09T22:47:45Z</time>
      </trkpt>
      <trkpt lat="39.8590276" lon="116.6724649">
        <ele>24.47449</ele>
        <time>2026-09-09T22:47:49Z</time>
      </trkpt>
      <trkpt lat="39.8590291" lon="116.6723241">
        <ele>24.41893</ele>
        <time>2026-09-09T22:47:53Z</time>
      </trkpt>
      <trkpt lat="39.8590286" lon="116.6721782">
        <ele>24.21125</ele>
        <time>2026-09-09T22:47:57Z</time>
      </trkpt>
      <trkpt lat="39.8590283" lon="116.6720302">
        <ele>23.84583</ele>
        <time>2026-09-09T22:48:00.986000Z</time>
      </trkpt>
      <trkpt lat="39.8590246" lon="116.6718815">
        <ele>23.51575</ele>
        <time>2026-09-09T22:48:04.966000Z</time>
      </trkpt>
      <trkpt lat="39.8590181" lon="116.6717344">
        <ele>23.28233</ele>
        <time>2026-09-09T22:48:08.947000Z</time>
      </trkpt>
      <trkpt lat="39.8590097" lon="116.6715886">
        <ele>23.12964</ele>
        <time>2026-09-09T22:48:12.927000Z</time>
      </trkpt>
      <trkpt lat="39.8590082" lon="116.6714458">
        <ele>23.02258</ele>
        <time>2026-09-09T22:48:16.908000Z</time>
      </trkpt>
      <trkpt lat="39.8590117" lon="116.6713073">
        <ele>22.90292</ele>
        <time>2026-09-09T22:48:20.888000Z</time>
      </trkpt>
      <trkpt lat="39.8590143" lon="116.6711686">
        <ele>22.73952</ele>
        <time>2026-09-09T22:48:24.869000Z</time>
      </trkpt>
      <trkpt lat="39.8590137" lon="116.6710287">
        <ele>22.56308</ele>
        <time>2026-09-09T22:48:28.849000Z</time>
      </trkpt>
      <trkpt lat="39.8590125" lon="116.6708909">
        <ele>22.41381</ele>
        <time>2026-09-09T22:48:32.829000Z</time>
      </trkpt>
      <trkpt lat="39.8590114" lon="116.6707526">
        <ele>22.30511</ele>
        <time>2026-09-09T22:48:36.810000Z</time>
      </trkpt>
      <trkpt lat="39.8590096" lon="116.6706145">
        <ele>22.23074</ele>
        <time>2026-09-09T22:48:40.790000Z</time>
      </trkpt>
      <trkpt lat="39.8590085" lon="116.6704766">
        <ele>22.18059</ele>
        <time>2026-09-09T22:48:44.771000Z</time>
      </trkpt>
      <trkpt lat="39.8590095" lon="116.6703372">
        <ele>22.15911</ele>
        <time>2026-09-09T22:48:48.751000Z</time>
      </trkpt>
      <trkpt lat="39.8590126" lon="116.6701995">
        <ele>22.17137</ele>
        <time>2026-09-09T22:48:52.731000Z</time>
      </trkpt>
      <trkpt lat="39.859017" lon="116.6700619">
        <ele>22.21982</ele>
        <time>2026-09-09T22:48:56.712000Z</time>
      </trkpt>
      <trkpt lat="39.8590191" lon="116.6699262">
        <ele>22.30988</ele>
        <time>2026-09-09T22:49:00.692000Z</time>
      </trkpt>
      <trkpt lat="39.8590112" lon="116.6697924">
        <ele>22.44606</ele>
        <time>2026-09-09T22:49:04.673000Z</time>
      </trkpt>
      <trkpt lat="39.8590105" lon="116.6696563">
        <ele>22.61686</ele>
        <time>2026-09-09T22:49:08.653000Z</time>
      </trkpt>
      <trkpt lat="39.8590164" lon="116.669517">
        <ele>22.79187</ele>
        <time>2026-09-09T22:49:12.633000Z</time>
      </trkpt>
      <trkpt lat="39.8590152" lon="116.6693772">
        <ele>22.9585</ele>
        <time>2026-09-09T22:49:16.614000Z</time>
      </trkpt>
      <trkpt lat="39.859014" lon="116.6692385">
        <ele>23.11408</ele>
        <time>2026-09-09T22:49:20.594000Z</time>
      </trkpt>
      <trkpt lat="39.8590145" lon="116.6691014">
        <ele>23.23656</ele>
        <time>2026-09-09T22:49:24.575000Z</time>
      </trkpt>
      <trkpt lat="39.8590173" lon="116.668965">
        <ele>23.29398</ele>
        <time>2026-09-09T22:49:28.555000Z</time>
      </trkpt>
      <trkpt lat="39.8590246" lon="116.6688292">
        <ele>23.28034</ele>
        <time>2026-09-09T22:49:32.535000Z</time>
      </trkpt>
      <trkpt lat="39.8590298" lon="116.6686893">
        <ele>23.20737</ele>
        <time>2026-09-09T22:49:36.516000Z</time>
      </trkpt>
      <trkpt lat="39.8590314" lon="116.6685477">
        <ele>23.10049</ele>
        <time>2026-09-09T22:49:40.496000Z</time>
      </trkpt>
      <trkpt lat="39.8590304" lon="116.6684013">
        <ele>22.98786</ele>
        <time>2026-09-09T22:49:44.477000Z</time>
      </trkpt>
      <trkpt lat="39.8590322" lon="116.6682566">
        <ele>22.89401</ele>
        <time>2026-09-09T22:49:48.457000Z</time>
      </trkpt>
      <trkpt lat="39.8590357" lon="116.6681098">
        <ele>22.83832</ele>
        <time>2026-09-09T22:49:52.437000Z</time>
      </trkpt>
      <trkpt lat="39.8590362" lon="116.667962">
        <ele>22.80325</ele>
        <time>2026-09-09T22:49:56.418000Z</time>
      </trkpt>
      <trkpt lat="39.8590313" lon="116.6678109">
        <ele>22.78017</ele>
        <time>2026-09-09T22:50:00.398000Z</time>
      </trkpt>
      <trkpt lat="39.8590292" lon="116.6676938">
        <ele>22.76724</ele>
        <time>2026-09-09T22:50:03.384000Z</time>
      </trkpt>
      <trkpt lat="39.859028" lon="116.6675437">
        <ele>22.7619</ele>
        <time>2026-09-09T22:50:07.364000Z</time>
      </trkpt>
      <trkpt lat="39.8590371" lon="116.6673916">
        <ele>22.77116</ele>
        <time>2026-09-09T22:50:11.345000Z</time>
      </trkpt>
      <trkpt lat="39.859042" lon="116.6672388">
        <ele>22.78566</ele>
        <time>2026-09-09T22:50:15.325000Z</time>
      </trkpt>
      <trkpt lat="39.8590415" lon="116.6670848">
        <ele>22.81545</ele>
        <time>2026-09-09T22:50:19.306000Z</time>
      </trkpt>
      <trkpt lat="39.8590436" lon="116.6669348">
        <ele>22.85682</ele>
        <time>2026-09-09T22:50:23.286000Z</time>
      </trkpt>
      <trkpt lat="39.8590414" lon="116.6667915">
        <ele>22.88717</ele>
        <time>2026-09-09T22:50:27.266000Z</time>
      </trkpt>
      <trkpt lat="39.8590411" lon="116.666648">
        <ele>22.9339</ele>
        <time>2026-09-09T22:50:31.247000Z</time>
      </trkpt>
      <trkpt lat="39.8590405" lon="116.6665047">
        <ele>23.03503</ele>
        <time>2026-09-09T22:50:35.227000Z</time>
      </trkpt>
      <trkpt lat="39.8590403" lon="116.6663633">
        <ele>23.24536</ele>
        <time>2026-09-09T22:50:39.208000Z</time>
      </trkpt>
      <trkpt lat="39.859043" lon="116.6662211">
        <ele>23.60725</ele>
        <time>2026-09-09T22:50:43.188000Z</time>
      </trkpt>
      <trkpt lat="39.8590448" lon="116.6660765">
        <ele>24.05843</ele>
        <time>2026-09-09T22:50:47.169000Z</time>
      </trkpt>
      <trkpt lat="39.8590469" lon="116.6659384">
        <ele>24.35104</ele>
        <time>2026-09-09T22:50:51Z</time>
      </trkpt>
      <trkpt lat="39.8590493" lon="116.6657952">
        <ele>24.4271</ele>
        <time>2026-09-09T22:50:55Z</time>
      </trkpt>
      <trkpt lat="39.8590506" lon="116.6656511">
        <ele>24.44343</ele>
        <time>2026-09-09T22:50:59Z</time>
      </trkpt>
      <trkpt lat="39.859048" lon="116.6655046">
        <ele>24.46159</ele>
        <time>2026-09-09T22:51:03Z</time>
      </trkpt>
      <trkpt lat="39.8590441" lon="116.6653604">
        <ele>24.45723</ele>
        <time>2026-09-09T22:51:07Z</time>
      </trkpt>
      <trkpt lat="39.8590398" lon="116.6652177">
        <ele>24.41826</ele>
        <time>2026-09-09T22:51:11Z</time>
      </trkpt>
      <trkpt lat="39.8590411" lon="116.665074">
        <ele>24.37319</ele>
        <time>2026-09-09T22:51:15Z</time>
      </trkpt>
      <trkpt lat="39.8590382" lon="116.6649302">
        <ele>24.36835</ele>
        <time>2026-09-09T22:51:19Z</time>
      </trkpt>
      <trkpt lat="39.8590341" lon="116.6647821">
        <ele>24.35676</ele>
        <time>2026-09-09T22:51:22.992000Z</time>
      </trkpt>
      <trkpt lat="39.8590317" lon="116.6646309">
        <ele>24.36963</ele>
        <time>2026-09-09T22:51:26.973000Z</time>
      </trkpt>
      <trkpt lat="39.8590277" lon="116.6644829">
        <ele>24.4395</ele>
        <time>2026-09-09T22:51:30.953000Z</time>
      </trkpt>
      <trkpt lat="39.8590231" lon="116.664333">
        <ele>24.51853</ele>
        <time>2026-09-09T22:51:34.934000Z</time>
      </trkpt>
      <trkpt lat="39.8590215" lon="116.6641787">
        <ele>24.56183</ele>
        <time>2026-09-09T22:51:38.914000Z</time>
      </trkpt>
      <trkpt lat="39.859023" lon="116.6640616">
        <ele>24.57268</ele>
        <time>2026-09-09T22:51:41.899000Z</time>
      </trkpt>
      <trkpt lat="39.8590251" lon="116.6639075">
        <ele>24.58399</ele>
        <time>2026-09-09T22:51:45.880000Z</time>
      </trkpt>
      <trkpt lat="39.8590266" lon="116.663753">
        <ele>24.61752</ele>
        <time>2026-09-09T22:51:49.860000Z</time>
      </trkpt>
      <trkpt lat="39.8590271" lon="116.6636354">
        <ele>24.65782</ele>
        <time>2026-09-09T22:51:52.845000Z</time>
      </trkpt>
      <trkpt lat="39.8590272" lon="116.663479">
        <ele>24.7178</ele>
        <time>2026-09-09T22:51:56.826000Z</time>
      </trkpt>
      <trkpt lat="39.8590281" lon="116.6633565">
        <ele>24.76122</ele>
        <time>2026-09-09T22:51:59.811000Z</time>
      </trkpt>
      <trkpt lat="39.859031" lon="116.6632313">
        <ele>24.80417</ele>
        <time>2026-09-09T22:52:02.796000Z</time>
      </trkpt>
      <trkpt lat="39.859033" lon="116.6631076">
        <ele>24.84538</ele>
        <time>2026-09-09T22:52:05.782000Z</time>
      </trkpt>
      <trkpt lat="39.8590312" lon="116.6629867">
        <ele>24.88373</ele>
        <time>2026-09-09T22:52:08.767000Z</time>
      </trkpt>
      <trkpt lat="39.8590272" lon="116.6628679">
        <ele>24.92604</ele>
        <time>2026-09-09T22:52:11.752000Z</time>
      </trkpt>
      <trkpt lat="39.8590266" lon="116.6627495">
        <ele>24.97796</ele>
        <time>2026-09-09T22:52:14.738000Z</time>
      </trkpt>
      <trkpt lat="39.8590307" lon="116.6625975">
        <ele>25.06039</ele>
        <time>2026-09-09T22:52:18.718000Z</time>
      </trkpt>
      <trkpt lat="39.8590354" lon="116.6624504">
        <ele>25.13845</ele>
        <time>2026-09-09T22:52:22.698000Z</time>
      </trkpt>
      <trkpt lat="39.8590391" lon="116.6623022">
        <ele>25.21018</ele>
        <time>2026-09-09T22:52:26.679000Z</time>
      </trkpt>
      <trkpt lat="39.8590408" lon="116.6621552">
        <ele>25.28453</ele>
        <time>2026-09-09T22:52:30.659000Z</time>
      </trkpt>
      <trkpt lat="39.8590391" lon="116.6620071">
        <ele>25.35478</ele>
        <time>2026-09-09T22:52:34.640000Z</time>
      </trkpt>
      <trkpt lat="39.8590372" lon="116.6618587">
        <ele>25.41043</ele>
        <time>2026-09-09T22:52:38.620000Z</time>
      </trkpt>
      <trkpt lat="39.8590284" lon="116.6617126">
        <ele>25.46153</ele>
        <time>2026-09-09T22:52:42.600000Z</time>
      </trkpt>
      <trkpt lat="39.8590116" lon="116.6615737">
        <ele>25.52422</ele>
        <time>2026-09-09T22:52:46.581000Z</time>
      </trkpt>
      <trkpt lat="39.8590149" lon="116.6614318">
        <ele>25.59645</ele>
        <time>2026-09-09T22:52:50.561000Z</time>
      </trkpt>
      <trkpt lat="39.8590215" lon="116.6612856">
        <ele>25.66634</ele>
        <time>2026-09-09T22:52:54.542000Z</time>
      </trkpt>
      <trkpt lat="39.8590289" lon="116.6611397">
        <ele>25.72112</ele>
        <time>2026-09-09T22:52:58.522000Z</time>
      </trkpt>
      <trkpt lat="39.8590347" lon="116.6609962">
        <ele>25.7573</ele>
        <time>2026-09-09T22:53:02.503000Z</time>
      </trkpt>
      <trkpt lat="39.8590363" lon="116.660853">
        <ele>25.78018</ele>
        <time>2026-09-09T22:53:06.483000Z</time>
      </trkpt>
      <trkpt lat="39.8590374" lon="116.6607118">
        <ele>25.79081</ele>
        <time>2026-09-09T22:53:10.463000Z</time>
      </trkpt>
      <trkpt lat="39.8590388" lon="116.6605724">
        <ele>25.7959</ele>
        <time>2026-09-09T22:53:14.444000Z</time>
      </trkpt>
      <trkpt lat="39.8590384" lon="116.6604334">
        <ele>25.80752</ele>
        <time>2026-09-09T22:53:18.424000Z</time>
      </trkpt>
      <trkpt lat="39.8590408" lon="116.660292">
        <ele>25.81702</ele>
        <time>2026-09-09T22:53:22.405000Z</time>
      </trkpt>
      <trkpt lat="39.8590478" lon="116.6601455">
        <ele>25.82574</ele>
        <time>2026-09-09T22:53:26.385000Z</time>
      </trkpt>
      <trkpt lat="39.8590567" lon="116.6599985">
        <ele>25.82516</ele>
        <time>2026-09-09T22:53:30.365000Z</time>
      </trkpt>
      <trkpt lat="39.8590609" lon="116.6598519">
        <ele>25.80419</ele>
        <time>2026-09-09T22:53:34.346000Z</time>
      </trkpt>
      <trkpt lat="39.8590605" lon="116.6597065">
        <ele>25.75943</ele>
        <time>2026-09-09T22:53:38.326000Z</time>
      </trkpt>
      <trkpt lat="39.859067" lon="116.6595632">
        <ele>25.68056</ele>
        <time>2026-09-09T22:53:42.307000Z</time>
      </trkpt>
      <trkpt lat="39.8590791" lon="116.6594277">
        <ele>25.54947</ele>
        <time>2026-09-09T22:53:46.287000Z</time>
      </trkpt>
      <trkpt lat="39.8590889" lon="116.659293">
        <ele>25.37055</ele>
        <time>2026-09-09T22:53:50.267000Z</time>
      </trkpt>
      <trkpt lat="39.8590948" lon="116.6591595">
        <ele>25.16408</ele>
        <time>2026-09-09T22:53:54.248000Z</time>
      </trkpt>
      <trkpt lat="39.8590928" lon="116.659028">
        <ele>24.97568</ele>
        <time>2026-09-09T22:53:58.228000Z</time>
      </trkpt>
      <trkpt lat="39.8590671" lon="116.6589083">
        <ele>24.87278</ele>
        <time>2026-09-09T22:54:02.209000Z</time>
      </trkpt>
      <trkpt lat="39.8590549" lon="116.6587904">
        <ele>24.86515</ele>
        <time>2026-09-09T22:54:06Z</time>
      </trkpt>
      <trkpt lat="39.8590596" lon="116.6586544">
        <ele>24.87764</ele>
        <time>2026-09-09T22:54:10Z</time>
      </trkpt>
      <trkpt lat="39.8590607" lon="116.6585163">
        <ele>24.88657</ele>
        <time>2026-09-09T22:54:14Z</time>
      </trkpt>
      <trkpt lat="39.8590578" lon="116.6583778">
        <ele>24.85918</ele>
        <time>2026-09-09T22:54:18Z</time>
      </trkpt>
      <trkpt lat="39.8590577" lon="116.6582394">
        <ele>24.82476</ele>
        <time>2026-09-09T22:54:22Z</time>
      </trkpt>
      <trkpt lat="39.8590579" lon="116.6580955">
        <ele>24.80823</ele>
        <time>2026-09-09T22:54:26.091000Z</time>
      </trkpt>
      <trkpt lat="39.8590535" lon="116.6579508">
        <ele>24.78343</ele>
        <time>2026-09-09T22:54:30.071000Z</time>
      </trkpt>
      <trkpt lat="39.8590531" lon="116.6578053">
        <ele>24.71827</ele>
        <time>2026-09-09T22:54:34Z</time>
      </trkpt>
      <trkpt lat="39.8590531" lon="116.6576614">
        <ele>24.64821</ele>
        <time>2026-09-09T22:54:38Z</time>
      </trkpt>
      <trkpt lat="39.85905" lon="116.6575197">
        <ele>24.70412</ele>
        <time>2026-09-09T22:54:42Z</time>
      </trkpt>
      <trkpt lat="39.859047" lon="116.6573746">
        <ele>24.94774</ele>
        <time>2026-09-09T22:54:45.993000Z</time>
      </trkpt>
      <trkpt lat="39.8590492" lon="116.6572317">
        <ele>25.25088</ele>
        <time>2026-09-09T22:54:49.973000Z</time>
      </trkpt>
      <trkpt lat="39.8590505" lon="116.6570947">
        <ele>25.47826</ele>
        <time>2026-09-09T22:54:53.954000Z</time>
      </trkpt>
      <trkpt lat="39.8590503" lon="116.6569548">
        <ele>25.60242</ele>
        <time>2026-09-09T22:54:57.934000Z</time>
      </trkpt>
      <trkpt lat="39.8590524" lon="116.6568128">
        <ele>25.64701</ele>
        <time>2026-09-09T22:55:01.914000Z</time>
      </trkpt>
      <trkpt lat="39.8590562" lon="116.6566722">
        <ele>25.63152</ele>
        <time>2026-09-09T22:55:05.895000Z</time>
      </trkpt>
      <trkpt lat="39.8590561" lon="116.6565358">
        <ele>25.55777</ele>
        <time>2026-09-09T22:55:09.875000Z</time>
      </trkpt>
      <trkpt lat="39.8590509" lon="116.6564008">
        <ele>25.43176</ele>
        <time>2026-09-09T22:55:13.856000Z</time>
      </trkpt>
      <trkpt lat="39.8590434" lon="116.6562644">
        <ele>25.27064</ele>
        <time>2026-09-09T22:55:17.836000Z</time>
      </trkpt>
      <trkpt lat="39.8590359" lon="116.6561296">
        <ele>25.10656</ele>
        <time>2026-09-09T22:55:21.816000Z</time>
      </trkpt>
      <trkpt lat="39.8590229" lon="116.6560034">
        <ele>24.96707</ele>
        <time>2026-09-09T22:55:25.797000Z</time>
      </trkpt>
      <trkpt lat="39.8590205" lon="116.6558749">
        <ele>24.85845</ele>
        <time>2026-09-09T22:55:29.777000Z</time>
      </trkpt>
      <trkpt lat="39.8590217" lon="116.65574">
        <ele>24.77165</ele>
        <time>2026-09-09T22:55:33.758000Z</time>
      </trkpt>
      <trkpt lat="39.8590232" lon="116.6556048">
        <ele>24.69621</ele>
        <time>2026-09-09T22:55:37.738000Z</time>
      </trkpt>
      <trkpt lat="39.8590267" lon="116.6554651">
        <ele>24.62743</ele>
        <time>2026-09-09T22:55:41.718000Z</time>
      </trkpt>
      <trkpt lat="39.8590294" lon="116.6553268">
        <ele>24.57305</ele>
        <time>2026-09-09T22:55:45.699000Z</time>
      </trkpt>
      <trkpt lat="39.8590305" lon="116.6551885">
        <ele>24.55487</ele>
        <time>2026-09-09T22:55:49.679000Z</time>
      </trkpt>
      <trkpt lat="39.8590324" lon="116.6550494">
        <ele>24.56548</ele>
        <time>2026-09-09T22:55:53.660000Z</time>
      </trkpt>
      <trkpt lat="39.8590353" lon="116.6549097">
        <ele>24.56167</ele>
        <time>2026-09-09T22:55:57.640000Z</time>
      </trkpt>
      <trkpt lat="39.8590415" lon="116.6547681">
        <ele>24.53965</ele>
        <time>2026-09-09T22:56:01.620000Z</time>
      </trkpt>
      <trkpt lat="39.8590466" lon="116.6546206">
        <ele>24.5375</ele>
        <time>2026-09-09T22:56:05.601000Z</time>
      </trkpt>
      <trkpt lat="39.8590541" lon="116.6544701">
        <ele>24.56963</ele>
        <time>2026-09-09T22:56:09.581000Z</time>
      </trkpt>
      <trkpt lat="39.8590626" lon="116.6543191">
        <ele>24.6218</ele>
        <time>2026-09-09T22:56:13.562000Z</time>
      </trkpt>
      <trkpt lat="39.859072" lon="116.6541644">
        <ele>24.67749</ele>
        <time>2026-09-09T22:56:17.542000Z</time>
      </trkpt>
      <trkpt lat="39.859077" lon="116.6540103">
        <ele>24.75507</ele>
        <time>2026-09-09T22:56:21.522000Z</time>
      </trkpt>
      <trkpt lat="39.8590766" lon="116.6538568">
        <ele>24.86221</ele>
        <time>2026-09-09T22:56:25.503000Z</time>
      </trkpt>
      <trkpt lat="39.8590772" lon="116.6537046">
        <ele>24.9747</ele>
        <time>2026-09-09T22:56:29.483000Z</time>
      </trkpt>
      <trkpt lat="39.8590795" lon="116.653549">
        <ele>25.05969</ele>
        <time>2026-09-09T22:56:33.464000Z</time>
      </trkpt>
      <trkpt lat="39.8590796" lon="116.6533961">
        <ele>25.11866</ele>
        <time>2026-09-09T22:56:37.444000Z</time>
      </trkpt>
      <trkpt lat="39.8590756" lon="116.6532479">
        <ele>25.14676</ele>
        <time>2026-09-09T22:56:41.424000Z</time>
      </trkpt>
      <trkpt lat="39.8590723" lon="116.6530989">
        <ele>25.17272</ele>
        <time>2026-09-09T22:56:45.405000Z</time>
      </trkpt>
      <trkpt lat="39.8590703" lon="116.6529504">
        <ele>25.21641</ele>
        <time>2026-09-09T22:56:49.385000Z</time>
      </trkpt>
      <trkpt lat="39.8590691" lon="116.6528043">
        <ele>25.26082</ele>
        <time>2026-09-09T22:56:53.366000Z</time>
      </trkpt>
      <trkpt lat="39.8590707" lon="116.6526572">
        <ele>25.28402</ele>
        <time>2026-09-09T22:56:57.346000Z</time>
      </trkpt>
      <trkpt lat="39.859074" lon="116.6525064">
        <ele>25.31417</ele>
        <time>2026-09-09T22:57:01.327000Z</time>
      </trkpt>
      <trkpt lat="39.8590743" lon="116.652357">
        <ele>25.36237</ele>
        <time>2026-09-09T22:57:05.307000Z</time>
      </trkpt>
      <trkpt lat="39.8590738" lon="116.6522087">
        <ele>25.431</ele>
        <time>2026-09-09T22:57:09.287000Z</time>
      </trkpt>
      <trkpt lat="39.8590961" lon="116.652069">
        <ele>25.5138</ele>
        <time>2026-09-09T22:57:13.268000Z</time>
      </trkpt>
      <trkpt lat="39.8591813" lon="116.6519842">
        <ele>25.6097</ele>
        <time>2026-09-09T22:57:17.248000Z</time>
      </trkpt>
      <trkpt lat="39.8592968" lon="116.6519518">
        <ele>25.70911</ele>
        <time>2026-09-09T22:57:21.229000Z</time>
      </trkpt>
      <trkpt lat="39.8594121" lon="116.6519422">
        <ele>25.78264</ele>
        <time>2026-09-09T22:57:25.209000Z</time>
      </trkpt>
      <trkpt lat="39.8595266" lon="116.6519339">
        <ele>25.79205</ele>
        <time>2026-09-09T22:57:29.189000Z</time>
      </trkpt>
      <trkpt lat="39.8596405" lon="116.651927">
        <ele>25.72985</ele>
        <time>2026-09-09T22:57:33.170000Z</time>
      </trkpt>
      <trkpt lat="39.8597537" lon="116.6519197">
        <ele>25.59279</ele>
        <time>2026-09-09T22:57:37.150000Z</time>
      </trkpt>
      <trkpt lat="39.8598661" lon="116.6519071">
        <ele>25.39616</ele>
        <time>2026-09-09T22:57:41.131000Z</time>
      </trkpt>
      <trkpt lat="39.8599814" lon="116.6519019">
        <ele>25.16378</ele>
        <time>2026-09-09T22:57:45.111000Z</time>
      </trkpt>
      <trkpt lat="39.860096" lon="116.6518984">
        <ele>24.97864</ele>
        <time>2026-09-09T22:57:49Z</time>
      </trkpt>
      <trkpt lat="39.8602104" lon="116.6518915">
        <ele>24.97044</ele>
        <time>2026-09-09T22:57:53Z</time>
      </trkpt>
      <trkpt lat="39.8603225" lon="116.6518897">
        <ele>25.04229</ele>
        <time>2026-09-09T22:57:57Z</time>
      </trkpt>
      <trkpt lat="39.860431" lon="116.6518869">
        <ele>25.0466</ele>
        <time>2026-09-09T22:58:01Z</time>
      </trkpt>
      <trkpt lat="39.8605413" lon="116.6518772">
        <ele>25.04691</ele>
        <time>2026-09-09T22:58:05Z</time>
      </trkpt>
      <trkpt lat="39.8606523" lon="116.6518715">
        <ele>25.11873</ele>
        <time>2026-09-09T22:58:08.994000Z</time>
      </trkpt>
      <trkpt lat="39.8607654" lon="116.6518672">
        <ele>25.20505</ele>
        <time>2026-09-09T22:58:12.974000Z</time>
      </trkpt>
      <trkpt lat="39.8608838" lon="116.6518636">
        <ele>25.22717</ele>
        <time>2026-09-09T22:58:16.954000Z</time>
      </trkpt>
      <trkpt lat="39.8610025" lon="116.6518633">
        <ele>25.18024</ele>
        <time>2026-09-09T22:58:20.935000Z</time>
      </trkpt>
      <trkpt lat="39.8611141" lon="116.6518657">
        <ele>25.08663</ele>
        <time>2026-09-09T22:58:24.915000Z</time>
      </trkpt>
      <trkpt lat="39.8612209" lon="116.6518632">
        <ele>24.9774</ele>
        <time>2026-09-09T22:58:28.896000Z</time>
      </trkpt>
      <trkpt lat="39.8613283" lon="116.6518573">
        <ele>24.89015</ele>
        <time>2026-09-09T22:58:32.876000Z</time>
      </trkpt>
      <trkpt lat="39.8614396" lon="116.651851">
        <ele>24.85417</ele>
        <time>2026-09-09T22:58:36.857000Z</time>
      </trkpt>
      <trkpt lat="39.8615446" lon="116.6518422">
        <ele>24.86433</ele>
        <time>2026-09-09T22:58:40.837000Z</time>
      </trkpt>
      <trkpt lat="39.8616456" lon="116.6518307">
        <ele>24.88273</ele>
        <time>2026-09-09T22:58:44.817000Z</time>
      </trkpt>
      <trkpt lat="39.8617458" lon="116.6518322">
        <ele>24.88035</ele>
        <time>2026-09-09T22:58:48.798000Z</time>
      </trkpt>
      <trkpt lat="39.8618442" lon="116.6518367">
        <ele>24.84916</ele>
        <time>2026-09-09T22:58:52.778000Z</time>
      </trkpt>
      <trkpt lat="39.8619453" lon="116.6518402">
        <ele>24.81651</ele>
        <time>2026-09-09T22:58:56.759000Z</time>
      </trkpt>
      <trkpt lat="39.8620581" lon="116.6518603">
        <ele>24.84816</ele>
        <time>2026-09-09T22:59:00.739000Z</time>
      </trkpt>
      <trkpt lat="39.8621428" lon="116.6519049">
        <ele>24.90033</ele>
        <time>2026-09-09T22:59:03.724000Z</time>
      </trkpt>
      <trkpt lat="39.8622256" lon="116.6519513">
        <ele>24.93164</ele>
        <time>2026-09-09T22:59:06.710000Z</time>
      </trkpt>
      <trkpt lat="39.8623279" lon="116.6519837">
        <ele>24.90842</ele>
        <time>2026-09-09T22:59:10.690000Z</time>
      </trkpt>
      <trkpt lat="39.8624353" lon="116.6519956">
        <ele>24.79201</ele>
        <time>2026-09-09T22:59:15.666000Z</time>
      </trkpt>
      <trkpt lat="39.8625393" lon="116.6519616">
        <ele>24.6868</ele>
        <time>2026-09-09T22:59:19.646000Z</time>
      </trkpt>
      <trkpt lat="39.8626308" lon="116.6518676">
        <ele>24.63058</ele>
        <time>2026-09-09T22:59:23.627000Z</time>
      </trkpt>
      <trkpt lat="39.862717" lon="116.6517749">
        <ele>24.66001</ele>
        <time>2026-09-09T22:59:27.607000Z</time>
      </trkpt>
      <trkpt lat="39.8628248" lon="116.6517482">
        <ele>24.77945</ele>
        <time>2026-09-09T22:59:31.587000Z</time>
      </trkpt>
      <trkpt lat="39.8629388" lon="116.6517527">
        <ele>24.96244</ele>
        <time>2026-09-09T22:59:35.568000Z</time>
      </trkpt>
      <trkpt lat="39.8630521" lon="116.6517637">
        <ele>25.15731</ele>
        <time>2026-09-09T22:59:39.548000Z</time>
      </trkpt>
      <trkpt lat="39.8631622" lon="116.6517683">
        <ele>25.30753</ele>
        <time>2026-09-09T22:59:43.529000Z</time>
      </trkpt>
      <trkpt lat="39.8632708" lon="116.6517673">
        <ele>25.39181</ele>
        <time>2026-09-09T22:59:47.509000Z</time>
      </trkpt>
      <trkpt lat="39.8633821" lon="116.6517589">
        <ele>25.43875</ele>
        <time>2026-09-09T22:59:51.490000Z</time>
      </trkpt>
      <trkpt lat="39.8634912" lon="116.6517533">
        <ele>25.48658</ele>
        <time>2026-09-09T22:59:55.470000Z</time>
      </trkpt>
      <trkpt lat="39.8636018" lon="116.6517593">
        <ele>25.54117</ele>
        <time>2026-09-09T22:59:59.450000Z</time>
      </trkpt>
      <trkpt lat="39.8637098" lon="116.6517611">
        <ele>25.57498</ele>
        <time>2026-09-09T23:00:03.431000Z</time>
      </trkpt>
      <trkpt lat="39.8638149" lon="116.6517561">
        <ele>25.58574</ele>
        <time>2026-09-09T23:00:07.411000Z</time>
      </trkpt>
      <trkpt lat="39.8639208" lon="116.6517494">
        <ele>25.62564</ele>
        <time>2026-09-09T23:00:11.392000Z</time>
      </trkpt>
      <trkpt lat="39.8640275" lon="116.6517466">
        <ele>25.73967</ele>
        <time>2026-09-09T23:00:15.372000Z</time>
      </trkpt>
      <trkpt lat="39.8641344" lon="116.6517539">
        <ele>25.90902</ele>
        <time>2026-09-09T23:00:19.353000Z</time>
      </trkpt>
      <trkpt lat="39.864243" lon="116.6517609">
        <ele>26.09555</ele>
        <time>2026-09-09T23:00:23.333000Z</time>
      </trkpt>
      <trkpt lat="39.8643505" lon="116.6517569">
        <ele>26.25729</ele>
        <time>2026-09-09T23:00:27.314000Z</time>
      </trkpt>
      <trkpt lat="39.8644616" lon="116.6517567">
        <ele>26.36051</ele>
        <time>2026-09-09T23:00:31.294000Z</time>
      </trkpt>
      <trkpt lat="39.8645736" lon="116.651764">
        <ele>26.37848</ele>
        <time>2026-09-09T23:00:35.274000Z</time>
      </trkpt>
      <trkpt lat="39.8646847" lon="116.6517618">
        <ele>26.29976</ele>
        <time>2026-09-09T23:00:39.255000Z</time>
      </trkpt>
      <trkpt lat="39.8647904" lon="116.6517541">
        <ele>26.10215</ele>
        <time>2026-09-09T23:00:43.235000Z</time>
      </trkpt>
      <trkpt lat="39.8648973" lon="116.6517487">
        <ele>25.7427</ele>
        <time>2026-09-09T23:00:47.216000Z</time>
      </trkpt>
      <trkpt lat="39.8650033" lon="116.6517553">
        <ele>25.21781</ele>
        <time>2026-09-09T23:00:51.196000Z</time>
      </trkpt>
      <trkpt lat="39.8651152" lon="116.6517645">
        <ele>24.63428</ele>
        <time>2026-09-09T23:00:55.177000Z</time>
      </trkpt>
      <trkpt lat="39.8652279" lon="116.6517708">
        <ele>24.25252</ele>
        <time>2026-09-09T23:00:59Z</time>
      </trkpt>
      <trkpt lat="39.8653456" lon="116.6517746">
        <ele>24.09221</ele>
        <time>2026-09-09T23:01:03Z</time>
      </trkpt>
      <trkpt lat="39.8654621" lon="116.6517714">
        <ele>24.02702</ele>
        <time>2026-09-09T23:01:07Z</time>
      </trkpt>
      <trkpt lat="39.8655717" lon="116.6517662">
        <ele>24.00194</ele>
        <time>2026-09-09T23:01:11Z</time>
      </trkpt>
      <trkpt lat="39.8656827" lon="116.6517572">
        <ele>23.96995</ele>
        <time>2026-09-09T23:01:15Z</time>
      </trkpt>
      <trkpt lat="39.8657954" lon="116.6517554">
        <ele>23.89214</ele>
        <time>2026-09-09T23:01:19Z</time>
      </trkpt>
      <trkpt lat="39.8659089" lon="116.651747">
        <ele>23.78939</ele>
        <time>2026-09-09T23:01:23Z</time>
      </trkpt>
      <trkpt lat="39.8660215" lon="116.6517371">
        <ele>23.87982</ele>
        <time>2026-09-09T23:01:27Z</time>
      </trkpt>
      <trkpt lat="39.8661368" lon="116.6517434">
        <ele>24.51237</ele>
        <time>2026-09-09T23:01:31Z</time>
      </trkpt>
      <trkpt lat="39.8662558" lon="116.6517509">
        <ele>25.55477</ele>
        <time>2026-09-09T23:01:34.981000Z</time>
      </trkpt>
      <trkpt lat="39.8663701" lon="116.6517547">
        <ele>26.34583</ele>
        <time>2026-09-09T23:01:38.961000Z</time>
      </trkpt>
      <trkpt lat="39.8664836" lon="116.6517573">
        <ele>26.75163</ele>
        <time>2026-09-09T23:01:42.942000Z</time>
      </trkpt>
      <trkpt lat="39.8665928" lon="116.6517519">
        <ele>26.88138</ele>
        <time>2026-09-09T23:01:46.922000Z</time>
      </trkpt>
      <trkpt lat="39.8667039" lon="116.6517441">
        <ele>26.85952</ele>
        <time>2026-09-09T23:01:50.903000Z</time>
      </trkpt>
      <trkpt lat="39.8668154" lon="116.6517421">
        <ele>26.76242</ele>
        <time>2026-09-09T23:01:54.883000Z</time>
      </trkpt>
      <trkpt lat="39.8669272" lon="116.6517453">
        <ele>26.65396</ele>
        <time>2026-09-09T23:01:58.864000Z</time>
      </trkpt>
      <trkpt lat="39.8670392" lon="116.65175">
        <ele>26.56188</ele>
        <time>2026-09-09T23:02:02.844000Z</time>
      </trkpt>
      <trkpt lat="39.8671501" lon="116.6517543">
        <ele>26.48287</ele>
        <time>2026-09-09T23:02:06.825000Z</time>
      </trkpt>
      <trkpt lat="39.8672601" lon="116.6517547">
        <ele>26.41887</ele>
        <time>2026-09-09T23:02:10.805000Z</time>
      </trkpt>
      <trkpt lat="39.8673665" lon="116.6517574">
        <ele>26.34573</ele>
        <time>2026-09-09T23:02:14.786000Z</time>
      </trkpt>
      <trkpt lat="39.8674661" lon="116.6517554">
        <ele>26.21264</ele>
        <time>2026-09-09T23:02:18.766000Z</time>
      </trkpt>
      <trkpt lat="39.867562" lon="116.6517444">
        <ele>26.02708</ele>
        <time>2026-09-09T23:02:22.746000Z</time>
      </trkpt>
      <trkpt lat="39.8676628" lon="116.6517505">
        <ele>25.84665</ele>
        <time>2026-09-09T23:02:26.727000Z</time>
      </trkpt>
      <trkpt lat="39.8677657" lon="116.6517646">
        <ele>25.69899</ele>
        <time>2026-09-09T23:02:30.707000Z</time>
      </trkpt>
      <trkpt lat="39.8678599" lon="116.6517898">
        <ele>25.60359</ele>
        <time>2026-09-09T23:02:34.688000Z</time>
      </trkpt>
      <trkpt lat="39.8679377" lon="116.6518653">
        <ele>25.54332</ele>
        <time>2026-09-09T23:02:38.668000Z</time>
      </trkpt>
      <trkpt lat="39.8679903" lon="116.6519651">
        <ele>25.45231</ele>
        <time>2026-09-09T23:02:42.648000Z</time>
      </trkpt>
      <trkpt lat="39.8680888" lon="116.6520098">
        <ele>25.28391</ele>
        <time>2026-09-09T23:02:48.619000Z</time>
      </trkpt>
      <trkpt lat="39.8681951" lon="116.6519342">
        <ele>25.19604</ele>
        <time>2026-09-09T23:02:52.600000Z</time>
      </trkpt>
      <trkpt lat="39.8682697" lon="116.6518651">
        <ele>25.16006</ele>
        <time>2026-09-09T23:02:55.585000Z</time>
      </trkpt>
      <trkpt lat="39.8683786" lon="116.6518204">
        <ele>25.13659</ele>
        <time>2026-09-09T23:02:59.566000Z</time>
      </trkpt>
      <trkpt lat="39.8684906" lon="116.6518139">
        <ele>25.10683</ele>
        <time>2026-09-09T23:03:03.546000Z</time>
      </trkpt>
      <trkpt lat="39.8686012" lon="116.6518078">
        <ele>25.09077</ele>
        <time>2026-09-09T23:03:07.527000Z</time>
      </trkpt>
      <trkpt lat="39.8687085" lon="116.6518051">
        <ele>25.08592</ele>
        <time>2026-09-09T23:03:11.507000Z</time>
      </trkpt>
      <trkpt lat="39.8688129" lon="116.6518033">
        <ele>25.05461</ele>
        <time>2026-09-09T23:03:15.487000Z</time>
      </trkpt>
      <trkpt lat="39.86892" lon="116.6517989">
        <ele>24.999</ele>
        <time>2026-09-09T23:03:19.468000Z</time>
      </trkpt>
      <trkpt lat="39.8690304" lon="116.6517994">
        <ele>24.93754</ele>
        <time>2026-09-09T23:03:23.448000Z</time>
      </trkpt>
      <trkpt lat="39.8691402" lon="116.6517942">
        <ele>24.87604</ele>
        <time>2026-09-09T23:03:27.429000Z</time>
      </trkpt>
      <trkpt lat="39.8692477" lon="116.6517868">
        <ele>24.80832</ele>
        <time>2026-09-09T23:03:31.409000Z</time>
      </trkpt>
      <trkpt lat="39.8693553" lon="116.6517804">
        <ele>24.74538</ele>
        <time>2026-09-09T23:03:35.390000Z</time>
      </trkpt>
      <trkpt lat="39.8694597" lon="116.6517734">
        <ele>24.71457</ele>
        <time>2026-09-09T23:03:39.370000Z</time>
      </trkpt>
      <trkpt lat="39.8695655" lon="116.6517671">
        <ele>24.6931</ele>
        <time>2026-09-09T23:03:43.351000Z</time>
      </trkpt>
      <trkpt lat="39.8696736" lon="116.6517692">
        <ele>24.64562</ele>
        <time>2026-09-09T23:03:47.331000Z</time>
      </trkpt>
      <trkpt lat="39.8697825" lon="116.6517681">
        <ele>24.61835</ele>
        <time>2026-09-09T23:03:51.312000Z</time>
      </trkpt>
      <trkpt lat="39.86989" lon="116.6517642">
        <ele>24.62223</ele>
        <time>2026-09-09T23:03:55.292000Z</time>
      </trkpt>
      <trkpt lat="39.8699927" lon="116.6517725">
        <ele>24.59433</ele>
        <time>2026-09-09T23:03:59.273000Z</time>
      </trkpt>
      <trkpt lat="39.8700943" lon="116.6517776">
        <ele>24.55717</ele>
        <time>2026-09-09T23:04:03.253000Z</time>
      </trkpt>
      <trkpt lat="39.8702006" lon="116.6517889">
        <ele>24.55452</ele>
        <time>2026-09-09T23:04:07.234000Z</time>
      </trkpt>
      <trkpt lat="39.8703128" lon="116.6518024">
        <ele>24.57167</ele>
        <time>2026-09-09T23:04:11.214000Z</time>
      </trkpt>
      <trkpt lat="39.870428" lon="116.6518067">
        <ele>24.55162</ele>
        <time>2026-09-09T23:04:15.195000Z</time>
      </trkpt>
      <trkpt lat="39.8705419" lon="116.6518087">
        <ele>24.54328</ele>
        <time>2026-09-09T23:04:19.175000Z</time>
      </trkpt>
      <trkpt lat="39.8706557" lon="116.6518113">
        <ele>24.54735</ele>
        <time>2026-09-09T23:04:23.156000Z</time>
      </trkpt>
      <trkpt lat="39.8707651" lon="116.6518137">
        <ele>24.50434</ele>
        <time>2026-09-09T23:04:27Z</time>
      </trkpt>
      <trkpt lat="39.8708772" lon="116.6518123">
        <ele>24.47033</ele>
        <time>2026-09-09T23:04:31Z</time>
      </trkpt>
      <trkpt lat="39.8709878" lon="116.6518065">
        <ele>24.45404</ele>
        <time>2026-09-09T23:04:35Z</time>
      </trkpt>
      <trkpt lat="39.8710961" lon="116.6517925">
        <ele>24.44497</ele>
        <time>2026-09-09T23:04:39Z</time>
      </trkpt>
      <trkpt lat="39.871206" lon="116.6517826">
        <ele>24.43</ele>
        <time>2026-09-09T23:04:43Z</time>
      </trkpt>
      <trkpt lat="39.8713183" lon="116.6517718">
        <ele>24.40034</ele>
        <time>2026-09-09T23:04:47Z</time>
      </trkpt>
      <trkpt lat="39.8714313" lon="116.6517618">
        <ele>24.40674</ele>
        <time>2026-09-09T23:04:51Z</time>
      </trkpt>
      <trkpt lat="39.8715466" lon="116.6517671">
        <ele>24.59786</ele>
        <time>2026-09-09T23:04:54.999000Z</time>
      </trkpt>
      <trkpt lat="39.8716633" lon="116.6517658">
        <ele>24.98973</ele>
        <time>2026-09-09T23:04:58.980000Z</time>
      </trkpt>
      <trkpt lat="39.8717791" lon="116.6517549">
        <ele>25.38681</ele>
        <time>2026-09-09T23:05:02.960000Z</time>
      </trkpt>
      <trkpt lat="39.8718962" lon="116.6517435">
        <ele>25.72334</ele>
        <time>2026-09-09T23:05:06.941000Z</time>
      </trkpt>
      <trkpt lat="39.8719867" lon="116.6517393">
        <ele>25.93333</ele>
        <time>2026-09-09T23:05:09.926000Z</time>
      </trkpt>
      <trkpt lat="39.8721038" lon="116.6517319">
        <ele>26.14971</ele>
        <time>2026-09-09T23:05:13.907000Z</time>
      </trkpt>
      <trkpt lat="39.8722187" lon="116.6517266">
        <ele>26.29142</ele>
        <time>2026-09-09T23:05:17.887000Z</time>
      </trkpt>
      <trkpt lat="39.8723342" lon="116.6517283">
        <ele>26.38585</ele>
        <time>2026-09-09T23:05:21.868000Z</time>
      </trkpt>
      <trkpt lat="39.8724531" lon="116.6517344">
        <ele>26.44167</ele>
        <time>2026-09-09T23:05:25.848000Z</time>
      </trkpt>
      <trkpt lat="39.8725446" lon="116.6517401">
        <ele>26.45062</ele>
        <time>2026-09-09T23:05:28.834000Z</time>
      </trkpt>
      <trkpt lat="39.872664" lon="116.6517509">
        <ele>26.39718</ele>
        <time>2026-09-09T23:05:32.814000Z</time>
      </trkpt>
      <trkpt lat="39.8727801" lon="116.6517608">
        <ele>26.26168</ele>
        <time>2026-09-09T23:05:36.795000Z</time>
      </trkpt>
      <trkpt lat="39.8728955" lon="116.6517629">
        <ele>26.0666</ele>
        <time>2026-09-09T23:05:40.775000Z</time>
      </trkpt>
      <trkpt lat="39.8730131" lon="116.6517603">
        <ele>25.8537</ele>
        <time>2026-09-09T23:05:44.756000Z</time>
      </trkpt>
      <trkpt lat="39.8731043" lon="116.6517584">
        <ele>25.69882</ele>
        <time>2026-09-09T23:05:47.741000Z</time>
      </trkpt>
      <trkpt lat="39.8731965" lon="116.65176">
        <ele>25.54619</ele>
        <time>2026-09-09T23:05:50.726000Z</time>
      </trkpt>
      <trkpt lat="39.8732891" lon="116.6517656">
        <ele>25.39318</ele>
        <time>2026-09-09T23:05:53.712000Z</time>
      </trkpt>
      <trkpt lat="39.8733813" lon="116.6517727">
        <ele>25.24135</ele>
        <time>2026-09-09T23:05:56.697000Z</time>
      </trkpt>
      <trkpt lat="39.8735003" lon="116.6517818">
        <ele>25.04915</ele>
        <time>2026-09-09T23:06:00.678000Z</time>
      </trkpt>
      <trkpt lat="39.8736168" lon="116.6517946">
        <ele>24.8874</ele>
        <time>2026-09-09T23:06:04.658000Z</time>
      </trkpt>
      <trkpt lat="39.8737321" lon="116.6518042">
        <ele>24.7697</ele>
        <time>2026-09-09T23:06:08.639000Z</time>
      </trkpt>
      <trkpt lat="39.8738449" lon="116.6518075">
        <ele>24.71223</ele>
        <time>2026-09-09T23:06:12.619000Z</time>
      </trkpt>
      <trkpt lat="39.8739539" lon="116.6518101">
        <ele>24.73476</ele>
        <time>2026-09-09T23:06:16.600000Z</time>
      </trkpt>
      <trkpt lat="39.8740631" lon="116.6518175">
        <ele>24.79921</ele>
        <time>2026-09-09T23:06:20.580000Z</time>
      </trkpt>
      <trkpt lat="39.874165" lon="116.65185">
        <ele>24.861</ele>
        <time>2026-09-09T23:06:24.561000Z</time>
      </trkpt>
      <trkpt lat="39.874239" lon="116.6519423">
        <ele>24.87719</ele>
        <time>2026-09-09T23:06:28.541000Z</time>
      </trkpt>
      <trkpt lat="39.8742637" lon="116.6520767">
        <ele>24.84669</ele>
        <time>2026-09-09T23:06:32.522000Z</time>
      </trkpt>
      <trkpt lat="39.8742695" lon="116.6522139">
        <ele>24.77393</ele>
        <time>2026-09-09T23:06:36.502000Z</time>
      </trkpt>
      <trkpt lat="39.874276" lon="116.6523564">
        <ele>24.6453</ele>
        <time>2026-09-09T23:06:40.483000Z</time>
      </trkpt>
      <trkpt lat="39.8742822" lon="116.6525">
        <ele>24.48394</ele>
        <time>2026-09-09T23:06:44.463000Z</time>
      </trkpt>
      <trkpt lat="39.8742859" lon="116.6526469">
        <ele>24.34183</ele>
        <time>2026-09-09T23:06:48.444000Z</time>
      </trkpt>
      <trkpt lat="39.874288" lon="116.6527846">
        <ele>24.26325</ele>
        <time>2026-09-09T23:06:52.424000Z</time>
      </trkpt>
      <trkpt lat="39.8742909" lon="116.6529242">
        <ele>24.23714</ele>
        <time>2026-09-09T23:06:56.405000Z</time>
      </trkpt>
      <trkpt lat="39.8742894" lon="116.6530702">
        <ele>24.22184</ele>
        <time>2026-09-09T23:07:00.385000Z</time>
      </trkpt>
      <trkpt lat="39.874285" lon="116.6532143">
        <ele>24.24662</ele>
        <time>2026-09-09T23:07:04.366000Z</time>
      </trkpt>
      <trkpt lat="39.874281" lon="116.6533589">
        <ele>24.35221</ele>
        <time>2026-09-09T23:07:08.346000Z</time>
      </trkpt>
      <trkpt lat="39.874281" lon="116.6535021">
        <ele>24.49589</ele>
        <time>2026-09-09T23:07:12.327000Z</time>
      </trkpt>
      <trkpt lat="39.8742931" lon="116.6536405">
        <ele>24.61294</ele>
        <time>2026-09-09T23:07:16.307000Z</time>
      </trkpt>
      <trkpt lat="39.8743064" lon="116.653782">
        <ele>24.69248</ele>
        <time>2026-09-09T23:07:20.288000Z</time>
      </trkpt>
      <trkpt lat="39.8743084" lon="116.6539294">
        <ele>24.72103</ele>
        <time>2026-09-09T23:07:24.268000Z</time>
      </trkpt>
      <trkpt lat="39.8743138" lon="116.6540734">
        <ele>24.688</ele>
        <time>2026-09-09T23:07:28.249000Z</time>
      </trkpt>
      <trkpt lat="39.8743206" lon="116.6542172">
        <ele>24.56755</ele>
        <time>2026-09-09T23:07:32.229000Z</time>
      </trkpt>
      <trkpt lat="39.8743261" lon="116.6543653">
        <ele>24.34969</ele>
        <time>2026-09-09T23:07:36.210000Z</time>
      </trkpt>
      <trkpt lat="39.8743309" lon="116.6545069">
        <ele>24.12611</ele>
        <time>2026-09-09T23:07:40Z</time>
      </trkpt>
      <trkpt lat="39.8743366" lon="116.6546649">
        <ele>24.0334</ele>
        <time>2026-09-09T23:07:44.171000Z</time>
      </trkpt>
      <trkpt lat="39.8743408" lon="116.654814">
        <ele>24.03825</ele>
        <time>2026-09-09T23:07:48.151000Z</time>
      </trkpt>
      <trkpt lat="39.8743406" lon="116.6549598">
        <ele>24.03101</ele>
        <time>2026-09-09T23:07:52Z</time>
      </trkpt>
      <trkpt lat="39.8743384" lon="116.6550787">
        <ele>24.01961</ele>
        <time>2026-09-09T23:07:55Z</time>
      </trkpt>
      <trkpt lat="39.8743318" lon="116.6552335">
        <ele>23.98977</ele>
        <time>2026-09-09T23:07:59Z</time>
      </trkpt>
      <trkpt lat="39.8743223" lon="116.6553872">
        <ele>23.96309</ele>
        <time>2026-09-09T23:08:03Z</time>
      </trkpt>
      <trkpt lat="39.874322" lon="116.6555419">
        <ele>23.9848</ele>
        <time>2026-09-09T23:08:07Z</time>
      </trkpt>
      <trkpt lat="39.8743246" lon="116.6556938">
        <ele>24.01362</ele>
        <time>2026-09-09T23:08:11Z</time>
      </trkpt>
      <trkpt lat="39.8743251" lon="116.6558467">
        <ele>24.05865</ele>
        <time>2026-09-09T23:08:15Z</time>
      </trkpt>
      <trkpt lat="39.8743227" lon="116.6559981">
        <ele>24.28603</ele>
        <time>2026-09-09T23:08:19Z</time>
      </trkpt>
      <trkpt lat="39.8743183" lon="116.6561487">
        <ele>24.678</ele>
        <time>2026-09-09T23:08:22.981000Z</time>
      </trkpt>
      <trkpt lat="39.8743151" lon="116.6563022">
        <ele>25.00446</ele>
        <time>2026-09-09T23:08:26.961000Z</time>
      </trkpt>
      <trkpt lat="39.8743189" lon="116.6564545">
        <ele>25.22957</ele>
        <time>2026-09-09T23:08:30.942000Z</time>
      </trkpt>
      <trkpt lat="39.8743276" lon="116.6566072">
        <ele>25.37551</ele>
        <time>2026-09-09T23:08:34.922000Z</time>
      </trkpt>
      <trkpt lat="39.8743391" lon="116.6567585">
        <ele>25.44284</ele>
        <time>2026-09-09T23:08:38.903000Z</time>
      </trkpt>
      <trkpt lat="39.8743453" lon="116.6568754">
        <ele>25.45002</ele>
        <time>2026-09-09T23:08:41.888000Z</time>
      </trkpt>
      <trkpt lat="39.8743505" lon="116.6569942">
        <ele>25.43358</ele>
        <time>2026-09-09T23:08:44.873000Z</time>
      </trkpt>
      <trkpt lat="39.8743582" lon="116.657148">
        <ele>25.38743</ele>
        <time>2026-09-09T23:08:48.854000Z</time>
      </trkpt>
      <trkpt lat="39.8743653" lon="116.6573037">
        <ele>25.2997</ele>
        <time>2026-09-09T23:08:52.834000Z</time>
      </trkpt>
      <trkpt lat="39.8743642" lon="116.6574231">
        <ele>25.21491</ele>
        <time>2026-09-09T23:08:55.820000Z</time>
      </trkpt>
      <trkpt lat="39.87436" lon="116.6575463">
        <ele>25.11763</ele>
        <time>2026-09-09T23:08:58.805000Z</time>
      </trkpt>
      <trkpt lat="39.8743586" lon="116.6576685">
        <ele>25.00464</ele>
        <time>2026-09-09T23:09:01.791000Z</time>
      </trkpt>
      <trkpt lat="39.874362" lon="116.6577897">
        <ele>24.86853</ele>
        <time>2026-09-09T23:09:04.776000Z</time>
      </trkpt>
      <trkpt lat="39.8743661" lon="116.6579112">
        <ele>24.70246</ele>
        <time>2026-09-09T23:09:07.761000Z</time>
      </trkpt>
      <trkpt lat="39.8743706" lon="116.6580336">
        <ele>24.52384</ele>
        <time>2026-09-09T23:09:10.747000Z</time>
      </trkpt>
      <trkpt lat="39.8743748" lon="116.6581552">
        <ele>24.3663</ele>
        <time>2026-09-09T23:09:13.732000Z</time>
      </trkpt>
      <trkpt lat="39.8743782" lon="116.658279">
        <ele>24.26616</ele>
        <time>2026-09-09T23:09:16.717000Z</time>
      </trkpt>
      <trkpt lat="39.8743809" lon="116.6584037">
        <ele>24.24008</ele>
        <time>2026-09-09T23:09:19.703000Z</time>
      </trkpt>
      <trkpt lat="39.8743814" lon="116.6585282">
        <ele>24.27113</ele>
        <time>2026-09-09T23:09:22.688000Z</time>
      </trkpt>
      <trkpt lat="39.8743746" lon="116.6586537">
        <ele>24.33632</ele>
        <time>2026-09-09T23:09:25.674000Z</time>
      </trkpt>
      <trkpt lat="39.874362" lon="116.6587858">
        <ele>24.41354</ele>
        <time>2026-09-09T23:09:28.659000Z</time>
      </trkpt>
      <trkpt lat="39.8743541" lon="116.6589144">
        <ele>24.48395</ele>
        <time>2026-09-09T23:09:31.644000Z</time>
      </trkpt>
      <trkpt lat="39.8743513" lon="116.6590442">
        <ele>24.53646</ele>
        <time>2026-09-09T23:09:34.630000Z</time>
      </trkpt>
      <trkpt lat="39.8743489" lon="116.6591761">
        <ele>24.57135</ele>
        <time>2026-09-09T23:09:37.615000Z</time>
      </trkpt>
      <trkpt lat="39.8743451" lon="116.6593073">
        <ele>24.59252</ele>
        <time>2026-09-09T23:09:40.601000Z</time>
      </trkpt>
      <trkpt lat="39.8743405" lon="116.6594341">
        <ele>24.60432</ele>
        <time>2026-09-09T23:09:43.586000Z</time>
      </trkpt>
      <trkpt lat="39.8743374" lon="116.6595566">
        <ele>24.60731</ele>
        <time>2026-09-09T23:09:46.571000Z</time>
      </trkpt>
      <trkpt lat="39.8743352" lon="116.6596771">
        <ele>24.5988</ele>
        <time>2026-09-09T23:09:49.557000Z</time>
      </trkpt>
      <trkpt lat="39.8743409" lon="116.6597945">
        <ele>24.59137</ele>
        <time>2026-09-09T23:09:52.542000Z</time>
      </trkpt>
      <trkpt lat="39.8743472" lon="116.6599422">
        <ele>24.60136</ele>
        <time>2026-09-09T23:09:56.523000Z</time>
      </trkpt>
      <trkpt lat="39.8743389" lon="116.6600903">
        <ele>24.62604</ele>
        <time>2026-09-09T23:10:00.503000Z</time>
      </trkpt>
      <trkpt lat="39.8743259" lon="116.6602362">
        <ele>24.6394</ele>
        <time>2026-09-09T23:10:04.484000Z</time>
      </trkpt>
      <trkpt lat="39.8743253" lon="116.6603809">
        <ele>24.62121</ele>
        <time>2026-09-09T23:10:08.464000Z</time>
      </trkpt>
      <trkpt lat="39.874321" lon="116.6605283">
        <ele>24.57621</ele>
        <time>2026-09-09T23:10:12.445000Z</time>
      </trkpt>
      <trkpt lat="39.8743162" lon="116.660645">
        <ele>24.52237</ele>
        <time>2026-09-09T23:10:15.430000Z</time>
      </trkpt>
      <trkpt lat="39.8743107" lon="116.6607636">
        <ele>24.44478</ele>
        <time>2026-09-09T23:10:18.416000Z</time>
      </trkpt>
      <trkpt lat="39.8743058" lon="116.6608821">
        <ele>24.37369</ele>
        <time>2026-09-09T23:10:21.401000Z</time>
      </trkpt>
      <trkpt lat="39.874304" lon="116.6610011">
        <ele>24.32736</ele>
        <time>2026-09-09T23:10:24.386000Z</time>
      </trkpt>
      <trkpt lat="39.874302" lon="116.6611188">
        <ele>24.28048</ele>
        <time>2026-09-09T23:10:27.372000Z</time>
      </trkpt>
      <trkpt lat="39.8742974" lon="116.6612726">
        <ele>24.19234</ele>
        <time>2026-09-09T23:10:31.352000Z</time>
      </trkpt>
      <trkpt lat="39.8743027" lon="116.6614177">
        <ele>24.11935</ele>
        <time>2026-09-09T23:10:35.333000Z</time>
      </trkpt>
      <trkpt lat="39.8743089" lon="116.6615621">
        <ele>24.12567</ele>
        <time>2026-09-09T23:10:39.314000Z</time>
      </trkpt>
      <trkpt lat="39.8743021" lon="116.6617114">
        <ele>24.16412</ele>
        <time>2026-09-09T23:10:43.294000Z</time>
      </trkpt>
      <trkpt lat="39.8742893" lon="116.661864">
        <ele>24.16418</ele>
        <time>2026-09-09T23:10:47.275000Z</time>
      </trkpt>
      <trkpt lat="39.8742801" lon="116.6620149">
        <ele>24.13174</ele>
        <time>2026-09-09T23:10:51.255000Z</time>
      </trkpt>
      <trkpt lat="39.8742734" lon="116.6621675">
        <ele>24.09107</ele>
        <time>2026-09-09T23:10:55.236000Z</time>
      </trkpt>
      <trkpt lat="39.874263" lon="116.6623201">
        <ele>24.00614</ele>
        <time>2026-09-09T23:10:59.216000Z</time>
      </trkpt>
      <trkpt lat="39.8742536" lon="116.6624732">
        <ele>23.85427</ele>
        <time>2026-09-09T23:11:03.197000Z</time>
      </trkpt>
      <trkpt lat="39.8742481" lon="116.6626171">
        <ele>23.72071</ele>
        <time>2026-09-09T23:11:07Z</time>
      </trkpt>
      <trkpt lat="39.8742457" lon="116.6627697">
        <ele>23.61719</ele>
        <time>2026-09-09T23:11:11.158000Z</time>
      </trkpt>
      <trkpt lat="39.8742383" lon="116.6629049">
        <ele>23.51901</ele>
        <time>2026-09-09T23:11:15Z</time>
      </trkpt>
      <trkpt lat="39.8742248" lon="116.6630518">
        <ele>23.40662</ele>
        <time>2026-09-09T23:11:19Z</time>
      </trkpt>
      <trkpt lat="39.8742155" lon="116.6632018">
        <ele>23.32049</ele>
        <time>2026-09-09T23:11:23Z</time>
      </trkpt>
      <trkpt lat="39.8742112" lon="116.6633498">
        <ele>23.25557</ele>
        <time>2026-09-09T23:11:27Z</time>
      </trkpt>
      <trkpt lat="39.8742151" lon="116.6634985">
        <ele>23.21279</ele>
        <time>2026-09-09T23:11:31Z</time>
      </trkpt>
      <trkpt lat="39.8742203" lon="116.6636429">
        <ele>23.1952</ele>
        <time>2026-09-09T23:11:35Z</time>
      </trkpt>
      <trkpt lat="39.8742176" lon="116.6637858">
        <ele>23.23809</ele>
        <time>2026-09-09T23:11:39Z</time>
      </trkpt>
      <trkpt lat="39.8742222" lon="116.6639308">
        <ele>23.42312</ele>
        <time>2026-09-09T23:11:43Z</time>
      </trkpt>
      <trkpt lat="39.874236" lon="116.6640825">
        <ele>23.69851</ele>
        <time>2026-09-09T23:11:46.983000Z</time>
      </trkpt>
      <trkpt lat="39.8742558" lon="116.6642342">
        <ele>23.89492</ele>
        <time>2026-09-09T23:11:50.964000Z</time>
      </trkpt>
      <trkpt lat="39.8742803" lon="116.6643819">
        <ele>23.97322</ele>
        <time>2026-09-09T23:11:54.944000Z</time>
      </trkpt>
      <trkpt lat="39.8743079" lon="116.6645312">
        <ele>23.95688</ele>
        <time>2026-09-09T23:11:58.925000Z</time>
      </trkpt>
      <trkpt lat="39.874332" lon="116.6646806">
        <ele>23.9087</ele>
        <time>2026-09-09T23:12:02.906000Z</time>
      </trkpt>
      <trkpt lat="39.874356" lon="116.6648305">
        <ele>23.86185</ele>
        <time>2026-09-09T23:12:06.886000Z</time>
      </trkpt>
      <trkpt lat="39.8743873" lon="116.6649794">
        <ele>23.79915</ele>
        <time>2026-09-09T23:12:10.867000Z</time>
      </trkpt>
      <trkpt lat="39.8744208" lon="116.6651208">
        <ele>23.73325</ele>
        <time>2026-09-09T23:12:14.847000Z</time>
      </trkpt>
      <trkpt lat="39.8744541" lon="116.6652656">
        <ele>23.68558</ele>
        <time>2026-09-09T23:12:18.828000Z</time>
      </trkpt>
      <trkpt lat="39.8744886" lon="116.6654073">
        <ele>23.64141</ele>
        <time>2026-09-09T23:12:22.809000Z</time>
      </trkpt>
      <trkpt lat="39.874535" lon="116.6655381">
        <ele>23.54714</ele>
        <time>2026-09-09T23:12:26.789000Z</time>
      </trkpt>
      <trkpt lat="39.8745896" lon="116.6656574">
        <ele>23.39007</ele>
        <time>2026-09-09T23:12:30.770000Z</time>
      </trkpt>
      <trkpt lat="39.8746326" lon="116.6657852">
        <ele>23.21254</ele>
        <time>2026-09-09T23:12:34.750000Z</time>
      </trkpt>
      <trkpt lat="39.874683" lon="116.6659212">
        <ele>23.03957</ele>
        <time>2026-09-09T23:12:38.731000Z</time>
      </trkpt>
      <trkpt lat="39.874739" lon="116.6660549">
        <ele>22.93988</ele>
        <time>2026-09-09T23:12:42.712000Z</time>
      </trkpt>
      <trkpt lat="39.8747946" lon="116.6661846">
        <ele>22.9354</ele>
        <time>2026-09-09T23:12:46.692000Z</time>
      </trkpt>
      <trkpt lat="39.8748502" lon="116.6663113">
        <ele>22.95863</ele>
        <time>2026-09-09T23:12:50.673000Z</time>
      </trkpt>
      <trkpt lat="39.8749032" lon="116.6664369">
        <ele>22.9604</ele>
        <time>2026-09-09T23:12:54.653000Z</time>
      </trkpt>
      <trkpt lat="39.874966" lon="116.666564">
        <ele>22.93461</ele>
        <time>2026-09-09T23:12:58.634000Z</time>
      </trkpt>
      <trkpt lat="39.8750427" lon="116.6666782">
        <ele>22.90046</ele>
        <time>2026-09-09T23:13:02.615000Z</time>
      </trkpt>
      <trkpt lat="39.8751008" lon="116.6667703">
        <ele>22.89222</ele>
        <time>2026-09-09T23:13:05.600000Z</time>
      </trkpt>
      <trkpt lat="39.8751591" lon="116.6668661">
        <ele>22.9066</ele>
        <time>2026-09-09T23:13:08.585000Z</time>
      </trkpt>
    </trkseg>
  </trk>
</gpx>