<?xml version="1.0" encoding="UTF-8"?>
<gpx xmlns="http://www.topografix.com/GPX/1/1" xmlns:gpxtpx="http://www.garmin.com/xmlschemas/TrackPointExtension/v1" xmlns:xsi="http://www.w3.org/2001/XMLSchema-instance" xsi:schemaLocation="http://www.topografix.com/GPX/1/1 http://www.topografix.com/GPX/1/1/gpx.xsd" version="1.1" creator="gpx.py -- https://github.com/tkrajina/gpxpy">
  <trk>
    <name>gpx from codoon</name>
    <type>Run</type>
    <trkseg>
      <trkpt lat="39.8746652" lon="116.6657007">
        <ele>22.75162</ele>
        <time>2026-09-10T22:39:35.278000Z</time>
      </trkpt>
      <trkpt lat="39.8746978" lon="116.6658312">
        <ele>22.76901</ele>
        <time>2026-09-10T22:39:39.634000Z</time>
      </trkpt>
      <trkpt lat="39.8747403" lon="116.665972">
        <ele>22.77945</ele>
        <time>2026-09-10T22:39:43.616000Z</time>
      </trkpt>
      <trkpt lat="39.8747856" lon="116.6660969">
        <ele>22.70973</ele>
        <time>2026-09-10T22:39:47.598000Z</time>
      </trkpt>
      <trkpt lat="39.8748408" lon="116.6662142">
        <ele>22.61405</ele>
        <time>2026-09-10T22:39:51.580000Z</time>
      </trkpt>
      <trkpt lat="39.8749025" lon="116.6663335">
        <ele>22.52909</ele>
        <time>2026-09-10T22:39:55.561000Z</time>
      </trkpt>
      <trkpt lat="39.8749628" lon="116.6664454">
        <ele>22.452</ele>
        <time>2026-09-10T22:39:59.543000Z</time>
      </trkpt>
      <trkpt lat="39.875028" lon="116.6665511">
        <ele>22.38657</ele>
        <time>2026-09-10T22:40:03.524000Z</time>
      </trkpt>
      <trkpt lat="39.8750994" lon="116.6666575">
        <ele>22.32681</ele>
        <time>2026-09-10T22:40:07.505000Z</time>
      </trkpt>
      <trkpt lat="39.8751706" lon="116.6667674">
        <ele>22.29078</ele>
        <time>2026-09-10T22:40:11.486000Z</time>
      </trkpt>
      <trkpt lat="39.8752396" lon="116.6668794">
        <ele>22.29344</ele>
        <time>2026-09-10T22:40:15.467000Z</time>
      </trkpt>
      <trkpt lat="39.8753074" lon="116.6669897">
        <ele>22.31504</ele>
        <time>2026-09-10T22:40:19.448000Z</time>
      </trkpt>
      <trkpt lat="39.8753671" lon="116.6670964">
        <ele>22.34645</ele>
        <time>2026-09-10T22:40:23.429000Z</time>
      </trkpt>
      <trkpt lat="39.8754294" lon="116.6672046">
        <ele>22.40362</ele>
        <time>2026-09-10T22:40:27.410000Z</time>
      </trkpt>
      <trkpt lat="39.8754974" lon="116.6673113">
        <ele>22.47626</ele>
        <time>2026-09-10T22:40:31.391000Z</time>
      </trkpt>
      <trkpt lat="39.8755609" lon="116.6674168">
        <ele>22.58238</ele>
        <time>2026-09-10T22:40:35.372000Z</time>
      </trkpt>
      <trkpt lat="39.8756221" lon="116.6675211">
        <ele>22.74573</ele>
        <time>2026-09-10T22:40:39.353000Z</time>
      </trkpt>
      <trkpt lat="39.8756768" lon="116.667617">
        <ele>22.93118</ele>
        <time>2026-09-10T22:40:43.334000Z</time>
      </trkpt>
      <trkpt lat="39.875748" lon="116.6677286">
        <ele>23.10524</ele>
        <time>2026-09-10T22:40:48.311000Z</time>
      </trkpt>
      <trkpt lat="39.8758136" lon="116.6678096">
        <ele>23.21635</ele>
        <time>2026-09-10T22:40:52.291000Z</time>
      </trkpt>
      <trkpt lat="39.8758902" lon="116.6678983">
        <ele>23.34195</ele>
        <time>2026-09-10T22:40:56.272000Z</time>
      </trkpt>
      <trkpt lat="39.875965" lon="116.6679885">
        <ele>23.49175</ele>
        <time>2026-09-10T22:41:00.253000Z</time>
      </trkpt>
      <trkpt lat="39.8760362" lon="116.6680792">
        <ele>23.69428</ele>
        <time>2026-09-10T22:41:04.234000Z</time>
      </trkpt>
      <trkpt lat="39.8761122" lon="116.6681629">
        <ele>23.98745</ele>
        <time>2026-09-10T22:41:08.215000Z</time>
      </trkpt>
      <trkpt lat="39.8761916" lon="116.6682407">
        <ele>24.31812</ele>
        <time>2026-09-10T22:41:12.196000Z</time>
      </trkpt>
      <trkpt lat="39.876273" lon="116.6683206">
        <ele>24.51194</ele>
        <time>2026-09-10T22:41:16.177000Z</time>
      </trkpt>
      <trkpt lat="39.8763505" lon="116.6684065">
        <ele>24.58017</ele>
        <time>2026-09-10T22:41:20Z</time>
      </trkpt>
      <trkpt lat="39.8764245" lon="116.6685082">
        <ele>24.6179</ele>
        <time>2026-09-10T22:41:24Z</time>
      </trkpt>
      <trkpt lat="39.8764958" lon="116.6686194">
        <ele>24.6372</ele>
        <time>2026-09-10T22:41:28Z</time>
      </trkpt>
      <trkpt lat="39.8765673" lon="116.6687253">
        <ele>24.62175</ele>
        <time>2026-09-10T22:41:32Z</time>
      </trkpt>
      <trkpt lat="39.8766415" lon="116.6688295">
        <ele>24.57348</ele>
        <time>2026-09-10T22:41:36.081000Z</time>
      </trkpt>
      <trkpt lat="39.8767099" lon="116.6689291">
        <ele>24.54491</ele>
        <time>2026-09-10T22:41:39.999000Z</time>
      </trkpt>
      <trkpt lat="39.8767815" lon="116.669029">
        <ele>24.49251</ele>
        <time>2026-09-10T22:41:44Z</time>
      </trkpt>
      <trkpt lat="39.8768541" lon="116.6691264">
        <ele>24.40365</ele>
        <time>2026-09-10T22:41:48Z</time>
      </trkpt>
      <trkpt lat="39.8769258" lon="116.6692208">
        <ele>24.31228</ele>
        <time>2026-09-10T22:41:52.005000Z</time>
      </trkpt>
      <trkpt lat="39.8769957" lon="116.6693169">
        <ele>24.21526</ele>
        <time>2026-09-10T22:41:55.986000Z</time>
      </trkpt>
      <trkpt lat="39.8770504" lon="116.6694284">
        <ele>24.16006</ele>
        <time>2026-09-10T22:41:59.967000Z</time>
      </trkpt>
      <trkpt lat="39.8770675" lon="116.6695528">
        <ele>24.18818</ele>
        <time>2026-09-10T22:42:03.948000Z</time>
      </trkpt>
      <trkpt lat="39.8770288" lon="116.6696629">
        <ele>24.25669</ele>
        <time>2026-09-10T22:42:07.928000Z</time>
      </trkpt>
      <trkpt lat="39.8769561" lon="116.6697564">
        <ele>24.30733</ele>
        <time>2026-09-10T22:42:11.909000Z</time>
      </trkpt>
      <trkpt lat="39.8768798" lon="116.6698503">
        <ele>24.34313</ele>
        <time>2026-09-10T22:42:15.890000Z</time>
      </trkpt>
      <trkpt lat="39.8768084" lon="116.669946">
        <ele>24.41105</ele>
        <time>2026-09-10T22:42:19.871000Z</time>
      </trkpt>
      <trkpt lat="39.8767369" lon="116.6700385">
        <ele>24.52814</ele>
        <time>2026-09-10T22:42:23.852000Z</time>
      </trkpt>
      <trkpt lat="39.8766681" lon="116.670131">
        <ele>24.64059</ele>
        <time>2026-09-10T22:42:27.833000Z</time>
      </trkpt>
      <trkpt lat="39.8766016" lon="116.6702193">
        <ele>24.7072</ele>
        <time>2026-09-10T22:42:31.814000Z</time>
      </trkpt>
      <trkpt lat="39.8765348" lon="116.6703094">
        <ele>24.73026</ele>
        <time>2026-09-10T22:42:35.794000Z</time>
      </trkpt>
      <trkpt lat="39.8764649" lon="116.6704039">
        <ele>24.71996</ele>
        <time>2026-09-10T22:42:39.775000Z</time>
      </trkpt>
      <trkpt lat="39.8763918" lon="116.6704948">
        <ele>24.68351</ele>
        <time>2026-09-10T22:42:43.756000Z</time>
      </trkpt>
      <trkpt lat="39.8763193" lon="116.6705835">
        <ele>24.63833</ele>
        <time>2026-09-10T22:42:47.737000Z</time>
      </trkpt>
      <trkpt lat="39.8762467" lon="116.6706728">
        <ele>24.59794</ele>
        <time>2026-09-10T22:42:51.718000Z</time>
      </trkpt>
      <trkpt lat="39.8761708" lon="116.6707608">
        <ele>24.58236</ele>
        <time>2026-09-10T22:42:55.699000Z</time>
      </trkpt>
      <trkpt lat="39.8760955" lon="116.6708462">
        <ele>24.57676</ele>
        <time>2026-09-10T22:42:59.680000Z</time>
      </trkpt>
      <trkpt lat="39.8760226" lon="116.6709281">
        <ele>24.55013</ele>
        <time>2026-09-10T22:43:03.660000Z</time>
      </trkpt>
      <trkpt lat="39.8759487" lon="116.6710095">
        <ele>24.47437</ele>
        <time>2026-09-10T22:43:07.641000Z</time>
      </trkpt>
      <trkpt lat="39.8758763" lon="116.6710946">
        <ele>24.35744</ele>
        <time>2026-09-10T22:43:11.622000Z</time>
      </trkpt>
      <trkpt lat="39.8758046" lon="116.6711782">
        <ele>24.25736</ele>
        <time>2026-09-10T22:43:15.603000Z</time>
      </trkpt>
      <trkpt lat="39.8757334" lon="116.67126">
        <ele>24.20486</ele>
        <time>2026-09-10T22:43:19.584000Z</time>
      </trkpt>
      <trkpt lat="39.8756623" lon="116.6713425">
        <ele>24.19324</ele>
        <time>2026-09-10T22:43:23.565000Z</time>
      </trkpt>
      <trkpt lat="39.8755933" lon="116.6714285">
        <ele>24.1799</ele>
        <time>2026-09-10T22:43:27.546000Z</time>
      </trkpt>
      <trkpt lat="39.8755244" lon="116.6715173">
        <ele>24.13314</ele>
        <time>2026-09-10T22:43:31.527000Z</time>
      </trkpt>
      <trkpt lat="39.8754547" lon="116.6716029">
        <ele>24.06463</ele>
        <time>2026-09-10T22:43:35.507000Z</time>
      </trkpt>
      <trkpt lat="39.8753804" lon="116.6716809">
        <ele>23.98886</ele>
        <time>2026-09-10T22:43:39.488000Z</time>
      </trkpt>
      <trkpt lat="39.8753078" lon="116.6717576">
        <ele>23.89882</ele>
        <time>2026-09-10T22:43:43.469000Z</time>
      </trkpt>
      <trkpt lat="39.875234" lon="116.6718398">
        <ele>23.81793</ele>
        <time>2026-09-10T22:43:47.450000Z</time>
      </trkpt>
      <trkpt lat="39.8751647" lon="116.6719303">
        <ele>23.78105</ele>
        <time>2026-09-10T22:43:51.431000Z</time>
      </trkpt>
      <trkpt lat="39.8751027" lon="116.6720252">
        <ele>23.7885</ele>
        <time>2026-09-10T22:43:55.412000Z</time>
      </trkpt>
      <trkpt lat="39.8750409" lon="116.672117">
        <ele>23.81501</ele>
        <time>2026-09-10T22:43:59.393000Z</time>
      </trkpt>
      <trkpt lat="39.8749751" lon="116.6722018">
        <ele>23.85614</ele>
        <time>2026-09-10T22:44:03.373000Z</time>
      </trkpt>
      <trkpt lat="39.8749078" lon="116.6722877">
        <ele>23.93718</ele>
        <time>2026-09-10T22:44:07.354000Z</time>
      </trkpt>
      <trkpt lat="39.8748387" lon="116.6723774">
        <ele>24.09194</ele>
        <time>2026-09-10T22:44:11.335000Z</time>
      </trkpt>
      <trkpt lat="39.8747671" lon="116.6724716">
        <ele>24.32784</ele>
        <time>2026-09-10T22:44:15.316000Z</time>
      </trkpt>
      <trkpt lat="39.8746973" lon="116.6725612">
        <ele>24.59884</ele>
        <time>2026-09-10T22:44:19.297000Z</time>
      </trkpt>
      <trkpt lat="39.8746279" lon="116.6726464">
        <ele>24.83061</ele>
        <time>2026-09-10T22:44:23.278000Z</time>
      </trkpt>
      <trkpt lat="39.8745595" lon="116.6727342">
        <ele>24.97895</ele>
        <time>2026-09-10T22:44:27.259000Z</time>
      </trkpt>
      <trkpt lat="39.8744934" lon="116.6728249">
        <ele>25.0116</ele>
        <time>2026-09-10T22:44:31.239000Z</time>
      </trkpt>
      <trkpt lat="39.8744238" lon="116.6729171">
        <ele>24.92384</ele>
        <time>2026-09-10T22:44:35.220000Z</time>
      </trkpt>
      <trkpt lat="39.8743547" lon="116.6730084">
        <ele>24.75755</ele>
        <time>2026-09-10T22:44:39.201000Z</time>
      </trkpt>
      <trkpt lat="39.8742876" lon="116.6730923">
        <ele>24.61537</ele>
        <time>2026-09-10T22:44:43Z</time>
      </trkpt>
      <trkpt lat="39.8742139" lon="116.6731775">
        <ele>24.59</ele>
        <time>2026-09-10T22:44:47Z</time>
      </trkpt>
      <trkpt lat="39.8741362" lon="116.6732587">
        <ele>24.68314</ele>
        <time>2026-09-10T22:44:51Z</time>
      </trkpt>
      <trkpt lat="39.8740571" lon="116.6733406">
        <ele>24.85332</ele>
        <time>2026-09-10T22:44:55.125000Z</time>
      </trkpt>
      <trkpt lat="39.8739847" lon="116.673421">
        <ele>24.95149</ele>
        <time>2026-09-10T22:44:59.106000Z</time>
      </trkpt>
      <trkpt lat="39.8739134" lon="116.673507">
        <ele>24.93052</ele>
        <time>2026-09-10T22:45:03.086000Z</time>
      </trkpt>
      <trkpt lat="39.8738483" lon="116.6735967">
        <ele>24.8025</ele>
        <time>2026-09-10T22:45:07.067000Z</time>
      </trkpt>
      <trkpt lat="39.8737898" lon="116.6736911">
        <ele>24.69564</ele>
        <time>2026-09-10T22:45:11Z</time>
      </trkpt>
      <trkpt lat="39.8737172" lon="116.6737772">
        <ele>24.68027</ele>
        <time>2026-09-10T22:45:15Z</time>
      </trkpt>
      <trkpt lat="39.8736354" lon="116.6738597">
        <ele>24.69479</ele>
        <time>2026-09-10T22:45:19Z</time>
      </trkpt>
      <trkpt lat="39.8735557" lon="116.6739455">
        <ele>24.67194</ele>
        <time>2026-09-10T22:45:22.991000Z</time>
      </trkpt>
      <trkpt lat="39.8734815" lon="116.6740331">
        <ele>24.60781</ele>
        <time>2026-09-10T22:45:26.972000Z</time>
      </trkpt>
      <trkpt lat="39.8734111" lon="116.67412">
        <ele>24.55871</ele>
        <time>2026-09-10T22:45:30.953000Z</time>
      </trkpt>
      <trkpt lat="39.8733388" lon="116.6742097">
        <ele>24.55952</ele>
        <time>2026-09-10T22:45:34.933000Z</time>
      </trkpt>
      <trkpt lat="39.8732712" lon="116.6743029">
        <ele>24.6099</ele>
        <time>2026-09-10T22:45:38.914000Z</time>
      </trkpt>
      <trkpt lat="39.8732066" lon="116.6743961">
        <ele>24.71342</ele>
        <time>2026-09-10T22:45:42.895000Z</time>
      </trkpt>
      <trkpt lat="39.8731391" lon="116.6744851">
        <ele>24.86519</ele>
        <time>2026-09-10T22:45:46.876000Z</time>
      </trkpt>
      <trkpt lat="39.8730727" lon="116.6745683">
        <ele>25.03419</ele>
        <time>2026-09-10T22:45:50.857000Z</time>
      </trkpt>
      <trkpt lat="39.8730067" lon="116.6746496">
        <ele>25.1823</ele>
        <time>2026-09-10T22:45:54.838000Z</time>
      </trkpt>
      <trkpt lat="39.8729149" lon="116.6747333">
        <ele>25.28263</ele>
        <time>2026-09-10T22:45:59.814000Z</time>
      </trkpt>
      <trkpt lat="39.8728153" lon="116.6747769">
        <ele>25.18885</ele>
        <time>2026-09-10T22:46:04.790000Z</time>
      </trkpt>
      <trkpt lat="39.8727822" lon="116.674808">
        <ele>24.92673</ele>
        <time>2026-09-10T22:46:10.761000Z</time>
      </trkpt>
      <trkpt lat="39.8728002" lon="116.6748204">
        <ele>24.77998</ele>
        <time>2026-09-10T22:46:13.747000Z</time>
      </trkpt>
      <trkpt lat="39.872746" lon="116.674952">
        <ele>24.50619</ele>
        <time>2026-09-10T22:46:19.718000Z</time>
      </trkpt>
      <trkpt lat="39.8726962" lon="116.6750547">
        <ele>24.3722</ele>
        <time>2026-09-10T22:46:22.704000Z</time>
      </trkpt>
      <trkpt lat="39.8726456" lon="116.6751551">
        <ele>24.24268</ele>
        <time>2026-09-10T22:46:25.690000Z</time>
      </trkpt>
      <trkpt lat="39.8725823" lon="116.6752777">
        <ele>24.09053</ele>
        <time>2026-09-10T22:46:29.670000Z</time>
      </trkpt>
      <trkpt lat="39.8725217" lon="116.6753944">
        <ele>23.97919</ele>
        <time>2026-09-10T22:46:33.651000Z</time>
      </trkpt>
      <trkpt lat="39.8724632" lon="116.675508">
        <ele>23.91161</ele>
        <time>2026-09-10T22:46:37.632000Z</time>
      </trkpt>
      <trkpt lat="39.8724039" lon="116.6756161">
        <ele>23.88718</ele>
        <time>2026-09-10T22:46:41.613000Z</time>
      </trkpt>
      <trkpt lat="39.8723421" lon="116.6757263">
        <ele>23.89955</ele>
        <time>2026-09-10T22:46:45.594000Z</time>
      </trkpt>
      <trkpt lat="39.8722834" lon="116.6758414">
        <ele>23.96582</ele>
        <time>2026-09-10T22:46:49.575000Z</time>
      </trkpt>
      <trkpt lat="39.8722303" lon="116.6759551">
        <ele>24.05082</ele>
        <time>2026-09-10T22:46:53.556000Z</time>
      </trkpt>
      <trkpt lat="39.8721766" lon="116.6760664">
        <ele>24.09443</ele>
        <time>2026-09-10T22:46:57.537000Z</time>
      </trkpt>
      <trkpt lat="39.8721221" lon="116.6761775">
        <ele>24.07268</ele>
        <time>2026-09-10T22:47:01.517000Z</time>
      </trkpt>
      <trkpt lat="39.872069" lon="116.676286">
        <ele>24.0116</ele>
        <time>2026-09-10T22:47:05.498000Z</time>
      </trkpt>
      <trkpt lat="39.8720199" lon="116.6763971">
        <ele>23.97063</ele>
        <time>2026-09-10T22:47:09.479000Z</time>
      </trkpt>
      <trkpt lat="39.8719696" lon="116.6765055">
        <ele>23.9456</ele>
        <time>2026-09-10T22:47:13.460000Z</time>
      </trkpt>
      <trkpt lat="39.8719221" lon="116.6766124">
        <ele>23.9126</ele>
        <time>2026-09-10T22:47:17.441000Z</time>
      </trkpt>
      <trkpt lat="39.8718773" lon="116.6767201">
        <ele>23.8671</ele>
        <time>2026-09-10T22:47:21.422000Z</time>
      </trkpt>
      <trkpt lat="39.8718315" lon="116.6768308">
        <ele>23.82369</ele>
        <time>2026-09-10T22:47:25.403000Z</time>
      </trkpt>
      <trkpt lat="39.8717853" lon="116.6769383">
        <ele>23.79343</ele>
        <time>2026-09-10T22:47:29.384000Z</time>
      </trkpt>
      <trkpt lat="39.8717394" lon="116.677052">
        <ele>23.75982</ele>
        <time>2026-09-10T22:47:33.364000Z</time>
      </trkpt>
      <trkpt lat="39.8716995" lon="116.677169">
        <ele>23.70169</ele>
        <time>2026-09-10T22:47:37.345000Z</time>
      </trkpt>
      <trkpt lat="39.8716646" lon="116.677285">
        <ele>23.62831</ele>
        <time>2026-09-10T22:47:41.326000Z</time>
      </trkpt>
      <trkpt lat="39.8716264" lon="116.677407">
        <ele>23.55397</ele>
        <time>2026-09-10T22:47:45.307000Z</time>
      </trkpt>
      <trkpt lat="39.8715898" lon="116.6775306">
        <ele>23.49905</ele>
        <time>2026-09-10T22:47:49.288000Z</time>
      </trkpt>
      <trkpt lat="39.8715549" lon="116.6776533">
        <ele>23.47826</ele>
        <time>2026-09-10T22:47:53.269000Z</time>
      </trkpt>
      <trkpt lat="39.8715218" lon="116.6777761">
        <ele>23.49489</ele>
        <time>2026-09-10T22:47:57.250000Z</time>
      </trkpt>
      <trkpt lat="39.8714886" lon="116.6779016">
        <ele>23.58122</ele>
        <time>2026-09-10T22:48:01.231000Z</time>
      </trkpt>
      <trkpt lat="39.8714537" lon="116.6780258">
        <ele>23.75414</ele>
        <time>2026-09-10T22:48:05.212000Z</time>
      </trkpt>
      <trkpt lat="39.8714205" lon="116.678139">
        <ele>23.9428</ele>
        <time>2026-09-10T22:48:09Z</time>
      </trkpt>
      <trkpt lat="39.8713876" lon="116.6782592">
        <ele>24.05641</ele>
        <time>2026-09-10T22:48:13Z</time>
      </trkpt>
      <trkpt lat="39.8713593" lon="116.6783799">
        <ele>24.07755</ele>
        <time>2026-09-10T22:48:17Z</time>
      </trkpt>
      <trkpt lat="39.8713287" lon="116.6785035">
        <ele>24.062</ele>
        <time>2026-09-10T22:48:21Z</time>
      </trkpt>
      <trkpt lat="39.8712967" lon="116.678625">
        <ele>24.02549</ele>
        <time>2026-09-10T22:48:25Z</time>
      </trkpt>
      <trkpt lat="39.8712631" lon="116.6787426">
        <ele>23.98134</ele>
        <time>2026-09-10T22:48:29Z</time>
      </trkpt>
      <trkpt lat="39.8712302" lon="116.6788581">
        <ele>23.96</ele>
        <time>2026-09-10T22:48:33Z</time>
      </trkpt>
      <trkpt lat="39.8711945" lon="116.6789786">
        <ele>23.93962</ele>
        <time>2026-09-10T22:48:37.059000Z</time>
      </trkpt>
      <trkpt lat="39.8711636" lon="116.6790988">
        <ele>23.91858</ele>
        <time>2026-09-10T22:48:41.040000Z</time>
      </trkpt>
      <trkpt lat="39.8711326" lon="116.6792234">
        <ele>23.89501</ele>
        <time>2026-09-10T22:48:45.021000Z</time>
      </trkpt>
      <trkpt lat="39.8710985" lon="116.6793436">
        <ele>23.87329</ele>
        <time>2026-09-10T22:48:49.002000Z</time>
      </trkpt>
      <trkpt lat="39.8710666" lon="116.6794604">
        <ele>23.85672</ele>
        <time>2026-09-10T22:48:52.983000Z</time>
      </trkpt>
      <trkpt lat="39.8710327" lon="116.6795804">
        <ele>23.80144</ele>
        <time>2026-09-10T22:48:56.963000Z</time>
      </trkpt>
      <trkpt lat="39.870999" lon="116.6796958">
        <ele>23.72293</ele>
        <time>2026-09-10T22:49:00.944000Z</time>
      </trkpt>
      <trkpt lat="39.8709651" lon="116.6798122">
        <ele>23.67635</ele>
        <time>2026-09-10T22:49:04.925000Z</time>
      </trkpt>
      <trkpt lat="39.8709295" lon="116.6799328">
        <ele>23.67361</ele>
        <time>2026-09-10T22:49:08.906000Z</time>
      </trkpt>
      <trkpt lat="39.8708953" lon="116.6800526">
        <ele>23.71456</ele>
        <time>2026-09-10T22:49:12.887000Z</time>
      </trkpt>
      <trkpt lat="39.8708623" lon="116.6801752">
        <ele>23.79844</ele>
        <time>2026-09-10T22:49:16.868000Z</time>
      </trkpt>
      <trkpt lat="39.8708281" lon="116.6802985">
        <ele>23.87126</ele>
        <time>2026-09-10T22:49:20.849000Z</time>
      </trkpt>
      <trkpt lat="39.870795" lon="116.6804234">
        <ele>23.89122</ele>
        <time>2026-09-10T22:49:24.830000Z</time>
      </trkpt>
      <trkpt lat="39.8707633" lon="116.6805495">
        <ele>23.84731</ele>
        <time>2026-09-10T22:49:28.810000Z</time>
      </trkpt>
      <trkpt lat="39.8707347" lon="116.6806761">
        <ele>23.76221</ele>
        <time>2026-09-10T22:49:32.791000Z</time>
      </trkpt>
      <trkpt lat="39.8707072" lon="116.680803">
        <ele>23.72101</ele>
        <time>2026-09-10T22:49:36.772000Z</time>
      </trkpt>
      <trkpt lat="39.8706789" lon="116.6809292">
        <ele>23.76066</ele>
        <time>2026-09-10T22:49:40.753000Z</time>
      </trkpt>
      <trkpt lat="39.87065" lon="116.6810538">
        <ele>23.81127</ele>
        <time>2026-09-10T22:49:44.734000Z</time>
      </trkpt>
      <trkpt lat="39.870621" lon="116.6811815">
        <ele>23.78476</ele>
        <time>2026-09-10T22:49:48.715000Z</time>
      </trkpt>
      <trkpt lat="39.8705885" lon="116.6813167">
        <ele>23.6838</ele>
        <time>2026-09-10T22:49:52.696000Z</time>
      </trkpt>
      <trkpt lat="39.8705622" lon="116.6814522">
        <ele>23.54198</ele>
        <time>2026-09-10T22:49:56.676000Z</time>
      </trkpt>
      <trkpt lat="39.8705338" lon="116.6815821">
        <ele>23.39523</ele>
        <time>2026-09-10T22:50:00.657000Z</time>
      </trkpt>
      <trkpt lat="39.8704999" lon="116.6817054">
        <ele>23.28253</ele>
        <time>2026-09-10T22:50:04.638000Z</time>
      </trkpt>
      <trkpt lat="39.870467" lon="116.6818301">
        <ele>23.22043</ele>
        <time>2026-09-10T22:50:08.619000Z</time>
      </trkpt>
      <trkpt lat="39.8704327" lon="116.6819595">
        <ele>23.13406</ele>
        <time>2026-09-10T22:50:12.600000Z</time>
      </trkpt>
      <trkpt lat="39.8703967" lon="116.6820854">
        <ele>22.99073</ele>
        <time>2026-09-10T22:50:16.581000Z</time>
      </trkpt>
      <trkpt lat="39.8703605" lon="116.682213">
        <ele>22.79141</ele>
        <time>2026-09-10T22:50:20.562000Z</time>
      </trkpt>
      <trkpt lat="39.8703198" lon="116.682337">
        <ele>22.57474</ele>
        <time>2026-09-10T22:50:24.543000Z</time>
      </trkpt>
      <trkpt lat="39.8702817" lon="116.6824663">
        <ele>22.40444</ele>
        <time>2026-09-10T22:50:28.523000Z</time>
      </trkpt>
      <trkpt lat="39.8702476" lon="116.6825997">
        <ele>22.31714</ele>
        <time>2026-09-10T22:50:32.504000Z</time>
      </trkpt>
      <trkpt lat="39.8702149" lon="116.6827333">
        <ele>22.30332</ele>
        <time>2026-09-10T22:50:36.485000Z</time>
      </trkpt>
      <trkpt lat="39.8701838" lon="116.6828659">
        <ele>22.31975</ele>
        <time>2026-09-10T22:50:40.466000Z</time>
      </trkpt>
      <trkpt lat="39.8701485" lon="116.6829953">
        <ele>22.32362</ele>
        <time>2026-09-10T22:50:44.447000Z</time>
      </trkpt>
      <trkpt lat="39.8701079" lon="116.6831249">
        <ele>22.31339</ele>
        <time>2026-09-10T22:50:48.428000Z</time>
      </trkpt>
      <trkpt lat="39.8700716" lon="116.6832591">
        <ele>22.30874</ele>
        <time>2026-09-10T22:50:52.409000Z</time>
      </trkpt>
      <trkpt lat="39.8700377" lon="116.6833926">
        <ele>22.32519</ele>
        <time>2026-09-10T22:50:56.390000Z</time>
      </trkpt>
      <trkpt lat="39.8700062" lon="116.6835287">
        <ele>22.353</ele>
        <time>2026-09-10T22:51:00.371000Z</time>
      </trkpt>
      <trkpt lat="39.8699757" lon="116.6836647">
        <ele>22.3767</ele>
        <time>2026-09-10T22:51:04.352000Z</time>
      </trkpt>
      <trkpt lat="39.8699431" lon="116.6837989">
        <ele>22.3696</ele>
        <time>2026-09-10T22:51:08.333000Z</time>
      </trkpt>
      <trkpt lat="39.8699059" lon="116.6839331">
        <ele>22.34199</ele>
        <time>2026-09-10T22:51:12.313000Z</time>
      </trkpt>
      <trkpt lat="39.8698652" lon="116.6840676">
        <ele>22.32607</ele>
        <time>2026-09-10T22:51:16.294000Z</time>
      </trkpt>
      <trkpt lat="39.8698249" lon="116.6841994">
        <ele>22.3334</ele>
        <time>2026-09-10T22:51:20.275000Z</time>
      </trkpt>
      <trkpt lat="39.8697862" lon="116.6843318">
        <ele>22.36018</ele>
        <time>2026-09-10T22:51:24.256000Z</time>
      </trkpt>
      <trkpt lat="39.8697512" lon="116.6844585">
        <ele>22.41133</ele>
        <time>2026-09-10T22:51:28.237000Z</time>
      </trkpt>
      <trkpt lat="39.8697221" lon="116.6845872">
        <ele>22.48117</ele>
        <time>2026-09-10T22:51:32.218000Z</time>
      </trkpt>
      <trkpt lat="39.8696896" lon="116.6847145">
        <ele>22.5503</ele>
        <time>2026-09-10T22:51:36.199000Z</time>
      </trkpt>
      <trkpt lat="39.8696554" lon="116.6848345">
        <ele>22.57904</ele>
        <time>2026-09-10T22:51:40Z</time>
      </trkpt>
      <trkpt lat="39.8696093" lon="116.6849652">
        <ele>22.56603</ele>
        <time>2026-09-10T22:51:44.161000Z</time>
      </trkpt>
      <trkpt lat="39.8695702" lon="116.6850941">
        <ele>22.54112</ele>
        <time>2026-09-10T22:51:48.142000Z</time>
      </trkpt>
      <trkpt lat="39.8695398" lon="116.6852186">
        <ele>22.52496</ele>
        <time>2026-09-10T22:51:52Z</time>
      </trkpt>
      <trkpt lat="39.8695075" lon="116.6853486">
        <ele>22.51476</ele>
        <time>2026-09-10T22:51:56Z</time>
      </trkpt>
      <trkpt lat="39.8694755" lon="116.6854766">
        <ele>22.51816</ele>
        <time>2026-09-10T22:52:00Z</time>
      </trkpt>
      <trkpt lat="39.8694438" lon="116.6856036">
        <ele>22.53022</ele>
        <time>2026-09-10T22:52:04Z</time>
      </trkpt>
      <trkpt lat="39.8694157" lon="116.685731">
        <ele>22.51272</ele>
        <time>2026-09-10T22:52:08.047000Z</time>
      </trkpt>
      <trkpt lat="39.8693872" lon="116.6858524">
        <ele>22.46483</ele>
        <time>2026-09-10T22:52:12.028000Z</time>
      </trkpt>
      <trkpt lat="39.8693584" lon="116.6859748">
        <ele>22.41654</ele>
        <time>2026-09-10T22:52:16.009000Z</time>
      </trkpt>
      <trkpt lat="39.8693271" lon="116.6860966">
        <ele>22.34695</ele>
        <time>2026-09-10T22:52:19.989000Z</time>
      </trkpt>
      <trkpt lat="39.8692927" lon="116.6862193">
        <ele>22.27857</ele>
        <time>2026-09-10T22:52:23.970000Z</time>
      </trkpt>
      <trkpt lat="39.8692603" lon="116.6863444">
        <ele>22.27484</ele>
        <time>2026-09-10T22:52:27.951000Z</time>
      </trkpt>
      <trkpt lat="39.8692307" lon="116.6864691">
        <ele>22.33699</ele>
        <time>2026-09-10T22:52:31.932000Z</time>
      </trkpt>
      <trkpt lat="39.8692027" lon="116.6865952">
        <ele>22.44373</ele>
        <time>2026-09-10T22:52:35.913000Z</time>
      </trkpt>
      <trkpt lat="39.8691731" lon="116.6867188">
        <ele>22.55659</ele>
        <time>2026-09-10T22:52:39.894000Z</time>
      </trkpt>
      <trkpt lat="39.8691437" lon="116.6868396">
        <ele>22.66223</ele>
        <time>2026-09-10T22:52:43.875000Z</time>
      </trkpt>
      <trkpt lat="39.8691082" lon="116.6869579">
        <ele>22.7536</ele>
        <time>2026-09-10T22:52:47.856000Z</time>
      </trkpt>
      <trkpt lat="39.8690705" lon="116.6870774">
        <ele>22.81588</ele>
        <time>2026-09-10T22:52:51.837000Z</time>
      </trkpt>
      <trkpt lat="39.869036" lon="116.6871984">
        <ele>22.83483</ele>
        <time>2026-09-10T22:52:55.818000Z</time>
      </trkpt>
      <trkpt lat="39.8690031" lon="116.6873209">
        <ele>22.84164</ele>
        <time>2026-09-10T22:52:59.799000Z</time>
      </trkpt>
      <trkpt lat="39.8689724" lon="116.6874456">
        <ele>22.8651</ele>
        <time>2026-09-10T22:53:03.780000Z</time>
      </trkpt>
      <trkpt lat="39.8689429" lon="116.6875702">
        <ele>22.89945</ele>
        <time>2026-09-10T22:53:07.761000Z</time>
      </trkpt>
      <trkpt lat="39.8689181" lon="116.6876931">
        <ele>22.93224</ele>
        <time>2026-09-10T22:53:11.742000Z</time>
      </trkpt>
      <trkpt lat="39.8688929" lon="116.6878187">
        <ele>22.95867</ele>
        <time>2026-09-10T22:53:15.723000Z</time>
      </trkpt>
      <trkpt lat="39.868866" lon="116.6879449">
        <ele>22.9685</ele>
        <time>2026-09-10T22:53:19.704000Z</time>
      </trkpt>
      <trkpt lat="39.8688327" lon="116.6880707">
        <ele>22.94575</ele>
        <time>2026-09-10T22:53:23.685000Z</time>
      </trkpt>
      <trkpt lat="39.8687895" lon="116.68819">
        <ele>22.90018</ele>
        <time>2026-09-10T22:53:27.666000Z</time>
      </trkpt>
      <trkpt lat="39.8687502" lon="116.6883099">
        <ele>22.83796</ele>
        <time>2026-09-10T22:53:31.647000Z</time>
      </trkpt>
      <trkpt lat="39.8687205" lon="116.6884372">
        <ele>22.74508</ele>
        <time>2026-09-10T22:53:35.628000Z</time>
      </trkpt>
      <trkpt lat="39.8686958" lon="116.6885672">
        <ele>22.61732</ele>
        <time>2026-09-10T22:53:39.608000Z</time>
      </trkpt>
      <trkpt lat="39.8686637" lon="116.6886941">
        <ele>22.49446</ele>
        <time>2026-09-10T22:53:43.589000Z</time>
      </trkpt>
      <trkpt lat="39.8686185" lon="116.6888136">
        <ele>22.45104</ele>
        <time>2026-09-10T22:53:47.570000Z</time>
      </trkpt>
      <trkpt lat="39.8685426" lon="116.688898">
        <ele>22.53413</ele>
        <time>2026-09-10T22:53:51.551000Z</time>
      </trkpt>
      <trkpt lat="39.8684404" lon="116.6889231">
        <ele>22.71425</ele>
        <time>2026-09-10T22:53:55.532000Z</time>
      </trkpt>
      <trkpt lat="39.8683305" lon="116.688903">
        <ele>22.893</ele>
        <time>2026-09-10T22:53:59.513000Z</time>
      </trkpt>
      <trkpt lat="39.8682198" lon="116.6888833">
        <ele>22.98801</ele>
        <time>2026-09-10T22:54:03.494000Z</time>
      </trkpt>
      <trkpt lat="39.8681126" lon="116.6888709">
        <ele>22.96957</ele>
        <time>2026-09-10T22:54:07.475000Z</time>
      </trkpt>
      <trkpt lat="39.8680056" lon="116.6888606">
        <ele>22.87422</ele>
        <time>2026-09-10T22:54:11.456000Z</time>
      </trkpt>
      <trkpt lat="39.8678986" lon="116.6888565">
        <ele>22.73097</ele>
        <time>2026-09-10T22:54:15.437000Z</time>
      </trkpt>
      <trkpt lat="39.8677939" lon="116.6888597">
        <ele>22.56015</ele>
        <time>2026-09-10T22:54:19.418000Z</time>
      </trkpt>
      <trkpt lat="39.8676881" lon="116.6888688">
        <ele>22.39587</ele>
        <time>2026-09-10T22:54:23.399000Z</time>
      </trkpt>
      <trkpt lat="39.8675832" lon="116.6888792">
        <ele>22.25796</ele>
        <time>2026-09-10T22:54:27.380000Z</time>
      </trkpt>
      <trkpt lat="39.8674811" lon="116.6888928">
        <ele>22.15249</ele>
        <time>2026-09-10T22:54:31.361000Z</time>
      </trkpt>
      <trkpt lat="39.8673809" lon="116.688911">
        <ele>22.08175</ele>
        <time>2026-09-10T22:54:35.342000Z</time>
      </trkpt>
      <trkpt lat="39.8672797" lon="116.6889409">
        <ele>22.05915</ele>
        <time>2026-09-10T22:54:39.323000Z</time>
      </trkpt>
      <trkpt lat="39.867179" lon="116.6889792">
        <ele>22.06638</ele>
        <time>2026-09-10T22:54:43.304000Z</time>
      </trkpt>
      <trkpt lat="39.867077" lon="116.6890144">
        <ele>22.06883</ele>
        <time>2026-09-10T22:54:47.284000Z</time>
      </trkpt>
      <trkpt lat="39.8669766" lon="116.6890466">
        <ele>22.0508</ele>
        <time>2026-09-10T22:54:51.265000Z</time>
      </trkpt>
      <trkpt lat="39.8668767" lon="116.6890816">
        <ele>22.02002</ele>
        <time>2026-09-10T22:54:55.246000Z</time>
      </trkpt>
      <trkpt lat="39.866777" lon="116.6891181">
        <ele>21.98989</ele>
        <time>2026-09-10T22:54:59.227000Z</time>
      </trkpt>
      <trkpt lat="39.8666777" lon="116.6891634">
        <ele>21.9552</ele>
        <time>2026-09-10T22:55:03.208000Z</time>
      </trkpt>
      <trkpt lat="39.8665803" lon="116.6892065">
        <ele>21.87498</ele>
        <time>2026-09-10T22:55:07.189000Z</time>
      </trkpt>
      <trkpt lat="39.8664874" lon="116.6892515">
        <ele>21.74285</ele>
        <time>2026-09-10T22:55:11Z</time>
      </trkpt>
      <trkpt lat="39.8663886" lon="116.6892959">
        <ele>21.61036</ele>
        <time>2026-09-10T22:55:15Z</time>
      </trkpt>
      <trkpt lat="39.8662941" lon="116.6893421">
        <ele>21.52403</ele>
        <time>2026-09-10T22:55:19Z</time>
      </trkpt>
      <trkpt lat="39.866196" lon="116.6893889">
        <ele>21.45549</ele>
        <time>2026-09-10T22:55:23Z</time>
      </trkpt>
      <trkpt lat="39.8660939" lon="116.6894319">
        <ele>21.40792</ele>
        <time>2026-09-10T22:55:27Z</time>
      </trkpt>
      <trkpt lat="39.8659884" lon="116.6894666">
        <ele>21.3616</ele>
        <time>2026-09-10T22:55:31.074000Z</time>
      </trkpt>
      <trkpt lat="39.8658866" lon="116.689506">
        <ele>21.26584</ele>
        <time>2026-09-10T22:55:35.055000Z</time>
      </trkpt>
      <trkpt lat="39.8657859" lon="116.6895462">
        <ele>21.13962</ele>
        <time>2026-09-10T22:55:39Z</time>
      </trkpt>
      <trkpt lat="39.865684" lon="116.6895882">
        <ele>21.09584</ele>
        <time>2026-09-10T22:55:43Z</time>
      </trkpt>
      <trkpt lat="39.8655853" lon="116.6896388">
        <ele>21.19994</ele>
        <time>2026-09-10T22:55:46.998000Z</time>
      </trkpt>
      <trkpt lat="39.8654913" lon="116.689691">
        <ele>21.36547</ele>
        <time>2026-09-10T22:55:50.979000Z</time>
      </trkpt>
      <trkpt lat="39.8653962" lon="116.6897428">
        <ele>21.502</ele>
        <time>2026-09-10T22:55:54.960000Z</time>
      </trkpt>
      <trkpt lat="39.8653024" lon="116.6898026">
        <ele>21.63014</ele>
        <time>2026-09-10T22:55:58.940000Z</time>
      </trkpt>
      <trkpt lat="39.8652075" lon="116.6898634">
        <ele>21.75622</ele>
        <time>2026-09-10T22:56:02.921000Z</time>
      </trkpt>
      <trkpt lat="39.8651077" lon="116.6899199">
        <ele>21.84643</ele>
        <time>2026-09-10T22:56:06.902000Z</time>
      </trkpt>
      <trkpt lat="39.8650076" lon="116.6899738">
        <ele>21.87193</ele>
        <time>2026-09-10T22:56:10.883000Z</time>
      </trkpt>
      <trkpt lat="39.8649075" lon="116.6900251">
        <ele>21.8509</ele>
        <time>2026-09-10T22:56:14.864000Z</time>
      </trkpt>
      <trkpt lat="39.8648074" lon="116.6900788">
        <ele>21.82024</ele>
        <time>2026-09-10T22:56:18.845000Z</time>
      </trkpt>
      <trkpt lat="39.8647058" lon="116.6901269">
        <ele>21.80251</ele>
        <time>2026-09-10T22:56:22.825000Z</time>
      </trkpt>
      <trkpt lat="39.864601" lon="116.6901638">
        <ele>21.78736</ele>
        <time>2026-09-10T22:56:26.806000Z</time>
      </trkpt>
      <trkpt lat="39.8644964" lon="116.6902124">
        <ele>21.79146</ele>
        <time>2026-09-10T22:56:30.787000Z</time>
      </trkpt>
      <trkpt lat="39.8643984" lon="116.6902646">
        <ele>21.82861</ele>
        <time>2026-09-10T22:56:34.768000Z</time>
      </trkpt>
      <trkpt lat="39.8643056" lon="116.6903261">
        <ele>21.87289</ele>
        <time>2026-09-10T22:56:38.749000Z</time>
      </trkpt>
      <trkpt lat="39.8642083" lon="116.6903753">
        <ele>21.90399</ele>
        <time>2026-09-10T22:56:42.730000Z</time>
      </trkpt>
      <trkpt lat="39.8641105" lon="116.6904187">
        <ele>21.91381</ele>
        <time>2026-09-10T22:56:46.710000Z</time>
      </trkpt>
      <trkpt lat="39.8640118" lon="116.690462">
        <ele>21.88499</ele>
        <time>2026-09-10T22:56:50.691000Z</time>
      </trkpt>
      <trkpt lat="39.8639088" lon="116.690497">
        <ele>21.82746</ele>
        <time>2026-09-10T22:56:54.672000Z</time>
      </trkpt>
      <trkpt lat="39.8638058" lon="116.6905218">
        <ele>21.7751</ele>
        <time>2026-09-10T22:56:58.653000Z</time>
      </trkpt>
      <trkpt lat="39.8637084" lon="116.6905616">
        <ele>21.76957</ele>
        <time>2026-09-10T22:57:02.634000Z</time>
      </trkpt>
      <trkpt lat="39.8636108" lon="116.6906009">
        <ele>21.81646</ele>
        <time>2026-09-10T22:57:06.615000Z</time>
      </trkpt>
      <trkpt lat="39.8635151" lon="116.6906474">
        <ele>21.89762</ele>
        <time>2026-09-10T22:57:10.595000Z</time>
      </trkpt>
      <trkpt lat="39.8634215" lon="116.6907067">
        <ele>21.9782</ele>
        <time>2026-09-10T22:57:14.576000Z</time>
      </trkpt>
      <trkpt lat="39.8633304" lon="116.6907628">
        <ele>22.00312</ele>
        <time>2026-09-10T22:57:18.557000Z</time>
      </trkpt>
      <trkpt lat="39.863238" lon="116.6908009">
        <ele>21.98859</ele>
        <time>2026-09-10T22:57:22.538000Z</time>
      </trkpt>
      <trkpt lat="39.863144" lon="116.6908347">
        <ele>21.94629</ele>
        <time>2026-09-10T22:57:26.519000Z</time>
      </trkpt>
      <trkpt lat="39.8630492" lon="116.6908692">
        <ele>21.86821</ele>
        <time>2026-09-10T22:57:30.500000Z</time>
      </trkpt>
      <trkpt lat="39.8629497" lon="116.6909027">
        <ele>21.75028</ele>
        <time>2026-09-10T22:57:34.480000Z</time>
      </trkpt>
      <trkpt lat="39.8628537" lon="116.6909365">
        <ele>21.60404</ele>
        <time>2026-09-10T22:57:38.461000Z</time>
      </trkpt>
      <trkpt lat="39.8627611" lon="116.690923">
        <ele>21.44864</ele>
        <time>2026-09-10T22:57:42.442000Z</time>
      </trkpt>
      <trkpt lat="39.862694" lon="116.6908272">
        <ele>21.31857</ele>
        <time>2026-09-10T22:57:46.423000Z</time>
      </trkpt>
      <trkpt lat="39.862653" lon="116.6907001">
        <ele>21.23441</ele>
        <time>2026-09-10T22:57:50.404000Z</time>
      </trkpt>
      <trkpt lat="39.8626178" lon="116.6905711">
        <ele>21.17299</ele>
        <time>2026-09-10T22:57:54.385000Z</time>
      </trkpt>
      <trkpt lat="39.8625797" lon="116.6904366">
        <ele>21.11939</ele>
        <time>2026-09-10T22:57:58.365000Z</time>
      </trkpt>
      <trkpt lat="39.8625392" lon="116.6903054">
        <ele>21.06472</ele>
        <time>2026-09-10T22:58:02.346000Z</time>
      </trkpt>
      <trkpt lat="39.862493" lon="116.6901832">
        <ele>21.03663</ele>
        <time>2026-09-10T22:58:06.327000Z</time>
      </trkpt>
      <trkpt lat="39.8624441" lon="116.6900666">
        <ele>21.0547</ele>
        <time>2026-09-10T22:58:10.308000Z</time>
      </trkpt>
      <trkpt lat="39.862406" lon="116.6899445">
        <ele>21.11332</ele>
        <time>2026-09-10T22:58:14.289000Z</time>
      </trkpt>
      <trkpt lat="39.8623671" lon="116.6898215">
        <ele>21.20391</ele>
        <time>2026-09-10T22:58:18.269000Z</time>
      </trkpt>
      <trkpt lat="39.8623287" lon="116.6896986">
        <ele>21.31552</ele>
        <time>2026-09-10T22:58:22.250000Z</time>
      </trkpt>
      <trkpt lat="39.8622909" lon="116.6895755">
        <ele>21.42713</ele>
        <time>2026-09-10T22:58:26.231000Z</time>
      </trkpt>
      <trkpt lat="39.8622466" lon="116.689461">
        <ele>21.53493</ele>
        <time>2026-09-10T22:58:30.212000Z</time>
      </trkpt>
      <trkpt lat="39.8622035" lon="116.6893452">
        <ele>21.66851</ele>
        <time>2026-09-10T22:58:34.193000Z</time>
      </trkpt>
      <trkpt lat="39.862164" lon="116.6892314">
        <ele>21.81692</ele>
        <time>2026-09-10T22:58:38Z</time>
      </trkpt>
      <trkpt lat="39.8621259" lon="116.6891084">
        <ele>21.94607</ele>
        <time>2026-09-10T22:58:42Z</time>
      </trkpt>
      <trkpt lat="39.8620937" lon="116.6889836">
        <ele>22.01924</ele>
        <time>2026-09-10T22:58:46Z</time>
      </trkpt>
      <trkpt lat="39.8620609" lon="116.6888599">
        <ele>22.04404</ele>
        <time>2026-09-10T22:58:50Z</time>
      </trkpt>
      <trkpt lat="39.8620262" lon="116.6887401">
        <ele>22.06715</ele>
        <time>2026-09-10T22:58:54Z</time>
      </trkpt>
      <trkpt lat="39.8619898" lon="116.6886155">
        <ele>22.09916</ele>
        <time>2026-09-10T22:58:58Z</time>
      </trkpt>
      <trkpt lat="39.8619556" lon="116.6884914">
        <ele>22.13437</ele>
        <time>2026-09-10T22:59:02Z</time>
      </trkpt>
      <trkpt lat="39.8619226" lon="116.6883667">
        <ele>22.18567</ele>
        <time>2026-09-10T22:59:06Z</time>
      </trkpt>
      <trkpt lat="39.8618917" lon="116.6882405">
        <ele>22.23007</ele>
        <time>2026-09-10T22:59:10.020000Z</time>
      </trkpt>
      <trkpt lat="39.8618637" lon="116.6881144">
        <ele>22.14981</ele>
        <time>2026-09-10T22:59:14Z</time>
      </trkpt>
      <trkpt lat="39.8618292" lon="116.6879913">
        <ele>21.90362</ele>
        <time>2026-09-10T22:59:17.982000Z</time>
      </trkpt>
      <trkpt lat="39.8617924" lon="116.6878708">
        <ele>21.65305</ele>
        <time>2026-09-10T22:59:21.963000Z</time>
      </trkpt>
      <trkpt lat="39.861759" lon="116.6877513">
        <ele>21.47891</ele>
        <time>2026-09-10T22:59:25.943000Z</time>
      </trkpt>
      <trkpt lat="39.8617309" lon="116.6876347">
        <ele>21.38638</ele>
        <time>2026-09-10T22:59:29.924000Z</time>
      </trkpt>
      <trkpt lat="39.8617044" lon="116.6875168">
        <ele>21.32482</ele>
        <time>2026-09-10T22:59:33.905000Z</time>
      </trkpt>
      <trkpt lat="39.8616756" lon="116.6873899">
        <ele>21.26611</ele>
        <time>2026-09-10T22:59:37.886000Z</time>
      </trkpt>
      <trkpt lat="39.8616542" lon="116.6872594">
        <ele>21.22531</ele>
        <time>2026-09-10T22:59:41.867000Z</time>
      </trkpt>
      <trkpt lat="39.8616393" lon="116.6871269">
        <ele>21.22705</ele>
        <time>2026-09-10T22:59:45.847000Z</time>
      </trkpt>
      <trkpt lat="39.8616238" lon="116.6869933">
        <ele>21.25234</ele>
        <time>2026-09-10T22:59:49.828000Z</time>
      </trkpt>
      <trkpt lat="39.8616092" lon="116.6868612">
        <ele>21.26869</ele>
        <time>2026-09-10T22:59:53.809000Z</time>
      </trkpt>
      <trkpt lat="39.8615968" lon="116.6867284">
        <ele>21.25936</ele>
        <time>2026-09-10T22:59:57.790000Z</time>
      </trkpt>
      <trkpt lat="39.8615873" lon="116.686594">
        <ele>21.24603</ele>
        <time>2026-09-10T23:00:01.771000Z</time>
      </trkpt>
      <trkpt lat="39.8615767" lon="116.68646">
        <ele>21.24897</ele>
        <time>2026-09-10T23:00:05.751000Z</time>
      </trkpt>
      <trkpt lat="39.8615747" lon="116.6863281">
        <ele>21.29373</ele>
        <time>2026-09-10T23:00:09.732000Z</time>
      </trkpt>
      <trkpt lat="39.8615845" lon="116.6861924">
        <ele>21.38069</ele>
        <time>2026-09-10T23:00:13.713000Z</time>
      </trkpt>
      <trkpt lat="39.8615894" lon="116.6860614">
        <ele>21.49294</ele>
        <time>2026-09-10T23:00:17.694000Z</time>
      </trkpt>
      <trkpt lat="39.8615877" lon="116.6859325">
        <ele>21.61939</ele>
        <time>2026-09-10T23:00:21.675000Z</time>
      </trkpt>
      <trkpt lat="39.8615833" lon="116.6858017">
        <ele>21.73588</ele>
        <time>2026-09-10T23:00:25.655000Z</time>
      </trkpt>
      <trkpt lat="39.8615818" lon="116.6856696">
        <ele>21.83215</ele>
        <time>2026-09-10T23:00:29.636000Z</time>
      </trkpt>
      <trkpt lat="39.861579" lon="116.685538">
        <ele>21.91073</ele>
        <time>2026-09-10T23:00:33.617000Z</time>
      </trkpt>
      <trkpt lat="39.8615773" lon="116.6854099">
        <ele>21.9903</ele>
        <time>2026-09-10T23:00:37.598000Z</time>
      </trkpt>
      <trkpt lat="39.861573" lon="116.6852793">
        <ele>22.09739</ele>
        <time>2026-09-10T23:00:41.578000Z</time>
      </trkpt>
      <trkpt lat="39.8615682" lon="116.6851499">
        <ele>22.21129</ele>
        <time>2026-09-10T23:00:45.559000Z</time>
      </trkpt>
      <trkpt lat="39.8615632" lon="116.685019">
        <ele>22.2983</ele>
        <time>2026-09-10T23:00:49.540000Z</time>
      </trkpt>
      <trkpt lat="39.861558" lon="116.6848926">
        <ele>22.34639</ele>
        <time>2026-09-10T23:00:53.521000Z</time>
      </trkpt>
      <trkpt lat="39.8615525" lon="116.6847618">
        <ele>22.33533</ele>
        <time>2026-09-10T23:00:57.501000Z</time>
      </trkpt>
      <trkpt lat="39.8615484" lon="116.6846306">
        <ele>22.26425</ele>
        <time>2026-09-10T23:01:01.482000Z</time>
      </trkpt>
      <trkpt lat="39.8615464" lon="116.6844977">
        <ele>22.17968</ele>
        <time>2026-09-10T23:01:05.463000Z</time>
      </trkpt>
      <trkpt lat="39.8615479" lon="116.6843628">
        <ele>22.13201</ele>
        <time>2026-09-10T23:01:09.444000Z</time>
      </trkpt>
      <trkpt lat="39.8615501" lon="116.6842261">
        <ele>22.12612</ele>
        <time>2026-09-10T23:01:13.425000Z</time>
      </trkpt>
      <trkpt lat="39.8615541" lon="116.6840865">
        <ele>22.15062</ele>
        <time>2026-09-10T23:01:17.405000Z</time>
      </trkpt>
      <trkpt lat="39.8615613" lon="116.6839428">
        <ele>22.1847</ele>
        <time>2026-09-10T23:01:21.386000Z</time>
      </trkpt>
      <trkpt lat="39.8615737" lon="116.6837948">
        <ele>22.21626</ele>
        <time>2026-09-10T23:01:25.367000Z</time>
      </trkpt>
      <trkpt lat="39.8616006" lon="116.6836474">
        <ele>22.23887</ele>
        <time>2026-09-10T23:01:29.348000Z</time>
      </trkpt>
      <trkpt lat="39.8616328" lon="116.6835296">
        <ele>22.25808</ele>
        <time>2026-09-10T23:01:32.333000Z</time>
      </trkpt>
      <trkpt lat="39.861658" lon="116.6834072">
        <ele>22.28389</ele>
        <time>2026-09-10T23:01:35.319000Z</time>
      </trkpt>
      <trkpt lat="39.8616729" lon="116.6832913">
        <ele>22.3146</ele>
        <time>2026-09-10T23:01:38.304000Z</time>
      </trkpt>
      <trkpt lat="39.8616807" lon="116.6831379">
        <ele>22.37357</ele>
        <time>2026-09-10T23:01:42.285000Z</time>
      </trkpt>
      <trkpt lat="39.8616865" lon="116.6829913">
        <ele>22.47146</ele>
        <time>2026-09-10T23:01:46.266000Z</time>
      </trkpt>
      <trkpt lat="39.8617003" lon="116.6828501">
        <ele>22.62462</ele>
        <time>2026-09-10T23:01:50.247000Z</time>
      </trkpt>
      <trkpt lat="39.8617163" lon="116.6827134">
        <ele>22.85253</ele>
        <time>2026-09-10T23:01:54.227000Z</time>
      </trkpt>
      <trkpt lat="39.8617281" lon="116.6825798">
        <ele>23.15688</ele>
        <time>2026-09-10T23:01:58.208000Z</time>
      </trkpt>
      <trkpt lat="39.8617401" lon="116.682452">
        <ele>23.47009</ele>
        <time>2026-09-10T23:02:02Z</time>
      </trkpt>
      <trkpt lat="39.8617532" lon="116.6823133">
        <ele>23.66685</ele>
        <time>2026-09-10T23:02:06Z</time>
      </trkpt>
      <trkpt lat="39.8617646" lon="116.6821745">
        <ele>23.70474</ele>
        <time>2026-09-10T23:02:10Z</time>
      </trkpt>
      <trkpt lat="39.8617671" lon="116.6820391">
        <ele>23.65344</ele>
        <time>2026-09-10T23:02:14Z</time>
      </trkpt>
      <trkpt lat="39.8617636" lon="116.6819032">
        <ele>23.61778</ele>
        <time>2026-09-10T23:02:18.112000Z</time>
      </trkpt>
      <trkpt lat="39.8617753" lon="116.6817768">
        <ele>23.63606</ele>
        <time>2026-09-10T23:02:22Z</time>
      </trkpt>
      <trkpt lat="39.8617876" lon="116.6816428">
        <ele>23.62336</ele>
        <time>2026-09-10T23:02:26Z</time>
      </trkpt>
      <trkpt lat="39.8618006" lon="116.6815076">
        <ele>23.52486</ele>
        <time>2026-09-10T23:02:30Z</time>
      </trkpt>
      <trkpt lat="39.8618153" lon="116.6813739">
        <ele>23.35201</ele>
        <time>2026-09-10T23:02:34Z</time>
      </trkpt>
      <trkpt lat="39.8618293" lon="116.6812387">
        <ele>23.16693</ele>
        <time>2026-09-10T23:02:38Z</time>
      </trkpt>
      <trkpt lat="39.8618422" lon="116.6810965">
        <ele>22.94352</ele>
        <time>2026-09-10T23:02:41.996000Z</time>
      </trkpt>
      <trkpt lat="39.8618584" lon="116.6809604">
        <ele>22.7269</ele>
        <time>2026-09-10T23:02:45.977000Z</time>
      </trkpt>
      <trkpt lat="39.8618844" lon="116.6808316">
        <ele>22.57153</ele>
        <time>2026-09-10T23:02:49.958000Z</time>
      </trkpt>
      <trkpt lat="39.8619102" lon="116.6807047">
        <ele>22.45775</ele>
        <time>2026-09-10T23:02:53.939000Z</time>
      </trkpt>
      <trkpt lat="39.8619286" lon="116.6805757">
        <ele>22.37551</ele>
        <time>2026-09-10T23:02:57.919000Z</time>
      </trkpt>
      <trkpt lat="39.8619459" lon="116.6804441">
        <ele>22.33894</ele>
        <time>2026-09-10T23:03:01.900000Z</time>
      </trkpt>
      <trkpt lat="39.8619625" lon="116.6803099">
        <ele>22.36703</ele>
        <time>2026-09-10T23:03:05.881000Z</time>
      </trkpt>
      <trkpt lat="39.8619791" lon="116.6801737">
        <ele>22.4494</ele>
        <time>2026-09-10T23:03:09.862000Z</time>
      </trkpt>
      <trkpt lat="39.8619937" lon="116.6800334">
        <ele>22.56775</ele>
        <time>2026-09-10T23:03:13.842000Z</time>
      </trkpt>
      <trkpt lat="39.8620062" lon="116.6798963">
        <ele>22.7007</ele>
        <time>2026-09-10T23:03:17.823000Z</time>
      </trkpt>
      <trkpt lat="39.862016" lon="116.6797581">
        <ele>22.80637</ele>
        <time>2026-09-10T23:03:21.804000Z</time>
      </trkpt>
      <trkpt lat="39.8620277" lon="116.6796158">
        <ele>22.88383</ele>
        <time>2026-09-10T23:03:25.785000Z</time>
      </trkpt>
      <trkpt lat="39.8620418" lon="116.6794671">
        <ele>22.9453</ele>
        <time>2026-09-10T23:03:29.765000Z</time>
      </trkpt>
      <trkpt lat="39.8620629" lon="116.6793223">
        <ele>22.98455</ele>
        <time>2026-09-10T23:03:33.746000Z</time>
      </trkpt>
      <trkpt lat="39.8620768" lon="116.6791821">
        <ele>23.00445</ele>
        <time>2026-09-10T23:03:37.727000Z</time>
      </trkpt>
      <trkpt lat="39.8620831" lon="116.6790424">
        <ele>23.04754</ele>
        <time>2026-09-10T23:03:41.708000Z</time>
      </trkpt>
      <trkpt lat="39.8620941" lon="116.6789051">
        <ele>23.13486</ele>
        <time>2026-09-10T23:03:45.688000Z</time>
      </trkpt>
      <trkpt lat="39.8621142" lon="116.6787731">
        <ele>23.23016</ele>
        <time>2026-09-10T23:03:49.669000Z</time>
      </trkpt>
      <trkpt lat="39.8621406" lon="116.6786424">
        <ele>23.30585</ele>
        <time>2026-09-10T23:03:53.650000Z</time>
      </trkpt>
      <trkpt lat="39.8621676" lon="116.6785117">
        <ele>23.34203</ele>
        <time>2026-09-10T23:03:57.630000Z</time>
      </trkpt>
      <trkpt lat="39.8621879" lon="116.6783786">
        <ele>23.3269</ele>
        <time>2026-09-10T23:04:01.611000Z</time>
      </trkpt>
      <trkpt lat="39.8622025" lon="116.6782455">
        <ele>23.31468</ele>
        <time>2026-09-10T23:04:05.592000Z</time>
      </trkpt>
      <trkpt lat="39.8622139" lon="116.6781125">
        <ele>23.35763</ele>
        <time>2026-09-10T23:04:09.573000Z</time>
      </trkpt>
      <trkpt lat="39.8622195" lon="116.6779763">
        <ele>23.43248</ele>
        <time>2026-09-10T23:04:13.553000Z</time>
      </trkpt>
      <trkpt lat="39.8622209" lon="116.6778392">
        <ele>23.47814</ele>
        <time>2026-09-10T23:04:17.534000Z</time>
      </trkpt>
      <trkpt lat="39.8622257" lon="116.6777014">
        <ele>23.4582</ele>
        <time>2026-09-10T23:04:21.515000Z</time>
      </trkpt>
      <trkpt lat="39.8622352" lon="116.6775637">
        <ele>23.38876</ele>
        <time>2026-09-10T23:04:25.496000Z</time>
      </trkpt>
      <trkpt lat="39.8622421" lon="116.6774259">
        <ele>23.32094</ele>
        <time>2026-09-10T23:04:29.476000Z</time>
      </trkpt>
      <trkpt lat="39.8622485" lon="116.6772878">
        <ele>23.26631</ele>
        <time>2026-09-10T23:04:33.457000Z</time>
      </trkpt>
      <trkpt lat="39.8622582" lon="116.6771482">
        <ele>23.22534</ele>
        <time>2026-09-10T23:04:37.438000Z</time>
      </trkpt>
      <trkpt lat="39.8622686" lon="116.6770092">
        <ele>23.20133</ele>
        <time>2026-09-10T23:04:41.418000Z</time>
      </trkpt>
      <trkpt lat="39.8622765" lon="116.6768708">
        <ele>23.19689</ele>
        <time>2026-09-10T23:04:45.399000Z</time>
      </trkpt>
      <trkpt lat="39.862281" lon="116.6767318">
        <ele>23.20943</ele>
        <time>2026-09-10T23:04:49.380000Z</time>
      </trkpt>
      <trkpt lat="39.8622846" lon="116.676595">
        <ele>23.22196</ele>
        <time>2026-09-10T23:04:53.361000Z</time>
      </trkpt>
      <trkpt lat="39.8622907" lon="116.6764585">
        <ele>23.20092</ele>
        <time>2026-09-10T23:04:57.341000Z</time>
      </trkpt>
      <trkpt lat="39.8622928" lon="116.6763187">
        <ele>23.14425</ele>
        <time>2026-09-10T23:05:01.321000Z</time>
      </trkpt>
      <trkpt lat="39.8622904" lon="116.6761756">
        <ele>23.07805</ele>
        <time>2026-09-10T23:05:05.302000Z</time>
      </trkpt>
      <trkpt lat="39.8622955" lon="116.6760346">
        <ele>23.01907</ele>
        <time>2026-09-10T23:05:09.283000Z</time>
      </trkpt>
      <trkpt lat="39.8623127" lon="116.6758941">
        <ele>22.94058</ele>
        <time>2026-09-10T23:05:13.264000Z</time>
      </trkpt>
      <trkpt lat="39.8623289" lon="116.6757562">
        <ele>22.83365</ele>
        <time>2026-09-10T23:05:17.245000Z</time>
      </trkpt>
      <trkpt lat="39.8623414" lon="116.6756152">
        <ele>22.72708</ele>
        <time>2026-09-10T23:05:21.225000Z</time>
      </trkpt>
      <trkpt lat="39.8623537" lon="116.6754753">
        <ele>22.67732</ele>
        <time>2026-09-10T23:05:25.206000Z</time>
      </trkpt>
      <trkpt lat="39.8623605" lon="116.675337">
        <ele>22.69388</ele>
        <time>2026-09-10T23:05:29.197000Z</time>
      </trkpt>
      <trkpt lat="39.8623683" lon="116.6752005">
        <ele>22.72984</ele>
        <time>2026-09-10T23:05:33.178000Z</time>
      </trkpt>
      <trkpt lat="39.8623922" lon="116.675077">
        <ele>22.7601</ele>
        <time>2026-09-10T23:05:37.158000Z</time>
      </trkpt>
      <trkpt lat="39.8624447" lon="116.674971">
        <ele>22.74049</ele>
        <time>2026-09-10T23:05:43.129000Z</time>
      </trkpt>
      <trkpt lat="39.8624825" lon="116.6748441">
        <ele>22.70251</ele>
        <time>2026-09-10T23:05:51Z</time>
      </trkpt>
      <trkpt lat="39.8624679" lon="116.6747118">
        <ele>22.90625</ele>
        <time>2026-09-10T23:05:56Z</time>
      </trkpt>
      <trkpt lat="39.8624611" lon="116.6745638">
        <ele>23.15405</ele>
        <time>2026-09-10T23:06:00Z</time>
      </trkpt>
      <trkpt lat="39.8624566" lon="116.6744165">
        <ele>23.38818</ele>
        <time>2026-09-10T23:06:04Z</time>
      </trkpt>
      <trkpt lat="39.8624572" lon="116.6742732">
        <ele>23.5384</ele>
        <time>2026-09-10T23:06:08Z</time>
      </trkpt>
      <trkpt lat="39.8624577" lon="116.6741285">
        <ele>23.65998</ele>
        <time>2026-09-10T23:06:11.989000Z</time>
      </trkpt>
      <trkpt lat="39.8624591" lon="116.6739847">
        <ele>23.79452</ele>
        <time>2026-09-10T23:06:15.970000Z</time>
      </trkpt>
      <trkpt lat="39.8624626" lon="116.6738435">
        <ele>23.9506</ele>
        <time>2026-09-10T23:06:19.951000Z</time>
      </trkpt>
      <trkpt lat="39.8624662" lon="116.6737008">
        <ele>24.10913</ele>
        <time>2026-09-10T23:06:23.932000Z</time>
      </trkpt>
      <trkpt lat="39.8624733" lon="116.673553">
        <ele>24.24805</ele>
        <time>2026-09-10T23:06:27.912000Z</time>
      </trkpt>
      <trkpt lat="39.8624837" lon="116.6734041">
        <ele>24.37024</ele>
        <time>2026-09-10T23:06:31.893000Z</time>
      </trkpt>
      <trkpt lat="39.8624886" lon="116.6732606">
        <ele>24.44341</ele>
        <time>2026-09-10T23:06:35.874000Z</time>
      </trkpt>
      <trkpt lat="39.8624868" lon="116.6731173">
        <ele>24.4501</ele>
        <time>2026-09-10T23:06:39.854000Z</time>
      </trkpt>
      <trkpt lat="39.8624838" lon="116.6729739">
        <ele>24.42468</ele>
        <time>2026-09-10T23:06:43.835000Z</time>
      </trkpt>
      <trkpt lat="39.8624843" lon="116.6728305">
        <ele>24.38926</ele>
        <time>2026-09-10T23:06:47.816000Z</time>
      </trkpt>
      <trkpt lat="39.8624898" lon="116.6726881">
        <ele>24.34166</ele>
        <time>2026-09-10T23:06:51.796000Z</time>
      </trkpt>
      <trkpt lat="39.8624928" lon="116.6725489">
        <ele>24.27569</ele>
        <time>2026-09-10T23:06:55.777000Z</time>
      </trkpt>
      <trkpt lat="39.8624926" lon="116.6724081">
        <ele>24.17635</ele>
        <time>2026-09-10T23:06:59.758000Z</time>
      </trkpt>
      <trkpt lat="39.862492" lon="116.6722658">
        <ele>24.02502</ele>
        <time>2026-09-10T23:07:03.738000Z</time>
      </trkpt>
      <trkpt lat="39.8624917" lon="116.6721185">
        <ele>23.83451</ele>
        <time>2026-09-10T23:07:07.719000Z</time>
      </trkpt>
      <trkpt lat="39.8624933" lon="116.6719662">
        <ele>23.67017</ele>
        <time>2026-09-10T23:07:11.700000Z</time>
      </trkpt>
      <trkpt lat="39.8624949" lon="116.6718124">
        <ele>23.55259</ele>
        <time>2026-09-10T23:07:15.680000Z</time>
      </trkpt>
      <trkpt lat="39.8624935" lon="116.6716601">
        <ele>23.46889</ele>
        <time>2026-09-10T23:07:19.661000Z</time>
      </trkpt>
      <trkpt lat="39.862494" lon="116.6715154">
        <ele>23.42659</ele>
        <time>2026-09-10T23:07:23.642000Z</time>
      </trkpt>
      <trkpt lat="39.8625008" lon="116.6713722">
        <ele>23.4085</ele>
        <time>2026-09-10T23:07:27.622000Z</time>
      </trkpt>
      <trkpt lat="39.862504" lon="116.6712242">
        <ele>23.4125</ele>
        <time>2026-09-10T23:07:31.603000Z</time>
      </trkpt>
      <trkpt lat="39.8625056" lon="116.6710788">
        <ele>23.44755</ele>
        <time>2026-09-10T23:07:35.584000Z</time>
      </trkpt>
      <trkpt lat="39.862502" lon="116.6709346">
        <ele>23.49719</ele>
        <time>2026-09-10T23:07:39.564000Z</time>
      </trkpt>
      <trkpt lat="39.8624965" lon="116.6707871">
        <ele>23.53936</ele>
        <time>2026-09-10T23:07:43.545000Z</time>
      </trkpt>
      <trkpt lat="39.8624916" lon="116.6706411">
        <ele>23.5482</ele>
        <time>2026-09-10T23:07:47.526000Z</time>
      </trkpt>
      <trkpt lat="39.862483" lon="116.6704986">
        <ele>23.53732</ele>
        <time>2026-09-10T23:07:51.506000Z</time>
      </trkpt>
      <trkpt lat="39.8624742" lon="116.670359">
        <ele>23.5502</ele>
        <time>2026-09-10T23:07:55.487000Z</time>
      </trkpt>
      <trkpt lat="39.8624712" lon="116.6702173">
        <ele>23.59943</ele>
        <time>2026-09-10T23:07:59.468000Z</time>
      </trkpt>
      <trkpt lat="39.862472" lon="116.6700758">
        <ele>23.68416</ele>
        <time>2026-09-10T23:08:03.449000Z</time>
      </trkpt>
      <trkpt lat="39.8624681" lon="116.6699383">
        <ele>23.77441</ele>
        <time>2026-09-10T23:08:07.429000Z</time>
      </trkpt>
      <trkpt lat="39.8624664" lon="116.6697987">
        <ele>23.85524</ele>
        <time>2026-09-10T23:08:11.410000Z</time>
      </trkpt>
      <trkpt lat="39.8624658" lon="116.6696587">
        <ele>23.91192</ele>
        <time>2026-09-10T23:08:15.391000Z</time>
      </trkpt>
      <trkpt lat="39.8624612" lon="116.6695197">
        <ele>23.93557</ele>
        <time>2026-09-10T23:08:19.371000Z</time>
      </trkpt>
      <trkpt lat="39.8624562" lon="116.6693809">
        <ele>23.95192</ele>
        <time>2026-09-10T23:08:23.352000Z</time>
      </trkpt>
      <trkpt lat="39.8624535" lon="116.6692418">
        <ele>23.96638</ele>
        <time>2026-09-10T23:08:27.333000Z</time>
      </trkpt>
      <trkpt lat="39.8624553" lon="116.6691011">
        <ele>23.97328</ele>
        <time>2026-09-10T23:08:31.313000Z</time>
      </trkpt>
      <trkpt lat="39.8624605" lon="116.6689605">
        <ele>23.97159</ele>
        <time>2026-09-10T23:08:35.294000Z</time>
      </trkpt>
      <trkpt lat="39.8624649" lon="116.6688209">
        <ele>23.9849</ele>
        <time>2026-09-10T23:08:39.275000Z</time>
      </trkpt>
      <trkpt lat="39.8624693" lon="116.6686793">
        <ele>24.04822</ele>
        <time>2026-09-10T23:08:43.255000Z</time>
      </trkpt>
      <trkpt lat="39.8624727" lon="116.6685385">
        <ele>24.13046</ele>
        <time>2026-09-10T23:08:47.236000Z</time>
      </trkpt>
      <trkpt lat="39.8624775" lon="116.6683979">
        <ele>24.1665</ele>
        <time>2026-09-10T23:08:51.217000Z</time>
      </trkpt>
      <trkpt lat="39.8624791" lon="116.6682572">
        <ele>24.11942</ele>
        <time>2026-09-10T23:08:55.197000Z</time>
      </trkpt>
      <trkpt lat="39.8624791" lon="116.6681153">
        <ele>24.04128</ele>
        <time>2026-09-10T23:08:59.178000Z</time>
      </trkpt>
      <trkpt lat="39.8624807" lon="116.6679734">
        <ele>23.9844</ele>
        <time>2026-09-10T23:09:03.159000Z</time>
      </trkpt>
      <trkpt lat="39.862485" lon="116.6678358">
        <ele>23.94365</ele>
        <time>2026-09-10T23:09:07Z</time>
      </trkpt>
      <trkpt lat="39.8624937" lon="116.6676914">
        <ele>23.89134</ele>
        <time>2026-09-10T23:09:11Z</time>
      </trkpt>
      <trkpt lat="39.8625034" lon="116.6675492">
        <ele>23.84563</ele>
        <time>2026-09-10T23:09:15Z</time>
      </trkpt>
      <trkpt lat="39.8625068" lon="116.6674089">
        <ele>23.86474</ele>
        <time>2026-09-10T23:09:19Z</time>
      </trkpt>
      <trkpt lat="39.8625106" lon="116.6672683">
        <ele>23.9544</ele>
        <time>2026-09-10T23:09:23Z</time>
      </trkpt>
      <trkpt lat="39.8625154" lon="116.6671261">
        <ele>24.07853</ele>
        <time>2026-09-10T23:09:27Z</time>
      </trkpt>
      <trkpt lat="39.8625202" lon="116.6669789">
        <ele>24.20789</ele>
        <time>2026-09-10T23:09:31Z</time>
      </trkpt>
      <trkpt lat="39.8625244" lon="116.666832">
        <ele>24.3484</ele>
        <time>2026-09-10T23:09:35Z</time>
      </trkpt>
      <trkpt lat="39.8625292" lon="116.6666871">
        <ele>24.49711</ele>
        <time>2026-09-10T23:09:38.985000Z</time>
      </trkpt>
      <trkpt lat="39.8625297" lon="116.6665434">
        <ele>24.58888</ele>
        <time>2026-09-10T23:09:42.966000Z</time>
      </trkpt>
      <trkpt lat="39.8625293" lon="116.6663972">
        <ele>24.58792</ele>
        <time>2026-09-10T23:09:46.946000Z</time>
      </trkpt>
      <trkpt lat="39.862527" lon="116.6662515">
        <ele>24.52915</ele>
        <time>2026-09-10T23:09:50.927000Z</time>
      </trkpt>
      <trkpt lat="39.8625232" lon="116.6661077">
        <ele>24.45415</ele>
        <time>2026-09-10T23:09:54.908000Z</time>
      </trkpt>
      <trkpt lat="39.8625179" lon="116.6659655">
        <ele>24.35033</ele>
        <time>2026-09-10T23:09:58.888000Z</time>
      </trkpt>
      <trkpt lat="39.8625129" lon="116.6658244">
        <ele>24.21123</ele>
        <time>2026-09-10T23:10:02.869000Z</time>
      </trkpt>
      <trkpt lat="39.862512" lon="116.6656886">
        <ele>24.03702</ele>
        <time>2026-09-10T23:10:06.850000Z</time>
      </trkpt>
      <trkpt lat="39.8625091" lon="116.665558">
        <ele>23.84144</ele>
        <time>2026-09-10T23:10:10.830000Z</time>
      </trkpt>
      <trkpt lat="39.8625024" lon="116.6654264">
        <ele>23.67953</ele>
        <time>2026-09-10T23:10:14.811000Z</time>
      </trkpt>
      <trkpt lat="39.862508" lon="116.6652945">
        <ele>23.55607</ele>
        <time>2026-09-10T23:10:18.792000Z</time>
      </trkpt>
      <trkpt lat="39.8625112" lon="116.665162">
        <ele>23.46214</ele>
        <time>2026-09-10T23:10:22.772000Z</time>
      </trkpt>
      <trkpt lat="39.8625039" lon="116.6650304">
        <ele>23.40096</ele>
        <time>2026-09-10T23:10:26.753000Z</time>
      </trkpt>
      <trkpt lat="39.8624937" lon="116.6648977">
        <ele>23.39009</ele>
        <time>2026-09-10T23:10:30.734000Z</time>
      </trkpt>
      <trkpt lat="39.8624939" lon="116.6647611">
        <ele>23.42402</ele>
        <time>2026-09-10T23:10:34.715000Z</time>
      </trkpt>
      <trkpt lat="39.8624943" lon="116.6646213">
        <ele>23.48361</ele>
        <time>2026-09-10T23:10:38.695000Z</time>
      </trkpt>
      <trkpt lat="39.8624958" lon="116.664482">
        <ele>23.55936</ele>
        <time>2026-09-10T23:10:42.676000Z</time>
      </trkpt>
      <trkpt lat="39.8624973" lon="116.664344">
        <ele>23.64254</ele>
        <time>2026-09-10T23:10:46.657000Z</time>
      </trkpt>
      <trkpt lat="39.8624973" lon="116.6642095">
        <ele>23.73168</ele>
        <time>2026-09-10T23:10:50.637000Z</time>
      </trkpt>
      <trkpt lat="39.8624955" lon="116.6640785">
        <ele>23.85524</ele>
        <time>2026-09-10T23:10:54.618000Z</time>
      </trkpt>
      <trkpt lat="39.8624921" lon="116.663947">
        <ele>24.02009</ele>
        <time>2026-09-10T23:10:58.599000Z</time>
      </trkpt>
      <trkpt lat="39.862487" lon="116.6638166">
        <ele>24.15044</ele>
        <time>2026-09-10T23:11:02.579000Z</time>
      </trkpt>
      <trkpt lat="39.8624835" lon="116.6636849">
        <ele>24.20168</ele>
        <time>2026-09-10T23:11:06.560000Z</time>
      </trkpt>
      <trkpt lat="39.8624854" lon="116.6635541">
        <ele>24.16898</ele>
        <time>2026-09-10T23:11:10.541000Z</time>
      </trkpt>
      <trkpt lat="39.862488" lon="116.6634173">
        <ele>24.07011</ele>
        <time>2026-09-10T23:11:14.521000Z</time>
      </trkpt>
      <trkpt lat="39.8624886" lon="116.6632771">
        <ele>23.94915</ele>
        <time>2026-09-10T23:11:18.502000Z</time>
      </trkpt>
      <trkpt lat="39.8624887" lon="116.6631394">
        <ele>23.83313</ele>
        <time>2026-09-10T23:11:22.483000Z</time>
      </trkpt>
      <trkpt lat="39.8624903" lon="116.6630008">
        <ele>23.73683</ele>
        <time>2026-09-10T23:11:26.463000Z</time>
      </trkpt>
      <trkpt lat="39.8624932" lon="116.6628628">
        <ele>23.68229</ele>
        <time>2026-09-10T23:11:30.444000Z</time>
      </trkpt>
      <trkpt lat="39.8624946" lon="116.6627275">
        <ele>23.67277</ele>
        <time>2026-09-10T23:11:34.425000Z</time>
      </trkpt>
      <trkpt lat="39.8624923" lon="116.6625914">
        <ele>23.67322</ele>
        <time>2026-09-10T23:11:38.405000Z</time>
      </trkpt>
      <trkpt lat="39.8624922" lon="116.6624552">
        <ele>23.65099</ele>
        <time>2026-09-10T23:11:42.386000Z</time>
      </trkpt>
      <trkpt lat="39.8624948" lon="116.6623186">
        <ele>23.60431</ele>
        <time>2026-09-10T23:11:46.367000Z</time>
      </trkpt>
      <trkpt lat="39.8624984" lon="116.6621793">
        <ele>23.55257</ele>
        <time>2026-09-10T23:11:50.347000Z</time>
      </trkpt>
      <trkpt lat="39.8625002" lon="116.6620437">
        <ele>23.50312</ele>
        <time>2026-09-10T23:11:54.328000Z</time>
      </trkpt>
      <trkpt lat="39.8625051" lon="116.6619071">
        <ele>23.47347</ele>
        <time>2026-09-10T23:11:58.309000Z</time>
      </trkpt>
      <trkpt lat="39.8625109" lon="116.6617677">
        <ele>23.4759</ele>
        <time>2026-09-10T23:12:02.289000Z</time>
      </trkpt>
      <trkpt lat="39.8625176" lon="116.6616278">
        <ele>23.51714</ele>
        <time>2026-09-10T23:12:06.270000Z</time>
      </trkpt>
      <trkpt lat="39.8625204" lon="116.6614841">
        <ele>23.61251</ele>
        <time>2026-09-10T23:12:10.251000Z</time>
      </trkpt>
      <trkpt lat="39.8625254" lon="116.6613439">
        <ele>23.75022</ele>
        <time>2026-09-10T23:12:14.231000Z</time>
      </trkpt>
      <trkpt lat="39.8625284" lon="116.6612056">
        <ele>23.89843</ele>
        <time>2026-09-10T23:12:18.212000Z</time>
      </trkpt>
      <trkpt lat="39.862526" lon="116.6610756">
        <ele>24.01575</ele>
        <time>2026-09-10T23:12:22Z</time>
      </trkpt>
      <trkpt lat="39.8625257" lon="116.6609399">
        <ele>24.14784</ele>
        <time>2026-09-10T23:12:26Z</time>
      </trkpt>
      <trkpt lat="39.8625225" lon="116.6608036">
        <ele>24.30063</ele>
        <time>2026-09-10T23:12:30Z</time>
      </trkpt>
      <trkpt lat="39.862527" lon="116.6606638">
        <ele>24.37388</ele>
        <time>2026-09-10T23:12:34Z</time>
      </trkpt>
      <trkpt lat="39.8625317" lon="116.6605172">
        <ele>24.26801</ele>
        <time>2026-09-10T23:12:38.116000Z</time>
      </trkpt>
      <trkpt lat="39.8625282" lon="116.6603761">
        <ele>24.06115</ele>
        <time>2026-09-10T23:12:42.096000Z</time>
      </trkpt>
      <trkpt lat="39.8625247" lon="116.6602372">
        <ele>23.88408</ele>
        <time>2026-09-10T23:12:46.077000Z</time>
      </trkpt>
      <trkpt lat="39.8625349" lon="116.6601204">
        <ele>23.74651</ele>
        <time>2026-09-10T23:12:50.058000Z</time>
      </trkpt>
      <trkpt lat="39.8625617" lon="116.6599867">
        <ele>23.6769</ele>
        <time>2026-09-10T23:12:55.034000Z</time>
      </trkpt>
      <trkpt lat="39.8625736" lon="116.6598643">
        <ele>23.71181</ele>
        <time>2026-09-10T23:12:58.019000Z</time>
      </trkpt>
      <trkpt lat="39.862577" lon="116.6597441">
        <ele>23.78842</ele>
        <time>2026-09-10T23:13:01.005000Z</time>
      </trkpt>
      <trkpt lat="39.8625798" lon="116.6595915">
        <ele>23.91116</ele>
        <time>2026-09-10T23:13:04.985000Z</time>
      </trkpt>
      <trkpt lat="39.8625804" lon="116.6594427">
        <ele>23.99929</ele>
        <time>2026-09-10T23:13:08.966000Z</time>
      </trkpt>
      <trkpt lat="39.8625771" lon="116.6592965">
        <ele>24.0522</ele>
        <time>2026-09-10T23:13:12.947000Z</time>
      </trkpt>
      <trkpt lat="39.8625684" lon="116.6591491">
        <ele>24.10839</ele>
        <time>2026-09-10T23:13:16.927000Z</time>
      </trkpt>
      <trkpt lat="39.8625578" lon="116.6590029">
        <ele>24.17954</ele>
        <time>2026-09-10T23:13:20.908000Z</time>
      </trkpt>
      <trkpt lat="39.8625451" lon="116.6588567">
        <ele>24.27358</ele>
        <time>2026-09-10T23:13:24.889000Z</time>
      </trkpt>
      <trkpt lat="39.8625287" lon="116.6587111">
        <ele>24.38859</ele>
        <time>2026-09-10T23:13:28.869000Z</time>
      </trkpt>
      <trkpt lat="39.8625189" lon="116.6585656">
        <ele>24.50039</ele>
        <time>2026-09-10T23:13:32.850000Z</time>
      </trkpt>
      <trkpt lat="39.8625181" lon="116.6584187">
        <ele>24.572</ele>
        <time>2026-09-10T23:13:36.831000Z</time>
      </trkpt>
      <trkpt lat="39.8625192" lon="116.6582745">
        <ele>24.59784</ele>
        <time>2026-09-10T23:13:40.811000Z</time>
      </trkpt>
      <trkpt lat="39.8625194" lon="116.6581293">
        <ele>24.59522</ele>
        <time>2026-09-10T23:13:44.792000Z</time>
      </trkpt>
      <trkpt lat="39.8625149" lon="116.6579891">
        <ele>24.56546</ele>
        <time>2026-09-10T23:13:48.773000Z</time>
      </trkpt>
      <trkpt lat="39.8625071" lon="116.6578542">
        <ele>24.51878</ele>
        <time>2026-09-10T23:13:52.753000Z</time>
      </trkpt>
      <trkpt lat="39.862505" lon="116.6577206">
        <ele>24.50299</ele>
        <time>2026-09-10T23:13:56.734000Z</time>
      </trkpt>
      <trkpt lat="39.8625057" lon="116.6575842">
        <ele>24.50759</ele>
        <time>2026-09-10T23:14:00.715000Z</time>
      </trkpt>
      <trkpt lat="39.8625065" lon="116.6574438">
        <ele>24.50481</ele>
        <time>2026-09-10T23:14:04.696000Z</time>
      </trkpt>
      <trkpt lat="39.8625084" lon="116.6573063">
        <ele>24.49055</ele>
        <time>2026-09-10T23:14:08.676000Z</time>
      </trkpt>
      <trkpt lat="39.8625093" lon="116.6571672">
        <ele>24.46914</ele>
        <time>2026-09-10T23:14:12.657000Z</time>
      </trkpt>
      <trkpt lat="39.8625078" lon="116.6570252">
        <ele>24.45306</ele>
        <time>2026-09-10T23:14:16.638000Z</time>
      </trkpt>
      <trkpt lat="39.8625104" lon="116.6568837">
        <ele>24.45366</ele>
        <time>2026-09-10T23:14:20.618000Z</time>
      </trkpt>
      <trkpt lat="39.8625142" lon="116.6567403">
        <ele>24.47131</ele>
        <time>2026-09-10T23:14:24.599000Z</time>
      </trkpt>
      <trkpt lat="39.8625196" lon="116.6565954">
        <ele>24.52163</ele>
        <time>2026-09-10T23:14:28.580000Z</time>
      </trkpt>
      <trkpt lat="39.8625234" lon="116.6564512">
        <ele>24.61309</ele>
        <time>2026-09-10T23:14:32.560000Z</time>
      </trkpt>
      <trkpt lat="39.8625225" lon="116.6563049">
        <ele>24.72222</ele>
        <time>2026-09-10T23:14:36.541000Z</time>
      </trkpt>
      <trkpt lat="39.8625225" lon="116.6561634">
        <ele>24.82006</ele>
        <time>2026-09-10T23:14:40.522000Z</time>
      </trkpt>
      <trkpt lat="39.8625217" lon="116.6560211">
        <ele>24.90624</ele>
        <time>2026-09-10T23:14:44.502000Z</time>
      </trkpt>
      <trkpt lat="39.862519" lon="116.6558776">
        <ele>24.97386</ele>
        <time>2026-09-10T23:14:48.483000Z</time>
      </trkpt>
      <trkpt lat="39.862517" lon="116.6557283">
        <ele>25.02906</ele>
        <time>2026-09-10T23:14:52.464000Z</time>
      </trkpt>
      <trkpt lat="39.8625182" lon="116.6555764">
        <ele>25.07745</ele>
        <time>2026-09-10T23:14:56.445000Z</time>
      </trkpt>
      <trkpt lat="39.8625282" lon="116.6554596">
        <ele>25.11506</ele>
        <time>2026-09-10T23:14:59.430000Z</time>
      </trkpt>
      <trkpt lat="39.8625424" lon="116.655336">
        <ele>25.1482</ele>
        <time>2026-09-10T23:15:02.416000Z</time>
      </trkpt>
      <trkpt lat="39.8625513" lon="116.6552106">
        <ele>25.17299</ele>
        <time>2026-09-10T23:15:05.401000Z</time>
      </trkpt>
      <trkpt lat="39.8625303" lon="116.6550616">
        <ele>25.19702</ele>
        <time>2026-09-10T23:15:09.382000Z</time>
      </trkpt>
      <trkpt lat="39.8625227" lon="116.6549189">
        <ele>25.23072</ele>
        <time>2026-09-10T23:15:13.363000Z</time>
      </trkpt>
      <trkpt lat="39.8625251" lon="116.6547691">
        <ele>25.29635</ele>
        <time>2026-09-10T23:15:17.343000Z</time>
      </trkpt>
      <trkpt lat="39.8625322" lon="116.6546199">
        <ele>25.39354</ele>
        <time>2026-09-10T23:15:21.324000Z</time>
      </trkpt>
      <trkpt lat="39.8625407" lon="116.6544687">
        <ele>25.49705</ele>
        <time>2026-09-10T23:15:25.305000Z</time>
      </trkpt>
      <trkpt lat="39.8625438" lon="116.6543146">
        <ele>25.55938</ele>
        <time>2026-09-10T23:15:29.285000Z</time>
      </trkpt>
      <trkpt lat="39.8625439" lon="116.6541665">
        <ele>25.5453</ele>
        <time>2026-09-10T23:15:33.266000Z</time>
      </trkpt>
      <trkpt lat="39.8625484" lon="116.6540249">
        <ele>25.44122</ele>
        <time>2026-09-10T23:15:37.247000Z</time>
      </trkpt>
      <trkpt lat="39.8625569" lon="116.6538849">
        <ele>25.25253</ele>
        <time>2026-09-10T23:15:41.227000Z</time>
      </trkpt>
      <trkpt lat="39.8625653" lon="116.6537461">
        <ele>24.9964</ele>
        <time>2026-09-10T23:15:45.208000Z</time>
      </trkpt>
      <trkpt lat="39.8625628" lon="116.6536105">
        <ele>24.71535</ele>
        <time>2026-09-10T23:15:49.189000Z</time>
      </trkpt>
      <trkpt lat="39.8625652" lon="116.6534818">
        <ele>24.54276</ele>
        <time>2026-09-10T23:15:53Z</time>
      </trkpt>
      <trkpt lat="39.8625681" lon="116.6533441">
        <ele>24.53766</ele>
        <time>2026-09-10T23:15:57Z</time>
      </trkpt>
      <trkpt lat="39.8625682" lon="116.6532029">
        <ele>24.61737</ele>
        <time>2026-09-10T23:16:01Z</time>
      </trkpt>
      <trkpt lat="39.8625643" lon="116.6530601">
        <ele>24.70901</ele>
        <time>2026-09-10T23:16:05.112000Z</time>
      </trkpt>
      <trkpt lat="39.8625583" lon="116.6529182">
        <ele>24.74059</ele>
        <time>2026-09-10T23:16:09.092000Z</time>
      </trkpt>
      <trkpt lat="39.8625557" lon="116.6527797">
        <ele>24.72159</ele>
        <time>2026-09-10T23:16:13.073000Z</time>
      </trkpt>
      <trkpt lat="39.8625559" lon="116.6526431">
        <ele>24.66856</ele>
        <time>2026-09-10T23:16:17.054000Z</time>
      </trkpt>
      <trkpt lat="39.8625586" lon="116.6525063">
        <ele>24.59782</ele>
        <time>2026-09-10T23:16:21.034000Z</time>
      </trkpt>
      <trkpt lat="39.8625586" lon="116.6523736">
        <ele>24.53139</ele>
        <time>2026-09-10T23:16:25.015000Z</time>
      </trkpt>
      <trkpt lat="39.8625687" lon="116.6522388">
        <ele>24.51289</ele>
        <time>2026-09-10T23:16:28.996000Z</time>
      </trkpt>
      <trkpt lat="39.8625793" lon="116.6521021">
        <ele>24.55593</ele>
        <time>2026-09-10T23:16:32.977000Z</time>
      </trkpt>
      <trkpt lat="39.8625916" lon="116.6519638">
        <ele>24.60278</ele>
        <time>2026-09-10T23:16:36.957000Z</time>
      </trkpt>
      <trkpt lat="39.8626319" lon="116.6518403">
        <ele>24.6207</ele>
        <time>2026-09-10T23:16:40.938000Z</time>
      </trkpt>
      <trkpt lat="39.8627218" lon="116.6517689">
        <ele>24.61057</ele>
        <time>2026-09-10T23:16:44.919000Z</time>
      </trkpt>
      <trkpt lat="39.8628303" lon="116.6517535">
        <ele>24.57269</ele>
        <time>2026-09-10T23:16:48.899000Z</time>
      </trkpt>
      <trkpt lat="39.8629367" lon="116.6517462">
        <ele>24.51618</ele>
        <time>2026-09-10T23:16:52.880000Z</time>
      </trkpt>
      <trkpt lat="39.863042" lon="116.6517455">
        <ele>24.47496</ele>
        <time>2026-09-10T23:16:56.861000Z</time>
      </trkpt>
      <trkpt lat="39.8631454" lon="116.6517477">
        <ele>24.47675</ele>
        <time>2026-09-10T23:17:00.842000Z</time>
      </trkpt>
      <trkpt lat="39.8632506" lon="116.6517497">
        <ele>24.52803</ele>
        <time>2026-09-10T23:17:04.822000Z</time>
      </trkpt>
      <trkpt lat="39.8633539" lon="116.6517503">
        <ele>24.61778</ele>
        <time>2026-09-10T23:17:08.803000Z</time>
      </trkpt>
      <trkpt lat="39.8634571" lon="116.6517474">
        <ele>24.72119</ele>
        <time>2026-09-10T23:17:12.784000Z</time>
      </trkpt>
      <trkpt lat="39.8635608" lon="116.6517441">
        <ele>24.80713</ele>
        <time>2026-09-10T23:17:16.764000Z</time>
      </trkpt>
      <trkpt lat="39.863663" lon="116.6517407">
        <ele>24.86643</ele>
        <time>2026-09-10T23:17:20.745000Z</time>
      </trkpt>
      <trkpt lat="39.8637645" lon="116.6517372">
        <ele>24.91345</ele>
        <time>2026-09-10T23:17:24.726000Z</time>
      </trkpt>
      <trkpt lat="39.8638651" lon="116.6517334">
        <ele>24.97989</ele>
        <time>2026-09-10T23:17:28.706000Z</time>
      </trkpt>
      <trkpt lat="39.8639665" lon="116.6517331">
        <ele>25.07653</ele>
        <time>2026-09-10T23:17:32.687000Z</time>
      </trkpt>
      <trkpt lat="39.8640696" lon="116.651732">
        <ele>25.20113</ele>
        <time>2026-09-10T23:17:36.668000Z</time>
      </trkpt>
      <trkpt lat="39.8641711" lon="116.6517334">
        <ele>25.35618</ele>
        <time>2026-09-10T23:17:40.649000Z</time>
      </trkpt>
      <trkpt lat="39.8642745" lon="116.6517321">
        <ele>25.51667</ele>
        <time>2026-09-10T23:17:44.629000Z</time>
      </trkpt>
      <trkpt lat="39.8643771" lon="116.651728">
        <ele>25.65115</ele>
        <time>2026-09-10T23:17:48.610000Z</time>
      </trkpt>
      <trkpt lat="39.8644797" lon="116.6517256">
        <ele>25.75762</ele>
        <time>2026-09-10T23:17:52.591000Z</time>
      </trkpt>
      <trkpt lat="39.8645854" lon="116.6517277">
        <ele>25.81076</ele>
        <time>2026-09-10T23:17:56.571000Z</time>
      </trkpt>
      <trkpt lat="39.8646922" lon="116.6517267">
        <ele>25.81284</ele>
        <time>2026-09-10T23:18:00.552000Z</time>
      </trkpt>
      <trkpt lat="39.8647955" lon="116.6517317">
        <ele>25.79089</ele>
        <time>2026-09-10T23:18:04.533000Z</time>
      </trkpt>
      <trkpt lat="39.8648971" lon="116.6517264">
        <ele>25.75746</ele>
        <time>2026-09-10T23:18:08.513000Z</time>
      </trkpt>
      <trkpt lat="39.8649995" lon="116.6517309">
        <ele>25.73201</ele>
        <time>2026-09-10T23:18:12.494000Z</time>
      </trkpt>
      <trkpt lat="39.8651063" lon="116.651751">
        <ele>25.73454</ele>
        <time>2026-09-10T23:18:16.475000Z</time>
      </trkpt>
      <trkpt lat="39.8652131" lon="116.6517649">
        <ele>25.78906</ele>
        <time>2026-09-10T23:18:20.456000Z</time>
      </trkpt>
      <trkpt lat="39.8653201" lon="116.6517609">
        <ele>25.91422</ele>
        <time>2026-09-10T23:18:24.436000Z</time>
      </trkpt>
      <trkpt lat="39.8654235" lon="116.6517527">
        <ele>26.06431</ele>
        <time>2026-09-10T23:18:28.417000Z</time>
      </trkpt>
      <trkpt lat="39.8655248" lon="116.6517558">
        <ele>26.18695</ele>
        <time>2026-09-10T23:18:32.398000Z</time>
      </trkpt>
      <trkpt lat="39.8656264" lon="116.6517619">
        <ele>26.26392</ele>
        <time>2026-09-10T23:18:36.378000Z</time>
      </trkpt>
      <trkpt lat="39.8657295" lon="116.6517609">
        <ele>26.30176</ele>
        <time>2026-09-10T23:18:40.359000Z</time>
      </trkpt>
      <trkpt lat="39.865834" lon="116.6517572">
        <ele>26.33909</ele>
        <time>2026-09-10T23:18:44.340000Z</time>
      </trkpt>
      <trkpt lat="39.8659377" lon="116.6517537">
        <ele>26.38973</ele>
        <time>2026-09-10T23:18:48.321000Z</time>
      </trkpt>
      <trkpt lat="39.8660408" lon="116.6517542">
        <ele>26.44544</ele>
        <time>2026-09-10T23:18:52.301000Z</time>
      </trkpt>
      <trkpt lat="39.8661451" lon="116.6517559">
        <ele>26.46687</ele>
        <time>2026-09-10T23:18:56.282000Z</time>
      </trkpt>
      <trkpt lat="39.86625" lon="116.6517543">
        <ele>26.38625</ele>
        <time>2026-09-10T23:19:00.263000Z</time>
      </trkpt>
      <trkpt lat="39.8663538" lon="116.6517522">
        <ele>26.11756</ele>
        <time>2026-09-10T23:19:04.243000Z</time>
      </trkpt>
      <trkpt lat="39.8664591" lon="116.6517531">
        <ele>25.61928</ele>
        <time>2026-09-10T23:19:08.224000Z</time>
      </trkpt>
      <trkpt lat="39.8665613" lon="116.6517514">
        <ele>24.94197</ele>
        <time>2026-09-10T23:19:12.205000Z</time>
      </trkpt>
      <trkpt lat="39.8666626" lon="116.6517519">
        <ele>24.4089</ele>
        <time>2026-09-10T23:19:16Z</time>
      </trkpt>
      <trkpt lat="39.8667656" lon="116.6517499">
        <ele>24.25813</ele>
        <time>2026-09-10T23:19:20Z</time>
      </trkpt>
      <trkpt lat="39.8668731" lon="116.6517513">
        <ele>24.24353</ele>
        <time>2026-09-10T23:19:24.147000Z</time>
      </trkpt>
      <trkpt lat="39.8669742" lon="116.6517591">
        <ele>24.16094</ele>
        <time>2026-09-10T23:19:28Z</time>
      </trkpt>
      <trkpt lat="39.8670776" lon="116.6517632">
        <ele>24.09586</ele>
        <time>2026-09-10T23:19:32Z</time>
      </trkpt>
      <trkpt lat="39.8671818" lon="116.6517622">
        <ele>24.05758</ele>
        <time>2026-09-10T23:19:36Z</time>
      </trkpt>
      <trkpt lat="39.8672849" lon="116.6517613">
        <ele>24.06517</ele>
        <time>2026-09-10T23:19:40Z</time>
      </trkpt>
      <trkpt lat="39.8673856" lon="116.6517573">
        <ele>24.11063</ele>
        <time>2026-09-10T23:19:44.050000Z</time>
      </trkpt>
      <trkpt lat="39.8674801" lon="116.6517505">
        <ele>24.11174</ele>
        <time>2026-09-10T23:19:48.031000Z</time>
      </trkpt>
      <trkpt lat="39.8675754" lon="116.6517484">
        <ele>24.1709</ele>
        <time>2026-09-10T23:19:52Z</time>
      </trkpt>
      <trkpt lat="39.8676707" lon="116.6517456">
        <ele>24.42843</ele>
        <time>2026-09-10T23:19:55.993000Z</time>
      </trkpt>
      <trkpt lat="39.8677675" lon="116.6517482">
        <ele>24.70884</ele>
        <time>2026-09-10T23:19:59.973000Z</time>
      </trkpt>
      <trkpt lat="39.8678625" lon="116.6517506">
        <ele>24.86887</ele>
        <time>2026-09-10T23:20:03.954000Z</time>
      </trkpt>
      <trkpt lat="39.8679668" lon="116.651757">
        <ele>24.9364</ele>
        <time>2026-09-10T23:20:07.935000Z</time>
      </trkpt>
      <trkpt lat="39.8680767" lon="116.6517609">
        <ele>24.94938</ele>
        <time>2026-09-10T23:20:11.915000Z</time>
      </trkpt>
      <trkpt lat="39.8681928" lon="116.6517586">
        <ele>24.89745</ele>
        <time>2026-09-10T23:20:15.896000Z</time>
      </trkpt>
      <trkpt lat="39.8683113" lon="116.6517516">
        <ele>24.81078</ele>
        <time>2026-09-10T23:20:19.877000Z</time>
      </trkpt>
      <trkpt lat="39.8684286" lon="116.6517485">
        <ele>24.71837</ele>
        <time>2026-09-10T23:20:23.858000Z</time>
      </trkpt>
      <trkpt lat="39.8685452" lon="116.6517527">
        <ele>24.63458</ele>
        <time>2026-09-10T23:20:27.838000Z</time>
      </trkpt>
      <trkpt lat="39.8686632" lon="116.6517599">
        <ele>24.5851</ele>
        <time>2026-09-10T23:20:31.819000Z</time>
      </trkpt>
      <trkpt lat="39.868779" lon="116.6517631">
        <ele>24.56437</ele>
        <time>2026-09-10T23:20:35.800000Z</time>
      </trkpt>
      <trkpt lat="39.8688918" lon="116.651759">
        <ele>24.57626</ele>
        <time>2026-09-10T23:20:39.780000Z</time>
      </trkpt>
      <trkpt lat="39.8690059" lon="116.6517524">
        <ele>24.63113</ele>
        <time>2026-09-10T23:20:43.761000Z</time>
      </trkpt>
      <trkpt lat="39.869118" lon="116.6517456">
        <ele>24.7114</ele>
        <time>2026-09-10T23:20:47.742000Z</time>
      </trkpt>
      <trkpt lat="39.8692284" lon="116.6517435">
        <ele>24.78546</ele>
        <time>2026-09-10T23:20:51.723000Z</time>
      </trkpt>
      <trkpt lat="39.8693389" lon="116.6517471">
        <ele>24.80166</ele>
        <time>2026-09-10T23:20:55.703000Z</time>
      </trkpt>
      <trkpt lat="39.8694471" lon="116.6517482">
        <ele>24.73883</ele>
        <time>2026-09-10T23:20:59.684000Z</time>
      </trkpt>
      <trkpt lat="39.8695582" lon="116.6517504">
        <ele>24.60964</ele>
        <time>2026-09-10T23:21:03.665000Z</time>
      </trkpt>
      <trkpt lat="39.8696663" lon="116.6517557">
        <ele>24.47069</ele>
        <time>2026-09-10T23:21:07.645000Z</time>
      </trkpt>
      <trkpt lat="39.8697742" lon="116.6517624">
        <ele>24.37242</ele>
        <time>2026-09-10T23:21:11.626000Z</time>
      </trkpt>
      <trkpt lat="39.8698814" lon="116.651767">
        <ele>24.34323</ele>
        <time>2026-09-10T23:21:15.607000Z</time>
      </trkpt>
      <trkpt lat="39.8699841" lon="116.6517753">
        <ele>24.38175</ele>
        <time>2026-09-10T23:21:19.588000Z</time>
      </trkpt>
      <trkpt lat="39.8700725" lon="116.6518036">
        <ele>24.42881</ele>
        <time>2026-09-10T23:21:23.568000Z</time>
      </trkpt>
      <trkpt lat="39.8701458" lon="116.6519044">
        <ele>24.4598</ele>
        <time>2026-09-10T23:21:28.544000Z</time>
      </trkpt>
      <trkpt lat="39.87019" lon="116.6520134">
        <ele>24.48741</ele>
        <time>2026-09-10T23:21:32.525000Z</time>
      </trkpt>
      <trkpt lat="39.8702661" lon="116.651932">
        <ele>24.47916</ele>
        <time>2026-09-10T23:21:39.491000Z</time>
      </trkpt>
      <trkpt lat="39.8703235" lon="116.6518294">
        <ele>24.45171</ele>
        <time>2026-09-10T23:21:43.472000Z</time>
      </trkpt>
      <trkpt lat="39.8704208" lon="116.6517801">
        <ele>24.43177</ele>
        <time>2026-09-10T23:21:47.453000Z</time>
      </trkpt>
      <trkpt lat="39.8705255" lon="116.6517574">
        <ele>24.43619</ele>
        <time>2026-09-10T23:21:51.433000Z</time>
      </trkpt>
      <trkpt lat="39.8706335" lon="116.6517435">
        <ele>24.4858</ele>
        <time>2026-09-10T23:21:55.414000Z</time>
      </trkpt>
      <trkpt lat="39.8707415" lon="116.6517312">
        <ele>24.56858</ele>
        <time>2026-09-10T23:21:59.395000Z</time>
      </trkpt>
      <trkpt lat="39.870849" lon="116.6517202">
        <ele>24.66801</ele>
        <time>2026-09-10T23:22:03.376000Z</time>
      </trkpt>
      <trkpt lat="39.870959" lon="116.6517109">
        <ele>24.77628</ele>
        <time>2026-09-10T23:22:07.356000Z</time>
      </trkpt>
      <trkpt lat="39.8710668" lon="116.651695">
        <ele>24.89594</ele>
        <time>2026-09-10T23:22:11.337000Z</time>
      </trkpt>
      <trkpt lat="39.8711747" lon="116.6516759">
        <ele>25.02331</ele>
        <time>2026-09-10T23:22:15.318000Z</time>
      </trkpt>
      <trkpt lat="39.8712838" lon="116.6516583">
        <ele>25.15817</ele>
        <time>2026-09-10T23:22:19.299000Z</time>
      </trkpt>
      <trkpt lat="39.8713948" lon="116.6516448">
        <ele>25.29063</ele>
        <time>2026-09-10T23:22:23.279000Z</time>
      </trkpt>
      <trkpt lat="39.8715068" lon="116.6516397">
        <ele>25.37409</ele>
        <time>2026-09-10T23:22:27.260000Z</time>
      </trkpt>
      <trkpt lat="39.8716174" lon="116.6516383">
        <ele>25.37555</ele>
        <time>2026-09-10T23:22:31.241000Z</time>
      </trkpt>
      <trkpt lat="39.8717288" lon="116.6516293">
        <ele>25.33259</ele>
        <time>2026-09-10T23:22:35.221000Z</time>
      </trkpt>
      <trkpt lat="39.8718413" lon="116.6516113">
        <ele>25.27727</ele>
        <time>2026-09-10T23:22:39.202000Z</time>
      </trkpt>
      <trkpt lat="39.8719545" lon="116.6515956">
        <ele>25.21287</ele>
        <time>2026-09-10T23:22:43.183000Z</time>
      </trkpt>
      <trkpt lat="39.8720678" lon="116.6515901">
        <ele>25.16026</ele>
        <time>2026-09-10T23:22:47.164000Z</time>
      </trkpt>
      <trkpt lat="39.8721771" lon="116.6515991">
        <ele>25.16127</ele>
        <time>2026-09-10T23:22:51.144000Z</time>
      </trkpt>
      <trkpt lat="39.8722885" lon="116.6516176">
        <ele>25.22614</ele>
        <time>2026-09-10T23:22:55.125000Z</time>
      </trkpt>
      <trkpt lat="39.8723985" lon="116.6516418">
        <ele>25.32333</ele>
        <time>2026-09-10T23:22:59.106000Z</time>
      </trkpt>
      <trkpt lat="39.87251" lon="116.6516662">
        <ele>25.42524</ele>
        <time>2026-09-10T23:23:03.087000Z</time>
      </trkpt>
      <trkpt lat="39.8726216" lon="116.6516902">
        <ele>25.48191</ele>
        <time>2026-09-10T23:23:07.067000Z</time>
      </trkpt>
      <trkpt lat="39.8727324" lon="116.6517106">
        <ele>25.42062</ele>
        <time>2026-09-10T23:23:11.048000Z</time>
      </trkpt>
      <trkpt lat="39.8728418" lon="116.6517257">
        <ele>25.18137</ele>
        <time>2026-09-10T23:23:15.029000Z</time>
      </trkpt>
      <trkpt lat="39.8729498" lon="116.6517376">
        <ele>24.80653</ele>
        <time>2026-09-10T23:23:19.009000Z</time>
      </trkpt>
      <trkpt lat="39.8730552" lon="116.6517517">
        <ele>24.56591</ele>
        <time>2026-09-10T23:23:22.990000Z</time>
      </trkpt>
      <trkpt lat="39.8731621" lon="116.6517776">
        <ele>24.55109</ele>
        <time>2026-09-10T23:23:26.971000Z</time>
      </trkpt>
      <trkpt lat="39.8732706" lon="116.6518029">
        <ele>24.60824</ele>
        <time>2026-09-10T23:23:30.952000Z</time>
      </trkpt>
      <trkpt lat="39.8733783" lon="116.6518203">
        <ele>24.64349</ele>
        <time>2026-09-10T23:23:34.932000Z</time>
      </trkpt>
      <trkpt lat="39.8734808" lon="116.6518093">
        <ele>24.62819</ele>
        <time>2026-09-10T23:23:38.913000Z</time>
      </trkpt>
      <trkpt lat="39.8735791" lon="116.651805">
        <ele>24.59551</ele>
        <time>2026-09-10T23:23:42.894000Z</time>
      </trkpt>
      <trkpt lat="39.8736851" lon="116.6518002">
        <ele>24.56397</ele>
        <time>2026-09-10T23:23:46.875000Z</time>
      </trkpt>
      <trkpt lat="39.8737899" lon="116.6517977">
        <ele>24.5387</ele>
        <time>2026-09-10T23:23:50.855000Z</time>
      </trkpt>
      <trkpt lat="39.8738992" lon="116.6517886">
        <ele>24.52815</ele>
        <time>2026-09-10T23:23:54.836000Z</time>
      </trkpt>
      <trkpt lat="39.8740135" lon="116.6517852">
        <ele>24.55445</ele>
        <time>2026-09-10T23:23:58.817000Z</time>
      </trkpt>
      <trkpt lat="39.8741241" lon="116.6518">
        <ele>24.63286</ele>
        <time>2026-09-10T23:24:02.798000Z</time>
      </trkpt>
      <trkpt lat="39.8742175" lon="116.6518614">
        <ele>24.73701</ele>
        <time>2026-09-10T23:24:06.778000Z</time>
      </trkpt>
      <trkpt lat="39.874258" lon="116.6519958">
        <ele>24.80139</ele>
        <time>2026-09-10T23:24:10.759000Z</time>
      </trkpt>
      <trkpt lat="39.8742638" lon="116.6521135">
        <ele>24.80503</ele>
        <time>2026-09-10T23:24:13.745000Z</time>
      </trkpt>
      <trkpt lat="39.8742663" lon="116.6522671">
        <ele>24.76426</ele>
        <time>2026-09-10T23:24:17.726000Z</time>
      </trkpt>
      <trkpt lat="39.8742689" lon="116.652415">
        <ele>24.71584</ele>
        <time>2026-09-10T23:24:21.706000Z</time>
      </trkpt>
      <trkpt lat="39.874273" lon="116.6525637">
        <ele>24.72108</ele>
        <time>2026-09-10T23:24:25.687000Z</time>
      </trkpt>
      <trkpt lat="39.8742817" lon="116.6527126">
        <ele>24.77052</ele>
        <time>2026-09-10T23:24:29.668000Z</time>
      </trkpt>
      <trkpt lat="39.8742834" lon="116.6528594">
        <ele>24.80556</ele>
        <time>2026-09-10T23:24:33.649000Z</time>
      </trkpt>
      <trkpt lat="39.8742882" lon="116.6530093">
        <ele>24.87578</ele>
        <time>2026-09-10T23:24:37.629000Z</time>
      </trkpt>
      <trkpt lat="39.874291" lon="116.6531622">
        <ele>25.0253</ele>
        <time>2026-09-10T23:24:41.610000Z</time>
      </trkpt>
      <trkpt lat="39.8742911" lon="116.6533166">
        <ele>25.10389</ele>
        <time>2026-09-10T23:24:45.591000Z</time>
      </trkpt>
      <trkpt lat="39.8742914" lon="116.6534715">
        <ele>25.03238</ele>
        <time>2026-09-10T23:24:49.572000Z</time>
      </trkpt>
      <trkpt lat="39.874291" lon="116.653625">
        <ele>24.86788</ele>
        <time>2026-09-10T23:24:53.552000Z</time>
      </trkpt>
      <trkpt lat="39.8742915" lon="116.6537749">
        <ele>24.68672</ele>
        <time>2026-09-10T23:24:57.533000Z</time>
      </trkpt>
      <trkpt lat="39.8742935" lon="116.6539252">
        <ele>24.5269</ele>
        <time>2026-09-10T23:25:01.514000Z</time>
      </trkpt>
      <trkpt lat="39.8742993" lon="116.6540721">
        <ele>24.44248</ele>
        <time>2026-09-10T23:25:05.495000Z</time>
      </trkpt>
      <trkpt lat="39.8743056" lon="116.6542135">
        <ele>24.42834</ele>
        <time>2026-09-10T23:25:09.475000Z</time>
      </trkpt>
      <trkpt lat="39.8743201" lon="116.6543487">
        <ele>24.43005</ele>
        <time>2026-09-10T23:25:13.456000Z</time>
      </trkpt>
      <trkpt lat="39.8743224" lon="116.6544859">
        <ele>24.43813</ele>
        <time>2026-09-10T23:25:17.437000Z</time>
      </trkpt>
      <trkpt lat="39.874324" lon="116.654629">
        <ele>24.46803</ele>
        <time>2026-09-10T23:25:21.418000Z</time>
      </trkpt>
      <trkpt lat="39.8743232" lon="116.6547732">
        <ele>24.4878</ele>
        <time>2026-09-10T23:25:25.399000Z</time>
      </trkpt>
      <trkpt lat="39.8743234" lon="116.6549143">
        <ele>24.47463</ele>
        <time>2026-09-10T23:25:29.379000Z</time>
      </trkpt>
      <trkpt lat="39.8743263" lon="116.6550563">
        <ele>24.45065</ele>
        <time>2026-09-10T23:25:33.360000Z</time>
      </trkpt>
      <trkpt lat="39.8743278" lon="116.6552002">
        <ele>24.46411</ele>
        <time>2026-09-10T23:25:37.341000Z</time>
      </trkpt>
      <trkpt lat="39.8743236" lon="116.6553433">
        <ele>24.5345</ele>
        <time>2026-09-10T23:25:41.322000Z</time>
      </trkpt>
      <trkpt lat="39.8743212" lon="116.6554894">
        <ele>24.65906</ele>
        <time>2026-09-10T23:25:45.302000Z</time>
      </trkpt>
      <trkpt lat="39.8743242" lon="116.6556347">
        <ele>24.81082</ele>
        <time>2026-09-10T23:25:49.283000Z</time>
      </trkpt>
      <trkpt lat="39.8743303" lon="116.655778">
        <ele>24.93965</ele>
        <time>2026-09-10T23:25:53.264000Z</time>
      </trkpt>
      <trkpt lat="39.8743364" lon="116.6559203">
        <ele>24.94522</ele>
        <time>2026-09-10T23:25:57.245000Z</time>
      </trkpt>
      <trkpt lat="39.8743414" lon="116.6560617">
        <ele>24.72695</ele>
        <time>2026-09-10T23:26:01.226000Z</time>
      </trkpt>
      <trkpt lat="39.8743444" lon="116.6562056">
        <ele>24.26735</ele>
        <time>2026-09-10T23:26:05.206000Z</time>
      </trkpt>
      <trkpt lat="39.8743442" lon="116.6563409">
        <ele>23.76103</ele>
        <time>2026-09-10T23:26:09Z</time>
      </trkpt>
      <trkpt lat="39.8743387" lon="116.6564842">
        <ele>23.49912</ele>
        <time>2026-09-10T23:26:13Z</time>
      </trkpt>
      <trkpt lat="39.8743339" lon="116.6566274">
        <ele>23.45643</ele>
        <time>2026-09-10T23:26:17Z</time>
      </trkpt>
      <trkpt lat="39.8743367" lon="116.6567647">
        <ele>23.46338</ele>
        <time>2026-09-10T23:26:21Z</time>
      </trkpt>
      <trkpt lat="39.8743424" lon="116.6569001">
        <ele>23.4826</ele>
        <time>2026-09-10T23:26:25Z</time>
      </trkpt>
      <trkpt lat="39.8743511" lon="116.657036">
        <ele>23.54165</ele>
        <time>2026-09-10T23:26:29Z</time>
      </trkpt>
      <trkpt lat="39.8743574" lon="116.6571795">
        <ele>23.62292</ele>
        <time>2026-09-10T23:26:33Z</time>
      </trkpt>
      <trkpt lat="39.8743613" lon="116.6573242">
        <ele>23.6604</ele>
        <time>2026-09-10T23:26:37Z</time>
      </trkpt>
      <trkpt lat="39.8743646" lon="116.6574699">
        <ele>23.6754</ele>
        <time>2026-09-10T23:26:41Z</time>
      </trkpt>
      <trkpt lat="39.8743675" lon="116.6576199">
        <ele>23.77051</ele>
        <time>2026-09-10T23:26:45Z</time>
      </trkpt>
      <trkpt lat="39.8743707" lon="116.6577701">
        <ele>24.07463</ele>
        <time>2026-09-10T23:26:48.995000Z</time>
      </trkpt>
      <trkpt lat="39.8743732" lon="116.6579173">
        <ele>24.43998</ele>
        <time>2026-09-10T23:26:52.976000Z</time>
      </trkpt>
      <trkpt lat="39.874376" lon="116.6580622">
        <ele>24.62001</ele>
        <time>2026-09-10T23:26:56.957000Z</time>
      </trkpt>
      <trkpt lat="39.8743843" lon="116.6582059">
        <ele>24.634</ele>
        <time>2026-09-10T23:27:00.937000Z</time>
      </trkpt>
      <trkpt lat="39.8743906" lon="116.6583425">
        <ele>24.569</ele>
        <time>2026-09-10T23:27:04.918000Z</time>
      </trkpt>
      <trkpt lat="39.874388" lon="116.6584691">
        <ele>24.47465</ele>
        <time>2026-09-10T23:27:08.899000Z</time>
      </trkpt>
      <trkpt lat="39.8743848" lon="116.6585957">
        <ele>24.36168</ele>
        <time>2026-09-10T23:27:12.880000Z</time>
      </trkpt>
      <trkpt lat="39.8743717" lon="116.6587374">
        <ele>24.26626</ele>
        <time>2026-09-10T23:27:16.861000Z</time>
      </trkpt>
      <trkpt lat="39.8743596" lon="116.658887">
        <ele>24.19793</ele>
        <time>2026-09-10T23:27:20.841000Z</time>
      </trkpt>
      <trkpt lat="39.8743559" lon="116.6590432">
        <ele>24.11959</ele>
        <time>2026-09-10T23:27:24.822000Z</time>
      </trkpt>
      <trkpt lat="39.8743473" lon="116.6591933">
        <ele>24.0647</ele>
        <time>2026-09-10T23:27:28.803000Z</time>
      </trkpt>
      <trkpt lat="39.8743378" lon="116.6593423">
        <ele>24.07972</ele>
        <time>2026-09-10T23:27:32.784000Z</time>
      </trkpt>
      <trkpt lat="39.8743331" lon="116.6594902">
        <ele>24.16102</ele>
        <time>2026-09-10T23:27:36.765000Z</time>
      </trkpt>
      <trkpt lat="39.8743341" lon="116.6596366">
        <ele>24.24265</ele>
        <time>2026-09-10T23:27:40.745000Z</time>
      </trkpt>
      <trkpt lat="39.8743329" lon="116.6597819">
        <ele>24.30482</ele>
        <time>2026-09-10T23:27:44.726000Z</time>
      </trkpt>
      <trkpt lat="39.8743249" lon="116.6599255">
        <ele>24.34434</ele>
        <time>2026-09-10T23:27:48.707000Z</time>
      </trkpt>
      <trkpt lat="39.8743107" lon="116.6600677">
        <ele>24.34536</ele>
        <time>2026-09-10T23:27:52.688000Z</time>
      </trkpt>
      <trkpt lat="39.8742979" lon="116.6602101">
        <ele>24.30992</ele>
        <time>2026-09-10T23:27:56.669000Z</time>
      </trkpt>
      <trkpt lat="39.874297" lon="116.6603483">
        <ele>24.26358</ele>
        <time>2026-09-10T23:28:00.650000Z</time>
      </trkpt>
      <trkpt lat="39.8742925" lon="116.660484">
        <ele>24.22881</ele>
        <time>2026-09-10T23:28:04.630000Z</time>
      </trkpt>
      <trkpt lat="39.8742802" lon="116.6606268">
        <ele>24.19273</ele>
        <time>2026-09-10T23:28:08.611000Z</time>
      </trkpt>
      <trkpt lat="39.874281" lon="116.6607744">
        <ele>24.15248</ele>
        <time>2026-09-10T23:28:12.592000Z</time>
      </trkpt>
      <trkpt lat="39.8742895" lon="116.6609211">
        <ele>24.09091</ele>
        <time>2026-09-10T23:28:16.573000Z</time>
      </trkpt>
      <trkpt lat="39.8743002" lon="116.661068">
        <ele>24.01191</ele>
        <time>2026-09-10T23:28:20.554000Z</time>
      </trkpt>
      <trkpt lat="39.874304" lon="116.6612104">
        <ele>23.93282</ele>
        <time>2026-09-10T23:28:24.534000Z</time>
      </trkpt>
      <trkpt lat="39.8743077" lon="116.6613561">
        <ele>23.90251</ele>
        <time>2026-09-10T23:28:28.515000Z</time>
      </trkpt>
      <trkpt lat="39.8743062" lon="116.6615026">
        <ele>23.92798</ele>
        <time>2026-09-10T23:28:32.496000Z</time>
      </trkpt>
      <trkpt lat="39.8743" lon="116.6616499">
        <ele>23.98509</ele>
        <time>2026-09-10T23:28:36.477000Z</time>
      </trkpt>
      <trkpt lat="39.8742933" lon="116.6617997">
        <ele>24.01696</ele>
        <time>2026-09-10T23:28:40.458000Z</time>
      </trkpt>
      <trkpt lat="39.8742849" lon="116.6619485">
        <ele>24.0409</ele>
        <time>2026-09-10T23:28:44.439000Z</time>
      </trkpt>
      <trkpt lat="39.8742747" lon="116.6620972">
        <ele>24.07073</ele>
        <time>2026-09-10T23:28:48.419000Z</time>
      </trkpt>
      <trkpt lat="39.8742697" lon="116.6622474">
        <ele>24.06763</ele>
        <time>2026-09-10T23:28:52.400000Z</time>
      </trkpt>
      <trkpt lat="39.8742706" lon="116.6624007">
        <ele>24.01035</ele>
        <time>2026-09-10T23:28:56.381000Z</time>
      </trkpt>
      <trkpt lat="39.8742672" lon="116.6625546">
        <ele>23.92577</ele>
        <time>2026-09-10T23:29:00.362000Z</time>
      </trkpt>
      <trkpt lat="39.8742583" lon="116.6627068">
        <ele>23.84777</ele>
        <time>2026-09-10T23:29:04.343000Z</time>
      </trkpt>
      <trkpt lat="39.8742492" lon="116.6628546">
        <ele>23.75676</ele>
        <time>2026-09-10T23:29:08.324000Z</time>
      </trkpt>
      <trkpt lat="39.8742471" lon="116.6629998">
        <ele>23.6663</ele>
        <time>2026-09-10T23:29:12.305000Z</time>
      </trkpt>
      <trkpt lat="39.8742529" lon="116.6631421">
        <ele>23.59183</ele>
        <time>2026-09-10T23:29:16.285000Z</time>
      </trkpt>
      <trkpt lat="39.8742532" lon="116.6632863">
        <ele>23.56327</ele>
        <time>2026-09-10T23:29:20.266000Z</time>
      </trkpt>
      <trkpt lat="39.8742514" lon="116.6634301">
        <ele>23.59134</ele>
        <time>2026-09-10T23:29:24.247000Z</time>
      </trkpt>
      <trkpt lat="39.8742437" lon="116.6635765">
        <ele>23.65782</ele>
        <time>2026-09-10T23:29:28.228000Z</time>
      </trkpt>
      <trkpt lat="39.8742456" lon="116.6637217">
        <ele>23.72848</ele>
        <time>2026-09-10T23:29:32.209000Z</time>
      </trkpt>
      <trkpt lat="39.8742508" lon="116.6638637">
        <ele>23.76697</ele>
        <time>2026-09-10T23:29:36Z</time>
      </trkpt>
      <trkpt lat="39.8742586" lon="116.6640192">
        <ele>23.73709</ele>
        <time>2026-09-10T23:29:40Z</time>
      </trkpt>
      <trkpt lat="39.8742664" lon="116.6641714">
        <ele>23.65979</ele>
        <time>2026-09-10T23:29:44Z</time>
      </trkpt>
      <trkpt lat="39.8742881" lon="116.66432">
        <ele>23.60491</ele>
        <time>2026-09-10T23:29:48.132000Z</time>
      </trkpt>
      <trkpt lat="39.8743117" lon="116.6644588">
        <ele>23.60987</ele>
        <time>2026-09-10T23:29:52Z</time>
      </trkpt>
      <trkpt lat="39.874333" lon="116.664573">
        <ele>23.63013</ele>
        <time>2026-09-10T23:29:55Z</time>
      </trkpt>
      <trkpt lat="39.8743522" lon="116.6646899">
        <ele>23.65223</ele>
        <time>2026-09-10T23:29:58Z</time>
      </trkpt>
      <trkpt lat="39.8743694" lon="116.6648059">
        <ele>23.6673</ele>
        <time>2026-09-10T23:30:01Z</time>
      </trkpt>
      <trkpt lat="39.8743968" lon="116.6649572">
        <ele>23.65624</ele>
        <time>2026-09-10T23:30:05Z</time>
      </trkpt>
      <trkpt lat="39.8744179" lon="116.6650717">
        <ele>23.60648</ele>
        <time>2026-09-10T23:30:08Z</time>
      </trkpt>
      <trkpt lat="39.8744473" lon="116.6652223">
        <ele>23.53424</ele>
        <time>2026-09-10T23:30:12Z</time>
      </trkpt>
      <trkpt lat="39.8744849" lon="116.6653668">
        <ele>23.52363</ele>
        <time>2026-09-10T23:30:16Z</time>
      </trkpt>
      <trkpt lat="39.8745273" lon="116.6655042">
        <ele>23.58585</ele>
        <time>2026-09-10T23:30:20Z</time>
      </trkpt>
    </trkseg>
  </trk>
</gpx>