<?xml version="1.0" encoding="UTF-8"?>
<gpx xmlns="http://www.topografix.com/GPX/1/1" xmlns:gpxtpx="http://www.garmin.com/xmlschemas/TrackPointExtension/v1" xmlns:xsi="http://www.w3.org/2001/XMLSchema-instance" xsi:schemaLocation="http://www.topografix.com/GPX/1/1 http://www.topografix.com/GPX/1/1/gpx.xsd" version="1.1" creator="gpx.py -- https://github.com/tkrajina/gpxpy">
  <trk>
    <name>gpx from codoon</name>
    <type>Run</type>
    <trkseg>
      <trkpt lat="39.8732925" lon="116.6657959">
        <ele>22.6027</ele>
        <time>2026-09-12T22:27:29.737000Z</time>
      </trkpt>
      <trkpt lat="39.8733896" lon="116.6658641">
        <ele>22.63103</ele>
        <time>2026-09-12T22:27:35.462000Z</time>
      </trkpt>
      <trkpt lat="39.8734866" lon="116.6659006">
        <ele>22.54093</ele>
        <time>2026-09-12T22:27:39.443000Z</time>
      </trkpt>
      <trkpt lat="39.8735772" lon="116.6658971">
        <ele>22.4477</ele>
        <time>2026-09-12T22:27:43.424000Z</time>
      </trkpt>
      <trkpt lat="39.8736649" lon="116.6658529">
        <ele>22.40601</ele>
        <time>2026-09-12T22:27:47.406000Z</time>
      </trkpt>
      <trkpt lat="39.8737537" lon="116.6657935">
        <ele>22.43817</ele>
        <time>2026-09-12T22:27:51.387000Z</time>
      </trkpt>
      <trkpt lat="39.8738422" lon="116.6657266">
        <ele>22.54505</ele>
        <time>2026-09-12T22:27:55.368000Z</time>
      </trkpt>
      <trkpt lat="39.8739322" lon="116.6656562">
        <ele>22.71105</ele>
        <time>2026-09-12T22:27:59.349000Z</time>
      </trkpt>
      <trkpt lat="39.8740293" lon="116.6655869">
        <ele>22.9277</ele>
        <time>2026-09-12T22:28:03.331000Z</time>
      </trkpt>
      <trkpt lat="39.8741125" lon="116.665539">
        <ele>23.12714</ele>
        <time>2026-09-12T22:28:06.316000Z</time>
      </trkpt>
      <trkpt lat="39.8742229" lon="116.6654864">
        <ele>23.39881</ele>
        <time>2026-09-12T22:28:10.298000Z</time>
      </trkpt>
      <trkpt lat="39.87433" lon="116.6654465">
        <ele>23.61729</ele>
        <time>2026-09-12T22:28:14.279000Z</time>
      </trkpt>
      <trkpt lat="39.8744327" lon="116.6654303">
        <ele>23.82235</ele>
        <time>2026-09-12T22:28:18.260000Z</time>
      </trkpt>
      <trkpt lat="39.8745099" lon="116.6655059">
        <ele>24.07681</ele>
        <time>2026-09-12T22:28:22.241000Z</time>
      </trkpt>
      <trkpt lat="39.8745635" lon="116.6656318">
        <ele>24.38131</ele>
        <time>2026-09-12T22:28:26.222000Z</time>
      </trkpt>
      <trkpt lat="39.8746158" lon="116.6657635">
        <ele>24.75986</ele>
        <time>2026-09-12T22:28:30.204000Z</time>
      </trkpt>
      <trkpt lat="39.874666" lon="116.6658875">
        <ele>25.10012</ele>
        <time>2026-09-12T22:28:34.003000Z</time>
      </trkpt>
      <trkpt lat="39.8747217" lon="116.6660103">
        <ele>25.25151</ele>
        <time>2026-09-12T22:28:38.003000Z</time>
      </trkpt>
      <trkpt lat="39.874781" lon="116.6661282">
        <ele>25.26916</ele>
        <time>2026-09-12T22:28:42.003000Z</time>
      </trkpt>
      <trkpt lat="39.8748405" lon="116.6662444">
        <ele>25.25881</ele>
        <time>2026-09-12T22:28:46.003000Z</time>
      </trkpt>
      <trkpt lat="39.8748972" lon="116.6663623">
        <ele>25.28628</ele>
        <time>2026-09-12T22:28:50.003000Z</time>
      </trkpt>
      <trkpt lat="39.8749552" lon="116.6664803">
        <ele>25.36218</ele>
        <time>2026-09-12T22:28:54.003000Z</time>
      </trkpt>
      <trkpt lat="39.8750155" lon="116.6665959">
        <ele>25.44585</ele>
        <time>2026-09-12T22:28:58.003000Z</time>
      </trkpt>
      <trkpt lat="39.8750795" lon="116.6667079">
        <ele>25.53264</ele>
        <time>2026-09-12T22:29:02.003000Z</time>
      </trkpt>
      <trkpt lat="39.8751469" lon="116.666817">
        <ele>25.54735</ele>
        <time>2026-09-12T22:29:06.003000Z</time>
      </trkpt>
      <trkpt lat="39.875217" lon="116.6669217">
        <ele>25.28322</ele>
        <time>2026-09-12T22:29:10.003000Z</time>
      </trkpt>
      <trkpt lat="39.8752884" lon="116.6670212">
        <ele>24.63287</ele>
        <time>2026-09-12T22:29:13.996000Z</time>
      </trkpt>
      <trkpt lat="39.8753627" lon="116.6671194">
        <ele>23.96056</ele>
        <time>2026-09-12T22:29:17.977000Z</time>
      </trkpt>
      <trkpt lat="39.8754405" lon="116.667219">
        <ele>23.52579</ele>
        <time>2026-09-12T22:29:21.958000Z</time>
      </trkpt>
      <trkpt lat="39.8755153" lon="116.6673205">
        <ele>23.31053</ele>
        <time>2026-09-12T22:29:25.939000Z</time>
      </trkpt>
      <trkpt lat="39.8755853" lon="116.6674243">
        <ele>23.22812</ele>
        <time>2026-09-12T22:29:29.920000Z</time>
      </trkpt>
      <trkpt lat="39.8756493" lon="116.6675325">
        <ele>23.2122</ele>
        <time>2026-09-12T22:29:33.901000Z</time>
      </trkpt>
      <trkpt lat="39.8757123" lon="116.6676405">
        <ele>23.24357</ele>
        <time>2026-09-12T22:29:37.882000Z</time>
      </trkpt>
      <trkpt lat="39.8757834" lon="116.6677395">
        <ele>23.32041</ele>
        <time>2026-09-12T22:29:41.862000Z</time>
      </trkpt>
      <trkpt lat="39.8758581" lon="116.6678306">
        <ele>23.41266</ele>
        <time>2026-09-12T22:29:45.843000Z</time>
      </trkpt>
      <trkpt lat="39.875932" lon="116.6679245">
        <ele>23.47325</ele>
        <time>2026-09-12T22:29:49.823000Z</time>
      </trkpt>
      <trkpt lat="39.8760015" lon="116.6680226">
        <ele>23.47454</ele>
        <time>2026-09-12T22:29:53.804000Z</time>
      </trkpt>
      <trkpt lat="39.8760718" lon="116.6681206">
        <ele>23.44645</ele>
        <time>2026-09-12T22:29:57.785000Z</time>
      </trkpt>
      <trkpt lat="39.8761433" lon="116.6682142">
        <ele>23.42391</ele>
        <time>2026-09-12T22:30:01.766000Z</time>
      </trkpt>
      <trkpt lat="39.8762224" lon="116.6682973">
        <ele>23.41837</ele>
        <time>2026-09-12T22:30:05.747000Z</time>
      </trkpt>
      <trkpt lat="39.8763085" lon="116.6683683">
        <ele>23.44841</ele>
        <time>2026-09-12T22:30:09.728000Z</time>
      </trkpt>
      <trkpt lat="39.8763874" lon="116.6684605">
        <ele>23.50197</ele>
        <time>2026-09-12T22:30:13.709000Z</time>
      </trkpt>
      <trkpt lat="39.8764588" lon="116.6685657">
        <ele>23.5596</ele>
        <time>2026-09-12T22:30:17.690000Z</time>
      </trkpt>
      <trkpt lat="39.8765296" lon="116.6686714">
        <ele>23.6346</ele>
        <time>2026-09-12T22:30:21.671000Z</time>
      </trkpt>
      <trkpt lat="39.8766026" lon="116.6687771">
        <ele>23.73025</ele>
        <time>2026-09-12T22:30:25.652000Z</time>
      </trkpt>
      <trkpt lat="39.8766772" lon="116.6688781">
        <ele>23.85498</ele>
        <time>2026-09-12T22:30:29.633000Z</time>
      </trkpt>
      <trkpt lat="39.8767535" lon="116.6689794">
        <ele>23.98492</ele>
        <time>2026-09-12T22:30:33.614000Z</time>
      </trkpt>
      <trkpt lat="39.8768276" lon="116.6690828">
        <ele>24.10191</ele>
        <time>2026-09-12T22:30:37.595000Z</time>
      </trkpt>
      <trkpt lat="39.8768983" lon="116.6691847">
        <ele>24.20055</ele>
        <time>2026-09-12T22:30:41.576000Z</time>
      </trkpt>
      <trkpt lat="39.8769668" lon="116.6692859">
        <ele>24.28343</ele>
        <time>2026-09-12T22:30:45.557000Z</time>
      </trkpt>
      <trkpt lat="39.8770288" lon="116.6693958">
        <ele>24.3709</ele>
        <time>2026-09-12T22:30:49.538000Z</time>
      </trkpt>
      <trkpt lat="39.8770592" lon="116.669519">
        <ele>24.47671</ele>
        <time>2026-09-12T22:30:53.519000Z</time>
      </trkpt>
      <trkpt lat="39.8770383" lon="116.6696422">
        <ele>24.56921</ele>
        <time>2026-09-12T22:30:57.500000Z</time>
      </trkpt>
      <trkpt lat="39.8769708" lon="116.6697435">
        <ele>24.60688</ele>
        <time>2026-09-12T22:31:01.481000Z</time>
      </trkpt>
      <trkpt lat="39.8768918" lon="116.6698327">
        <ele>24.57021</ele>
        <time>2026-09-12T22:31:05.462000Z</time>
      </trkpt>
      <trkpt lat="39.876816" lon="116.6699145">
        <ele>24.46223</ele>
        <time>2026-09-12T22:31:09.443000Z</time>
      </trkpt>
      <trkpt lat="39.8767433" lon="116.669999">
        <ele>24.32578</ele>
        <time>2026-09-12T22:31:13.424000Z</time>
      </trkpt>
      <trkpt lat="39.8766762" lon="116.6700855">
        <ele>24.23286</ele>
        <time>2026-09-12T22:31:17.405000Z</time>
      </trkpt>
      <trkpt lat="39.8766092" lon="116.6701758">
        <ele>24.20087</ele>
        <time>2026-09-12T22:31:21.385000Z</time>
      </trkpt>
      <trkpt lat="39.8765447" lon="116.6702687">
        <ele>24.23093</ele>
        <time>2026-09-12T22:31:25.366000Z</time>
      </trkpt>
      <trkpt lat="39.8764794" lon="116.6703646">
        <ele>24.29891</ele>
        <time>2026-09-12T22:31:29.347000Z</time>
      </trkpt>
      <trkpt lat="39.8764095" lon="116.6704587">
        <ele>24.36384</ele>
        <time>2026-09-12T22:31:33.328000Z</time>
      </trkpt>
      <trkpt lat="39.8763371" lon="116.6705471">
        <ele>24.39008</ele>
        <time>2026-09-12T22:31:37.309000Z</time>
      </trkpt>
      <trkpt lat="39.8762644" lon="116.670637">
        <ele>24.37646</ele>
        <time>2026-09-12T22:31:41.290000Z</time>
      </trkpt>
      <trkpt lat="39.8761904" lon="116.6707247">
        <ele>24.34658</ele>
        <time>2026-09-12T22:31:45.271000Z</time>
      </trkpt>
      <trkpt lat="39.8761158" lon="116.6708137">
        <ele>24.33544</ele>
        <time>2026-09-12T22:31:49.252000Z</time>
      </trkpt>
      <trkpt lat="39.8760385" lon="116.6709065">
        <ele>24.41361</ele>
        <time>2026-09-12T22:31:53.233000Z</time>
      </trkpt>
      <trkpt lat="39.875964" lon="116.6710007">
        <ele>24.61116</ele>
        <time>2026-09-12T22:31:57.214000Z</time>
      </trkpt>
      <trkpt lat="39.8758918" lon="116.6710966">
        <ele>24.90612</ele>
        <time>2026-09-12T22:32:01.195000Z</time>
      </trkpt>
      <trkpt lat="39.875825" lon="116.6711857">
        <ele>25.12856</ele>
        <time>2026-09-12T22:32:05Z</time>
      </trkpt>
      <trkpt lat="39.8757545" lon="116.6712675">
        <ele>25.20391</ele>
        <time>2026-09-12T22:32:09Z</time>
      </trkpt>
      <trkpt lat="39.8756817" lon="116.6713454">
        <ele>25.21194</ele>
        <time>2026-09-12T22:32:13Z</time>
      </trkpt>
      <trkpt lat="39.8756084" lon="116.6714265">
        <ele>25.19866</ele>
        <time>2026-09-12T22:32:17Z</time>
      </trkpt>
      <trkpt lat="39.8755369" lon="116.6715117">
        <ele>25.2013</ele>
        <time>2026-09-12T22:32:21Z</time>
      </trkpt>
      <trkpt lat="39.8754674" lon="116.6715925">
        <ele>25.2249</ele>
        <time>2026-09-12T22:32:25Z</time>
      </trkpt>
      <trkpt lat="39.8753973" lon="116.6716686">
        <ele>25.261</ele>
        <time>2026-09-12T22:32:29Z</time>
      </trkpt>
      <trkpt lat="39.8753304" lon="116.6717478">
        <ele>25.29829</ele>
        <time>2026-09-12T22:32:33Z</time>
      </trkpt>
      <trkpt lat="39.8752643" lon="116.6718303">
        <ele>25.27244</ele>
        <time>2026-09-12T22:32:37Z</time>
      </trkpt>
      <trkpt lat="39.8751982" lon="116.6719185">
        <ele>25.10075</ele>
        <time>2026-09-12T22:32:41.005000Z</time>
      </trkpt>
      <trkpt lat="39.8751329" lon="116.6720111">
        <ele>24.79863</ele>
        <time>2026-09-12T22:32:44.986000Z</time>
      </trkpt>
      <trkpt lat="39.8750666" lon="116.6721049">
        <ele>24.51488</ele>
        <time>2026-09-12T22:32:48.967000Z</time>
      </trkpt>
      <trkpt lat="39.8749957" lon="116.6721924">
        <ele>24.32551</ele>
        <time>2026-09-12T22:32:52.948000Z</time>
      </trkpt>
      <trkpt lat="39.874923" lon="116.6722819">
        <ele>24.25508</ele>
        <time>2026-09-12T22:32:56.928000Z</time>
      </trkpt>
      <trkpt lat="39.874849" lon="116.6723693">
        <ele>24.31709</ele>
        <time>2026-09-12T22:33:00.909000Z</time>
      </trkpt>
      <trkpt lat="39.8747753" lon="116.6724568">
        <ele>24.47735</ele>
        <time>2026-09-12T22:33:04.890000Z</time>
      </trkpt>
      <trkpt lat="39.8747066" lon="116.6725441">
        <ele>24.68684</ele>
        <time>2026-09-12T22:33:08.871000Z</time>
      </trkpt>
      <trkpt lat="39.8746484" lon="116.672645">
        <ele>24.90229</ele>
        <time>2026-09-12T22:33:12.852000Z</time>
      </trkpt>
      <trkpt lat="39.8745856" lon="116.6727336">
        <ele>25.07463</ele>
        <time>2026-09-12T22:33:16.833000Z</time>
      </trkpt>
      <trkpt lat="39.8745121" lon="116.6728154">
        <ele>25.18872</ele>
        <time>2026-09-12T22:33:20.814000Z</time>
      </trkpt>
      <trkpt lat="39.8744377" lon="116.6728971">
        <ele>25.2523</ele>
        <time>2026-09-12T22:33:24.795000Z</time>
      </trkpt>
      <trkpt lat="39.8743646" lon="116.6729802">
        <ele>25.27593</ele>
        <time>2026-09-12T22:33:28.776000Z</time>
      </trkpt>
      <trkpt lat="39.8742927" lon="116.6730689">
        <ele>25.2906</ele>
        <time>2026-09-12T22:33:32.757000Z</time>
      </trkpt>
      <trkpt lat="39.874221" lon="116.6731573">
        <ele>25.32845</ele>
        <time>2026-09-12T22:33:36.738000Z</time>
      </trkpt>
      <trkpt lat="39.8741491" lon="116.6732438">
        <ele>25.3845</ele>
        <time>2026-09-12T22:33:40.719000Z</time>
      </trkpt>
      <trkpt lat="39.8740798" lon="116.6733286">
        <ele>25.42042</ele>
        <time>2026-09-12T22:33:44.700000Z</time>
      </trkpt>
      <trkpt lat="39.8740106" lon="116.6734125">
        <ele>25.40199</ele>
        <time>2026-09-12T22:33:48.681000Z</time>
      </trkpt>
      <trkpt lat="39.8739412" lon="116.6734971">
        <ele>25.31635</ele>
        <time>2026-09-12T22:33:52.661000Z</time>
      </trkpt>
      <trkpt lat="39.8738712" lon="116.6735813">
        <ele>25.19449</ele>
        <time>2026-09-12T22:33:56.642000Z</time>
      </trkpt>
      <trkpt lat="39.8737964" lon="116.6736711">
        <ele>25.09843</ele>
        <time>2026-09-12T22:34:00.623000Z</time>
      </trkpt>
      <trkpt lat="39.8737185" lon="116.6737608">
        <ele>25.06191</ele>
        <time>2026-09-12T22:34:04.604000Z</time>
      </trkpt>
      <trkpt lat="39.8736375" lon="116.6738446">
        <ele>25.06577</ele>
        <time>2026-09-12T22:34:08.585000Z</time>
      </trkpt>
      <trkpt lat="39.8735584" lon="116.673933">
        <ele>25.08461</ele>
        <time>2026-09-12T22:34:12.566000Z</time>
      </trkpt>
      <trkpt lat="39.8734833" lon="116.6740245">
        <ele>25.09223</ele>
        <time>2026-09-12T22:34:16.547000Z</time>
      </trkpt>
      <trkpt lat="39.8734096" lon="116.6741142">
        <ele>25.07198</ele>
        <time>2026-09-12T22:34:20.528000Z</time>
      </trkpt>
      <trkpt lat="39.8733349" lon="116.6742027">
        <ele>25.03356</ele>
        <time>2026-09-12T22:34:24.509000Z</time>
      </trkpt>
      <trkpt lat="39.8732619" lon="116.6742981">
        <ele>25.00739</ele>
        <time>2026-09-12T22:34:28.490000Z</time>
      </trkpt>
      <trkpt lat="39.8731887" lon="116.6743997">
        <ele>25.0042</ele>
        <time>2026-09-12T22:34:32.471000Z</time>
      </trkpt>
      <trkpt lat="39.8731158" lon="116.6745084">
        <ele>25.00045</ele>
        <time>2026-09-12T22:34:36.452000Z</time>
      </trkpt>
      <trkpt lat="39.873045" lon="116.6746186">
        <ele>24.96566</ele>
        <time>2026-09-12T22:34:40.433000Z</time>
      </trkpt>
      <trkpt lat="39.8729745" lon="116.6747323">
        <ele>24.88578</ele>
        <time>2026-09-12T22:34:44.413000Z</time>
      </trkpt>
      <trkpt lat="39.8728999" lon="116.6748522">
        <ele>24.74733</ele>
        <time>2026-09-12T22:34:48.394000Z</time>
      </trkpt>
      <trkpt lat="39.8728395" lon="116.67494">
        <ele>24.60559</ele>
        <time>2026-09-12T22:34:51.380000Z</time>
      </trkpt>
      <trkpt lat="39.8727767" lon="116.6750328">
        <ele>24.45864</ele>
        <time>2026-09-12T22:34:54.366000Z</time>
      </trkpt>
      <trkpt lat="39.8727175" lon="116.6751274">
        <ele>24.33179</ele>
        <time>2026-09-12T22:34:57.351000Z</time>
      </trkpt>
      <trkpt lat="39.8726467" lon="116.6752449">
        <ele>24.19261</ele>
        <time>2026-09-12T22:35:01.332000Z</time>
      </trkpt>
      <trkpt lat="39.872584" lon="116.6753576">
        <ele>24.08411</ele>
        <time>2026-09-12T22:35:05.313000Z</time>
      </trkpt>
      <trkpt lat="39.8725257" lon="116.6754682">
        <ele>24.02583</ele>
        <time>2026-09-12T22:35:09.294000Z</time>
      </trkpt>
      <trkpt lat="39.8724654" lon="116.675579">
        <ele>24.01715</ele>
        <time>2026-09-12T22:35:13.275000Z</time>
      </trkpt>
      <trkpt lat="39.8724073" lon="116.6756926">
        <ele>24.03769</ele>
        <time>2026-09-12T22:35:17.256000Z</time>
      </trkpt>
      <trkpt lat="39.8723545" lon="116.6758072">
        <ele>24.0721</ele>
        <time>2026-09-12T22:35:21.237000Z</time>
      </trkpt>
      <trkpt lat="39.8723005" lon="116.6759216">
        <ele>24.11055</ele>
        <time>2026-09-12T22:35:25.218000Z</time>
      </trkpt>
      <trkpt lat="39.8722464" lon="116.6760355">
        <ele>24.17245</ele>
        <time>2026-09-12T22:35:29.198000Z</time>
      </trkpt>
      <trkpt lat="39.8721922" lon="116.6761466">
        <ele>24.2762</ele>
        <time>2026-09-12T22:35:33.179000Z</time>
      </trkpt>
      <trkpt lat="39.8721376" lon="116.6762589">
        <ele>24.39363</ele>
        <time>2026-09-12T22:35:37.160000Z</time>
      </trkpt>
      <trkpt lat="39.8720848" lon="116.6763709">
        <ele>24.47661</ele>
        <time>2026-09-12T22:35:41.141000Z</time>
      </trkpt>
      <trkpt lat="39.8720305" lon="116.6764838">
        <ele>24.51806</ele>
        <time>2026-09-12T22:35:45.122000Z</time>
      </trkpt>
      <trkpt lat="39.8719767" lon="116.6765995">
        <ele>24.52771</ele>
        <time>2026-09-12T22:35:49.103000Z</time>
      </trkpt>
      <trkpt lat="39.871927" lon="116.6767157">
        <ele>24.52477</ele>
        <time>2026-09-12T22:35:53.084000Z</time>
      </trkpt>
      <trkpt lat="39.8718785" lon="116.6768329">
        <ele>24.53416</ele>
        <time>2026-09-12T22:35:57.064000Z</time>
      </trkpt>
      <trkpt lat="39.8718307" lon="116.6769458">
        <ele>24.54447</ele>
        <time>2026-09-12T22:36:01Z</time>
      </trkpt>
      <trkpt lat="39.8717832" lon="116.6770629">
        <ele>24.54136</ele>
        <time>2026-09-12T22:36:05Z</time>
      </trkpt>
      <trkpt lat="39.8717401" lon="116.677182">
        <ele>24.49055</ele>
        <time>2026-09-12T22:36:09Z</time>
      </trkpt>
      <trkpt lat="39.8717023" lon="116.6772997">
        <ele>24.3455</ele>
        <time>2026-09-12T22:36:12.988000Z</time>
      </trkpt>
      <trkpt lat="39.8716642" lon="116.6774175">
        <ele>24.1778</ele>
        <time>2026-09-12T22:36:16.969000Z</time>
      </trkpt>
      <trkpt lat="39.8716233" lon="116.6775358">
        <ele>24.05465</ele>
        <time>2026-09-12T22:36:20.950000Z</time>
      </trkpt>
      <trkpt lat="39.8715847" lon="116.6776554">
        <ele>24.01387</ele>
        <time>2026-09-12T22:36:24.931000Z</time>
      </trkpt>
      <trkpt lat="39.8715512" lon="116.6777757">
        <ele>24.02297</ele>
        <time>2026-09-12T22:36:28.911000Z</time>
      </trkpt>
      <trkpt lat="39.8715174" lon="116.677896">
        <ele>24.02121</ele>
        <time>2026-09-12T22:36:32.892000Z</time>
      </trkpt>
      <trkpt lat="39.8714836" lon="116.6780143">
        <ele>23.99891</ele>
        <time>2026-09-12T22:36:36.873000Z</time>
      </trkpt>
      <trkpt lat="39.8714523" lon="116.6781321">
        <ele>23.98659</ele>
        <time>2026-09-12T22:36:40.854000Z</time>
      </trkpt>
      <trkpt lat="39.8714182" lon="116.6782491">
        <ele>23.99128</ele>
        <time>2026-09-12T22:36:44.835000Z</time>
      </trkpt>
      <trkpt lat="39.8713844" lon="116.6783664">
        <ele>24.01334</ele>
        <time>2026-09-12T22:36:48.816000Z</time>
      </trkpt>
      <trkpt lat="39.8713525" lon="116.6784848">
        <ele>24.03623</ele>
        <time>2026-09-12T22:36:52.797000Z</time>
      </trkpt>
      <trkpt lat="39.8713228" lon="116.6786011">
        <ele>24.04222</ele>
        <time>2026-09-12T22:36:56.777000Z</time>
      </trkpt>
      <trkpt lat="39.8712921" lon="116.6787161">
        <ele>24.04479</ele>
        <time>2026-09-12T22:37:00.758000Z</time>
      </trkpt>
      <trkpt lat="39.871262" lon="116.6788333">
        <ele>24.05554</ele>
        <time>2026-09-12T22:37:04.739000Z</time>
      </trkpt>
      <trkpt lat="39.87123" lon="116.6789522">
        <ele>24.08185</ele>
        <time>2026-09-12T22:37:08.720000Z</time>
      </trkpt>
      <trkpt lat="39.8711968" lon="116.6790695">
        <ele>24.11051</ele>
        <time>2026-09-12T22:37:12.701000Z</time>
      </trkpt>
      <trkpt lat="39.8711641" lon="116.6791853">
        <ele>24.14923</ele>
        <time>2026-09-12T22:37:16.682000Z</time>
      </trkpt>
      <trkpt lat="39.8711335" lon="116.6793014">
        <ele>24.20477</ele>
        <time>2026-09-12T22:37:20.662000Z</time>
      </trkpt>
      <trkpt lat="39.8711071" lon="116.6794144">
        <ele>24.25628</ele>
        <time>2026-09-12T22:37:24.643000Z</time>
      </trkpt>
      <trkpt lat="39.8710798" lon="116.6795307">
        <ele>24.29249</ele>
        <time>2026-09-12T22:37:28.624000Z</time>
      </trkpt>
      <trkpt lat="39.8710532" lon="116.6796507">
        <ele>24.29148</ele>
        <time>2026-09-12T22:37:32.605000Z</time>
      </trkpt>
      <trkpt lat="39.8710237" lon="116.6797696">
        <ele>24.22608</ele>
        <time>2026-09-12T22:37:36.586000Z</time>
      </trkpt>
      <trkpt lat="39.8709904" lon="116.6798846">
        <ele>24.12685</ele>
        <time>2026-09-12T22:37:40.567000Z</time>
      </trkpt>
      <trkpt lat="39.8709573" lon="116.6800012">
        <ele>24.01165</ele>
        <time>2026-09-12T22:37:44.547000Z</time>
      </trkpt>
      <trkpt lat="39.8709289" lon="116.6801168">
        <ele>23.93045</ele>
        <time>2026-09-12T22:37:48.528000Z</time>
      </trkpt>
      <trkpt lat="39.8708989" lon="116.6802364">
        <ele>23.89679</ele>
        <time>2026-09-12T22:37:52.509000Z</time>
      </trkpt>
      <trkpt lat="39.8708663" lon="116.6803535">
        <ele>23.87437</ele>
        <time>2026-09-12T22:37:56.490000Z</time>
      </trkpt>
      <trkpt lat="39.8708342" lon="116.6804708">
        <ele>23.83809</ele>
        <time>2026-09-12T22:38:00.471000Z</time>
      </trkpt>
      <trkpt lat="39.8708029" lon="116.6805898">
        <ele>23.76867</ele>
        <time>2026-09-12T22:38:04.451000Z</time>
      </trkpt>
      <trkpt lat="39.8707695" lon="116.6807094">
        <ele>23.71297</ele>
        <time>2026-09-12T22:38:08.432000Z</time>
      </trkpt>
      <trkpt lat="39.8707346" lon="116.6808273">
        <ele>23.70634</ele>
        <time>2026-09-12T22:38:12.413000Z</time>
      </trkpt>
      <trkpt lat="39.8707" lon="116.680947">
        <ele>23.67568</ele>
        <time>2026-09-12T22:38:16.394000Z</time>
      </trkpt>
      <trkpt lat="39.8706639" lon="116.681069">
        <ele>23.61711</ele>
        <time>2026-09-12T22:38:20.375000Z</time>
      </trkpt>
      <trkpt lat="39.8706303" lon="116.6811907">
        <ele>23.56171</ele>
        <time>2026-09-12T22:38:24.356000Z</time>
      </trkpt>
      <trkpt lat="39.8706025" lon="116.6813163">
        <ele>23.5213</ele>
        <time>2026-09-12T22:38:28.336000Z</time>
      </trkpt>
      <trkpt lat="39.870573" lon="116.6814417">
        <ele>23.49883</ele>
        <time>2026-09-12T22:38:32.317000Z</time>
      </trkpt>
      <trkpt lat="39.870541" lon="116.6815647">
        <ele>23.45254</ele>
        <time>2026-09-12T22:38:36.298000Z</time>
      </trkpt>
      <trkpt lat="39.8705116" lon="116.6816878">
        <ele>23.3881</ele>
        <time>2026-09-12T22:38:40.279000Z</time>
      </trkpt>
      <trkpt lat="39.8704793" lon="116.6818093">
        <ele>23.34038</ele>
        <time>2026-09-12T22:38:44.260000Z</time>
      </trkpt>
      <trkpt lat="39.8704499" lon="116.6819336">
        <ele>23.32625</ele>
        <time>2026-09-12T22:38:48.240000Z</time>
      </trkpt>
      <trkpt lat="39.8704191" lon="116.682051">
        <ele>23.3417</ele>
        <time>2026-09-12T22:38:52.221000Z</time>
      </trkpt>
      <trkpt lat="39.8703799" lon="116.6821673">
        <ele>23.34504</ele>
        <time>2026-09-12T22:38:56.202000Z</time>
      </trkpt>
      <trkpt lat="39.8703487" lon="116.6822802">
        <ele>23.22697</ele>
        <time>2026-09-12T22:39:00Z</time>
      </trkpt>
      <trkpt lat="39.8703282" lon="116.6824069">
        <ele>22.95051</ele>
        <time>2026-09-12T22:39:04.164000Z</time>
      </trkpt>
      <trkpt lat="39.8702961" lon="116.6825244">
        <ele>22.7914</ele>
        <time>2026-09-12T22:39:08.145000Z</time>
      </trkpt>
      <trkpt lat="39.8702602" lon="116.682645">
        <ele>22.78696</ele>
        <time>2026-09-12T22:39:12.125000Z</time>
      </trkpt>
      <trkpt lat="39.8702241" lon="116.6827631">
        <ele>22.87212</ele>
        <time>2026-09-12T22:39:16.106000Z</time>
      </trkpt>
      <trkpt lat="39.870187" lon="116.6828855">
        <ele>22.99789</ele>
        <time>2026-09-12T22:39:20.087000Z</time>
      </trkpt>
      <trkpt lat="39.8701552" lon="116.6830069">
        <ele>23.0335</ele>
        <time>2026-09-12T22:39:24Z</time>
      </trkpt>
      <trkpt lat="39.8701257" lon="116.6831321">
        <ele>22.94898</ele>
        <time>2026-09-12T22:39:28Z</time>
      </trkpt>
      <trkpt lat="39.8700965" lon="116.6832564">
        <ele>22.85163</ele>
        <time>2026-09-12T22:39:32Z</time>
      </trkpt>
      <trkpt lat="39.8700696" lon="116.6833797">
        <ele>22.75045</ele>
        <time>2026-09-12T22:39:36Z</time>
      </trkpt>
      <trkpt lat="39.8700378" lon="116.6835043">
        <ele>22.63689</ele>
        <time>2026-09-12T22:39:39.991000Z</time>
      </trkpt>
      <trkpt lat="39.8700053" lon="116.6836307">
        <ele>22.52441</ele>
        <time>2026-09-12T22:39:43.972000Z</time>
      </trkpt>
      <trkpt lat="39.8699709" lon="116.6837588">
        <ele>22.42413</ele>
        <time>2026-09-12T22:39:47.953000Z</time>
      </trkpt>
      <trkpt lat="39.8699355" lon="116.6838833">
        <ele>22.35355</ele>
        <time>2026-09-12T22:39:51.934000Z</time>
      </trkpt>
      <trkpt lat="39.8698986" lon="116.684008">
        <ele>22.3138</ele>
        <time>2026-09-12T22:39:55.915000Z</time>
      </trkpt>
      <trkpt lat="39.8698655" lon="116.6841296">
        <ele>22.28778</ele>
        <time>2026-09-12T22:39:59.896000Z</time>
      </trkpt>
      <trkpt lat="39.8698311" lon="116.6842581">
        <ele>22.28021</ele>
        <time>2026-09-12T22:40:03.876000Z</time>
      </trkpt>
      <trkpt lat="39.869798" lon="116.684385">
        <ele>22.30039</ele>
        <time>2026-09-12T22:40:07.857000Z</time>
      </trkpt>
      <trkpt lat="39.8697671" lon="116.6845075">
        <ele>22.32491</ele>
        <time>2026-09-12T22:40:11.838000Z</time>
      </trkpt>
      <trkpt lat="39.8697346" lon="116.6846318">
        <ele>22.34707</ele>
        <time>2026-09-12T22:40:15.819000Z</time>
      </trkpt>
      <trkpt lat="39.8696958" lon="116.6847568">
        <ele>22.36346</ele>
        <time>2026-09-12T22:40:19.800000Z</time>
      </trkpt>
      <trkpt lat="39.8696591" lon="116.6848785">
        <ele>22.39302</ele>
        <time>2026-09-12T22:40:23.781000Z</time>
      </trkpt>
      <trkpt lat="39.8696254" lon="116.6849989">
        <ele>22.4471</ele>
        <time>2026-09-12T22:40:27.762000Z</time>
      </trkpt>
      <trkpt lat="39.8695949" lon="116.6851232">
        <ele>22.51368</ele>
        <time>2026-09-12T22:40:31.743000Z</time>
      </trkpt>
      <trkpt lat="39.8695659" lon="116.6852468">
        <ele>22.57394</ele>
        <time>2026-09-12T22:40:35.723000Z</time>
      </trkpt>
      <trkpt lat="39.8695368" lon="116.6853674">
        <ele>22.62161</ele>
        <time>2026-09-12T22:40:39.704000Z</time>
      </trkpt>
      <trkpt lat="39.869508" lon="116.6854894">
        <ele>22.65116</ele>
        <time>2026-09-12T22:40:43.685000Z</time>
      </trkpt>
      <trkpt lat="39.8694782" lon="116.6856133">
        <ele>22.64252</ele>
        <time>2026-09-12T22:40:47.666000Z</time>
      </trkpt>
      <trkpt lat="39.8694462" lon="116.6857319">
        <ele>22.5819</ele>
        <time>2026-09-12T22:40:51.647000Z</time>
      </trkpt>
      <trkpt lat="39.8694139" lon="116.6858478">
        <ele>22.4899</ele>
        <time>2026-09-12T22:40:55.628000Z</time>
      </trkpt>
      <trkpt lat="39.8693848" lon="116.6859651">
        <ele>22.38254</ele>
        <time>2026-09-12T22:40:59.609000Z</time>
      </trkpt>
      <trkpt lat="39.8693557" lon="116.6860861">
        <ele>22.26778</ele>
        <time>2026-09-12T22:41:03.590000Z</time>
      </trkpt>
      <trkpt lat="39.8693232" lon="116.6862044">
        <ele>22.15887</ele>
        <time>2026-09-12T22:41:07.571000Z</time>
      </trkpt>
      <trkpt lat="39.869289" lon="116.6863215">
        <ele>22.07777</ele>
        <time>2026-09-12T22:41:11.551000Z</time>
      </trkpt>
      <trkpt lat="39.8692601" lon="116.6864434">
        <ele>22.04321</ele>
        <time>2026-09-12T22:41:15.532000Z</time>
      </trkpt>
      <trkpt lat="39.8692327" lon="116.6865688">
        <ele>22.06171</ele>
        <time>2026-09-12T22:41:19.513000Z</time>
      </trkpt>
      <trkpt lat="39.8692025" lon="116.6866907">
        <ele>22.12335</ele>
        <time>2026-09-12T22:41:23.494000Z</time>
      </trkpt>
      <trkpt lat="39.8691732" lon="116.6868147">
        <ele>22.18979</ele>
        <time>2026-09-12T22:41:27.475000Z</time>
      </trkpt>
      <trkpt lat="39.8691446" lon="116.6869349">
        <ele>22.24724</ele>
        <time>2026-09-12T22:41:31.456000Z</time>
      </trkpt>
      <trkpt lat="39.8691126" lon="116.6870547">
        <ele>22.28643</ele>
        <time>2026-09-12T22:41:35.437000Z</time>
      </trkpt>
      <trkpt lat="39.8690766" lon="116.6871774">
        <ele>22.32405</ele>
        <time>2026-09-12T22:41:39.418000Z</time>
      </trkpt>
      <trkpt lat="39.8690428" lon="116.6873037">
        <ele>22.36792</ele>
        <time>2026-09-12T22:41:43.398000Z</time>
      </trkpt>
      <trkpt lat="39.8690114" lon="116.6874293">
        <ele>22.41195</ele>
        <time>2026-09-12T22:41:47.379000Z</time>
      </trkpt>
      <trkpt lat="39.8689785" lon="116.6875527">
        <ele>22.44527</ele>
        <time>2026-09-12T22:41:51.360000Z</time>
      </trkpt>
      <trkpt lat="39.8689488" lon="116.6876766">
        <ele>22.45739</ele>
        <time>2026-09-12T22:41:55.341000Z</time>
      </trkpt>
      <trkpt lat="39.8689188" lon="116.6877962">
        <ele>22.4555</ele>
        <time>2026-09-12T22:41:59.322000Z</time>
      </trkpt>
      <trkpt lat="39.8688918" lon="116.6879162">
        <ele>22.44411</ele>
        <time>2026-09-12T22:42:03.303000Z</time>
      </trkpt>
      <trkpt lat="39.868864" lon="116.6880368">
        <ele>22.41358</ele>
        <time>2026-09-12T22:42:07.284000Z</time>
      </trkpt>
      <trkpt lat="39.8688305" lon="116.6881557">
        <ele>22.36535</ele>
        <time>2026-09-12T22:42:11.265000Z</time>
      </trkpt>
      <trkpt lat="39.868791" lon="116.6882702">
        <ele>22.30242</ele>
        <time>2026-09-12T22:42:15.245000Z</time>
      </trkpt>
      <trkpt lat="39.8687484" lon="116.688381">
        <ele>22.22964</ele>
        <time>2026-09-12T22:42:19.226000Z</time>
      </trkpt>
      <trkpt lat="39.8687133" lon="116.6884961">
        <ele>22.17084</ele>
        <time>2026-09-12T22:42:23.207000Z</time>
      </trkpt>
      <trkpt lat="39.8686803" lon="116.6886131">
        <ele>22.15808</ele>
        <time>2026-09-12T22:42:27.188000Z</time>
      </trkpt>
      <trkpt lat="39.8686449" lon="116.6887305">
        <ele>22.19796</ele>
        <time>2026-09-12T22:42:31.169000Z</time>
      </trkpt>
      <trkpt lat="39.8685939" lon="116.6888359">
        <ele>22.27095</ele>
        <time>2026-09-12T22:42:35.150000Z</time>
      </trkpt>
      <trkpt lat="39.8685064" lon="116.6888849">
        <ele>22.34147</ele>
        <time>2026-09-12T22:42:39.131000Z</time>
      </trkpt>
      <trkpt lat="39.8684017" lon="116.688874">
        <ele>22.39</ele>
        <time>2026-09-12T22:42:43.112000Z</time>
      </trkpt>
      <trkpt lat="39.868298" lon="116.6888502">
        <ele>22.42584</ele>
        <time>2026-09-12T22:42:47.093000Z</time>
      </trkpt>
      <trkpt lat="39.8681937" lon="116.6888333">
        <ele>22.45426</ele>
        <time>2026-09-12T22:42:51.074000Z</time>
      </trkpt>
      <trkpt lat="39.8680908" lon="116.6888188">
        <ele>22.46636</ele>
        <time>2026-09-12T22:42:55.054000Z</time>
      </trkpt>
      <trkpt lat="39.8679892" lon="116.6888124">
        <ele>22.45477</ele>
        <time>2026-09-12T22:42:59.035000Z</time>
      </trkpt>
      <trkpt lat="39.8678885" lon="116.6888224">
        <ele>22.42353</ele>
        <time>2026-09-12T22:43:03.016000Z</time>
      </trkpt>
      <trkpt lat="39.8677909" lon="116.6888535">
        <ele>22.39482</ele>
        <time>2026-09-12T22:43:06.997000Z</time>
      </trkpt>
      <trkpt lat="39.8676914" lon="116.688869">
        <ele>22.37263</ele>
        <time>2026-09-12T22:43:10.978000Z</time>
      </trkpt>
      <trkpt lat="39.8675898" lon="116.6888805">
        <ele>22.34243</ele>
        <time>2026-09-12T22:43:14.959000Z</time>
      </trkpt>
      <trkpt lat="39.8674884" lon="116.6888979">
        <ele>22.31155</ele>
        <time>2026-09-12T22:43:18.940000Z</time>
      </trkpt>
      <trkpt lat="39.867385" lon="116.6889208">
        <ele>22.30862</ele>
        <time>2026-09-12T22:43:22.921000Z</time>
      </trkpt>
      <trkpt lat="39.8672829" lon="116.6889538">
        <ele>22.35094</ele>
        <time>2026-09-12T22:43:26.902000Z</time>
      </trkpt>
      <trkpt lat="39.8671806" lon="116.6889863">
        <ele>22.42777</ele>
        <time>2026-09-12T22:43:30.882000Z</time>
      </trkpt>
      <trkpt lat="39.8670798" lon="116.6890207">
        <ele>22.48941</ele>
        <time>2026-09-12T22:43:34.863000Z</time>
      </trkpt>
      <trkpt lat="39.8669819" lon="116.6890621">
        <ele>22.49619</ele>
        <time>2026-09-12T22:43:38.844000Z</time>
      </trkpt>
      <trkpt lat="39.8668882" lon="116.6891134">
        <ele>22.46542</ele>
        <time>2026-09-12T22:43:42.825000Z</time>
      </trkpt>
      <trkpt lat="39.8667898" lon="116.6891596">
        <ele>22.41524</ele>
        <time>2026-09-12T22:43:46.806000Z</time>
      </trkpt>
      <trkpt lat="39.8666856" lon="116.689197">
        <ele>22.34749</ele>
        <time>2026-09-12T22:43:50.787000Z</time>
      </trkpt>
      <trkpt lat="39.866579" lon="116.6892386">
        <ele>22.27169</ele>
        <time>2026-09-12T22:43:54.768000Z</time>
      </trkpt>
      <trkpt lat="39.8664701" lon="116.6892863">
        <ele>22.19887</ele>
        <time>2026-09-12T22:43:58.749000Z</time>
      </trkpt>
      <trkpt lat="39.8663607" lon="116.6893331">
        <ele>22.1146</ele>
        <time>2026-09-12T22:44:02.729000Z</time>
      </trkpt>
      <trkpt lat="39.8662498" lon="116.6893799">
        <ele>22.02098</ele>
        <time>2026-09-12T22:44:06.710000Z</time>
      </trkpt>
      <trkpt lat="39.8661374" lon="116.6894258">
        <ele>21.95326</ele>
        <time>2026-09-12T22:44:10.691000Z</time>
      </trkpt>
      <trkpt lat="39.8660267" lon="116.6894748">
        <ele>21.922</ele>
        <time>2026-09-12T22:44:14.672000Z</time>
      </trkpt>
      <trkpt lat="39.8659157" lon="116.6895255">
        <ele>21.91165</ele>
        <time>2026-09-12T22:44:18.653000Z</time>
      </trkpt>
      <trkpt lat="39.8658049" lon="116.689574">
        <ele>21.89441</ele>
        <time>2026-09-12T22:44:22.634000Z</time>
      </trkpt>
      <trkpt lat="39.8656963" lon="116.6896201">
        <ele>21.8488</ele>
        <time>2026-09-12T22:44:26.615000Z</time>
      </trkpt>
      <trkpt lat="39.8655873" lon="116.6896681">
        <ele>21.77839</ele>
        <time>2026-09-12T22:44:30.596000Z</time>
      </trkpt>
      <trkpt lat="39.8654786" lon="116.68972">
        <ele>21.68761</ele>
        <time>2026-09-12T22:44:34.576000Z</time>
      </trkpt>
      <trkpt lat="39.8653727" lon="116.6897706">
        <ele>21.59291</ele>
        <time>2026-09-12T22:44:38.557000Z</time>
      </trkpt>
      <trkpt lat="39.8652653" lon="116.6898193">
        <ele>21.49908</ele>
        <time>2026-09-12T22:44:42.538000Z</time>
      </trkpt>
      <trkpt lat="39.8651546" lon="116.6898675">
        <ele>21.39635</ele>
        <time>2026-09-12T22:44:46.519000Z</time>
      </trkpt>
      <trkpt lat="39.8650438" lon="116.6899164">
        <ele>21.30602</ele>
        <time>2026-09-12T22:44:50.500000Z</time>
      </trkpt>
      <trkpt lat="39.8649374" lon="116.6899709">
        <ele>21.26464</ele>
        <time>2026-09-12T22:44:54.481000Z</time>
      </trkpt>
      <trkpt lat="39.8648309" lon="116.6900291">
        <ele>21.28279</ele>
        <time>2026-09-12T22:44:58.462000Z</time>
      </trkpt>
      <trkpt lat="39.8647271" lon="116.6900848">
        <ele>21.3345</ele>
        <time>2026-09-12T22:45:02.442000Z</time>
      </trkpt>
      <trkpt lat="39.8646202" lon="116.6901304">
        <ele>21.39654</ele>
        <time>2026-09-12T22:45:06.423000Z</time>
      </trkpt>
      <trkpt lat="39.8645105" lon="116.6901764">
        <ele>21.45618</ele>
        <time>2026-09-12T22:45:10.404000Z</time>
      </trkpt>
      <trkpt lat="39.8644013" lon="116.6902256">
        <ele>21.49211</ele>
        <time>2026-09-12T22:45:14.385000Z</time>
      </trkpt>
      <trkpt lat="39.8642918" lon="116.6902769">
        <ele>21.48654</ele>
        <time>2026-09-12T22:45:18.366000Z</time>
      </trkpt>
      <trkpt lat="39.8641828" lon="116.6903277">
        <ele>21.46474</ele>
        <time>2026-09-12T22:45:22.347000Z</time>
      </trkpt>
      <trkpt lat="39.8640766" lon="116.690379">
        <ele>21.45468</ele>
        <time>2026-09-12T22:45:26.328000Z</time>
      </trkpt>
      <trkpt lat="39.863971" lon="116.690433">
        <ele>21.45302</ele>
        <time>2026-09-12T22:45:30.308000Z</time>
      </trkpt>
      <trkpt lat="39.863863" lon="116.6904882">
        <ele>21.42869</ele>
        <time>2026-09-12T22:45:34.289000Z</time>
      </trkpt>
      <trkpt lat="39.8637555" lon="116.6905437">
        <ele>21.36679</ele>
        <time>2026-09-12T22:45:38.270000Z</time>
      </trkpt>
      <trkpt lat="39.8636472" lon="116.6905939">
        <ele>21.28744</ele>
        <time>2026-09-12T22:45:42.251000Z</time>
      </trkpt>
      <trkpt lat="39.8635396" lon="116.6906431">
        <ele>21.21139</ele>
        <time>2026-09-12T22:45:46.232000Z</time>
      </trkpt>
      <trkpt lat="39.8634333" lon="116.6906946">
        <ele>21.15326</ele>
        <time>2026-09-12T22:45:50.213000Z</time>
      </trkpt>
      <trkpt lat="39.8633341" lon="116.6907391">
        <ele>21.11599</ele>
        <time>2026-09-12T22:45:54Z</time>
      </trkpt>
      <trkpt lat="39.8632298" lon="116.6907809">
        <ele>21.10594</ele>
        <time>2026-09-12T22:45:58Z</time>
      </trkpt>
      <trkpt lat="39.8631206" lon="116.6908249">
        <ele>21.12171</ele>
        <time>2026-09-12T22:46:02.155000Z</time>
      </trkpt>
      <trkpt lat="39.8630241" lon="116.6908769">
        <ele>21.12419</ele>
        <time>2026-09-12T22:46:06Z</time>
      </trkpt>
      <trkpt lat="39.8629171" lon="116.6909166">
        <ele>21.17249</ele>
        <time>2026-09-12T22:46:10Z</time>
      </trkpt>
      <trkpt lat="39.8628066" lon="116.6909294">
        <ele>21.27658</ele>
        <time>2026-09-12T22:46:14Z</time>
      </trkpt>
      <trkpt lat="39.8627092" lon="116.6908766">
        <ele>21.4394</ele>
        <time>2026-09-12T22:46:18Z</time>
      </trkpt>
      <trkpt lat="39.8626514" lon="116.6907526">
        <ele>21.66807</ele>
        <time>2026-09-12T22:46:22.060000Z</time>
      </trkpt>
      <trkpt lat="39.8626153" lon="116.6906182">
        <ele>21.918</ele>
        <time>2026-09-12T22:46:26.040000Z</time>
      </trkpt>
      <trkpt lat="39.8625774" lon="116.6904821">
        <ele>22.12954</ele>
        <time>2026-09-12T22:46:30.021000Z</time>
      </trkpt>
      <trkpt lat="39.8625368" lon="116.6903455">
        <ele>22.21514</ele>
        <time>2026-09-12T22:46:34Z</time>
      </trkpt>
      <trkpt lat="39.8624944" lon="116.690209">
        <ele>22.07238</ele>
        <time>2026-09-12T22:46:37.983000Z</time>
      </trkpt>
      <trkpt lat="39.8624524" lon="116.6900773">
        <ele>21.88033</ele>
        <time>2026-09-12T22:46:41.964000Z</time>
      </trkpt>
      <trkpt lat="39.8624139" lon="116.6899485">
        <ele>21.73714</ele>
        <time>2026-09-12T22:46:45.945000Z</time>
      </trkpt>
      <trkpt lat="39.8623762" lon="116.6898188">
        <ele>21.66433</ele>
        <time>2026-09-12T22:46:49.926000Z</time>
      </trkpt>
      <trkpt lat="39.8623361" lon="116.6896872">
        <ele>21.64526</ele>
        <time>2026-09-12T22:46:53.906000Z</time>
      </trkpt>
      <trkpt lat="39.8622883" lon="116.6895553">
        <ele>21.65573</ele>
        <time>2026-09-12T22:46:57.887000Z</time>
      </trkpt>
      <trkpt lat="39.8622389" lon="116.6894266">
        <ele>21.68351</ele>
        <time>2026-09-12T22:47:01.868000Z</time>
      </trkpt>
      <trkpt lat="39.8621897" lon="116.6892974">
        <ele>21.71926</ele>
        <time>2026-09-12T22:47:05.849000Z</time>
      </trkpt>
      <trkpt lat="39.8621459" lon="116.6891602">
        <ele>21.76048</ele>
        <time>2026-09-12T22:47:09.830000Z</time>
      </trkpt>
      <trkpt lat="39.8621065" lon="116.6890168">
        <ele>21.80979</ele>
        <time>2026-09-12T22:47:13.811000Z</time>
      </trkpt>
      <trkpt lat="39.862072" lon="116.6888722">
        <ele>21.85527</ele>
        <time>2026-09-12T22:47:17.792000Z</time>
      </trkpt>
      <trkpt lat="39.86203" lon="116.6887346">
        <ele>21.89302</ele>
        <time>2026-09-12T22:47:21.772000Z</time>
      </trkpt>
      <trkpt lat="39.861984" lon="116.6886033">
        <ele>21.91594</ele>
        <time>2026-09-12T22:47:25.753000Z</time>
      </trkpt>
      <trkpt lat="39.86195" lon="116.6884626">
        <ele>21.92482</ele>
        <time>2026-09-12T22:47:29.734000Z</time>
      </trkpt>
      <trkpt lat="39.8619182" lon="116.6883195">
        <ele>21.91684</ele>
        <time>2026-09-12T22:47:33.715000Z</time>
      </trkpt>
      <trkpt lat="39.8618839" lon="116.6881813">
        <ele>21.88607</ele>
        <time>2026-09-12T22:47:37.696000Z</time>
      </trkpt>
      <trkpt lat="39.8618501" lon="116.6880421">
        <ele>21.83666</ele>
        <time>2026-09-12T22:47:41.677000Z</time>
      </trkpt>
      <trkpt lat="39.8618123" lon="116.6879034">
        <ele>21.78813</ele>
        <time>2026-09-12T22:47:45.657000Z</time>
      </trkpt>
      <trkpt lat="39.8617711" lon="116.6877705">
        <ele>21.77097</ele>
        <time>2026-09-12T22:47:49.638000Z</time>
      </trkpt>
      <trkpt lat="39.8617317" lon="116.6876388">
        <ele>21.80248</ele>
        <time>2026-09-12T22:47:53.619000Z</time>
      </trkpt>
      <trkpt lat="39.8616995" lon="116.6874986">
        <ele>21.8612</ele>
        <time>2026-09-12T22:47:57.600000Z</time>
      </trkpt>
      <trkpt lat="39.8616695" lon="116.6873547">
        <ele>21.91439</ele>
        <time>2026-09-12T22:48:01.581000Z</time>
      </trkpt>
      <trkpt lat="39.8616498" lon="116.6872072">
        <ele>21.96106</ele>
        <time>2026-09-12T22:48:05.562000Z</time>
      </trkpt>
      <trkpt lat="39.861639" lon="116.6870609">
        <ele>21.98286</ele>
        <time>2026-09-12T22:48:09.543000Z</time>
      </trkpt>
      <trkpt lat="39.8616269" lon="116.6869164">
        <ele>21.97887</ele>
        <time>2026-09-12T22:48:13.523000Z</time>
      </trkpt>
      <trkpt lat="39.8616137" lon="116.6867709">
        <ele>21.97302</ele>
        <time>2026-09-12T22:48:17.504000Z</time>
      </trkpt>
      <trkpt lat="39.8616048" lon="116.6866254">
        <ele>21.98316</ele>
        <time>2026-09-12T22:48:21.485000Z</time>
      </trkpt>
      <trkpt lat="39.8615981" lon="116.6864812">
        <ele>21.97871</ele>
        <time>2026-09-12T22:48:25.466000Z</time>
      </trkpt>
      <trkpt lat="39.861587" lon="116.6863352">
        <ele>21.94819</ele>
        <time>2026-09-12T22:48:29.447000Z</time>
      </trkpt>
      <trkpt lat="39.8615868" lon="116.6861882">
        <ele>21.90599</ele>
        <time>2026-09-12T22:48:33.428000Z</time>
      </trkpt>
      <trkpt lat="39.86159" lon="116.6860415">
        <ele>21.85515</ele>
        <time>2026-09-12T22:48:37.408000Z</time>
      </trkpt>
      <trkpt lat="39.8615845" lon="116.6858988">
        <ele>21.81983</ele>
        <time>2026-09-12T22:48:41.389000Z</time>
      </trkpt>
      <trkpt lat="39.861574" lon="116.6857572">
        <ele>21.81723</ele>
        <time>2026-09-12T22:48:45.370000Z</time>
      </trkpt>
      <trkpt lat="39.861571" lon="116.6856084">
        <ele>21.85163</ele>
        <time>2026-09-12T22:48:49.351000Z</time>
      </trkpt>
      <trkpt lat="39.8615669" lon="116.6854537">
        <ele>21.92238</ele>
        <time>2026-09-12T22:48:53.332000Z</time>
      </trkpt>
      <trkpt lat="39.861561" lon="116.6852982">
        <ele>22.01792</ele>
        <time>2026-09-12T22:48:57.313000Z</time>
      </trkpt>
      <trkpt lat="39.8615523" lon="116.6851446">
        <ele>22.15373</ele>
        <time>2026-09-12T22:49:01.293000Z</time>
      </trkpt>
      <trkpt lat="39.8615428" lon="116.6849922">
        <ele>22.37219</ele>
        <time>2026-09-12T22:49:05.274000Z</time>
      </trkpt>
      <trkpt lat="39.8615363" lon="116.6848438">
        <ele>22.65783</ele>
        <time>2026-09-12T22:49:09.255000Z</time>
      </trkpt>
      <trkpt lat="39.8615258" lon="116.6847013">
        <ele>23.02833</ele>
        <time>2026-09-12T22:49:13.236000Z</time>
      </trkpt>
      <trkpt lat="39.8615338" lon="116.6845568">
        <ele>23.57909</ele>
        <time>2026-09-12T22:49:17.217000Z</time>
      </trkpt>
      <trkpt lat="39.861546" lon="116.6844095">
        <ele>24.28934</ele>
        <time>2026-09-12T22:49:21.197000Z</time>
      </trkpt>
      <trkpt lat="39.8615551" lon="116.6842719">
        <ele>24.80179</ele>
        <time>2026-09-12T22:49:25Z</time>
      </trkpt>
      <trkpt lat="39.8615618" lon="116.6841224">
        <ele>25.01605</ele>
        <time>2026-09-12T22:49:29Z</time>
      </trkpt>
      <trkpt lat="39.8615689" lon="116.6840015">
        <ele>25.04526</ele>
        <time>2026-09-12T22:49:32.145000Z</time>
      </trkpt>
      <trkpt lat="39.8615785" lon="116.683885">
        <ele>25.04746</ele>
        <time>2026-09-12T22:49:35Z</time>
      </trkpt>
      <trkpt lat="39.8615913" lon="116.6837632">
        <ele>25.09474</ele>
        <time>2026-09-12T22:49:38Z</time>
      </trkpt>
      <trkpt lat="39.8616078" lon="116.6836427">
        <ele>25.22938</ele>
        <time>2026-09-12T22:49:41Z</time>
      </trkpt>
      <trkpt lat="39.8616238" lon="116.6835214">
        <ele>25.35632</ele>
        <time>2026-09-12T22:49:44Z</time>
      </trkpt>
      <trkpt lat="39.8616413" lon="116.68337">
        <ele>25.28332</ele>
        <time>2026-09-12T22:49:48Z</time>
      </trkpt>
      <trkpt lat="39.8616622" lon="116.6832203">
        <ele>25.0575</ele>
        <time>2026-09-12T22:49:52Z</time>
      </trkpt>
      <trkpt lat="39.861682" lon="116.6830678">
        <ele>24.85569</ele>
        <time>2026-09-12T22:49:56Z</time>
      </trkpt>
      <trkpt lat="39.8617043" lon="116.682917">
        <ele>24.56354</ele>
        <time>2026-09-12T22:50:00Z</time>
      </trkpt>
      <trkpt lat="39.8617166" lon="116.6827702">
        <ele>23.98068</ele>
        <time>2026-09-12T22:50:03.991000Z</time>
      </trkpt>
      <trkpt lat="39.8617256" lon="116.6826255">
        <ele>23.3637</ele>
        <time>2026-09-12T22:50:07.972000Z</time>
      </trkpt>
      <trkpt lat="39.8617432" lon="116.6824777">
        <ele>22.93497</ele>
        <time>2026-09-12T22:50:11.953000Z</time>
      </trkpt>
      <trkpt lat="39.861758" lon="116.6823272">
        <ele>22.68416</ele>
        <time>2026-09-12T22:50:15.933000Z</time>
      </trkpt>
      <trkpt lat="39.8617685" lon="116.6821761">
        <ele>22.57618</ele>
        <time>2026-09-12T22:50:19.914000Z</time>
      </trkpt>
      <trkpt lat="39.8617766" lon="116.6820237">
        <ele>22.55935</ele>
        <time>2026-09-12T22:50:23.895000Z</time>
      </trkpt>
      <trkpt lat="39.8617788" lon="116.6818745">
        <ele>22.55055</ele>
        <time>2026-09-12T22:50:27.876000Z</time>
      </trkpt>
      <trkpt lat="39.861788" lon="116.6817263">
        <ele>22.49274</ele>
        <time>2026-09-12T22:50:31.857000Z</time>
      </trkpt>
      <trkpt lat="39.8618026" lon="116.6815707">
        <ele>22.4087</ele>
        <time>2026-09-12T22:50:35.837000Z</time>
      </trkpt>
      <trkpt lat="39.8618136" lon="116.6814487">
        <ele>22.36204</ele>
        <time>2026-09-12T22:50:38.823000Z</time>
      </trkpt>
      <trkpt lat="39.8618232" lon="116.6813296">
        <ele>22.34185</ele>
        <time>2026-09-12T22:50:41.809000Z</time>
      </trkpt>
      <trkpt lat="39.8618315" lon="116.6812112">
        <ele>22.33789</ele>
        <time>2026-09-12T22:50:44.794000Z</time>
      </trkpt>
      <trkpt lat="39.8618381" lon="116.681092">
        <ele>22.33998</ele>
        <time>2026-09-12T22:50:47.780000Z</time>
      </trkpt>
      <trkpt lat="39.8618506" lon="116.6809747">
        <ele>22.33798</ele>
        <time>2026-09-12T22:50:50.765000Z</time>
      </trkpt>
      <trkpt lat="39.8618769" lon="116.6808267">
        <ele>22.30768</ele>
        <time>2026-09-12T22:50:54.746000Z</time>
      </trkpt>
      <trkpt lat="39.861903" lon="116.680681">
        <ele>22.27751</ele>
        <time>2026-09-12T22:50:58.727000Z</time>
      </trkpt>
      <trkpt lat="39.8619241" lon="116.6805331">
        <ele>22.31318</ele>
        <time>2026-09-12T22:51:02.708000Z</time>
      </trkpt>
      <trkpt lat="39.8619408" lon="116.680387">
        <ele>22.43159</ele>
        <time>2026-09-12T22:51:06.689000Z</time>
      </trkpt>
      <trkpt lat="39.8619505" lon="116.6802461">
        <ele>22.60311</ele>
        <time>2026-09-12T22:51:10.669000Z</time>
      </trkpt>
      <trkpt lat="39.8619533" lon="116.6801106">
        <ele>22.80809</ele>
        <time>2026-09-12T22:51:14.650000Z</time>
      </trkpt>
      <trkpt lat="39.861979" lon="116.6799696">
        <ele>23.01765</ele>
        <time>2026-09-12T22:51:18.631000Z</time>
      </trkpt>
      <trkpt lat="39.8620086" lon="116.6798285">
        <ele>23.2011</ele>
        <time>2026-09-12T22:51:22.612000Z</time>
      </trkpt>
      <trkpt lat="39.8620184" lon="116.6796913">
        <ele>23.34398</ele>
        <time>2026-09-12T22:51:26.593000Z</time>
      </trkpt>
      <trkpt lat="39.861969" lon="116.6795906">
        <ele>23.42768</ele>
        <time>2026-09-12T22:51:30.573000Z</time>
      </trkpt>
      <trkpt lat="39.8618711" lon="116.6795479">
        <ele>23.44691</ele>
        <time>2026-09-12T22:51:34.554000Z</time>
      </trkpt>
      <trkpt lat="39.8617555" lon="116.6795162">
        <ele>23.40265</ele>
        <time>2026-09-12T22:51:38.535000Z</time>
      </trkpt>
      <trkpt lat="39.8616436" lon="116.6794798">
        <ele>23.35287</ele>
        <time>2026-09-12T22:51:42.516000Z</time>
      </trkpt>
      <trkpt lat="39.8615364" lon="116.6794416">
        <ele>23.31774</ele>
        <time>2026-09-12T22:51:46.497000Z</time>
      </trkpt>
      <trkpt lat="39.8614303" lon="116.6794162">
        <ele>23.27044</ele>
        <time>2026-09-12T22:51:50.477000Z</time>
      </trkpt>
      <trkpt lat="39.8613227" lon="116.6794143">
        <ele>23.17607</ele>
        <time>2026-09-12T22:51:54.458000Z</time>
      </trkpt>
      <trkpt lat="39.8612135" lon="116.6794259">
        <ele>23.06281</ele>
        <time>2026-09-12T22:51:58.439000Z</time>
      </trkpt>
      <trkpt lat="39.8611032" lon="116.6794387">
        <ele>22.96656</ele>
        <time>2026-09-12T22:52:02.420000Z</time>
      </trkpt>
      <trkpt lat="39.860992" lon="116.679449">
        <ele>22.90356</ele>
        <time>2026-09-12T22:52:06.401000Z</time>
      </trkpt>
      <trkpt lat="39.8608801" lon="116.6794588">
        <ele>22.8949</ele>
        <time>2026-09-12T22:52:10.381000Z</time>
      </trkpt>
      <trkpt lat="39.8607666" lon="116.6794726">
        <ele>22.94251</ele>
        <time>2026-09-12T22:52:14.362000Z</time>
      </trkpt>
      <trkpt lat="39.8606555" lon="116.6794814">
        <ele>23.04131</ele>
        <time>2026-09-12T22:52:18.343000Z</time>
      </trkpt>
      <trkpt lat="39.8605426" lon="116.6794835">
        <ele>23.16778</ele>
        <time>2026-09-12T22:52:22.324000Z</time>
      </trkpt>
      <trkpt lat="39.8604302" lon="116.679486">
        <ele>23.30234</ele>
        <time>2026-09-12T22:52:26.305000Z</time>
      </trkpt>
      <trkpt lat="39.8603187" lon="116.6794876">
        <ele>23.43645</ele>
        <time>2026-09-12T22:52:30.285000Z</time>
      </trkpt>
      <trkpt lat="39.860205" lon="116.6794727">
        <ele>23.60482</ele>
        <time>2026-09-12T22:52:34.266000Z</time>
      </trkpt>
      <trkpt lat="39.8600904" lon="116.6794268">
        <ele>23.84808</ele>
        <time>2026-09-12T22:52:38.247000Z</time>
      </trkpt>
      <trkpt lat="39.8599938" lon="116.6793379">
        <ele>24.20205</ele>
        <time>2026-09-12T22:52:42.228000Z</time>
      </trkpt>
      <trkpt lat="39.8599223" lon="116.6792608">
        <ele>24.55193</ele>
        <time>2026-09-12T22:52:45.214000Z</time>
      </trkpt>
      <trkpt lat="39.8598381" lon="116.6792112">
        <ele>24.9251</ele>
        <time>2026-09-12T22:52:48.199000Z</time>
      </trkpt>
      <trkpt lat="39.8597206" lon="116.6791851">
        <ele>25.19118</ele>
        <time>2026-09-12T22:52:52Z</time>
      </trkpt>
      <trkpt lat="39.8596263" lon="116.6791828">
        <ele>25.17425</ele>
        <time>2026-09-12T22:52:55Z</time>
      </trkpt>
      <trkpt lat="39.8595313" lon="116.6791877">
        <ele>25.09635</ele>
        <time>2026-09-12T22:52:58Z</time>
      </trkpt>
      <trkpt lat="39.8594381" lon="116.6791948">
        <ele>25.03796</ele>
        <time>2026-09-12T22:53:01Z</time>
      </trkpt>
      <trkpt lat="39.8593475" lon="116.6791983">
        <ele>24.98587</ele>
        <time>2026-09-12T22:53:04Z</time>
      </trkpt>
      <trkpt lat="39.8592567" lon="116.6791998">
        <ele>24.90477</ele>
        <time>2026-09-12T22:53:07Z</time>
      </trkpt>
      <trkpt lat="39.8591408" lon="116.679174">
        <ele>24.77617</ele>
        <time>2026-09-12T22:53:11Z</time>
      </trkpt>
      <trkpt lat="39.8590547" lon="116.6790813">
        <ele>24.68573</ele>
        <time>2026-09-12T22:53:15Z</time>
      </trkpt>
      <trkpt lat="39.8590184" lon="116.6789368">
        <ele>24.65673</ele>
        <time>2026-09-12T22:53:19Z</time>
      </trkpt>
      <trkpt lat="39.8590187" lon="116.6788179">
        <ele>24.64772</ele>
        <time>2026-09-12T22:53:22Z</time>
      </trkpt>
      <trkpt lat="39.8590273" lon="116.6786674">
        <ele>24.57486</ele>
        <time>2026-09-12T22:53:26Z</time>
      </trkpt>
      <trkpt lat="39.8590299" lon="116.6785228">
        <ele>24.34558</ele>
        <time>2026-09-12T22:53:29.998000Z</time>
      </trkpt>
      <trkpt lat="39.8590257" lon="116.6783817">
        <ele>24.0826</ele>
        <time>2026-09-12T22:53:33.979000Z</time>
      </trkpt>
      <trkpt lat="39.8590131" lon="116.6782475">
        <ele>23.90355</ele>
        <time>2026-09-12T22:53:37.959000Z</time>
      </trkpt>
      <trkpt lat="39.8590123" lon="116.6781129">
        <ele>23.79277</ele>
        <time>2026-09-12T22:53:41.940000Z</time>
      </trkpt>
      <trkpt lat="39.859016" lon="116.6779718">
        <ele>23.70061</ele>
        <time>2026-09-12T22:53:45.921000Z</time>
      </trkpt>
      <trkpt lat="39.859022" lon="116.6778303">
        <ele>23.62407</ele>
        <time>2026-09-12T22:53:49.902000Z</time>
      </trkpt>
      <trkpt lat="39.8590248" lon="116.6776923">
        <ele>23.58596</ele>
        <time>2026-09-12T22:53:53.883000Z</time>
      </trkpt>
      <trkpt lat="39.8590254" lon="116.6775515">
        <ele>23.57894</ele>
        <time>2026-09-12T22:53:57.863000Z</time>
      </trkpt>
      <trkpt lat="39.859024" lon="116.6774083">
        <ele>23.5375</ele>
        <time>2026-09-12T22:54:01.844000Z</time>
      </trkpt>
      <trkpt lat="39.8590213" lon="116.6772665">
        <ele>23.4038</ele>
        <time>2026-09-12T22:54:05.825000Z</time>
      </trkpt>
      <trkpt lat="39.8590205" lon="116.6771251">
        <ele>23.24015</ele>
        <time>2026-09-12T22:54:09.806000Z</time>
      </trkpt>
      <trkpt lat="39.8590193" lon="116.6769861">
        <ele>23.11956</ele>
        <time>2026-09-12T22:54:13.787000Z</time>
      </trkpt>
      <trkpt lat="39.8590173" lon="116.6768484">
        <ele>23.07207</ele>
        <time>2026-09-12T22:54:17.768000Z</time>
      </trkpt>
      <trkpt lat="39.8590177" lon="116.6767129">
        <ele>23.07223</ele>
        <time>2026-09-12T22:54:21.748000Z</time>
      </trkpt>
      <trkpt lat="39.8590176" lon="116.6765775">
        <ele>23.08286</ele>
        <time>2026-09-12T22:54:25.729000Z</time>
      </trkpt>
      <trkpt lat="39.8590096" lon="116.676443">
        <ele>23.09532</ele>
        <time>2026-09-12T22:54:29.710000Z</time>
      </trkpt>
      <trkpt lat="39.8590036" lon="116.6763053">
        <ele>23.11987</ele>
        <time>2026-09-12T22:54:33.691000Z</time>
      </trkpt>
      <trkpt lat="39.859005" lon="116.6761643">
        <ele>23.15466</ele>
        <time>2026-09-12T22:54:37.672000Z</time>
      </trkpt>
      <trkpt lat="39.8590055" lon="116.6760251">
        <ele>23.19815</ele>
        <time>2026-09-12T22:54:41.652000Z</time>
      </trkpt>
      <trkpt lat="39.859005" lon="116.6758856">
        <ele>23.26041</ele>
        <time>2026-09-12T22:54:45.633000Z</time>
      </trkpt>
      <trkpt lat="39.8590035" lon="116.6757482">
        <ele>23.323</ele>
        <time>2026-09-12T22:54:49.614000Z</time>
      </trkpt>
      <trkpt lat="39.8590003" lon="116.675607">
        <ele>23.36715</ele>
        <time>2026-09-12T22:54:53.595000Z</time>
      </trkpt>
      <trkpt lat="39.8589956" lon="116.6754653">
        <ele>23.39857</ele>
        <time>2026-09-12T22:54:57.576000Z</time>
      </trkpt>
      <trkpt lat="39.8589911" lon="116.6753203">
        <ele>23.42778</ele>
        <time>2026-09-12T22:55:01.557000Z</time>
      </trkpt>
      <trkpt lat="39.85899" lon="116.6751662">
        <ele>23.42352</ele>
        <time>2026-09-12T22:55:05.537000Z</time>
      </trkpt>
      <trkpt lat="39.8589966" lon="116.6750156">
        <ele>23.35456</ele>
        <time>2026-09-12T22:55:09.518000Z</time>
      </trkpt>
      <trkpt lat="39.8590018" lon="116.6748712">
        <ele>23.2384</ele>
        <time>2026-09-12T22:55:13.499000Z</time>
      </trkpt>
      <trkpt lat="39.8590037" lon="116.6747277">
        <ele>23.12743</ele>
        <time>2026-09-12T22:55:17.480000Z</time>
      </trkpt>
      <trkpt lat="39.8590013" lon="116.6745854">
        <ele>23.05203</ele>
        <time>2026-09-12T22:55:21.461000Z</time>
      </trkpt>
      <trkpt lat="39.8589979" lon="116.674452">
        <ele>23.0197</ele>
        <time>2026-09-12T22:55:25.441000Z</time>
      </trkpt>
      <trkpt lat="39.8589959" lon="116.6743249">
        <ele>23.03057</ele>
        <time>2026-09-12T22:55:29.422000Z</time>
      </trkpt>
      <trkpt lat="39.8590067" lon="116.6741967">
        <ele>23.0579</ele>
        <time>2026-09-12T22:55:33.403000Z</time>
      </trkpt>
      <trkpt lat="39.8590106" lon="116.6740692">
        <ele>23.05848</ele>
        <time>2026-09-12T22:55:37.384000Z</time>
      </trkpt>
      <trkpt lat="39.8590055" lon="116.673942">
        <ele>23.00417</ele>
        <time>2026-09-12T22:55:41.365000Z</time>
      </trkpt>
      <trkpt lat="39.859006" lon="116.6738132">
        <ele>22.93081</ele>
        <time>2026-09-12T22:55:45.345000Z</time>
      </trkpt>
      <trkpt lat="39.8590036" lon="116.6736841">
        <ele>22.89263</ele>
        <time>2026-09-12T22:55:49.326000Z</time>
      </trkpt>
      <trkpt lat="39.8590001" lon="116.6735538">
        <ele>22.9114</ele>
        <time>2026-09-12T22:55:53.307000Z</time>
      </trkpt>
      <trkpt lat="39.858999" lon="116.6734209">
        <ele>22.98271</ele>
        <time>2026-09-12T22:55:57.288000Z</time>
      </trkpt>
      <trkpt lat="39.859002" lon="116.6732872">
        <ele>23.10051</ele>
        <time>2026-09-12T22:56:01.269000Z</time>
      </trkpt>
      <trkpt lat="39.8590056" lon="116.6731511">
        <ele>23.29395</ele>
        <time>2026-09-12T22:56:05.249000Z</time>
      </trkpt>
      <trkpt lat="39.85901" lon="116.6730175">
        <ele>23.59988</ele>
        <time>2026-09-12T22:56:09.230000Z</time>
      </trkpt>
      <trkpt lat="39.8590132" lon="116.6728834">
        <ele>24.01295</ele>
        <time>2026-09-12T22:56:13.211000Z</time>
      </trkpt>
      <trkpt lat="39.8590184" lon="116.6727595">
        <ele>24.42626</ele>
        <time>2026-09-12T22:56:17Z</time>
      </trkpt>
      <trkpt lat="39.8590235" lon="116.6726274">
        <ele>24.68442</ele>
        <time>2026-09-12T22:56:21Z</time>
      </trkpt>
      <trkpt lat="39.8590251" lon="116.672493">
        <ele>24.73709</ele>
        <time>2026-09-12T22:56:25Z</time>
      </trkpt>
      <trkpt lat="39.8590221" lon="116.672359">
        <ele>24.72343</ele>
        <time>2026-09-12T22:56:29Z</time>
      </trkpt>
      <trkpt lat="39.8590191" lon="116.6722204">
        <ele>24.7141</ele>
        <time>2026-09-12T22:56:33Z</time>
      </trkpt>
      <trkpt lat="39.8590204" lon="116.6720788">
        <ele>24.69097</ele>
        <time>2026-09-12T22:56:37Z</time>
      </trkpt>
      <trkpt lat="39.8590272" lon="116.6719358">
        <ele>24.63163</ele>
        <time>2026-09-12T22:56:41Z</time>
      </trkpt>
      <trkpt lat="39.8590285" lon="116.6717879">
        <ele>24.55909</ele>
        <time>2026-09-12T22:56:45Z</time>
      </trkpt>
      <trkpt lat="39.8590189" lon="116.6716431">
        <ele>24.4738</ele>
        <time>2026-09-12T22:56:49Z</time>
      </trkpt>
      <trkpt lat="39.8590144" lon="116.6715013">
        <ele>24.32987</ele>
        <time>2026-09-12T22:56:53Z</time>
      </trkpt>
      <trkpt lat="39.8590097" lon="116.6713602">
        <ele>23.98524</ele>
        <time>2026-09-12T22:56:57Z</time>
      </trkpt>
      <trkpt lat="39.8590063" lon="116.671205">
        <ele>23.46278</ele>
        <time>2026-09-12T22:57:00.981000Z</time>
      </trkpt>
      <trkpt lat="39.8590133" lon="116.6710844">
        <ele>23.1151</ele>
        <time>2026-09-12T22:57:03.966000Z</time>
      </trkpt>
      <trkpt lat="39.8590165" lon="116.6709643">
        <ele>22.85598</ele>
        <time>2026-09-12T22:57:06.952000Z</time>
      </trkpt>
      <trkpt lat="39.8590146" lon="116.6708466">
        <ele>22.68032</ele>
        <time>2026-09-12T22:57:09.937000Z</time>
      </trkpt>
      <trkpt lat="39.8590087" lon="116.6706929">
        <ele>22.54201</ele>
        <time>2026-09-12T22:57:13.918000Z</time>
      </trkpt>
      <trkpt lat="39.8590082" lon="116.6705404">
        <ele>22.46321</ele>
        <time>2026-09-12T22:57:17.898000Z</time>
      </trkpt>
      <trkpt lat="39.8590073" lon="116.6703895">
        <ele>22.41308</ele>
        <time>2026-09-12T22:57:21.879000Z</time>
      </trkpt>
      <trkpt lat="39.8590137" lon="116.6702387">
        <ele>22.381</ele>
        <time>2026-09-12T22:57:25.859000Z</time>
      </trkpt>
      <trkpt lat="39.8590193" lon="116.6700906">
        <ele>22.37219</ele>
        <time>2026-09-12T22:57:29.840000Z</time>
      </trkpt>
      <trkpt lat="39.8590229" lon="116.669944">
        <ele>22.40657</ele>
        <time>2026-09-12T22:57:33.821000Z</time>
      </trkpt>
      <trkpt lat="39.8590262" lon="116.6697975">
        <ele>22.49656</ele>
        <time>2026-09-12T22:57:37.802000Z</time>
      </trkpt>
      <trkpt lat="39.8590254" lon="116.6696503">
        <ele>22.62274</ele>
        <time>2026-09-12T22:57:41.782000Z</time>
      </trkpt>
      <trkpt lat="39.8590298" lon="116.6695084">
        <ele>22.75092</ele>
        <time>2026-09-12T22:57:45.763000Z</time>
      </trkpt>
      <trkpt lat="39.8590351" lon="116.6693691">
        <ele>22.8662</ele>
        <time>2026-09-12T22:57:49.744000Z</time>
      </trkpt>
      <trkpt lat="39.8590297" lon="116.6692263">
        <ele>22.97857</ele>
        <time>2026-09-12T22:57:53.725000Z</time>
      </trkpt>
      <trkpt lat="39.8590204" lon="116.6690861">
        <ele>23.08033</ele>
        <time>2026-09-12T22:57:57.705000Z</time>
      </trkpt>
      <trkpt lat="39.8590175" lon="116.6689456">
        <ele>23.14099</ele>
        <time>2026-09-12T22:58:01.686000Z</time>
      </trkpt>
      <trkpt lat="39.8590227" lon="116.6688056">
        <ele>23.13539</ele>
        <time>2026-09-12T22:58:05.667000Z</time>
      </trkpt>
      <trkpt lat="39.8590176" lon="116.6686691">
        <ele>23.09253</ele>
        <time>2026-09-12T22:58:09.648000Z</time>
      </trkpt>
      <trkpt lat="39.8590182" lon="116.6685345">
        <ele>23.07171</ele>
        <time>2026-09-12T22:58:13.628000Z</time>
      </trkpt>
      <trkpt lat="39.8590184" lon="116.6683969">
        <ele>23.09228</ele>
        <time>2026-09-12T22:58:17.609000Z</time>
      </trkpt>
      <trkpt lat="39.8590188" lon="116.6682581">
        <ele>23.13404</ele>
        <time>2026-09-12T22:58:21.590000Z</time>
      </trkpt>
      <trkpt lat="39.8590183" lon="116.6681166">
        <ele>23.14514</ele>
        <time>2026-09-12T22:58:25.571000Z</time>
      </trkpt>
      <trkpt lat="39.8590208" lon="116.6679744">
        <ele>23.10482</ele>
        <time>2026-09-12T22:58:29.551000Z</time>
      </trkpt>
      <trkpt lat="39.8590231" lon="116.6678304">
        <ele>23.04916</ele>
        <time>2026-09-12T22:58:33.532000Z</time>
      </trkpt>
      <trkpt lat="39.859029" lon="116.6676863">
        <ele>22.98865</ele>
        <time>2026-09-12T22:58:37.513000Z</time>
      </trkpt>
      <trkpt lat="39.8590308" lon="116.6675443">
        <ele>22.89546</ele>
        <time>2026-09-12T22:58:41.494000Z</time>
      </trkpt>
      <trkpt lat="39.859017" lon="116.667407">
        <ele>22.77677</ele>
        <time>2026-09-12T22:58:45.474000Z</time>
      </trkpt>
      <trkpt lat="39.8590014" lon="116.6672734">
        <ele>22.67414</ele>
        <time>2026-09-12T22:58:49.455000Z</time>
      </trkpt>
      <trkpt lat="39.859001" lon="116.6671343">
        <ele>22.61942</ele>
        <time>2026-09-12T22:58:53.436000Z</time>
      </trkpt>
      <trkpt lat="39.8590078" lon="116.6669914">
        <ele>22.61182</ele>
        <time>2026-09-12T22:58:57.417000Z</time>
      </trkpt>
      <trkpt lat="39.8590101" lon="116.666854">
        <ele>22.62874</ele>
        <time>2026-09-12T22:59:01.398000Z</time>
      </trkpt>
      <trkpt lat="39.859008" lon="116.6667131">
        <ele>22.65581</ele>
        <time>2026-09-12T22:59:05.379000Z</time>
      </trkpt>
      <trkpt lat="39.859004" lon="116.6665739">
        <ele>22.67379</ele>
        <time>2026-09-12T22:59:09.360000Z</time>
      </trkpt>
      <trkpt lat="39.859006" lon="116.6664371">
        <ele>22.67473</ele>
        <time>2026-09-12T22:59:13.341000Z</time>
      </trkpt>
      <trkpt lat="39.8590117" lon="116.6662992">
        <ele>22.68528</ele>
        <time>2026-09-12T22:59:17.322000Z</time>
      </trkpt>
      <trkpt lat="39.8590147" lon="116.6661556">
        <ele>22.71991</ele>
        <time>2026-09-12T22:59:21.302000Z</time>
      </trkpt>
      <trkpt lat="39.8590213" lon="116.6660132">
        <ele>22.77975</ele>
        <time>2026-09-12T22:59:25.283000Z</time>
      </trkpt>
      <trkpt lat="39.859023" lon="116.6658685">
        <ele>22.86915</ele>
        <time>2026-09-12T22:59:29.264000Z</time>
      </trkpt>
      <trkpt lat="39.8590243" lon="116.6657258">
        <ele>23.0024</ele>
        <time>2026-09-12T22:59:33.245000Z</time>
      </trkpt>
      <trkpt lat="39.8590283" lon="116.6655865">
        <ele>23.18373</ele>
        <time>2026-09-12T22:59:37.226000Z</time>
      </trkpt>
      <trkpt lat="39.8590283" lon="116.6654463">
        <ele>23.40204</ele>
        <time>2026-09-12T22:59:41.206000Z</time>
      </trkpt>
      <trkpt lat="39.8590244" lon="116.6653062">
        <ele>23.63157</ele>
        <time>2026-09-12T22:59:45.187000Z</time>
      </trkpt>
      <trkpt lat="39.8590258" lon="116.66516">
        <ele>23.7654</ele>
        <time>2026-09-12T22:59:49.168000Z</time>
      </trkpt>
      <trkpt lat="39.8590289" lon="116.6650145">
        <ele>23.92424</ele>
        <time>2026-09-12T22:59:53.149000Z</time>
      </trkpt>
      <trkpt lat="39.8590309" lon="116.6648716">
        <ele>24.16435</ele>
        <time>2026-09-12T22:59:57.130000Z</time>
      </trkpt>
      <trkpt lat="39.8590314" lon="116.6647333">
        <ele>24.37951</ele>
        <time>2026-09-12T23:00:01Z</time>
      </trkpt>
      <trkpt lat="39.8590345" lon="116.6645888">
        <ele>24.5086</ele>
        <time>2026-09-12T23:00:05Z</time>
      </trkpt>
      <trkpt lat="39.8590365" lon="116.6644447">
        <ele>24.59479</ele>
        <time>2026-09-12T23:00:09Z</time>
      </trkpt>
      <trkpt lat="39.8590372" lon="116.6643033">
        <ele>24.66085</ele>
        <time>2026-09-12T23:00:13Z</time>
      </trkpt>
      <trkpt lat="39.8590403" lon="116.664159">
        <ele>24.69127</ele>
        <time>2026-09-12T23:00:17Z</time>
      </trkpt>
      <trkpt lat="39.859041" lon="116.6640156">
        <ele>24.73199</ele>
        <time>2026-09-12T23:00:21Z</time>
      </trkpt>
      <trkpt lat="39.859039" lon="116.6638723">
        <ele>24.77919</ele>
        <time>2026-09-12T23:00:24.995000Z</time>
      </trkpt>
      <trkpt lat="39.8590311" lon="116.6637296">
        <ele>24.80662</ele>
        <time>2026-09-12T23:00:28.975000Z</time>
      </trkpt>
      <trkpt lat="39.8590256" lon="116.6635896">
        <ele>24.82881</ele>
        <time>2026-09-12T23:00:32.956000Z</time>
      </trkpt>
      <trkpt lat="39.859031" lon="116.6634428">
        <ele>24.87654</ele>
        <time>2026-09-12T23:00:36.937000Z</time>
      </trkpt>
      <trkpt lat="39.8590353" lon="116.6632923">
        <ele>24.94574</ele>
        <time>2026-09-12T23:00:40.918000Z</time>
      </trkpt>
      <trkpt lat="39.8590381" lon="116.6631407">
        <ele>25.02913</ele>
        <time>2026-09-12T23:00:44.898000Z</time>
      </trkpt>
      <trkpt lat="39.8590424" lon="116.6630075">
        <ele>25.09944</ele>
        <time>2026-09-12T23:00:48.879000Z</time>
      </trkpt>
      <trkpt lat="39.8590459" lon="116.6628697">
        <ele>25.16183</ele>
        <time>2026-09-12T23:00:52.860000Z</time>
      </trkpt>
      <trkpt lat="39.8590469" lon="116.6627175">
        <ele>25.22709</ele>
        <time>2026-09-12T23:00:56.841000Z</time>
      </trkpt>
      <trkpt lat="39.8590491" lon="116.6625629">
        <ele>25.31359</ele>
        <time>2026-09-12T23:01:00.821000Z</time>
      </trkpt>
      <trkpt lat="39.8590552" lon="116.6624143">
        <ele>25.4028</ele>
        <time>2026-09-12T23:01:04.802000Z</time>
      </trkpt>
      <trkpt lat="39.8590633" lon="116.6622696">
        <ele>25.47783</ele>
        <time>2026-09-12T23:01:08.783000Z</time>
      </trkpt>
      <trkpt lat="39.8590664" lon="116.6621226">
        <ele>25.54123</ele>
        <time>2026-09-12T23:01:12.764000Z</time>
      </trkpt>
      <trkpt lat="39.8590643" lon="116.6619787">
        <ele>25.61214</ele>
        <time>2026-09-12T23:01:16.744000Z</time>
      </trkpt>
      <trkpt lat="39.8590569" lon="116.6618382">
        <ele>25.69428</ele>
        <time>2026-09-12T23:01:20.725000Z</time>
      </trkpt>
      <trkpt lat="39.8590355" lon="116.6617063">
        <ele>25.7745</ele>
        <time>2026-09-12T23:01:24.706000Z</time>
      </trkpt>
      <trkpt lat="39.8590261" lon="116.6615759">
        <ele>25.85511</ele>
        <time>2026-09-12T23:01:28.686000Z</time>
      </trkpt>
      <trkpt lat="39.8590302" lon="116.6614404">
        <ele>25.93339</ele>
        <time>2026-09-12T23:01:32.667000Z</time>
      </trkpt>
      <trkpt lat="39.8590325" lon="116.6613055">
        <ele>25.99889</ele>
        <time>2026-09-12T23:01:36.648000Z</time>
      </trkpt>
      <trkpt lat="39.8590333" lon="116.6611718">
        <ele>26.06639</ele>
        <time>2026-09-12T23:01:40.629000Z</time>
      </trkpt>
      <trkpt lat="39.8590342" lon="116.6610387">
        <ele>26.1454</ele>
        <time>2026-09-12T23:01:44.609000Z</time>
      </trkpt>
      <trkpt lat="39.8590304" lon="116.6609041">
        <ele>26.23008</ele>
        <time>2026-09-12T23:01:48.590000Z</time>
      </trkpt>
      <trkpt lat="39.859031" lon="116.6607708">
        <ele>26.30362</ele>
        <time>2026-09-12T23:01:52.571000Z</time>
      </trkpt>
      <trkpt lat="39.8590357" lon="116.6606388">
        <ele>26.32668</ele>
        <time>2026-09-12T23:01:56.552000Z</time>
      </trkpt>
      <trkpt lat="39.8590347" lon="116.6605077">
        <ele>26.24974</ele>
        <time>2026-09-12T23:02:00.532000Z</time>
      </trkpt>
      <trkpt lat="39.8590297" lon="116.6603725">
        <ele>26.07395</ele>
        <time>2026-09-12T23:02:04.513000Z</time>
      </trkpt>
      <trkpt lat="39.859023" lon="116.6602327">
        <ele>25.86876</ele>
        <time>2026-09-12T23:02:08.494000Z</time>
      </trkpt>
      <trkpt lat="39.859017" lon="116.6600942">
        <ele>25.68632</ele>
        <time>2026-09-12T23:02:12.475000Z</time>
      </trkpt>
      <trkpt lat="39.8590129" lon="116.6599557">
        <ele>25.52771</ele>
        <time>2026-09-12T23:02:16.455000Z</time>
      </trkpt>
      <trkpt lat="39.8590092" lon="116.6598144">
        <ele>25.38831</ele>
        <time>2026-09-12T23:02:20.436000Z</time>
      </trkpt>
      <trkpt lat="39.8590115" lon="116.6596704">
        <ele>25.25775</ele>
        <time>2026-09-12T23:02:24.417000Z</time>
      </trkpt>
      <trkpt lat="39.8590221" lon="116.6595225">
        <ele>25.12844</ele>
        <time>2026-09-12T23:02:28.398000Z</time>
      </trkpt>
      <trkpt lat="39.8590177" lon="116.6593858">
        <ele>25.00073</ele>
        <time>2026-09-12T23:02:32.378000Z</time>
      </trkpt>
      <trkpt lat="39.8590138" lon="116.6592599">
        <ele>24.88388</ele>
        <time>2026-09-12T23:02:36.359000Z</time>
      </trkpt>
      <trkpt lat="39.8590208" lon="116.6591302">
        <ele>24.78225</ele>
        <time>2026-09-12T23:02:40.340000Z</time>
      </trkpt>
      <trkpt lat="39.8590295" lon="116.6589972">
        <ele>24.67014</ele>
        <time>2026-09-12T23:02:44.321000Z</time>
      </trkpt>
      <trkpt lat="39.8590392" lon="116.6588644">
        <ele>24.5452</ele>
        <time>2026-09-12T23:02:48.301000Z</time>
      </trkpt>
      <trkpt lat="39.8590416" lon="116.6587283">
        <ele>24.43796</ele>
        <time>2026-09-12T23:02:52.282000Z</time>
      </trkpt>
      <trkpt lat="39.8590402" lon="116.6585897">
        <ele>24.39057</ele>
        <time>2026-09-12T23:02:56.263000Z</time>
      </trkpt>
      <trkpt lat="39.8590435" lon="116.6584493">
        <ele>24.40541</ele>
        <time>2026-09-12T23:03:00.244000Z</time>
      </trkpt>
      <trkpt lat="39.8590476" lon="116.6583052">
        <ele>24.45793</ele>
        <time>2026-09-12T23:03:04.224000Z</time>
      </trkpt>
      <trkpt lat="39.8590491" lon="116.6581628">
        <ele>24.52081</ele>
        <time>2026-09-12T23:03:08.205000Z</time>
      </trkpt>
      <trkpt lat="39.8590497" lon="116.6580256">
        <ele>24.53989</ele>
        <time>2026-09-12T23:03:12Z</time>
      </trkpt>
      <trkpt lat="39.8590527" lon="116.6578799">
        <ele>24.48537</ele>
        <time>2026-09-12T23:03:16Z</time>
      </trkpt>
      <trkpt lat="39.8590541" lon="116.6577378">
        <ele>24.40358</ele>
        <time>2026-09-12T23:03:20Z</time>
      </trkpt>
      <trkpt lat="39.8590554" lon="116.6575984">
        <ele>24.35905</ele>
        <time>2026-09-12T23:03:24Z</time>
      </trkpt>
      <trkpt lat="39.8590587" lon="116.6574545">
        <ele>24.38208</ele>
        <time>2026-09-12T23:03:28Z</time>
      </trkpt>
      <trkpt lat="39.8590652" lon="116.6573073">
        <ele>24.50128</ele>
        <time>2026-09-12T23:03:32Z</time>
      </trkpt>
      <trkpt lat="39.8590658" lon="116.6571653">
        <ele>24.68621</ele>
        <time>2026-09-12T23:03:36.070000Z</time>
      </trkpt>
      <trkpt lat="39.8590664" lon="116.6570296">
        <ele>24.73824</ele>
        <time>2026-09-12T23:03:40.051000Z</time>
      </trkpt>
      <trkpt lat="39.8590666" lon="116.6568945">
        <ele>24.63277</ele>
        <time>2026-09-12T23:03:44.032000Z</time>
      </trkpt>
      <trkpt lat="39.8590651" lon="116.6567599">
        <ele>24.49984</ele>
        <time>2026-09-12T23:03:48Z</time>
      </trkpt>
      <trkpt lat="39.8590614" lon="116.656626">
        <ele>24.60463</ele>
        <time>2026-09-12T23:03:51.993000Z</time>
      </trkpt>
      <trkpt lat="39.8590577" lon="116.6564924">
        <ele>24.8498</ele>
        <time>2026-09-12T23:03:55.974000Z</time>
      </trkpt>
      <trkpt lat="39.8590559" lon="116.6563596">
        <ele>25.04808</ele>
        <time>2026-09-12T23:03:59.955000Z</time>
      </trkpt>
      <trkpt lat="39.8590613" lon="116.6562229">
        <ele>25.14066</ele>
        <time>2026-09-12T23:04:03.935000Z</time>
      </trkpt>
      <trkpt lat="39.8590604" lon="116.6560869">
        <ele>25.12259</ele>
        <time>2026-09-12T23:04:07.916000Z</time>
      </trkpt>
      <trkpt lat="39.8590602" lon="116.6559547">
        <ele>25.03619</ele>
        <time>2026-09-12T23:04:11.897000Z</time>
      </trkpt>
      <trkpt lat="39.8590629" lon="116.6558193">
        <ele>24.92923</ele>
        <time>2026-09-12T23:04:15.878000Z</time>
      </trkpt>
      <trkpt lat="39.8590685" lon="116.6556797">
        <ele>24.86025</ele>
        <time>2026-09-12T23:04:19.858000Z</time>
      </trkpt>
      <trkpt lat="39.8590697" lon="116.6555425">
        <ele>24.83655</ele>
        <time>2026-09-12T23:04:23.839000Z</time>
      </trkpt>
      <trkpt lat="39.8590685" lon="116.6554086">
        <ele>24.82132</ele>
        <time>2026-09-12T23:04:27.820000Z</time>
      </trkpt>
      <trkpt lat="39.8590647" lon="116.6552719">
        <ele>24.78604</ele>
        <time>2026-09-12T23:04:31.801000Z</time>
      </trkpt>
      <trkpt lat="39.859063" lon="116.6551355">
        <ele>24.71843</ele>
        <time>2026-09-12T23:04:35.781000Z</time>
      </trkpt>
      <trkpt lat="39.8590666" lon="116.6549976">
        <ele>24.6005</ele>
        <time>2026-09-12T23:04:39.762000Z</time>
      </trkpt>
      <trkpt lat="39.8590759" lon="116.6548599">
        <ele>24.42925</ele>
        <time>2026-09-12T23:04:43.743000Z</time>
      </trkpt>
      <trkpt lat="39.8590871" lon="116.6547165">
        <ele>24.27656</ele>
        <time>2026-09-12T23:04:47.724000Z</time>
      </trkpt>
      <trkpt lat="39.8590924" lon="116.6545708">
        <ele>24.19058</ele>
        <time>2026-09-12T23:04:51.704000Z</time>
      </trkpt>
      <trkpt lat="39.8591" lon="116.6544275">
        <ele>24.16152</ele>
        <time>2026-09-12T23:04:55.685000Z</time>
      </trkpt>
      <trkpt lat="39.8591091" lon="116.6542852">
        <ele>24.15857</ele>
        <time>2026-09-12T23:04:59.666000Z</time>
      </trkpt>
      <trkpt lat="39.8591169" lon="116.6541351">
        <ele>24.17655</ele>
        <time>2026-09-12T23:05:03.646000Z</time>
      </trkpt>
      <trkpt lat="39.8591165" lon="116.6539876">
        <ele>24.23257</ele>
        <time>2026-09-12T23:05:07.627000Z</time>
      </trkpt>
      <trkpt lat="39.8591157" lon="116.6538447">
        <ele>24.33602</ele>
        <time>2026-09-12T23:05:11.608000Z</time>
      </trkpt>
      <trkpt lat="39.8591152" lon="116.6537037">
        <ele>24.45617</ele>
        <time>2026-09-12T23:05:15.589000Z</time>
      </trkpt>
      <trkpt lat="39.8591119" lon="116.653562">
        <ele>24.59461</ele>
        <time>2026-09-12T23:05:19.569000Z</time>
      </trkpt>
      <trkpt lat="39.8591128" lon="116.6534163">
        <ele>24.77111</ele>
        <time>2026-09-12T23:05:23.550000Z</time>
      </trkpt>
      <trkpt lat="39.8591085" lon="116.6532697">
        <ele>24.95315</ele>
        <time>2026-09-12T23:05:27.531000Z</time>
      </trkpt>
      <trkpt lat="39.8590981" lon="116.6531301">
        <ele>25.1065</ele>
        <time>2026-09-12T23:05:31.512000Z</time>
      </trkpt>
      <trkpt lat="39.8590935" lon="116.6529868">
        <ele>25.2099</ele>
        <time>2026-09-12T23:05:35.492000Z</time>
      </trkpt>
      <trkpt lat="39.8590948" lon="116.652839">
        <ele>25.26476</ele>
        <time>2026-09-12T23:05:39.473000Z</time>
      </trkpt>
      <trkpt lat="39.859097" lon="116.6526942">
        <ele>25.26782</ele>
        <time>2026-09-12T23:05:43.454000Z</time>
      </trkpt>
      <trkpt lat="39.8590923" lon="116.6525523">
        <ele>25.21942</ele>
        <time>2026-09-12T23:05:47.435000Z</time>
      </trkpt>
      <trkpt lat="39.8590862" lon="116.6524071">
        <ele>25.18017</ele>
        <time>2026-09-12T23:05:51.416000Z</time>
      </trkpt>
      <trkpt lat="39.8590857" lon="116.6522649">
        <ele>25.19259</ele>
        <time>2026-09-12T23:05:55.396000Z</time>
      </trkpt>
      <trkpt lat="39.8590887" lon="116.6521229">
        <ele>25.23727</ele>
        <time>2026-09-12T23:05:59.377000Z</time>
      </trkpt>
      <trkpt lat="39.859109" lon="116.6519825">
        <ele>25.3308</ele>
        <time>2026-09-12T23:06:03.358000Z</time>
      </trkpt>
      <trkpt lat="39.8591805" lon="116.6518817">
        <ele>25.46944</ele>
        <time>2026-09-12T23:06:07.339000Z</time>
      </trkpt>
      <trkpt lat="39.8592912" lon="116.6518597">
        <ele>25.60597</ele>
        <time>2026-09-12T23:06:11.319000Z</time>
      </trkpt>
      <trkpt lat="39.8593994" lon="116.6518657">
        <ele>25.70101</ele>
        <time>2026-09-12T23:06:15.300000Z</time>
      </trkpt>
      <trkpt lat="39.8595033" lon="116.6518661">
        <ele>25.77888</ele>
        <time>2026-09-12T23:06:19.281000Z</time>
      </trkpt>
      <trkpt lat="39.8596104" lon="116.6518744">
        <ele>25.84707</ele>
        <time>2026-09-12T23:06:23.262000Z</time>
      </trkpt>
      <trkpt lat="39.859716" lon="116.6518849">
        <ele>25.89058</ele>
        <time>2026-09-12T23:06:27.242000Z</time>
      </trkpt>
      <trkpt lat="39.8598217" lon="116.6518941">
        <ele>25.93148</ele>
        <time>2026-09-12T23:06:31.223000Z</time>
      </trkpt>
      <trkpt lat="39.8599316" lon="116.6518995">
        <ele>25.9706</ele>
        <time>2026-09-12T23:06:35.204000Z</time>
      </trkpt>
      <trkpt lat="39.8600393" lon="116.6519062">
        <ele>26.01322</ele>
        <time>2026-09-12T23:06:39.185000Z</time>
      </trkpt>
      <trkpt lat="39.8601466" lon="116.6519105">
        <ele>26.05949</ele>
        <time>2026-09-12T23:06:43.166000Z</time>
      </trkpt>
      <trkpt lat="39.8602538" lon="116.6519065">
        <ele>26.08204</ele>
        <time>2026-09-12T23:06:47.146000Z</time>
      </trkpt>
      <trkpt lat="39.8603579" lon="116.6518883">
        <ele>26.06522</ele>
        <time>2026-09-12T23:06:51.127000Z</time>
      </trkpt>
      <trkpt lat="39.8604579" lon="116.6518681">
        <ele>26.02893</ele>
        <time>2026-09-12T23:06:55.108000Z</time>
      </trkpt>
      <trkpt lat="39.8605676" lon="116.6518571">
        <ele>25.99701</ele>
        <time>2026-09-12T23:06:59.089000Z</time>
      </trkpt>
      <trkpt lat="39.8606753" lon="116.6518526">
        <ele>25.99642</ele>
        <time>2026-09-12T23:07:03.069000Z</time>
      </trkpt>
      <trkpt lat="39.8607808" lon="116.6518523">
        <ele>26.01164</ele>
        <time>2026-09-12T23:07:07.050000Z</time>
      </trkpt>
      <trkpt lat="39.8608887" lon="116.6518458">
        <ele>26.01075</ele>
        <time>2026-09-12T23:07:11.031000Z</time>
      </trkpt>
      <trkpt lat="39.860998" lon="116.6518421">
        <ele>25.96065</ele>
        <time>2026-09-12T23:07:15.012000Z</time>
      </trkpt>
      <trkpt lat="39.8611074" lon="116.651851">
        <ele>25.85116</ele>
        <time>2026-09-12T23:07:18.992000Z</time>
      </trkpt>
      <trkpt lat="39.8612124" lon="116.651862">
        <ele>25.68838</ele>
        <time>2026-09-12T23:07:22.973000Z</time>
      </trkpt>
      <trkpt lat="39.8613208" lon="116.6518714">
        <ele>25.48581</ele>
        <time>2026-09-12T23:07:26.954000Z</time>
      </trkpt>
      <trkpt lat="39.8614312" lon="116.6518774">
        <ele>25.27928</ele>
        <time>2026-09-12T23:07:30.935000Z</time>
      </trkpt>
      <trkpt lat="39.8615517" lon="116.6518786">
        <ele>25.11247</ele>
        <time>2026-09-12T23:07:34.915000Z</time>
      </trkpt>
      <trkpt lat="39.8616488" lon="116.6518756">
        <ele>25.0255</ele>
        <time>2026-09-12T23:07:37.901000Z</time>
      </trkpt>
      <trkpt lat="39.8617483" lon="116.6518711">
        <ele>24.96764</ele>
        <time>2026-09-12T23:07:40.887000Z</time>
      </trkpt>
      <trkpt lat="39.8618475" lon="116.6518683">
        <ele>24.94002</ele>
        <time>2026-09-12T23:07:43.872000Z</time>
      </trkpt>
      <trkpt lat="39.8619479" lon="116.6518655">
        <ele>24.94516</ele>
        <time>2026-09-12T23:07:46.858000Z</time>
      </trkpt>
      <trkpt lat="39.8620494" lon="116.6518654">
        <ele>24.98263</ele>
        <time>2026-09-12T23:07:49.843000Z</time>
      </trkpt>
      <trkpt lat="39.8621522" lon="116.6518678">
        <ele>25.03353</ele>
        <time>2026-09-12T23:07:52.829000Z</time>
      </trkpt>
      <trkpt lat="39.8622494" lon="116.651866">
        <ele>25.06557</ele>
        <time>2026-09-12T23:07:55.815000Z</time>
      </trkpt>
      <trkpt lat="39.8623411" lon="116.6518616">
        <ele>25.06525</ele>
        <time>2026-09-12T23:07:58.800000Z</time>
      </trkpt>
      <trkpt lat="39.8624619" lon="116.6518492">
        <ele>25.02488</ele>
        <time>2026-09-12T23:08:02.781000Z</time>
      </trkpt>
      <trkpt lat="39.8625581" lon="116.6518271">
        <ele>24.9975</ele>
        <time>2026-09-12T23:08:05.766000Z</time>
      </trkpt>
      <trkpt lat="39.8626529" lon="116.6517939">
        <ele>24.99776</ele>
        <time>2026-09-12T23:08:08.752000Z</time>
      </trkpt>
      <trkpt lat="39.8627426" lon="116.651768">
        <ele>25.02476</ele>
        <time>2026-09-12T23:08:11.738000Z</time>
      </trkpt>
      <trkpt lat="39.8628534" lon="116.651754">
        <ele>25.0749</ele>
        <time>2026-09-12T23:08:15.718000Z</time>
      </trkpt>
      <trkpt lat="39.8629602" lon="116.6517524">
        <ele>25.13221</ele>
        <time>2026-09-12T23:08:19.699000Z</time>
      </trkpt>
      <trkpt lat="39.8630652" lon="116.651738">
        <ele>25.22987</ele>
        <time>2026-09-12T23:08:23.680000Z</time>
      </trkpt>
      <trkpt lat="39.8631683" lon="116.6517319">
        <ele>25.39397</ele>
        <time>2026-09-12T23:08:27.661000Z</time>
      </trkpt>
      <trkpt lat="39.8632684" lon="116.6517233">
        <ele>25.61019</ele>
        <time>2026-09-12T23:08:31.641000Z</time>
      </trkpt>
      <trkpt lat="39.8633708" lon="116.6517124">
        <ele>25.80851</ele>
        <time>2026-09-12T23:08:35.622000Z</time>
      </trkpt>
      <trkpt lat="39.8634741" lon="116.6517115">
        <ele>25.94206</ele>
        <time>2026-09-12T23:08:39.603000Z</time>
      </trkpt>
      <trkpt lat="39.8635778" lon="116.6517183">
        <ele>26.02782</ele>
        <time>2026-09-12T23:08:43.584000Z</time>
      </trkpt>
      <trkpt lat="39.8636841" lon="116.6517269">
        <ele>26.08169</ele>
        <time>2026-09-12T23:08:47.564000Z</time>
      </trkpt>
      <trkpt lat="39.863793" lon="116.6517335">
        <ele>26.1336</ele>
        <time>2026-09-12T23:08:51.545000Z</time>
      </trkpt>
      <trkpt lat="39.8639009" lon="116.6517411">
        <ele>26.20394</ele>
        <time>2026-09-12T23:08:55.526000Z</time>
      </trkpt>
      <trkpt lat="39.8640107" lon="116.6517444">
        <ele>26.27463</ele>
        <time>2026-09-12T23:08:59.507000Z</time>
      </trkpt>
      <trkpt lat="39.8641182" lon="116.6517421">
        <ele>26.31064</ele>
        <time>2026-09-12T23:09:03.488000Z</time>
      </trkpt>
      <trkpt lat="39.864225" lon="116.6517417">
        <ele>26.31848</ele>
        <time>2026-09-12T23:09:07.468000Z</time>
      </trkpt>
      <trkpt lat="39.8643302" lon="116.6517442">
        <ele>26.31504</ele>
        <time>2026-09-12T23:09:11.449000Z</time>
      </trkpt>
      <trkpt lat="39.8644347" lon="116.651745">
        <ele>26.30482</ele>
        <time>2026-09-12T23:09:15.430000Z</time>
      </trkpt>
      <trkpt lat="39.8645383" lon="116.6517488">
        <ele>26.31898</ele>
        <time>2026-09-12T23:09:19.411000Z</time>
      </trkpt>
      <trkpt lat="39.8646411" lon="116.6517497">
        <ele>26.35877</ele>
        <time>2026-09-12T23:09:23.391000Z</time>
      </trkpt>
      <trkpt lat="39.864741" lon="116.6517486">
        <ele>26.39362</ele>
        <time>2026-09-12T23:09:27.372000Z</time>
      </trkpt>
      <trkpt lat="39.8648405" lon="116.6517488">
        <ele>26.3809</ele>
        <time>2026-09-12T23:09:31.353000Z</time>
      </trkpt>
      <trkpt lat="39.8649425" lon="116.6517553">
        <ele>26.32897</ele>
        <time>2026-09-12T23:09:35.334000Z</time>
      </trkpt>
      <trkpt lat="39.8650459" lon="116.6517613">
        <ele>26.31156</ele>
        <time>2026-09-12T23:09:39.314000Z</time>
      </trkpt>
      <trkpt lat="39.8651518" lon="116.6517684">
        <ele>26.37809</ele>
        <time>2026-09-12T23:09:43.295000Z</time>
      </trkpt>
      <trkpt lat="39.8652577" lon="116.6517672">
        <ele>26.48014</ele>
        <time>2026-09-12T23:09:47.276000Z</time>
      </trkpt>
      <trkpt lat="39.8653631" lon="116.6517544">
        <ele>26.53815</ele>
        <time>2026-09-12T23:09:51.257000Z</time>
      </trkpt>
      <trkpt lat="39.865465" lon="116.6517477">
        <ele>26.53719</ele>
        <time>2026-09-12T23:09:55.238000Z</time>
      </trkpt>
      <trkpt lat="39.8655634" lon="116.6517465">
        <ele>26.50177</ele>
        <time>2026-09-12T23:09:59.218000Z</time>
      </trkpt>
      <trkpt lat="39.8656616" lon="116.6517456">
        <ele>26.45555</ele>
        <time>2026-09-12T23:10:03.199000Z</time>
      </trkpt>
      <trkpt lat="39.8657637" lon="116.6517424">
        <ele>26.44955</ele>
        <time>2026-09-12T23:10:07.180000Z</time>
      </trkpt>
      <trkpt lat="39.865862" lon="116.6517434">
        <ele>26.48878</ele>
        <time>2026-09-12T23:10:11.161000Z</time>
      </trkpt>
      <trkpt lat="39.8659641" lon="116.6517407">
        <ele>26.50484</ele>
        <time>2026-09-12T23:10:15.141000Z</time>
      </trkpt>
      <trkpt lat="39.8660623" lon="116.6517412">
        <ele>26.39679</ele>
        <time>2026-09-12T23:10:19.122000Z</time>
      </trkpt>
      <trkpt lat="39.8661616" lon="116.6517473">
        <ele>26.08379</ele>
        <time>2026-09-12T23:10:23.103000Z</time>
      </trkpt>
      <trkpt lat="39.8662621" lon="116.6517511">
        <ele>25.48485</ele>
        <time>2026-09-12T23:10:27.084000Z</time>
      </trkpt>
      <trkpt lat="39.8663623" lon="116.6517499">
        <ele>24.55229</ele>
        <time>2026-09-12T23:10:31.065000Z</time>
      </trkpt>
      <trkpt lat="39.8664603" lon="116.651746">
        <ele>23.6227</ele>
        <time>2026-09-12T23:10:35Z</time>
      </trkpt>
      <trkpt lat="39.8665627" lon="116.6517437">
        <ele>23.46644</ele>
        <time>2026-09-12T23:10:39.026000Z</time>
      </trkpt>
      <trkpt lat="39.866667" lon="116.6517457">
        <ele>23.9729</ele>
        <time>2026-09-12T23:10:43Z</time>
      </trkpt>
      <trkpt lat="39.8667693" lon="116.6517488">
        <ele>24.87564</ele>
        <time>2026-09-12T23:10:46.988000Z</time>
      </trkpt>
      <trkpt lat="39.8668704" lon="116.6517542">
        <ele>25.61501</ele>
        <time>2026-09-12T23:10:50.968000Z</time>
      </trkpt>
      <trkpt lat="39.8669735" lon="116.6517669">
        <ele>26.06261</ele>
        <time>2026-09-12T23:10:54.949000Z</time>
      </trkpt>
      <trkpt lat="39.8670758" lon="116.6517714">
        <ele>26.28519</ele>
        <time>2026-09-12T23:10:58.930000Z</time>
      </trkpt>
      <trkpt lat="39.8671755" lon="116.6517543">
        <ele>26.37293</ele>
        <time>2026-09-12T23:11:02.911000Z</time>
      </trkpt>
      <trkpt lat="39.8672779" lon="116.6517458">
        <ele>26.41817</ele>
        <time>2026-09-12T23:11:06.892000Z</time>
      </trkpt>
      <trkpt lat="39.8673807" lon="116.6517374">
        <ele>26.44155</ele>
        <time>2026-09-12T23:11:10.872000Z</time>
      </trkpt>
      <trkpt lat="39.8674814" lon="116.6517308">
        <ele>26.42038</ele>
        <time>2026-09-12T23:11:14.853000Z</time>
      </trkpt>
      <trkpt lat="39.8675805" lon="116.6517335">
        <ele>26.32869</ele>
        <time>2026-09-12T23:11:18.834000Z</time>
      </trkpt>
      <trkpt lat="39.8676794" lon="116.6517461">
        <ele>26.21321</ele>
        <time>2026-09-12T23:11:22.815000Z</time>
      </trkpt>
      <trkpt lat="39.867782" lon="116.6517578">
        <ele>26.13758</ele>
        <time>2026-09-12T23:11:26.795000Z</time>
      </trkpt>
      <trkpt lat="39.8678838" lon="116.6517756">
        <ele>26.08724</ele>
        <time>2026-09-12T23:11:30.776000Z</time>
      </trkpt>
      <trkpt lat="39.8679902" lon="116.6518052">
        <ele>26.03025</ele>
        <time>2026-09-12T23:11:34.757000Z</time>
      </trkpt>
      <trkpt lat="39.868081" lon="116.651817">
        <ele>25.95225</ele>
        <time>2026-09-12T23:11:37.743000Z</time>
      </trkpt>
      <trkpt lat="39.8681742" lon="116.6518106">
        <ele>25.84166</ele>
        <time>2026-09-12T23:11:40.728000Z</time>
      </trkpt>
      <trkpt lat="39.8682652" lon="116.651789">
        <ele>25.72149</ele>
        <time>2026-09-12T23:11:43.714000Z</time>
      </trkpt>
      <trkpt lat="39.8683824" lon="116.6517672">
        <ele>25.57489</ele>
        <time>2026-09-12T23:11:47.695000Z</time>
      </trkpt>
      <trkpt lat="39.8684963" lon="116.6517672">
        <ele>25.4441</ele>
        <time>2026-09-12T23:11:51.675000Z</time>
      </trkpt>
      <trkpt lat="39.868609" lon="116.651773">
        <ele>25.32178</ele>
        <time>2026-09-12T23:11:55.656000Z</time>
      </trkpt>
      <trkpt lat="39.8687173" lon="116.6517825">
        <ele>25.21389</ele>
        <time>2026-09-12T23:11:59.637000Z</time>
      </trkpt>
      <trkpt lat="39.8688236" lon="116.6517871">
        <ele>25.14559</ele>
        <time>2026-09-12T23:12:03.618000Z</time>
      </trkpt>
      <trkpt lat="39.8689258" lon="116.6517775">
        <ele>25.13824</ele>
        <time>2026-09-12T23:12:07.598000Z</time>
      </trkpt>
      <trkpt lat="39.8690322" lon="116.6517794">
        <ele>25.15858</ele>
        <time>2026-09-12T23:12:11.579000Z</time>
      </trkpt>
      <trkpt lat="39.8691415" lon="116.6517835">
        <ele>25.15761</ele>
        <time>2026-09-12T23:12:15.560000Z</time>
      </trkpt>
      <trkpt lat="39.8692482" lon="116.6517793">
        <ele>25.09039</ele>
        <time>2026-09-12T23:12:19.541000Z</time>
      </trkpt>
      <trkpt lat="39.8693555" lon="116.651773">
        <ele>24.95713</ele>
        <time>2026-09-12T23:12:23.522000Z</time>
      </trkpt>
      <trkpt lat="39.8694612" lon="116.6517696">
        <ele>24.79757</ele>
        <time>2026-09-12T23:12:27.502000Z</time>
      </trkpt>
      <trkpt lat="39.8695651" lon="116.6517727">
        <ele>24.66664</ele>
        <time>2026-09-12T23:12:31.483000Z</time>
      </trkpt>
      <trkpt lat="39.8696661" lon="116.6517761">
        <ele>24.55884</ele>
        <time>2026-09-12T23:12:35.464000Z</time>
      </trkpt>
      <trkpt lat="39.8697673" lon="116.651773">
        <ele>24.47882</ele>
        <time>2026-09-12T23:12:39.445000Z</time>
      </trkpt>
      <trkpt lat="39.8698678" lon="116.6517666">
        <ele>24.45482</ele>
        <time>2026-09-12T23:12:43.426000Z</time>
      </trkpt>
      <trkpt lat="39.869967" lon="116.6517734">
        <ele>24.46301</ele>
        <time>2026-09-12T23:12:47.407000Z</time>
      </trkpt>
      <trkpt lat="39.870061" lon="116.6517838">
        <ele>24.45825</ele>
        <time>2026-09-12T23:12:51.387000Z</time>
      </trkpt>
      <trkpt lat="39.8701598" lon="116.651794">
        <ele>24.43843</ele>
        <time>2026-09-12T23:12:55.368000Z</time>
      </trkpt>
      <trkpt lat="39.8702675" lon="116.6517968">
        <ele>24.43509</ele>
        <time>2026-09-12T23:12:59.349000Z</time>
      </trkpt>
      <trkpt lat="39.8703734" lon="116.6517912">
        <ele>24.42962</ele>
        <time>2026-09-12T23:13:03.330000Z</time>
      </trkpt>
      <trkpt lat="39.8704755" lon="116.6517901">
        <ele>24.41784</ele>
        <time>2026-09-12T23:13:07.311000Z</time>
      </trkpt>
      <trkpt lat="39.8705744" lon="116.6517982">
        <ele>24.42051</ele>
        <time>2026-09-12T23:13:11.291000Z</time>
      </trkpt>
      <trkpt lat="39.8706769" lon="116.6518032">
        <ele>24.44136</ele>
        <time>2026-09-12T23:13:15.272000Z</time>
      </trkpt>
      <trkpt lat="39.8707786" lon="116.6518038">
        <ele>24.44408</ele>
        <time>2026-09-12T23:13:19.253000Z</time>
      </trkpt>
      <trkpt lat="39.8708815" lon="116.6518003">
        <ele>24.40669</ele>
        <time>2026-09-12T23:13:23.234000Z</time>
      </trkpt>
      <trkpt lat="39.8709851" lon="116.6517911">
        <ele>24.31825</ele>
        <time>2026-09-12T23:13:27.215000Z</time>
      </trkpt>
      <trkpt lat="39.8710887" lon="116.65179">
        <ele>24.1075</ele>
        <time>2026-09-12T23:13:31.196000Z</time>
      </trkpt>
      <trkpt lat="39.8711849" lon="116.6517889">
        <ele>23.79201</ele>
        <time>2026-09-12T23:13:35Z</time>
      </trkpt>
      <trkpt lat="39.8712873" lon="116.6517856">
        <ele>23.57113</ele>
        <time>2026-09-12T23:13:39Z</time>
      </trkpt>
      <trkpt lat="39.8713918" lon="116.6517907">
        <ele>23.50254</ele>
        <time>2026-09-12T23:13:43Z</time>
      </trkpt>
      <trkpt lat="39.8714958" lon="116.6517964">
        <ele>23.48439</ele>
        <time>2026-09-12T23:13:47Z</time>
      </trkpt>
      <trkpt lat="39.8716016" lon="116.6517932">
        <ele>23.48228</ele>
        <time>2026-09-12T23:13:51Z</time>
      </trkpt>
      <trkpt lat="39.8717076" lon="116.6517876">
        <ele>23.48241</ele>
        <time>2026-09-12T23:13:55Z</time>
      </trkpt>
      <trkpt lat="39.8718144" lon="116.6517801">
        <ele>23.4702</ele>
        <time>2026-09-12T23:13:59Z</time>
      </trkpt>
      <trkpt lat="39.8719201" lon="116.6517732">
        <ele>23.49429</ele>
        <time>2026-09-12T23:14:03Z</time>
      </trkpt>
      <trkpt lat="39.8720246" lon="116.6517761">
        <ele>23.59598</ele>
        <time>2026-09-12T23:14:07Z</time>
      </trkpt>
      <trkpt lat="39.8721334" lon="116.6517814">
        <ele>23.81935</ele>
        <time>2026-09-12T23:14:11Z</time>
      </trkpt>
      <trkpt lat="39.8722401" lon="116.6517842">
        <ele>24.27688</ele>
        <time>2026-09-12T23:14:14.985000Z</time>
      </trkpt>
      <trkpt lat="39.8723489" lon="116.6517871">
        <ele>24.71613</ele>
        <time>2026-09-12T23:14:18.966000Z</time>
      </trkpt>
      <trkpt lat="39.8724584" lon="116.651787">
        <ele>24.98972</ele>
        <time>2026-09-12T23:14:22.947000Z</time>
      </trkpt>
      <trkpt lat="39.872567" lon="116.6517847">
        <ele>25.13596</ele>
        <time>2026-09-12T23:14:26.928000Z</time>
      </trkpt>
      <trkpt lat="39.8726799" lon="116.6517879">
        <ele>25.20913</ele>
        <time>2026-09-12T23:14:30.909000Z</time>
      </trkpt>
      <trkpt lat="39.8727914" lon="116.6517964">
        <ele>25.22389</ele>
        <time>2026-09-12T23:14:34.889000Z</time>
      </trkpt>
      <trkpt lat="39.8728956" lon="116.6518081">
        <ele>25.17854</ele>
        <time>2026-09-12T23:14:38.870000Z</time>
      </trkpt>
      <trkpt lat="39.8729984" lon="116.6518139">
        <ele>25.11353</ele>
        <time>2026-09-12T23:14:42.851000Z</time>
      </trkpt>
      <trkpt lat="39.8731043" lon="116.6518069">
        <ele>25.06131</ele>
        <time>2026-09-12T23:14:46.832000Z</time>
      </trkpt>
      <trkpt lat="39.8732105" lon="116.6517941">
        <ele>25.03122</ele>
        <time>2026-09-12T23:14:50.813000Z</time>
      </trkpt>
      <trkpt lat="39.8733161" lon="116.6517892">
        <ele>24.98062</ele>
        <time>2026-09-12T23:14:54.794000Z</time>
      </trkpt>
      <trkpt lat="39.8734196" lon="116.6517826">
        <ele>24.90768</ele>
        <time>2026-09-12T23:14:58.775000Z</time>
      </trkpt>
      <trkpt lat="39.8735189" lon="116.6517634">
        <ele>24.85128</ele>
        <time>2026-09-12T23:15:02.755000Z</time>
      </trkpt>
      <trkpt lat="39.8736164" lon="116.6517472">
        <ele>24.81697</ele>
        <time>2026-09-12T23:15:06.736000Z</time>
      </trkpt>
      <trkpt lat="39.8737171" lon="116.651743">
        <ele>24.80305</ele>
        <time>2026-09-12T23:15:10.717000Z</time>
      </trkpt>
      <trkpt lat="39.8738209" lon="116.6517487">
        <ele>24.80527</ele>
        <time>2026-09-12T23:15:14.698000Z</time>
      </trkpt>
      <trkpt lat="39.8739308" lon="116.6517553">
        <ele>24.85116</ele>
        <time>2026-09-12T23:15:18.679000Z</time>
      </trkpt>
      <trkpt lat="39.8740415" lon="116.6517613">
        <ele>24.92689</ele>
        <time>2026-09-12T23:15:22.660000Z</time>
      </trkpt>
      <trkpt lat="39.8741353" lon="116.6517837">
        <ele>25.03876</ele>
        <time>2026-09-12T23:15:26.641000Z</time>
      </trkpt>
      <trkpt lat="39.8742051" lon="116.6518743">
        <ele>25.1853</ele>
        <time>2026-09-12T23:15:31.617000Z</time>
      </trkpt>
      <trkpt lat="39.8742545" lon="116.651991">
        <ele>25.20083</ele>
        <time>2026-09-12T23:15:35.598000Z</time>
      </trkpt>
      <trkpt lat="39.8742823" lon="116.652119">
        <ele>25.10788</ele>
        <time>2026-09-12T23:15:39.578000Z</time>
      </trkpt>
      <trkpt lat="39.8742946" lon="116.6522487">
        <ele>24.94894</ele>
        <time>2026-09-12T23:15:43.559000Z</time>
      </trkpt>
      <trkpt lat="39.8742959" lon="116.6523809">
        <ele>24.77224</ele>
        <time>2026-09-12T23:15:47.540000Z</time>
      </trkpt>
      <trkpt lat="39.8742983" lon="116.6525151">
        <ele>24.60866</ele>
        <time>2026-09-12T23:15:51.521000Z</time>
      </trkpt>
      <trkpt lat="39.8742997" lon="116.6526514">
        <ele>24.46947</ele>
        <time>2026-09-12T23:15:55.502000Z</time>
      </trkpt>
      <trkpt lat="39.8742996" lon="116.6527887">
        <ele>24.37716</ele>
        <time>2026-09-12T23:15:59.483000Z</time>
      </trkpt>
      <trkpt lat="39.8743028" lon="116.6529261">
        <ele>24.37657</ele>
        <time>2026-09-12T23:16:03.464000Z</time>
      </trkpt>
      <trkpt lat="39.8743125" lon="116.6530637">
        <ele>24.45358</ele>
        <time>2026-09-12T23:16:07.444000Z</time>
      </trkpt>
      <trkpt lat="39.8743217" lon="116.6531997">
        <ele>24.53967</ele>
        <time>2026-09-12T23:16:11.425000Z</time>
      </trkpt>
      <trkpt lat="39.8743317" lon="116.6533357">
        <ele>24.60075</ele>
        <time>2026-09-12T23:16:15.406000Z</time>
      </trkpt>
      <trkpt lat="39.8743458" lon="116.6534742">
        <ele>24.6315</ele>
        <time>2026-09-12T23:16:19.387000Z</time>
      </trkpt>
      <trkpt lat="39.8743487" lon="116.6536104">
        <ele>24.65578</ele>
        <time>2026-09-12T23:16:23.368000Z</time>
      </trkpt>
      <trkpt lat="39.8743401" lon="116.6537462">
        <ele>24.70471</ele>
        <time>2026-09-12T23:16:27.349000Z</time>
      </trkpt>
      <trkpt lat="39.874336" lon="116.6538795">
        <ele>24.77029</ele>
        <time>2026-09-12T23:16:31.330000Z</time>
      </trkpt>
      <trkpt lat="39.8743393" lon="116.65401">
        <ele>24.83973</ele>
        <time>2026-09-12T23:16:35.311000Z</time>
      </trkpt>
      <trkpt lat="39.8743441" lon="116.6541377">
        <ele>24.9111</ele>
        <time>2026-09-12T23:16:39.291000Z</time>
      </trkpt>
      <trkpt lat="39.8743497" lon="116.6542656">
        <ele>24.90037</ele>
        <time>2026-09-12T23:16:43.272000Z</time>
      </trkpt>
      <trkpt lat="39.8743489" lon="116.6543931">
        <ele>24.81979</ele>
        <time>2026-09-12T23:16:47.253000Z</time>
      </trkpt>
      <trkpt lat="39.8743481" lon="116.6545235">
        <ele>24.66591</ele>
        <time>2026-09-12T23:16:51.234000Z</time>
      </trkpt>
      <trkpt lat="39.8743467" lon="116.6546587">
        <ele>24.38846</ele>
        <time>2026-09-12T23:16:55.215000Z</time>
      </trkpt>
      <trkpt lat="39.8743527" lon="116.6547904">
        <ele>24.12236</ele>
        <time>2026-09-12T23:16:59.196000Z</time>
      </trkpt>
      <trkpt lat="39.8743705" lon="116.6549149">
        <ele>24.27541</ele>
        <time>2026-09-12T23:17:03.177000Z</time>
      </trkpt>
      <trkpt lat="39.8743825" lon="116.6550477">
        <ele>24.65731</ele>
        <time>2026-09-12T23:17:07.158000Z</time>
      </trkpt>
      <trkpt lat="39.874386" lon="116.6551843">
        <ele>24.9296</ele>
        <time>2026-09-12T23:17:11.139000Z</time>
      </trkpt>
      <trkpt lat="39.8743852" lon="116.655323">
        <ele>24.94248</ele>
        <time>2026-09-12T23:17:15.119000Z</time>
      </trkpt>
      <trkpt lat="39.8743838" lon="116.6554655">
        <ele>24.66089</ele>
        <time>2026-09-12T23:17:19.100000Z</time>
      </trkpt>
      <trkpt lat="39.874379" lon="116.6556061">
        <ele>24.05209</ele>
        <time>2026-09-12T23:17:23.081000Z</time>
      </trkpt>
      <trkpt lat="39.8743688" lon="116.6557439">
        <ele>23.12379</ele>
        <time>2026-09-12T23:17:27.062000Z</time>
      </trkpt>
      <trkpt lat="39.8743546" lon="116.6558775">
        <ele>22.37088</ele>
        <time>2026-09-12T23:17:31Z</time>
      </trkpt>
      <trkpt lat="39.8743496" lon="116.6560127">
        <ele>22.21327</ele>
        <time>2026-09-12T23:17:35Z</time>
      </trkpt>
      <trkpt lat="39.8743531" lon="116.6561511">
        <ele>22.70511</ele>
        <time>2026-09-12T23:17:39Z</time>
      </trkpt>
      <trkpt lat="39.8743541" lon="116.656287">
        <ele>23.78147</ele>
        <time>2026-09-12T23:17:42.986000Z</time>
      </trkpt>
      <trkpt lat="39.8743519" lon="116.6564196">
        <ele>24.67531</ele>
        <time>2026-09-12T23:17:46.967000Z</time>
      </trkpt>
      <trkpt lat="39.8743449" lon="116.6565417">
        <ele>25.1611</ele>
        <time>2026-09-12T23:17:50.948000Z</time>
      </trkpt>
      <trkpt lat="39.8743457" lon="116.6566674">
        <ele>25.35967</ele>
        <time>2026-09-12T23:17:54.929000Z</time>
      </trkpt>
      <trkpt lat="39.874348" lon="116.656795">
        <ele>25.42163</ele>
        <time>2026-09-12T23:17:58.909000Z</time>
      </trkpt>
      <trkpt lat="39.8743626" lon="116.656918">
        <ele>25.43947</ele>
        <time>2026-09-12T23:18:02.890000Z</time>
      </trkpt>
      <trkpt lat="39.8743815" lon="116.6570491">
        <ele>25.48623</ele>
        <time>2026-09-12T23:18:06.871000Z</time>
      </trkpt>
      <trkpt lat="39.8743859" lon="116.6571863">
        <ele>25.54578</ele>
        <time>2026-09-12T23:18:10.852000Z</time>
      </trkpt>
      <trkpt lat="39.8743782" lon="116.657326">
        <ele>25.56796</ele>
        <time>2026-09-12T23:18:14.833000Z</time>
      </trkpt>
      <trkpt lat="39.874368" lon="116.6574649">
        <ele>25.58586</ele>
        <time>2026-09-12T23:18:18.814000Z</time>
      </trkpt>
      <trkpt lat="39.8743581" lon="116.6576049">
        <ele>25.54884</ele>
        <time>2026-09-12T23:18:22.795000Z</time>
      </trkpt>
      <trkpt lat="39.8743488" lon="116.6577481">
        <ele>25.44351</ele>
        <time>2026-09-12T23:18:26.776000Z</time>
      </trkpt>
      <trkpt lat="39.8743457" lon="116.6578914">
        <ele>25.23868</ele>
        <time>2026-09-12T23:18:30.757000Z</time>
      </trkpt>
      <trkpt lat="39.8743514" lon="116.6580342">
        <ele>24.96439</ele>
        <time>2026-09-12T23:18:34.738000Z</time>
      </trkpt>
      <trkpt lat="39.8743616" lon="116.6581767">
        <ele>24.679</ele>
        <time>2026-09-12T23:18:38.719000Z</time>
      </trkpt>
      <trkpt lat="39.8743718" lon="116.6583182">
        <ele>24.42188</ele>
        <time>2026-09-12T23:18:42.700000Z</time>
      </trkpt>
      <trkpt lat="39.8743779" lon="116.6584656">
        <ele>24.21177</ele>
        <time>2026-09-12T23:18:46.681000Z</time>
      </trkpt>
      <trkpt lat="39.8743686" lon="116.6586087">
        <ele>24.07023</ele>
        <time>2026-09-12T23:18:50.662000Z</time>
      </trkpt>
      <trkpt lat="39.874326" lon="116.6587377">
        <ele>24.0471</ele>
        <time>2026-09-12T23:18:54.642000Z</time>
      </trkpt>
      <trkpt lat="39.8742366" lon="116.65881">
        <ele>24.15018</ele>
        <time>2026-09-12T23:18:58.623000Z</time>
      </trkpt>
      <trkpt lat="39.8741286" lon="116.6588131">
        <ele>24.28335</ele>
        <time>2026-09-12T23:19:02.604000Z</time>
      </trkpt>
      <trkpt lat="39.8740204" lon="116.6587893">
        <ele>24.40602</ele>
        <time>2026-09-12T23:19:06.585000Z</time>
      </trkpt>
      <trkpt lat="39.8739103" lon="116.6587616">
        <ele>24.54803</ele>
        <time>2026-09-12T23:19:10.566000Z</time>
      </trkpt>
      <trkpt lat="39.8738025" lon="116.6587328">
        <ele>24.72019</ele>
        <time>2026-09-12T23:19:14.547000Z</time>
      </trkpt>
      <trkpt lat="39.8736977" lon="116.6587022">
        <ele>24.88812</ele>
        <time>2026-09-12T23:19:18.528000Z</time>
      </trkpt>
      <trkpt lat="39.8735936" lon="116.6586672">
        <ele>24.97874</ele>
        <time>2026-09-12T23:19:22.509000Z</time>
      </trkpt>
      <trkpt lat="39.8734922" lon="116.6586361">
        <ele>24.96857</ele>
        <time>2026-09-12T23:19:26.490000Z</time>
      </trkpt>
      <trkpt lat="39.8733891" lon="116.6586034">
        <ele>24.90153</ele>
        <time>2026-09-12T23:19:30.471000Z</time>
      </trkpt>
      <trkpt lat="39.873288" lon="116.6585618">
        <ele>24.81219</ele>
        <time>2026-09-12T23:19:34.452000Z</time>
      </trkpt>
      <trkpt lat="39.8731835" lon="116.6585163">
        <ele>24.73079</ele>
        <time>2026-09-12T23:19:38.433000Z</time>
      </trkpt>
      <trkpt lat="39.8730766" lon="116.6584809">
        <ele>24.70819</ele>
        <time>2026-09-12T23:19:42.414000Z</time>
      </trkpt>
      <trkpt lat="39.8729732" lon="116.6584548">
        <ele>24.79082</ele>
        <time>2026-09-12T23:19:46.395000Z</time>
      </trkpt>
      <trkpt lat="39.8728708" lon="116.6584246">
        <ele>24.98859</ele>
        <time>2026-09-12T23:19:50.376000Z</time>
      </trkpt>
      <trkpt lat="39.8727646" lon="116.6583817">
        <ele>25.22867</ele>
        <time>2026-09-12T23:19:54.357000Z</time>
      </trkpt>
      <trkpt lat="39.8726572" lon="116.6583473">
        <ele>25.43328</ele>
        <time>2026-09-12T23:19:58.338000Z</time>
      </trkpt>
      <trkpt lat="39.8725532" lon="116.6583115">
        <ele>25.56184</ele>
        <time>2026-09-12T23:20:02.319000Z</time>
      </trkpt>
      <trkpt lat="39.8724587" lon="116.6582765">
        <ele>25.59389</ele>
        <time>2026-09-12T23:20:06.300000Z</time>
      </trkpt>
      <trkpt lat="39.872356" lon="116.6582422">
        <ele>25.55786</ele>
        <time>2026-09-12T23:20:10.281000Z</time>
      </trkpt>
      <trkpt lat="39.8722494" lon="116.6582125">
        <ele>25.42028</ele>
        <time>2026-09-12T23:20:14.262000Z</time>
      </trkpt>
      <trkpt lat="39.8721444" lon="116.6581833">
        <ele>25.11805</ele>
        <time>2026-09-12T23:20:18.243000Z</time>
      </trkpt>
      <trkpt lat="39.8720423" lon="116.6581587">
        <ele>24.5767</ele>
        <time>2026-09-12T23:20:22.224000Z</time>
      </trkpt>
      <trkpt lat="39.8719431" lon="116.6581192">
        <ele>23.78772</ele>
        <time>2026-09-12T23:20:26.205000Z</time>
      </trkpt>
      <trkpt lat="39.8718461" lon="116.6580742">
        <ele>23.0729</ele>
        <time>2026-09-12T23:20:30Z</time>
      </trkpt>
      <trkpt lat="39.8717425" lon="116.6580311">
        <ele>22.76315</ele>
        <time>2026-09-12T23:20:34Z</time>
      </trkpt>
      <trkpt lat="39.8716349" lon="116.6579965">
        <ele>22.69989</ele>
        <time>2026-09-12T23:20:38Z</time>
      </trkpt>
      <trkpt lat="39.8715256" lon="116.6579632">
        <ele>22.65593</ele>
        <time>2026-09-12T23:20:42Z</time>
      </trkpt>
      <trkpt lat="39.8714185" lon="116.6579276">
        <ele>22.61259</ele>
        <time>2026-09-12T23:20:46Z</time>
      </trkpt>
      <trkpt lat="39.8713102" lon="116.6578985">
        <ele>22.59891</ele>
        <time>2026-09-12T23:20:50Z</time>
      </trkpt>
      <trkpt lat="39.8712001" lon="116.6578677">
        <ele>22.58207</ele>
        <time>2026-09-12T23:20:54Z</time>
      </trkpt>
      <trkpt lat="39.8710932" lon="116.657839">
        <ele>22.55552</ele>
        <time>2026-09-12T23:20:58Z</time>
      </trkpt>
      <trkpt lat="39.8709834" lon="116.6578095">
        <ele>22.54684</ele>
        <time>2026-09-12T23:21:02Z</time>
      </trkpt>
      <trkpt lat="39.8708735" lon="116.6577781">
        <ele>22.78426</ele>
        <time>2026-09-12T23:21:06Z</time>
      </trkpt>
      <trkpt lat="39.8707672" lon="116.6577523">
        <ele>23.66766</ele>
        <time>2026-09-12T23:21:09.996000Z</time>
      </trkpt>
      <trkpt lat="39.8706646" lon="116.6577214">
        <ele>24.83635</ele>
        <time>2026-09-12T23:21:13.977000Z</time>
      </trkpt>
      <trkpt lat="39.8705682" lon="116.6576708">
        <ele>25.66758</ele>
        <time>2026-09-12T23:21:17.958000Z</time>
      </trkpt>
      <trkpt lat="39.8704735" lon="116.6576094">
        <ele>26.11029</ele>
        <time>2026-09-12T23:21:21.939000Z</time>
      </trkpt>
      <trkpt lat="39.8703761" lon="116.6575615">
        <ele>26.30281</ele>
        <time>2026-09-12T23:21:25.920000Z</time>
      </trkpt>
      <trkpt lat="39.8702653" lon="116.6575162">
        <ele>26.38726</ele>
        <time>2026-09-12T23:21:29.901000Z</time>
      </trkpt>
      <trkpt lat="39.8701527" lon="116.6574809">
        <ele>26.41032</ele>
        <time>2026-09-12T23:21:33.882000Z</time>
      </trkpt>
      <trkpt lat="39.8700392" lon="116.6574542">
        <ele>26.38723</ele>
        <time>2026-09-12T23:21:37.863000Z</time>
      </trkpt>
      <trkpt lat="39.8699341" lon="116.6574325">
        <ele>26.3561</ele>
        <time>2026-09-12T23:21:41.844000Z</time>
      </trkpt>
      <trkpt lat="39.869829" lon="116.6574589">
        <ele>26.35447</ele>
        <time>2026-09-12T23:21:46.821000Z</time>
      </trkpt>
      <trkpt lat="39.869798" lon="116.6575948">
        <ele>26.44706</ele>
        <time>2026-09-12T23:21:51.797000Z</time>
      </trkpt>
      <trkpt lat="39.8698188" lon="116.657709">
        <ele>26.55658</ele>
        <time>2026-09-12T23:21:55.778000Z</time>
      </trkpt>
      <trkpt lat="39.8698816" lon="116.6578154">
        <ele>26.68514</ele>
        <time>2026-09-12T23:22:00.754000Z</time>
      </trkpt>
      <trkpt lat="39.8699698" lon="116.6578624">
        <ele>26.73186</ele>
        <time>2026-09-12T23:22:04.735000Z</time>
      </trkpt>
      <trkpt lat="39.8700631" lon="116.6578999">
        <ele>26.74984</ele>
        <time>2026-09-12T23:22:08.717000Z</time>
      </trkpt>
      <trkpt lat="39.8701519" lon="116.6579252">
        <ele>26.76753</ele>
        <time>2026-09-12T23:22:12.698000Z</time>
      </trkpt>
      <trkpt lat="39.8702426" lon="116.6579389">
        <ele>26.78854</ele>
        <time>2026-09-12T23:22:16.679000Z</time>
      </trkpt>
      <trkpt lat="39.8703344" lon="116.6579701">
        <ele>26.79481</ele>
        <time>2026-09-12T23:22:20.660000Z</time>
      </trkpt>
      <trkpt lat="39.8704287" lon="116.6580058">
        <ele>26.76853</ele>
        <time>2026-09-12T23:22:24.641000Z</time>
      </trkpt>
      <trkpt lat="39.8705313" lon="116.6580489">
        <ele>26.7197</ele>
        <time>2026-09-12T23:22:29.617000Z</time>
      </trkpt>
      <trkpt lat="39.8706197" lon="116.6580718">
        <ele>26.70336</ele>
        <time>2026-09-12T23:22:34.594000Z</time>
      </trkpt>
      <trkpt lat="39.870713" lon="116.6580859">
        <ele>26.73699</ele>
        <time>2026-09-12T23:22:38.575000Z</time>
      </trkpt>
      <trkpt lat="39.8708096" lon="116.6581146">
        <ele>26.77654</ele>
        <time>2026-09-12T23:22:42.556000Z</time>
      </trkpt>
      <trkpt lat="39.8709137" lon="116.6581535">
        <ele>26.83229</ele>
        <time>2026-09-12T23:22:47.532000Z</time>
      </trkpt>
    </trkseg>
  </trk>
</gpx>