<?xml version="1.0" encoding="UTF-8"?>
<gpx xmlns="http://www.topografix.com/GPX/1/1" xmlns:gpxtpx="http://www.garmin.com/xmlschemas/TrackPointExtension/v1" xmlns:xsi="http://www.w3.org/2001/XMLSchema-instance" xsi:schemaLocation="http://www.topografix.com/GPX/1/1 http://www.topografix.com/GPX/1/1/gpx.xsd" version="1.1" creator="gpx.py -- https://github.com/tkrajina/gpxpy">
  <trk>
    <name>gpx from codoon</name>
    <type>Run</type>
    <trkseg>
      <trkpt lat="39.8735759" lon="116.6657864">
        <ele>23.07006</ele>
        <time>2026-09-11T22:30:35.081000Z</time>
      </trkpt>
      <trkpt lat="39.8736714" lon="116.6657871">
        <ele>23.07743</ele>
        <time>2026-09-11T22:30:40.273000Z</time>
      </trkpt>
      <trkpt lat="39.8737743" lon="116.6657562">
        <ele>23.09464</ele>
        <time>2026-09-11T22:30:45.250000Z</time>
      </trkpt>
      <trkpt lat="39.8738599" lon="116.6657138">
        <ele>23.12474</ele>
        <time>2026-09-11T22:30:49.231000Z</time>
      </trkpt>
      <trkpt lat="39.873951" lon="116.6656617">
        <ele>23.18648</ele>
        <time>2026-09-11T22:30:53.213000Z</time>
      </trkpt>
      <trkpt lat="39.8740414" lon="116.6656083">
        <ele>23.2941</ele>
        <time>2026-09-11T22:30:57.197000Z</time>
      </trkpt>
      <trkpt lat="39.8741288" lon="116.6655774">
        <ele>23.41741</ele>
        <time>2026-09-11T22:31:01.180000Z</time>
      </trkpt>
      <trkpt lat="39.8742176" lon="116.6655406">
        <ele>23.54752</ele>
        <time>2026-09-11T22:31:05.162000Z</time>
      </trkpt>
      <trkpt lat="39.8743119" lon="116.6654981">
        <ele>23.68278</ele>
        <time>2026-09-11T22:31:09.144000Z</time>
      </trkpt>
      <trkpt lat="39.87441" lon="116.6654635">
        <ele>23.7664</ele>
        <time>2026-09-11T22:31:13.126000Z</time>
      </trkpt>
      <trkpt lat="39.8745017" lon="116.6654842">
        <ele>23.80657</ele>
        <time>2026-09-11T22:31:17.108000Z</time>
      </trkpt>
      <trkpt lat="39.8745623" lon="116.6655939">
        <ele>23.80974</ele>
        <time>2026-09-11T22:31:21.089000Z</time>
      </trkpt>
      <trkpt lat="39.8745968" lon="116.6657246">
        <ele>23.79152</ele>
        <time>2026-09-11T22:31:25.070000Z</time>
      </trkpt>
      <trkpt lat="39.8746277" lon="116.6658504">
        <ele>23.80867</ele>
        <time>2026-09-11T22:31:29.052000Z</time>
      </trkpt>
      <trkpt lat="39.8746679" lon="116.6659764">
        <ele>23.84842</ele>
        <time>2026-09-11T22:31:32.999000Z</time>
      </trkpt>
      <trkpt lat="39.8747203" lon="116.6660992">
        <ele>23.80783</ele>
        <time>2026-09-11T22:31:36.999000Z</time>
      </trkpt>
      <trkpt lat="39.8747842" lon="116.6662108">
        <ele>23.56388</ele>
        <time>2026-09-11T22:31:40.995000Z</time>
      </trkpt>
      <trkpt lat="39.8748555" lon="116.6663162">
        <ele>23.22733</ele>
        <time>2026-09-11T22:31:44.976000Z</time>
      </trkpt>
      <trkpt lat="39.8749202" lon="116.6664361">
        <ele>22.96951</ele>
        <time>2026-09-11T22:31:48.957000Z</time>
      </trkpt>
      <trkpt lat="39.8749824" lon="116.6665549">
        <ele>22.79347</ele>
        <time>2026-09-11T22:31:52.938000Z</time>
      </trkpt>
      <trkpt lat="39.8750462" lon="116.6666718">
        <ele>22.67157</ele>
        <time>2026-09-11T22:31:56.919000Z</time>
      </trkpt>
      <trkpt lat="39.875113" lon="116.6667843">
        <ele>22.59228</ele>
        <time>2026-09-11T22:32:00.900000Z</time>
      </trkpt>
      <trkpt lat="39.875183" lon="116.6668941">
        <ele>22.55948</ele>
        <time>2026-09-11T22:32:04.881000Z</time>
      </trkpt>
      <trkpt lat="39.8752559" lon="116.6669997">
        <ele>22.57609</ele>
        <time>2026-09-11T22:32:08.862000Z</time>
      </trkpt>
      <trkpt lat="39.8753306" lon="116.6671009">
        <ele>22.64855</ele>
        <time>2026-09-11T22:32:12.843000Z</time>
      </trkpt>
      <trkpt lat="39.8754076" lon="116.6671982">
        <ele>22.77258</ele>
        <time>2026-09-11T22:32:16.824000Z</time>
      </trkpt>
      <trkpt lat="39.8754809" lon="116.6672979">
        <ele>22.91825</ele>
        <time>2026-09-11T22:32:20.805000Z</time>
      </trkpt>
      <trkpt lat="39.8755513" lon="116.6673997">
        <ele>23.0414</ele>
        <time>2026-09-11T22:32:24.786000Z</time>
      </trkpt>
      <trkpt lat="39.8756211" lon="116.6675023">
        <ele>23.12583</ele>
        <time>2026-09-11T22:32:28.767000Z</time>
      </trkpt>
      <trkpt lat="39.8756892" lon="116.6676063">
        <ele>23.18527</ele>
        <time>2026-09-11T22:32:32.748000Z</time>
      </trkpt>
      <trkpt lat="39.8757616" lon="116.6677052">
        <ele>23.22901</ele>
        <time>2026-09-11T22:32:36.728000Z</time>
      </trkpt>
      <trkpt lat="39.8758387" lon="116.667798">
        <ele>23.26511</ele>
        <time>2026-09-11T22:32:40.709000Z</time>
      </trkpt>
      <trkpt lat="39.8759134" lon="116.6678956">
        <ele>23.29818</ele>
        <time>2026-09-11T22:32:44.690000Z</time>
      </trkpt>
      <trkpt lat="39.8759816" lon="116.6679993">
        <ele>23.31812</ele>
        <time>2026-09-11T22:32:48.671000Z</time>
      </trkpt>
      <trkpt lat="39.8760507" lon="116.6681003">
        <ele>23.32532</ele>
        <time>2026-09-11T22:32:52.652000Z</time>
      </trkpt>
      <trkpt lat="39.8761211" lon="116.668201">
        <ele>23.33586</ele>
        <time>2026-09-11T22:32:56.633000Z</time>
      </trkpt>
      <trkpt lat="39.8762011" lon="116.6682838">
        <ele>23.34638</ele>
        <time>2026-09-11T22:33:00.614000Z</time>
      </trkpt>
      <trkpt lat="39.8762813" lon="116.6683688">
        <ele>23.3431</ele>
        <time>2026-09-11T22:33:04.595000Z</time>
      </trkpt>
      <trkpt lat="39.8763559" lon="116.6684667">
        <ele>23.3243</ele>
        <time>2026-09-11T22:33:08.575000Z</time>
      </trkpt>
      <trkpt lat="39.8764265" lon="116.6685745">
        <ele>23.31075</ele>
        <time>2026-09-11T22:33:12.556000Z</time>
      </trkpt>
      <trkpt lat="39.8765028" lon="116.6686827">
        <ele>23.32059</ele>
        <time>2026-09-11T22:33:16.537000Z</time>
      </trkpt>
      <trkpt lat="39.8765846" lon="116.6687869">
        <ele>23.37275</ele>
        <time>2026-09-11T22:33:20.518000Z</time>
      </trkpt>
      <trkpt lat="39.8766674" lon="116.6688852">
        <ele>23.49232</ele>
        <time>2026-09-11T22:33:24.499000Z</time>
      </trkpt>
      <trkpt lat="39.8767493" lon="116.6689821">
        <ele>23.6649</ele>
        <time>2026-09-11T22:33:28.480000Z</time>
      </trkpt>
      <trkpt lat="39.8768289" lon="116.6690862">
        <ele>23.85754</ele>
        <time>2026-09-11T22:33:32.460000Z</time>
      </trkpt>
      <trkpt lat="39.8768967" lon="116.6692041">
        <ele>24.03716</ele>
        <time>2026-09-11T22:33:36.441000Z</time>
      </trkpt>
      <trkpt lat="39.8769505" lon="116.6693341">
        <ele>24.19784</ele>
        <time>2026-09-11T22:33:40.422000Z</time>
      </trkpt>
      <trkpt lat="39.8769936" lon="116.6694689">
        <ele>24.34173</ele>
        <time>2026-09-11T22:33:44.403000Z</time>
      </trkpt>
      <trkpt lat="39.8770042" lon="116.6696111">
        <ele>24.4717</ele>
        <time>2026-09-11T22:33:48.383000Z</time>
      </trkpt>
      <trkpt lat="39.8769672" lon="116.6697339">
        <ele>24.56218</ele>
        <time>2026-09-11T22:33:52.364000Z</time>
      </trkpt>
      <trkpt lat="39.8769028" lon="116.6698327">
        <ele>24.58246</ele>
        <time>2026-09-11T22:33:56.345000Z</time>
      </trkpt>
      <trkpt lat="39.8768352" lon="116.6699231">
        <ele>24.54874</ele>
        <time>2026-09-11T22:34:00.326000Z</time>
      </trkpt>
      <trkpt lat="39.8767694" lon="116.6700141">
        <ele>24.50672</ele>
        <time>2026-09-11T22:34:04.307000Z</time>
      </trkpt>
      <trkpt lat="39.8767036" lon="116.6701021">
        <ele>24.48858</ele>
        <time>2026-09-11T22:34:08.287000Z</time>
      </trkpt>
      <trkpt lat="39.876641" lon="116.6701872">
        <ele>24.46781</ele>
        <time>2026-09-11T22:34:12.268000Z</time>
      </trkpt>
      <trkpt lat="39.8765736" lon="116.6702688">
        <ele>24.41633</ele>
        <time>2026-09-11T22:34:16.249000Z</time>
      </trkpt>
      <trkpt lat="39.8764956" lon="116.6703477">
        <ele>24.35699</ele>
        <time>2026-09-11T22:34:20.230000Z</time>
      </trkpt>
      <trkpt lat="39.8764157" lon="116.6704251">
        <ele>24.30647</ele>
        <time>2026-09-11T22:34:24.210000Z</time>
      </trkpt>
      <trkpt lat="39.876342" lon="116.670502">
        <ele>24.2659</ele>
        <time>2026-09-11T22:34:28.191000Z</time>
      </trkpt>
      <trkpt lat="39.8762807" lon="116.6705969">
        <ele>24.21808</ele>
        <time>2026-09-11T22:34:32.172000Z</time>
      </trkpt>
      <trkpt lat="39.8762083" lon="116.6706783">
        <ele>24.1712</ele>
        <time>2026-09-11T22:34:36.153000Z</time>
      </trkpt>
      <trkpt lat="39.8761345" lon="116.6707553">
        <ele>24.13079</ele>
        <time>2026-09-11T22:34:40Z</time>
      </trkpt>
      <trkpt lat="39.8760559" lon="116.6708452">
        <ele>24.10504</ele>
        <time>2026-09-11T22:34:44Z</time>
      </trkpt>
      <trkpt lat="39.8759798" lon="116.6709345">
        <ele>24.08124</ele>
        <time>2026-09-11T22:34:48Z</time>
      </trkpt>
      <trkpt lat="39.8759037" lon="116.6710281">
        <ele>24.08366</ele>
        <time>2026-09-11T22:34:52Z</time>
      </trkpt>
      <trkpt lat="39.8758272" lon="116.6711246">
        <ele>24.09469</ele>
        <time>2026-09-11T22:34:56Z</time>
      </trkpt>
      <trkpt lat="39.8757509" lon="116.671217">
        <ele>24.10094</ele>
        <time>2026-09-11T22:35:00Z</time>
      </trkpt>
      <trkpt lat="39.8756737" lon="116.6713084">
        <ele>24.10585</ele>
        <time>2026-09-11T22:35:04.018000Z</time>
      </trkpt>
      <trkpt lat="39.8756002" lon="116.6714">
        <ele>24.08628</ele>
        <time>2026-09-11T22:35:07.998000Z</time>
      </trkpt>
      <trkpt lat="39.8755259" lon="116.6714915">
        <ele>24.03429</ele>
        <time>2026-09-11T22:35:11.979000Z</time>
      </trkpt>
      <trkpt lat="39.8754496" lon="116.6715804">
        <ele>23.96203</ele>
        <time>2026-09-11T22:35:15.960000Z</time>
      </trkpt>
      <trkpt lat="39.875372" lon="116.6716666">
        <ele>23.90997</ele>
        <time>2026-09-11T22:35:19.941000Z</time>
      </trkpt>
      <trkpt lat="39.875296" lon="116.6717562">
        <ele>23.92682</ele>
        <time>2026-09-11T22:35:23.921000Z</time>
      </trkpt>
      <trkpt lat="39.8752229" lon="116.6718484">
        <ele>24.00023</ele>
        <time>2026-09-11T22:35:27.902000Z</time>
      </trkpt>
      <trkpt lat="39.875154" lon="116.6719449">
        <ele>24.08086</ele>
        <time>2026-09-11T22:35:31.883000Z</time>
      </trkpt>
      <trkpt lat="39.8750879" lon="116.6720468">
        <ele>24.16378</ele>
        <time>2026-09-11T22:35:35.863000Z</time>
      </trkpt>
      <trkpt lat="39.8750198" lon="116.6721417">
        <ele>24.25825</ele>
        <time>2026-09-11T22:35:39.844000Z</time>
      </trkpt>
      <trkpt lat="39.8749449" lon="116.6722267">
        <ele>24.35954</ele>
        <time>2026-09-11T22:35:43.825000Z</time>
      </trkpt>
      <trkpt lat="39.8748718" lon="116.6723096">
        <ele>24.4797</ele>
        <time>2026-09-11T22:35:47.806000Z</time>
      </trkpt>
      <trkpt lat="39.874806" lon="116.6724063">
        <ele>24.62509</ele>
        <time>2026-09-11T22:35:51.786000Z</time>
      </trkpt>
      <trkpt lat="39.8747414" lon="116.6725024">
        <ele>24.7683</ele>
        <time>2026-09-11T22:35:55.767000Z</time>
      </trkpt>
      <trkpt lat="39.8746701" lon="116.6725844">
        <ele>24.89071</ele>
        <time>2026-09-11T22:35:59.748000Z</time>
      </trkpt>
      <trkpt lat="39.8745988" lon="116.6726696">
        <ele>24.99609</ele>
        <time>2026-09-11T22:36:03.728000Z</time>
      </trkpt>
      <trkpt lat="39.8745266" lon="116.6727599">
        <ele>25.10275</ele>
        <time>2026-09-11T22:36:07.709000Z</time>
      </trkpt>
      <trkpt lat="39.874456" lon="116.6728562">
        <ele>25.21767</ele>
        <time>2026-09-11T22:36:11.690000Z</time>
      </trkpt>
      <trkpt lat="39.8743879" lon="116.6729491">
        <ele>25.32842</ele>
        <time>2026-09-11T22:36:15.671000Z</time>
      </trkpt>
      <trkpt lat="39.8743177" lon="116.6730388">
        <ele>25.41708</ele>
        <time>2026-09-11T22:36:19.651000Z</time>
      </trkpt>
      <trkpt lat="39.8742431" lon="116.6731242">
        <ele>25.46707</ele>
        <time>2026-09-11T22:36:23.632000Z</time>
      </trkpt>
      <trkpt lat="39.8741756" lon="116.6732096">
        <ele>25.45402</ele>
        <time>2026-09-11T22:36:27.613000Z</time>
      </trkpt>
      <trkpt lat="39.87411" lon="116.6732908">
        <ele>25.36506</ele>
        <time>2026-09-11T22:36:31.593000Z</time>
      </trkpt>
      <trkpt lat="39.8740371" lon="116.673371">
        <ele>25.20587</ele>
        <time>2026-09-11T22:36:35.574000Z</time>
      </trkpt>
      <trkpt lat="39.8739605" lon="116.6734515">
        <ele>25.01985</ele>
        <time>2026-09-11T22:36:39.555000Z</time>
      </trkpt>
      <trkpt lat="39.8738847" lon="116.6735357">
        <ele>24.87035</ele>
        <time>2026-09-11T22:36:43.536000Z</time>
      </trkpt>
      <trkpt lat="39.8738084" lon="116.6736229">
        <ele>24.78546</ele>
        <time>2026-09-11T22:36:47.516000Z</time>
      </trkpt>
      <trkpt lat="39.8737308" lon="116.6737076">
        <ele>24.74979</ele>
        <time>2026-09-11T22:36:51.497000Z</time>
      </trkpt>
      <trkpt lat="39.8736484" lon="116.6737883">
        <ele>24.75869</ele>
        <time>2026-09-11T22:36:55.488000Z</time>
      </trkpt>
      <trkpt lat="39.8735681" lon="116.6738739">
        <ele>24.78876</ele>
        <time>2026-09-11T22:36:59.468000Z</time>
      </trkpt>
      <trkpt lat="39.873491" lon="116.6739591">
        <ele>24.8193</ele>
        <time>2026-09-11T22:37:03.449000Z</time>
      </trkpt>
      <trkpt lat="39.873412" lon="116.6740483">
        <ele>24.84765</ele>
        <time>2026-09-11T22:37:07.430000Z</time>
      </trkpt>
      <trkpt lat="39.8733322" lon="116.6741429">
        <ele>24.89312</ele>
        <time>2026-09-11T22:37:11.410000Z</time>
      </trkpt>
      <trkpt lat="39.8732527" lon="116.6742349">
        <ele>24.97628</ele>
        <time>2026-09-11T22:37:15.389000Z</time>
      </trkpt>
      <trkpt lat="39.8731709" lon="116.6743265">
        <ele>25.0662</ele>
        <time>2026-09-11T22:37:19.369000Z</time>
      </trkpt>
      <trkpt lat="39.8730877" lon="116.6744149">
        <ele>25.13789</ele>
        <time>2026-09-11T22:37:23.350000Z</time>
      </trkpt>
      <trkpt lat="39.8730072" lon="116.6745018">
        <ele>25.1946</ele>
        <time>2026-09-11T22:37:27.330000Z</time>
      </trkpt>
      <trkpt lat="39.87293" lon="116.6745859">
        <ele>25.17595</ele>
        <time>2026-09-11T22:37:31.310000Z</time>
      </trkpt>
      <trkpt lat="39.8728505" lon="116.6746646">
        <ele>25.03149</ele>
        <time>2026-09-11T22:37:35.291000Z</time>
      </trkpt>
      <trkpt lat="39.8727573" lon="116.6747012">
        <ele>24.78761</ele>
        <time>2026-09-11T22:37:39.271000Z</time>
      </trkpt>
      <trkpt lat="39.8726506" lon="116.674703">
        <ele>24.48714</ele>
        <time>2026-09-11T22:37:43.252000Z</time>
      </trkpt>
      <trkpt lat="39.8725513" lon="116.674704">
        <ele>24.20721</ele>
        <time>2026-09-11T22:37:47.232000Z</time>
      </trkpt>
      <trkpt lat="39.8724531" lon="116.6747054">
        <ele>23.99842</ele>
        <time>2026-09-11T22:37:51.213000Z</time>
      </trkpt>
      <trkpt lat="39.8723549" lon="116.6747234">
        <ele>23.9046</ele>
        <time>2026-09-11T22:37:55.194000Z</time>
      </trkpt>
      <trkpt lat="39.8722615" lon="116.6747556">
        <ele>23.89816</ele>
        <time>2026-09-11T22:37:59.174000Z</time>
      </trkpt>
      <trkpt lat="39.8721757" lon="116.6747921">
        <ele>23.8909</ele>
        <time>2026-09-11T22:38:02.996000Z</time>
      </trkpt>
      <trkpt lat="39.8720676" lon="116.6748261">
        <ele>23.85904</ele>
        <time>2026-09-11T22:38:07.996000Z</time>
      </trkpt>
      <trkpt lat="39.8719707" lon="116.6748794">
        <ele>23.86769</ele>
        <time>2026-09-11T22:38:12.996000Z</time>
      </trkpt>
      <trkpt lat="39.8720128" lon="116.6749925">
        <ele>23.92928</ele>
        <time>2026-09-11T22:38:17.996000Z</time>
      </trkpt>
      <trkpt lat="39.8721078" lon="116.6750589">
        <ele>24.00958</ele>
        <time>2026-09-11T22:38:22.063000Z</time>
      </trkpt>
      <trkpt lat="39.8722137" lon="116.675098">
        <ele>24.06794</ele>
        <time>2026-09-11T22:38:26.044000Z</time>
      </trkpt>
      <trkpt lat="39.8723241" lon="116.6751068">
        <ele>24.09143</ele>
        <time>2026-09-11T22:38:30.024000Z</time>
      </trkpt>
      <trkpt lat="39.8724323" lon="116.6750967">
        <ele>24.05766</ele>
        <time>2026-09-11T22:38:34.005000Z</time>
      </trkpt>
      <trkpt lat="39.8725355" lon="116.6750921">
        <ele>23.98517</ele>
        <time>2026-09-11T22:38:37.986000Z</time>
      </trkpt>
      <trkpt lat="39.8726217" lon="116.6751419">
        <ele>23.86043</ele>
        <time>2026-09-11T22:38:42.961000Z</time>
      </trkpt>
      <trkpt lat="39.8725958" lon="116.6752855">
        <ele>23.74399</ele>
        <time>2026-09-11T22:38:47.937000Z</time>
      </trkpt>
      <trkpt lat="39.8725323" lon="116.6754017">
        <ele>23.70968</ele>
        <time>2026-09-11T22:38:52.913000Z</time>
      </trkpt>
      <trkpt lat="39.8724761" lon="116.6755037">
        <ele>23.72872</ele>
        <time>2026-09-11T22:38:56.894000Z</time>
      </trkpt>
      <trkpt lat="39.8724181" lon="116.6756092">
        <ele>23.75845</ele>
        <time>2026-09-11T22:39:00.874000Z</time>
      </trkpt>
      <trkpt lat="39.8723617" lon="116.6757186">
        <ele>23.77401</ele>
        <time>2026-09-11T22:39:04.856000Z</time>
      </trkpt>
      <trkpt lat="39.8723038" lon="116.675832">
        <ele>23.76422</ele>
        <time>2026-09-11T22:39:08.837000Z</time>
      </trkpt>
      <trkpt lat="39.8722465" lon="116.6759455">
        <ele>23.75408</ele>
        <time>2026-09-11T22:39:12.819000Z</time>
      </trkpt>
      <trkpt lat="39.8721922" lon="116.6760584">
        <ele>23.77894</ele>
        <time>2026-09-11T22:39:16.800000Z</time>
      </trkpt>
      <trkpt lat="39.8721385" lon="116.676173">
        <ele>23.84694</ele>
        <time>2026-09-11T22:39:20.781000Z</time>
      </trkpt>
      <trkpt lat="39.8720851" lon="116.6762873">
        <ele>23.94472</ele>
        <time>2026-09-11T22:39:24.762000Z</time>
      </trkpt>
      <trkpt lat="39.872038" lon="116.6764018">
        <ele>24.05423</ele>
        <time>2026-09-11T22:39:28.743000Z</time>
      </trkpt>
      <trkpt lat="39.8719922" lon="116.6765191">
        <ele>24.14773</ele>
        <time>2026-09-11T22:39:32.724000Z</time>
      </trkpt>
      <trkpt lat="39.8719457" lon="116.6766351">
        <ele>24.21883</ele>
        <time>2026-09-11T22:39:36.705000Z</time>
      </trkpt>
      <trkpt lat="39.8718969" lon="116.6767491">
        <ele>24.26933</ele>
        <time>2026-09-11T22:39:40.685000Z</time>
      </trkpt>
      <trkpt lat="39.8718463" lon="116.6768627">
        <ele>24.29387</ele>
        <time>2026-09-11T22:39:44.666000Z</time>
      </trkpt>
      <trkpt lat="39.871797" lon="116.6769772">
        <ele>24.31125</ele>
        <time>2026-09-11T22:39:48.647000Z</time>
      </trkpt>
      <trkpt lat="39.8717491" lon="116.6770939">
        <ele>24.34281</ele>
        <time>2026-09-11T22:39:52.628000Z</time>
      </trkpt>
      <trkpt lat="39.8717032" lon="116.6772119">
        <ele>24.37968</ele>
        <time>2026-09-11T22:39:56.608000Z</time>
      </trkpt>
      <trkpt lat="39.8716617" lon="116.6773317">
        <ele>24.3965</ele>
        <time>2026-09-11T22:40:00.589000Z</time>
      </trkpt>
      <trkpt lat="39.8716248" lon="116.6774547">
        <ele>24.37113</ele>
        <time>2026-09-11T22:40:04.570000Z</time>
      </trkpt>
      <trkpt lat="39.8715879" lon="116.6775765">
        <ele>24.28228</ele>
        <time>2026-09-11T22:40:08.550000Z</time>
      </trkpt>
      <trkpt lat="39.8715503" lon="116.6776954">
        <ele>24.12818</ele>
        <time>2026-09-11T22:40:12.531000Z</time>
      </trkpt>
      <trkpt lat="39.8715114" lon="116.6778125">
        <ele>23.96076</ele>
        <time>2026-09-11T22:40:16.512000Z</time>
      </trkpt>
      <trkpt lat="39.8714751" lon="116.6779334">
        <ele>23.82119</ele>
        <time>2026-09-11T22:40:20.492000Z</time>
      </trkpt>
      <trkpt lat="39.871453" lon="116.6780592">
        <ele>23.74808</ele>
        <time>2026-09-11T22:40:24.473000Z</time>
      </trkpt>
      <trkpt lat="39.8714303" lon="116.6781786">
        <ele>23.74518</ele>
        <time>2026-09-11T22:40:28.454000Z</time>
      </trkpt>
      <trkpt lat="39.8713967" lon="116.6782978">
        <ele>23.76946</ele>
        <time>2026-09-11T22:40:32.435000Z</time>
      </trkpt>
      <trkpt lat="39.8713601" lon="116.6784211">
        <ele>23.78163</ele>
        <time>2026-09-11T22:40:36.415000Z</time>
      </trkpt>
      <trkpt lat="39.8713207" lon="116.6785494">
        <ele>23.7787</ele>
        <time>2026-09-11T22:40:40.396000Z</time>
      </trkpt>
      <trkpt lat="39.8712847" lon="116.6786742">
        <ele>23.79083</ele>
        <time>2026-09-11T22:40:44.377000Z</time>
      </trkpt>
      <trkpt lat="39.8712479" lon="116.6787937">
        <ele>23.8573</ele>
        <time>2026-09-11T22:40:48.357000Z</time>
      </trkpt>
      <trkpt lat="39.871207" lon="116.6789139">
        <ele>23.95209</ele>
        <time>2026-09-11T22:40:52.338000Z</time>
      </trkpt>
      <trkpt lat="39.8711657" lon="116.6790366">
        <ele>24.04017</ele>
        <time>2026-09-11T22:40:56.319000Z</time>
      </trkpt>
      <trkpt lat="39.8711266" lon="116.6791586">
        <ele>24.10064</ele>
        <time>2026-09-11T22:41:00.299000Z</time>
      </trkpt>
      <trkpt lat="39.8710879" lon="116.6792813">
        <ele>24.14319</ele>
        <time>2026-09-11T22:41:04.280000Z</time>
      </trkpt>
      <trkpt lat="39.8710519" lon="116.6794041">
        <ele>24.16546</ele>
        <time>2026-09-11T22:41:08.261000Z</time>
      </trkpt>
      <trkpt lat="39.8710157" lon="116.6795291">
        <ele>24.14777</ele>
        <time>2026-09-11T22:41:12.241000Z</time>
      </trkpt>
      <trkpt lat="39.8709799" lon="116.6796488">
        <ele>24.08489</ele>
        <time>2026-09-11T22:41:16.222000Z</time>
      </trkpt>
      <trkpt lat="39.870945" lon="116.6797691">
        <ele>23.99662</ele>
        <time>2026-09-11T22:41:20.202000Z</time>
      </trkpt>
      <trkpt lat="39.8709149" lon="116.679891">
        <ele>23.92577</ele>
        <time>2026-09-11T22:41:24.183000Z</time>
      </trkpt>
      <trkpt lat="39.870882" lon="116.6800145">
        <ele>23.88239</ele>
        <time>2026-09-11T22:41:28.164000Z</time>
      </trkpt>
      <trkpt lat="39.8708491" lon="116.6801366">
        <ele>23.89829</ele>
        <time>2026-09-11T22:41:32.144000Z</time>
      </trkpt>
      <trkpt lat="39.8708181" lon="116.6802582">
        <ele>23.972</ele>
        <time>2026-09-11T22:41:36.125000Z</time>
      </trkpt>
      <trkpt lat="39.8707885" lon="116.6803845">
        <ele>24.05966</ele>
        <time>2026-09-11T22:41:40.106000Z</time>
      </trkpt>
      <trkpt lat="39.8707576" lon="116.6805093">
        <ele>24.097</ele>
        <time>2026-09-11T22:41:44.086000Z</time>
      </trkpt>
      <trkpt lat="39.8707298" lon="116.6806368">
        <ele>24.04846</ele>
        <time>2026-09-11T22:41:48.067000Z</time>
      </trkpt>
      <trkpt lat="39.8707022" lon="116.6807641">
        <ele>23.98199</ele>
        <time>2026-09-11T22:41:52.048000Z</time>
      </trkpt>
      <trkpt lat="39.870675" lon="116.6808921">
        <ele>23.90046</ele>
        <time>2026-09-11T22:41:56.028000Z</time>
      </trkpt>
      <trkpt lat="39.8706464" lon="116.6810201">
        <ele>23.78598</ele>
        <time>2026-09-11T22:42:00.009000Z</time>
      </trkpt>
      <trkpt lat="39.8706162" lon="116.6811457">
        <ele>23.62794</ele>
        <time>2026-09-11T22:42:03.989000Z</time>
      </trkpt>
      <trkpt lat="39.8705822" lon="116.6812734">
        <ele>23.46843</ele>
        <time>2026-09-11T22:42:07.970000Z</time>
      </trkpt>
      <trkpt lat="39.8705498" lon="116.6814033">
        <ele>23.34056</ele>
        <time>2026-09-11T22:42:11.951000Z</time>
      </trkpt>
      <trkpt lat="39.8705204" lon="116.6815324">
        <ele>23.26059</ele>
        <time>2026-09-11T22:42:15.931000Z</time>
      </trkpt>
      <trkpt lat="39.8704915" lon="116.6816611">
        <ele>23.24629</ele>
        <time>2026-09-11T22:42:19.912000Z</time>
      </trkpt>
      <trkpt lat="39.8704637" lon="116.6817912">
        <ele>23.28367</ele>
        <time>2026-09-11T22:42:23.893000Z</time>
      </trkpt>
      <trkpt lat="39.8704342" lon="116.6819197">
        <ele>23.32325</ele>
        <time>2026-09-11T22:42:27.873000Z</time>
      </trkpt>
      <trkpt lat="39.8704032" lon="116.6820433">
        <ele>23.28654</ele>
        <time>2026-09-11T22:42:31.854000Z</time>
      </trkpt>
      <trkpt lat="39.8703808" lon="116.6821667">
        <ele>23.15965</ele>
        <time>2026-09-11T22:42:35.835000Z</time>
      </trkpt>
      <trkpt lat="39.8703464" lon="116.6822908">
        <ele>23.028</ele>
        <time>2026-09-11T22:42:39.815000Z</time>
      </trkpt>
      <trkpt lat="39.8703104" lon="116.6824157">
        <ele>22.92438</ele>
        <time>2026-09-11T22:42:43.796000Z</time>
      </trkpt>
      <trkpt lat="39.8702746" lon="116.6825383">
        <ele>22.8218</ele>
        <time>2026-09-11T22:42:47.777000Z</time>
      </trkpt>
      <trkpt lat="39.8702395" lon="116.6826638">
        <ele>22.6981</ele>
        <time>2026-09-11T22:42:51.757000Z</time>
      </trkpt>
      <trkpt lat="39.8702046" lon="116.6827854">
        <ele>22.57713</ele>
        <time>2026-09-11T22:42:55.738000Z</time>
      </trkpt>
      <trkpt lat="39.8701717" lon="116.6829089">
        <ele>22.48037</ele>
        <time>2026-09-11T22:42:59.718000Z</time>
      </trkpt>
      <trkpt lat="39.8701424" lon="116.6830315">
        <ele>22.41907</ele>
        <time>2026-09-11T22:43:03.699000Z</time>
      </trkpt>
      <trkpt lat="39.8701124" lon="116.6831575">
        <ele>22.39907</ele>
        <time>2026-09-11T22:43:07.680000Z</time>
      </trkpt>
      <trkpt lat="39.8700823" lon="116.6832842">
        <ele>22.3926</ele>
        <time>2026-09-11T22:43:11.660000Z</time>
      </trkpt>
      <trkpt lat="39.8700519" lon="116.6834058">
        <ele>22.36746</ele>
        <time>2026-09-11T22:43:15.641000Z</time>
      </trkpt>
      <trkpt lat="39.8700183" lon="116.6835271">
        <ele>22.31342</ele>
        <time>2026-09-11T22:43:19.622000Z</time>
      </trkpt>
      <trkpt lat="39.8699864" lon="116.6836502">
        <ele>22.25203</ele>
        <time>2026-09-11T22:43:23.602000Z</time>
      </trkpt>
      <trkpt lat="39.8699568" lon="116.6837738">
        <ele>22.21715</ele>
        <time>2026-09-11T22:43:27.583000Z</time>
      </trkpt>
      <trkpt lat="39.8699242" lon="116.6838947">
        <ele>22.21981</ele>
        <time>2026-09-11T22:43:31.564000Z</time>
      </trkpt>
      <trkpt lat="39.8698895" lon="116.6840129">
        <ele>22.25622</ele>
        <time>2026-09-11T22:43:35.544000Z</time>
      </trkpt>
      <trkpt lat="39.8698585" lon="116.684133">
        <ele>22.28355</ele>
        <time>2026-09-11T22:43:39.525000Z</time>
      </trkpt>
      <trkpt lat="39.8698252" lon="116.6842571">
        <ele>22.28263</ele>
        <time>2026-09-11T22:43:43.506000Z</time>
      </trkpt>
      <trkpt lat="39.8697897" lon="116.6843811">
        <ele>22.27344</ele>
        <time>2026-09-11T22:43:47.486000Z</time>
      </trkpt>
      <trkpt lat="39.8697548" lon="116.6844985">
        <ele>22.27343</ele>
        <time>2026-09-11T22:43:51.467000Z</time>
      </trkpt>
      <trkpt lat="39.8697248" lon="116.6846153">
        <ele>22.27626</ele>
        <time>2026-09-11T22:43:55.448000Z</time>
      </trkpt>
      <trkpt lat="39.8696922" lon="116.6847292">
        <ele>22.2608</ele>
        <time>2026-09-11T22:43:59.428000Z</time>
      </trkpt>
      <trkpt lat="39.8696605" lon="116.684843">
        <ele>22.24278</ele>
        <time>2026-09-11T22:44:03.409000Z</time>
      </trkpt>
      <trkpt lat="39.8696279" lon="116.6849614">
        <ele>22.26152</ele>
        <time>2026-09-11T22:44:07.390000Z</time>
      </trkpt>
      <trkpt lat="39.8695926" lon="116.6850827">
        <ele>22.33637</ele>
        <time>2026-09-11T22:44:11.370000Z</time>
      </trkpt>
      <trkpt lat="39.8695563" lon="116.6852014">
        <ele>22.44772</ele>
        <time>2026-09-11T22:44:15.351000Z</time>
      </trkpt>
      <trkpt lat="39.8695214" lon="116.6853191">
        <ele>22.57168</ele>
        <time>2026-09-11T22:44:19.332000Z</time>
      </trkpt>
      <trkpt lat="39.8694881" lon="116.6854395">
        <ele>22.69701</ele>
        <time>2026-09-11T22:44:23.312000Z</time>
      </trkpt>
      <trkpt lat="39.8694551" lon="116.6855608">
        <ele>22.80214</ele>
        <time>2026-09-11T22:44:27.293000Z</time>
      </trkpt>
      <trkpt lat="39.8694204" lon="116.6856827">
        <ele>22.86072</ele>
        <time>2026-09-11T22:44:31.274000Z</time>
      </trkpt>
      <trkpt lat="39.8693868" lon="116.6858027">
        <ele>22.87175</ele>
        <time>2026-09-11T22:44:35.254000Z</time>
      </trkpt>
      <trkpt lat="39.8693568" lon="116.6859215">
        <ele>22.85819</ele>
        <time>2026-09-11T22:44:39.235000Z</time>
      </trkpt>
      <trkpt lat="39.8693276" lon="116.6860378">
        <ele>22.825</ele>
        <time>2026-09-11T22:44:43.216000Z</time>
      </trkpt>
      <trkpt lat="39.8692958" lon="116.6861561">
        <ele>22.75262</ele>
        <time>2026-09-11T22:44:47.196000Z</time>
      </trkpt>
      <trkpt lat="39.8692678" lon="116.6862767">
        <ele>22.6669</ele>
        <time>2026-09-11T22:44:51.177000Z</time>
      </trkpt>
      <trkpt lat="39.8692476" lon="116.6863959">
        <ele>22.60302</ele>
        <time>2026-09-11T22:44:55.158000Z</time>
      </trkpt>
      <trkpt lat="39.8692231" lon="116.6865379">
        <ele>22.58578</ele>
        <time>2026-09-11T22:45:00Z</time>
      </trkpt>
      <trkpt lat="39.8691937" lon="116.6866585">
        <ele>22.61513</ele>
        <time>2026-09-11T22:45:04Z</time>
      </trkpt>
      <trkpt lat="39.869161" lon="116.6867792">
        <ele>22.67582</ele>
        <time>2026-09-11T22:45:08Z</time>
      </trkpt>
      <trkpt lat="39.8691324" lon="116.6869022">
        <ele>22.74886</ele>
        <time>2026-09-11T22:45:12Z</time>
      </trkpt>
      <trkpt lat="39.8691027" lon="116.6870251">
        <ele>22.7958</ele>
        <time>2026-09-11T22:45:16Z</time>
      </trkpt>
      <trkpt lat="39.869069" lon="116.6871506">
        <ele>22.81511</ele>
        <time>2026-09-11T22:45:20Z</time>
      </trkpt>
      <trkpt lat="39.8690347" lon="116.6872773">
        <ele>22.8101</ele>
        <time>2026-09-11T22:45:24Z</time>
      </trkpt>
      <trkpt lat="39.8690031" lon="116.6874018">
        <ele>22.75108</ele>
        <time>2026-09-11T22:45:27.999000Z</time>
      </trkpt>
      <trkpt lat="39.8689761" lon="116.6875279">
        <ele>22.66757</ele>
        <time>2026-09-11T22:45:31.979000Z</time>
      </trkpt>
      <trkpt lat="39.8689513" lon="116.6876523">
        <ele>22.61808</ele>
        <time>2026-09-11T22:45:35.960000Z</time>
      </trkpt>
      <trkpt lat="39.8689225" lon="116.6877769">
        <ele>22.60038</ele>
        <time>2026-09-11T22:45:39.941000Z</time>
      </trkpt>
      <trkpt lat="39.8688908" lon="116.6879007">
        <ele>22.59848</ele>
        <time>2026-09-11T22:45:43.922000Z</time>
      </trkpt>
      <trkpt lat="39.8688601" lon="116.6880241">
        <ele>22.59258</ele>
        <time>2026-09-11T22:45:47.902000Z</time>
      </trkpt>
      <trkpt lat="39.8688261" lon="116.6881469">
        <ele>22.56207</ele>
        <time>2026-09-11T22:45:51.883000Z</time>
      </trkpt>
      <trkpt lat="39.8687923" lon="116.688274">
        <ele>22.5139</ele>
        <time>2026-09-11T22:45:55.864000Z</time>
      </trkpt>
      <trkpt lat="39.8687586" lon="116.6884005">
        <ele>22.46874</ele>
        <time>2026-09-11T22:45:59.844000Z</time>
      </trkpt>
      <trkpt lat="39.8687242" lon="116.6885318">
        <ele>22.43632</ele>
        <time>2026-09-11T22:46:03.825000Z</time>
      </trkpt>
      <trkpt lat="39.8686887" lon="116.6886636">
        <ele>22.42234</ele>
        <time>2026-09-11T22:46:07.806000Z</time>
      </trkpt>
      <trkpt lat="39.8686501" lon="116.6887909">
        <ele>22.42999</ele>
        <time>2026-09-11T22:46:11.787000Z</time>
      </trkpt>
      <trkpt lat="39.8685882" lon="116.6888947">
        <ele>22.47129</ele>
        <time>2026-09-11T22:46:15.767000Z</time>
      </trkpt>
      <trkpt lat="39.8684924" lon="116.6889373">
        <ele>22.54661</ele>
        <time>2026-09-11T22:46:19.748000Z</time>
      </trkpt>
      <trkpt lat="39.8683856" lon="116.6889268">
        <ele>22.64284</ele>
        <time>2026-09-11T22:46:23.729000Z</time>
      </trkpt>
      <trkpt lat="39.8682804" lon="116.6889055">
        <ele>22.73748</ele>
        <time>2026-09-11T22:46:27.710000Z</time>
      </trkpt>
      <trkpt lat="39.8681753" lon="116.6888888">
        <ele>22.79775</ele>
        <time>2026-09-11T22:46:31.690000Z</time>
      </trkpt>
      <trkpt lat="39.8680706" lon="116.6888741">
        <ele>22.79468</ele>
        <time>2026-09-11T22:46:35.671000Z</time>
      </trkpt>
      <trkpt lat="39.8679678" lon="116.6888658">
        <ele>22.71955</ele>
        <time>2026-09-11T22:46:39.652000Z</time>
      </trkpt>
      <trkpt lat="39.8678652" lon="116.6888619">
        <ele>22.58634</ele>
        <time>2026-09-11T22:46:43.633000Z</time>
      </trkpt>
      <trkpt lat="39.8677609" lon="116.6888647">
        <ele>22.43996</ele>
        <time>2026-09-11T22:46:47.613000Z</time>
      </trkpt>
      <trkpt lat="39.867656" lon="116.6888724">
        <ele>22.32811</ele>
        <time>2026-09-11T22:46:51.594000Z</time>
      </trkpt>
      <trkpt lat="39.8675508" lon="116.6888825">
        <ele>22.27211</ele>
        <time>2026-09-11T22:46:55.575000Z</time>
      </trkpt>
      <trkpt lat="39.8674461" lon="116.6888941">
        <ele>22.28124</ele>
        <time>2026-09-11T22:46:59.556000Z</time>
      </trkpt>
      <trkpt lat="39.8673409" lon="116.6889053">
        <ele>22.34085</ele>
        <time>2026-09-11T22:47:03.537000Z</time>
      </trkpt>
      <trkpt lat="39.8672358" lon="116.6889234">
        <ele>22.42296</ele>
        <time>2026-09-11T22:47:07.517000Z</time>
      </trkpt>
      <trkpt lat="39.8671333" lon="116.6889495">
        <ele>22.50522</ele>
        <time>2026-09-11T22:47:11.498000Z</time>
      </trkpt>
      <trkpt lat="39.8670311" lon="116.6889784">
        <ele>22.58154</ele>
        <time>2026-09-11T22:47:15.479000Z</time>
      </trkpt>
      <trkpt lat="39.8669315" lon="116.6890113">
        <ele>22.64761</ele>
        <time>2026-09-11T22:47:19.460000Z</time>
      </trkpt>
      <trkpt lat="39.866833" lon="116.6890524">
        <ele>22.69935</ele>
        <time>2026-09-11T22:47:23.440000Z</time>
      </trkpt>
      <trkpt lat="39.8667349" lon="116.6890965">
        <ele>22.7366</ele>
        <time>2026-09-11T22:47:27.421000Z</time>
      </trkpt>
      <trkpt lat="39.8666378" lon="116.6891409">
        <ele>22.76007</ele>
        <time>2026-09-11T22:47:31.402000Z</time>
      </trkpt>
      <trkpt lat="39.8665443" lon="116.6891817">
        <ele>22.75756</ele>
        <time>2026-09-11T22:47:35.383000Z</time>
      </trkpt>
      <trkpt lat="39.8664519" lon="116.6892215">
        <ele>22.72005</ele>
        <time>2026-09-11T22:47:39.363000Z</time>
      </trkpt>
      <trkpt lat="39.8663654" lon="116.6892744">
        <ele>22.65935</ele>
        <time>2026-09-11T22:47:43.344000Z</time>
      </trkpt>
      <trkpt lat="39.8662818" lon="116.6893398">
        <ele>22.59488</ele>
        <time>2026-09-11T22:47:47.325000Z</time>
      </trkpt>
      <trkpt lat="39.8661852" lon="116.6893877">
        <ele>22.5274</ele>
        <time>2026-09-11T22:47:51.306000Z</time>
      </trkpt>
      <trkpt lat="39.8660873" lon="116.6894328">
        <ele>22.47372</ele>
        <time>2026-09-11T22:47:55.286000Z</time>
      </trkpt>
      <trkpt lat="39.8659904" lon="116.6894792">
        <ele>22.43643</ele>
        <time>2026-09-11T22:47:59.267000Z</time>
      </trkpt>
      <trkpt lat="39.8658913" lon="116.6895322">
        <ele>22.38476</ele>
        <time>2026-09-11T22:48:03.248000Z</time>
      </trkpt>
      <trkpt lat="39.8657971" lon="116.6895853">
        <ele>22.27982</ele>
        <time>2026-09-11T22:48:07.229000Z</time>
      </trkpt>
      <trkpt lat="39.8657016" lon="116.6896361">
        <ele>22.10191</ele>
        <time>2026-09-11T22:48:11.209000Z</time>
      </trkpt>
      <trkpt lat="39.8656064" lon="116.689685">
        <ele>21.85359</ele>
        <time>2026-09-11T22:48:15.190000Z</time>
      </trkpt>
      <trkpt lat="39.8655098" lon="116.6897215">
        <ele>21.56801</ele>
        <time>2026-09-11T22:48:19.171000Z</time>
      </trkpt>
      <trkpt lat="39.8654205" lon="116.689743">
        <ele>21.37683</ele>
        <time>2026-09-11T22:48:23.001000Z</time>
      </trkpt>
      <trkpt lat="39.8653119" lon="116.6897765">
        <ele>21.32435</ele>
        <time>2026-09-11T22:48:28.001000Z</time>
      </trkpt>
      <trkpt lat="39.8652207" lon="116.6898105">
        <ele>21.37765</ele>
        <time>2026-09-11T22:48:32.108000Z</time>
      </trkpt>
      <trkpt lat="39.8651321" lon="116.6898665">
        <ele>21.45218</ele>
        <time>2026-09-11T22:48:36.001000Z</time>
      </trkpt>
      <trkpt lat="39.8650397" lon="116.6899214">
        <ele>21.56329</ele>
        <time>2026-09-11T22:48:40.070000Z</time>
      </trkpt>
      <trkpt lat="39.8649483" lon="116.6899754">
        <ele>21.67986</ele>
        <time>2026-09-11T22:48:44.050000Z</time>
      </trkpt>
      <trkpt lat="39.8648554" lon="116.6900273">
        <ele>21.77427</ele>
        <time>2026-09-11T22:48:48.031000Z</time>
      </trkpt>
      <trkpt lat="39.8647612" lon="116.6900741">
        <ele>21.82045</ele>
        <time>2026-09-11T22:48:52.012000Z</time>
      </trkpt>
      <trkpt lat="39.8646656" lon="116.6901154">
        <ele>21.82562</ele>
        <time>2026-09-11T22:48:56.002000Z</time>
      </trkpt>
      <trkpt lat="39.8645706" lon="116.6901475">
        <ele>21.81427</ele>
        <time>2026-09-11T22:48:59.983000Z</time>
      </trkpt>
      <trkpt lat="39.8644738" lon="116.690178">
        <ele>21.77758</ele>
        <time>2026-09-11T22:49:03.964000Z</time>
      </trkpt>
      <trkpt lat="39.8643781" lon="116.6902203">
        <ele>21.73869</ele>
        <time>2026-09-11T22:49:07.944000Z</time>
      </trkpt>
      <trkpt lat="39.8642843" lon="116.6902719">
        <ele>21.72153</ele>
        <time>2026-09-11T22:49:11.925000Z</time>
      </trkpt>
      <trkpt lat="39.8641889" lon="116.6903259">
        <ele>21.71999</ele>
        <time>2026-09-11T22:49:15.906000Z</time>
      </trkpt>
      <trkpt lat="39.8640935" lon="116.6903758">
        <ele>21.69352</ele>
        <time>2026-09-11T22:49:19.886000Z</time>
      </trkpt>
      <trkpt lat="39.8639947" lon="116.6904242">
        <ele>21.62506</ele>
        <time>2026-09-11T22:49:23.867000Z</time>
      </trkpt>
      <trkpt lat="39.8638958" lon="116.6904696">
        <ele>21.55239</ele>
        <time>2026-09-11T22:49:27.848000Z</time>
      </trkpt>
      <trkpt lat="39.8637988" lon="116.6905128">
        <ele>21.49884</ele>
        <time>2026-09-11T22:49:31.828000Z</time>
      </trkpt>
      <trkpt lat="39.8637036" lon="116.6905542">
        <ele>21.44926</ele>
        <time>2026-09-11T22:49:35.809000Z</time>
      </trkpt>
      <trkpt lat="39.8636069" lon="116.6905893">
        <ele>21.39992</ele>
        <time>2026-09-11T22:49:39.789000Z</time>
      </trkpt>
      <trkpt lat="39.863509" lon="116.6906249">
        <ele>21.36923</ele>
        <time>2026-09-11T22:49:43.770000Z</time>
      </trkpt>
      <trkpt lat="39.8634121" lon="116.6906658">
        <ele>21.37209</ele>
        <time>2026-09-11T22:49:47.751000Z</time>
      </trkpt>
      <trkpt lat="39.8633207" lon="116.6907128">
        <ele>21.40071</ele>
        <time>2026-09-11T22:49:51.731000Z</time>
      </trkpt>
      <trkpt lat="39.863233" lon="116.6907727">
        <ele>21.42323</ele>
        <time>2026-09-11T22:49:55.712000Z</time>
      </trkpt>
      <trkpt lat="39.8631382" lon="116.6908162">
        <ele>21.41151</ele>
        <time>2026-09-11T22:49:59.693000Z</time>
      </trkpt>
      <trkpt lat="39.8630428" lon="116.6908545">
        <ele>21.35335</ele>
        <time>2026-09-11T22:50:03.673000Z</time>
      </trkpt>
      <trkpt lat="39.8629491" lon="116.6908933">
        <ele>21.25616</ele>
        <time>2026-09-11T22:50:07.654000Z</time>
      </trkpt>
      <trkpt lat="39.8628527" lon="116.6909264">
        <ele>21.15566</ele>
        <time>2026-09-11T22:50:11.635000Z</time>
      </trkpt>
      <trkpt lat="39.8627592" lon="116.6909187">
        <ele>21.1099</ele>
        <time>2026-09-11T22:50:15.615000Z</time>
      </trkpt>
      <trkpt lat="39.8626923" lon="116.6908273">
        <ele>21.15507</ele>
        <time>2026-09-11T22:50:19.596000Z</time>
      </trkpt>
      <trkpt lat="39.8626552" lon="116.690704">
        <ele>21.26553</ele>
        <time>2026-09-11T22:50:23.576000Z</time>
      </trkpt>
      <trkpt lat="39.8626246" lon="116.6905803">
        <ele>21.39026</ele>
        <time>2026-09-11T22:50:27.557000Z</time>
      </trkpt>
      <trkpt lat="39.8625918" lon="116.6904557">
        <ele>21.5035</ele>
        <time>2026-09-11T22:50:31.538000Z</time>
      </trkpt>
      <trkpt lat="39.8625558" lon="116.6903285">
        <ele>21.5844</ele>
        <time>2026-09-11T22:50:35.518000Z</time>
      </trkpt>
      <trkpt lat="39.8625196" lon="116.6902003">
        <ele>21.63313</ele>
        <time>2026-09-11T22:50:39.499000Z</time>
      </trkpt>
      <trkpt lat="39.8624848" lon="116.6900732">
        <ele>21.64748</ele>
        <time>2026-09-11T22:50:43.480000Z</time>
      </trkpt>
      <trkpt lat="39.8624478" lon="116.6899557">
        <ele>21.63155</ele>
        <time>2026-09-11T22:50:47.460000Z</time>
      </trkpt>
      <trkpt lat="39.8624087" lon="116.6898367">
        <ele>21.60249</ele>
        <time>2026-09-11T22:50:51.441000Z</time>
      </trkpt>
      <trkpt lat="39.8623674" lon="116.6897163">
        <ele>21.57658</ele>
        <time>2026-09-11T22:50:55.421000Z</time>
      </trkpt>
      <trkpt lat="39.8623231" lon="116.6895968">
        <ele>21.55247</ele>
        <time>2026-09-11T22:50:59.402000Z</time>
      </trkpt>
      <trkpt lat="39.8622762" lon="116.6894805">
        <ele>21.54653</ele>
        <time>2026-09-11T22:51:03.383000Z</time>
      </trkpt>
      <trkpt lat="39.8622305" lon="116.6893648">
        <ele>21.58815</ele>
        <time>2026-09-11T22:51:07.363000Z</time>
      </trkpt>
      <trkpt lat="39.8621874" lon="116.6892476">
        <ele>21.67357</ele>
        <time>2026-09-11T22:51:11.344000Z</time>
      </trkpt>
      <trkpt lat="39.8621492" lon="116.6891295">
        <ele>21.77467</ele>
        <time>2026-09-11T22:51:15.325000Z</time>
      </trkpt>
      <trkpt lat="39.8621106" lon="116.6890108">
        <ele>21.86559</ele>
        <time>2026-09-11T22:51:19.305000Z</time>
      </trkpt>
      <trkpt lat="39.8620728" lon="116.6888908">
        <ele>21.93694</ele>
        <time>2026-09-11T22:51:23.286000Z</time>
      </trkpt>
      <trkpt lat="39.8620366" lon="116.68877">
        <ele>21.95918</ele>
        <time>2026-09-11T22:51:27.266000Z</time>
      </trkpt>
      <trkpt lat="39.8619989" lon="116.6886499">
        <ele>21.91358</ele>
        <time>2026-09-11T22:51:31.247000Z</time>
      </trkpt>
      <trkpt lat="39.8619592" lon="116.6885301">
        <ele>21.82545</ele>
        <time>2026-09-11T22:51:35.228000Z</time>
      </trkpt>
      <trkpt lat="39.8619264" lon="116.6884072">
        <ele>21.74196</ele>
        <time>2026-09-11T22:51:39.208000Z</time>
      </trkpt>
      <trkpt lat="39.8618987" lon="116.6882786">
        <ele>21.69363</ele>
        <time>2026-09-11T22:51:43.189000Z</time>
      </trkpt>
      <trkpt lat="39.8618733" lon="116.6881495">
        <ele>21.69441</ele>
        <time>2026-09-11T22:51:47.170000Z</time>
      </trkpt>
      <trkpt lat="39.8618457" lon="116.6880202">
        <ele>21.73211</ele>
        <time>2026-09-11T22:51:51.150000Z</time>
      </trkpt>
      <trkpt lat="39.8618124" lon="116.6878931">
        <ele>21.78489</ele>
        <time>2026-09-11T22:51:55.131000Z</time>
      </trkpt>
      <trkpt lat="39.8617784" lon="116.6877663">
        <ele>21.8252</ele>
        <time>2026-09-11T22:51:59.112000Z</time>
      </trkpt>
      <trkpt lat="39.8617473" lon="116.6876386">
        <ele>21.83976</ele>
        <time>2026-09-11T22:52:03.092000Z</time>
      </trkpt>
      <trkpt lat="39.8617185" lon="116.6875111">
        <ele>21.84846</ele>
        <time>2026-09-11T22:52:07.073000Z</time>
      </trkpt>
      <trkpt lat="39.8616941" lon="116.6873813">
        <ele>21.86743</ele>
        <time>2026-09-11T22:52:11.054000Z</time>
      </trkpt>
      <trkpt lat="39.8616736" lon="116.6872493">
        <ele>21.89359</ele>
        <time>2026-09-11T22:52:15.034000Z</time>
      </trkpt>
      <trkpt lat="39.8616573" lon="116.6871163">
        <ele>21.92079</ele>
        <time>2026-09-11T22:52:19.015000Z</time>
      </trkpt>
      <trkpt lat="39.8616427" lon="116.6869823">
        <ele>21.89404</ele>
        <time>2026-09-11T22:52:22.995000Z</time>
      </trkpt>
      <trkpt lat="39.861632" lon="116.6868484">
        <ele>21.77531</ele>
        <time>2026-09-11T22:52:26.976000Z</time>
      </trkpt>
      <trkpt lat="39.86162" lon="116.6867155">
        <ele>21.67449</ele>
        <time>2026-09-11T22:52:30.957000Z</time>
      </trkpt>
      <trkpt lat="39.8616097" lon="116.6865845">
        <ele>21.6289</ele>
        <time>2026-09-11T22:52:34.937000Z</time>
      </trkpt>
      <trkpt lat="39.8615988" lon="116.686454">
        <ele>21.60472</ele>
        <time>2026-09-11T22:52:38.918000Z</time>
      </trkpt>
      <trkpt lat="39.861591" lon="116.6863224">
        <ele>21.58555</ele>
        <time>2026-09-11T22:52:42.899000Z</time>
      </trkpt>
      <trkpt lat="39.8615923" lon="116.6861905">
        <ele>21.5922</ele>
        <time>2026-09-11T22:52:46.879000Z</time>
      </trkpt>
      <trkpt lat="39.8615973" lon="116.6860583">
        <ele>21.63902</ele>
        <time>2026-09-11T22:52:50.860000Z</time>
      </trkpt>
      <trkpt lat="39.8615997" lon="116.6859266">
        <ele>21.71824</ele>
        <time>2026-09-11T22:52:54.841000Z</time>
      </trkpt>
      <trkpt lat="39.8616002" lon="116.6857958">
        <ele>21.82468</ele>
        <time>2026-09-11T22:52:58.821000Z</time>
      </trkpt>
      <trkpt lat="39.8615966" lon="116.6856648">
        <ele>21.94108</ele>
        <time>2026-09-11T22:53:02.802000Z</time>
      </trkpt>
      <trkpt lat="39.8615908" lon="116.6855343">
        <ele>22.05153</ele>
        <time>2026-09-11T22:53:06.783000Z</time>
      </trkpt>
      <trkpt lat="39.8615878" lon="116.6854042">
        <ele>22.15002</ele>
        <time>2026-09-11T22:53:10.763000Z</time>
      </trkpt>
      <trkpt lat="39.861584" lon="116.685275">
        <ele>22.23617</ele>
        <time>2026-09-11T22:53:14.744000Z</time>
      </trkpt>
      <trkpt lat="39.8615796" lon="116.6851435">
        <ele>22.31088</ele>
        <time>2026-09-11T22:53:18.725000Z</time>
      </trkpt>
      <trkpt lat="39.8615742" lon="116.6850123">
        <ele>22.37598</ele>
        <time>2026-09-11T22:53:22.705000Z</time>
      </trkpt>
      <trkpt lat="39.8615701" lon="116.6848814">
        <ele>22.40585</ele>
        <time>2026-09-11T22:53:26.686000Z</time>
      </trkpt>
      <trkpt lat="39.8615675" lon="116.6847521">
        <ele>22.39242</ele>
        <time>2026-09-11T22:53:30.667000Z</time>
      </trkpt>
      <trkpt lat="39.8615651" lon="116.684622">
        <ele>22.36544</ele>
        <time>2026-09-11T22:53:34.647000Z</time>
      </trkpt>
      <trkpt lat="39.8615621" lon="116.6844927">
        <ele>22.3365</ele>
        <time>2026-09-11T22:53:38.628000Z</time>
      </trkpt>
      <trkpt lat="39.861563" lon="116.6843631">
        <ele>22.30001</ele>
        <time>2026-09-11T22:53:42.609000Z</time>
      </trkpt>
      <trkpt lat="39.861568" lon="116.6842328">
        <ele>22.24151</ele>
        <time>2026-09-11T22:53:46.589000Z</time>
      </trkpt>
      <trkpt lat="39.8615756" lon="116.6841036">
        <ele>22.17424</ele>
        <time>2026-09-11T22:53:50.570000Z</time>
      </trkpt>
      <trkpt lat="39.8615845" lon="116.6839761">
        <ele>22.14103</ele>
        <time>2026-09-11T22:53:54.551000Z</time>
      </trkpt>
      <trkpt lat="39.8615937" lon="116.6838451">
        <ele>22.16161</ele>
        <time>2026-09-11T22:53:58.531000Z</time>
      </trkpt>
      <trkpt lat="39.861606" lon="116.6837134">
        <ele>22.2201</ele>
        <time>2026-09-11T22:54:02.512000Z</time>
      </trkpt>
      <trkpt lat="39.861628" lon="116.683581">
        <ele>22.27623</ele>
        <time>2026-09-11T22:54:06.493000Z</time>
      </trkpt>
      <trkpt lat="39.8616488" lon="116.6834458">
        <ele>22.33395</ele>
        <time>2026-09-11T22:54:10.473000Z</time>
      </trkpt>
      <trkpt lat="39.8616662" lon="116.6833112">
        <ele>22.39039</ele>
        <time>2026-09-11T22:54:14.454000Z</time>
      </trkpt>
      <trkpt lat="39.8616777" lon="116.683176">
        <ele>22.42176</ele>
        <time>2026-09-11T22:54:18.435000Z</time>
      </trkpt>
      <trkpt lat="39.8616845" lon="116.6830418">
        <ele>22.43562</ele>
        <time>2026-09-11T22:54:22.415000Z</time>
      </trkpt>
      <trkpt lat="39.8616918" lon="116.6829091">
        <ele>22.42715</ele>
        <time>2026-09-11T22:54:26.396000Z</time>
      </trkpt>
      <trkpt lat="39.8617027" lon="116.6827797">
        <ele>22.39482</ele>
        <time>2026-09-11T22:54:30.377000Z</time>
      </trkpt>
      <trkpt lat="39.8617095" lon="116.6826517">
        <ele>22.34767</ele>
        <time>2026-09-11T22:54:34.357000Z</time>
      </trkpt>
      <trkpt lat="39.8617187" lon="116.6825232">
        <ele>22.31095</ele>
        <time>2026-09-11T22:54:38.338000Z</time>
      </trkpt>
      <trkpt lat="39.8617363" lon="116.6823969">
        <ele>22.29774</ele>
        <time>2026-09-11T22:54:42.319000Z</time>
      </trkpt>
      <trkpt lat="39.8617554" lon="116.6822696">
        <ele>22.31198</ele>
        <time>2026-09-11T22:54:46.299000Z</time>
      </trkpt>
      <trkpt lat="39.8617706" lon="116.682141">
        <ele>22.32795</ele>
        <time>2026-09-11T22:54:50.280000Z</time>
      </trkpt>
      <trkpt lat="39.8617756" lon="116.6820149">
        <ele>22.34029</ele>
        <time>2026-09-11T22:54:54.261000Z</time>
      </trkpt>
      <trkpt lat="39.8617801" lon="116.6818873">
        <ele>22.34992</ele>
        <time>2026-09-11T22:54:58.241000Z</time>
      </trkpt>
      <trkpt lat="39.8617887" lon="116.6817589">
        <ele>22.3523</ele>
        <time>2026-09-11T22:55:02.222000Z</time>
      </trkpt>
      <trkpt lat="39.8617995" lon="116.6816311">
        <ele>22.35063</ele>
        <time>2026-09-11T22:55:06.203000Z</time>
      </trkpt>
      <trkpt lat="39.8618058" lon="116.6815001">
        <ele>22.36474</ele>
        <time>2026-09-11T22:55:10.183000Z</time>
      </trkpt>
      <trkpt lat="39.8618132" lon="116.6813688">
        <ele>22.41222</ele>
        <time>2026-09-11T22:55:14.164000Z</time>
      </trkpt>
      <trkpt lat="39.8618242" lon="116.6812386">
        <ele>22.49184</ele>
        <time>2026-09-11T22:55:18.144000Z</time>
      </trkpt>
      <trkpt lat="39.861836" lon="116.6811068">
        <ele>22.60268</ele>
        <time>2026-09-11T22:55:22.125000Z</time>
      </trkpt>
      <trkpt lat="39.8618509" lon="116.6809772">
        <ele>22.74451</ele>
        <time>2026-09-11T22:55:26.106000Z</time>
      </trkpt>
      <trkpt lat="39.8618756" lon="116.6808519">
        <ele>22.91012</ele>
        <time>2026-09-11T22:55:30.086000Z</time>
      </trkpt>
      <trkpt lat="39.8619018" lon="116.6807275">
        <ele>23.09485</ele>
        <time>2026-09-11T22:55:34.067000Z</time>
      </trkpt>
      <trkpt lat="39.861922" lon="116.6805994">
        <ele>23.29868</ele>
        <time>2026-09-11T22:55:38Z</time>
      </trkpt>
      <trkpt lat="39.861938" lon="116.6804687">
        <ele>23.38067</ele>
        <time>2026-09-11T22:55:42Z</time>
      </trkpt>
      <trkpt lat="39.8619529" lon="116.6803401">
        <ele>23.28636</ele>
        <time>2026-09-11T22:55:46Z</time>
      </trkpt>
      <trkpt lat="39.8619707" lon="116.6802123">
        <ele>23.06175</ele>
        <time>2026-09-11T22:55:49.990000Z</time>
      </trkpt>
      <trkpt lat="39.8619847" lon="116.6800843">
        <ele>22.86985</ele>
        <time>2026-09-11T22:55:53.971000Z</time>
      </trkpt>
      <trkpt lat="39.8619995" lon="116.6799557">
        <ele>22.79235</ele>
        <time>2026-09-11T22:55:57.951000Z</time>
      </trkpt>
      <trkpt lat="39.8620171" lon="116.6798284">
        <ele>22.7833</ele>
        <time>2026-09-11T22:56:01.932000Z</time>
      </trkpt>
      <trkpt lat="39.8620324" lon="116.6796986">
        <ele>22.81051</ele>
        <time>2026-09-11T22:56:05.913000Z</time>
      </trkpt>
      <trkpt lat="39.8620457" lon="116.6795669">
        <ele>22.86889</ele>
        <time>2026-09-11T22:56:09.893000Z</time>
      </trkpt>
      <trkpt lat="39.862062" lon="116.6794292">
        <ele>22.9457</ele>
        <time>2026-09-11T22:56:13.874000Z</time>
      </trkpt>
      <trkpt lat="39.8620801" lon="116.679294">
        <ele>23.00639</ele>
        <time>2026-09-11T22:56:17.855000Z</time>
      </trkpt>
      <trkpt lat="39.8620968" lon="116.6791615">
        <ele>23.03932</ele>
        <time>2026-09-11T22:56:21.835000Z</time>
      </trkpt>
      <trkpt lat="39.8621104" lon="116.679028">
        <ele>23.04404</ele>
        <time>2026-09-11T22:56:25.816000Z</time>
      </trkpt>
      <trkpt lat="39.8621184" lon="116.6788965">
        <ele>23.02877</ele>
        <time>2026-09-11T22:56:29.797000Z</time>
      </trkpt>
      <trkpt lat="39.862127" lon="116.6787663">
        <ele>23.03971</ele>
        <time>2026-09-11T22:56:33.777000Z</time>
      </trkpt>
      <trkpt lat="39.8621374" lon="116.6786358">
        <ele>23.07201</ele>
        <time>2026-09-11T22:56:37.758000Z</time>
      </trkpt>
      <trkpt lat="39.8621509" lon="116.6785041">
        <ele>23.0777</ele>
        <time>2026-09-11T22:56:41.739000Z</time>
      </trkpt>
      <trkpt lat="39.8621662" lon="116.6783723">
        <ele>23.03979</ele>
        <time>2026-09-11T22:56:45.719000Z</time>
      </trkpt>
      <trkpt lat="39.8621797" lon="116.6782401">
        <ele>22.9793</ele>
        <time>2026-09-11T22:56:49.700000Z</time>
      </trkpt>
      <trkpt lat="39.8621886" lon="116.6781106">
        <ele>22.9175</ele>
        <time>2026-09-11T22:56:53.681000Z</time>
      </trkpt>
      <trkpt lat="39.8621905" lon="116.6779753">
        <ele>22.88059</ele>
        <time>2026-09-11T22:56:57.662000Z</time>
      </trkpt>
      <trkpt lat="39.862186" lon="116.6778397">
        <ele>22.88791</ele>
        <time>2026-09-11T22:57:01.642000Z</time>
      </trkpt>
      <trkpt lat="39.8621918" lon="116.6777005">
        <ele>22.93274</ele>
        <time>2026-09-11T22:57:05.623000Z</time>
      </trkpt>
      <trkpt lat="39.8622022" lon="116.6775656">
        <ele>22.992</ele>
        <time>2026-09-11T22:57:09.604000Z</time>
      </trkpt>
      <trkpt lat="39.8622094" lon="116.6774317">
        <ele>23.0577</ele>
        <time>2026-09-11T22:57:13.584000Z</time>
      </trkpt>
      <trkpt lat="39.8622203" lon="116.6773013">
        <ele>23.12041</ele>
        <time>2026-09-11T22:57:17.565000Z</time>
      </trkpt>
      <trkpt lat="39.8622389" lon="116.6771699">
        <ele>23.18376</ele>
        <time>2026-09-11T22:57:21.546000Z</time>
      </trkpt>
      <trkpt lat="39.8622534" lon="116.6770404">
        <ele>23.25795</ele>
        <time>2026-09-11T22:57:25.526000Z</time>
      </trkpt>
      <trkpt lat="39.862265" lon="116.6769095">
        <ele>23.32458</ele>
        <time>2026-09-11T22:57:29.507000Z</time>
      </trkpt>
      <trkpt lat="39.8622766" lon="116.6767782">
        <ele>23.38656</ele>
        <time>2026-09-11T22:57:33.488000Z</time>
      </trkpt>
      <trkpt lat="39.8622906" lon="116.676645">
        <ele>23.4153</ele>
        <time>2026-09-11T22:57:37.468000Z</time>
      </trkpt>
      <trkpt lat="39.8623105" lon="116.6765175">
        <ele>23.37724</ele>
        <time>2026-09-11T22:57:41.449000Z</time>
      </trkpt>
      <trkpt lat="39.8623282" lon="116.6763904">
        <ele>23.27891</ele>
        <time>2026-09-11T22:57:45.430000Z</time>
      </trkpt>
      <trkpt lat="39.8623271" lon="116.6762641">
        <ele>23.15559</ele>
        <time>2026-09-11T22:57:49.410000Z</time>
      </trkpt>
      <trkpt lat="39.8623379" lon="116.6761325">
        <ele>23.0657</ele>
        <time>2026-09-11T22:57:53.391000Z</time>
      </trkpt>
      <trkpt lat="39.8623597" lon="116.6759981">
        <ele>23.0245</ele>
        <time>2026-09-11T22:57:57.372000Z</time>
      </trkpt>
      <trkpt lat="39.8623867" lon="116.6758677">
        <ele>23.01973</ele>
        <time>2026-09-11T22:58:01.353000Z</time>
      </trkpt>
      <trkpt lat="39.8624043" lon="116.6757335">
        <ele>23.02653</ele>
        <time>2026-09-11T22:58:05.333000Z</time>
      </trkpt>
      <trkpt lat="39.8624175" lon="116.6755999">
        <ele>23.02533</ele>
        <time>2026-09-11T22:58:09.314000Z</time>
      </trkpt>
      <trkpt lat="39.862427" lon="116.6754632">
        <ele>23.022</ele>
        <time>2026-09-11T22:58:13.295000Z</time>
      </trkpt>
      <trkpt lat="39.8624313" lon="116.6753223">
        <ele>23.03216</ele>
        <time>2026-09-11T22:58:17.275000Z</time>
      </trkpt>
      <trkpt lat="39.8624391" lon="116.675177">
        <ele>23.07533</ele>
        <time>2026-09-11T22:58:21.256000Z</time>
      </trkpt>
      <trkpt lat="39.8624486" lon="116.6750304">
        <ele>23.1595</ele>
        <time>2026-09-11T22:58:25.237000Z</time>
      </trkpt>
      <trkpt lat="39.8624528" lon="116.6748861">
        <ele>23.26744</ele>
        <time>2026-09-11T22:58:29.217000Z</time>
      </trkpt>
      <trkpt lat="39.8624562" lon="116.6747432">
        <ele>23.38896</ele>
        <time>2026-09-11T22:58:33.198000Z</time>
      </trkpt>
      <trkpt lat="39.8624625" lon="116.6746066">
        <ele>23.527</ele>
        <time>2026-09-11T22:58:37.179000Z</time>
      </trkpt>
      <trkpt lat="39.8624649" lon="116.6744786">
        <ele>23.67993</ele>
        <time>2026-09-11T22:58:41Z</time>
      </trkpt>
      <trkpt lat="39.8624666" lon="116.674347">
        <ele>23.80219</ele>
        <time>2026-09-11T22:58:45Z</time>
      </trkpt>
      <trkpt lat="39.8624675" lon="116.6742143">
        <ele>23.83378</ele>
        <time>2026-09-11T22:58:49Z</time>
      </trkpt>
      <trkpt lat="39.862466" lon="116.6740859">
        <ele>23.83287</ele>
        <time>2026-09-11T22:58:53Z</time>
      </trkpt>
      <trkpt lat="39.8624678" lon="116.6739568">
        <ele>23.8447</ele>
        <time>2026-09-11T22:58:57Z</time>
      </trkpt>
      <trkpt lat="39.8624701" lon="116.6738264">
        <ele>23.87501</ele>
        <time>2026-09-11T22:59:01Z</time>
      </trkpt>
      <trkpt lat="39.862468" lon="116.6736935">
        <ele>23.89006</ele>
        <time>2026-09-11T22:59:05Z</time>
      </trkpt>
      <trkpt lat="39.8624697" lon="116.6735569">
        <ele>23.84265</ele>
        <time>2026-09-11T22:59:09Z</time>
      </trkpt>
      <trkpt lat="39.8624834" lon="116.6734223">
        <ele>23.79811</ele>
        <time>2026-09-11T22:59:13Z</time>
      </trkpt>
      <trkpt lat="39.8624948" lon="116.6732943">
        <ele>23.86138</ele>
        <time>2026-09-11T22:59:16.985000Z</time>
      </trkpt>
      <trkpt lat="39.862494" lon="116.6731667">
        <ele>23.93546</ele>
        <time>2026-09-11T22:59:20.966000Z</time>
      </trkpt>
      <trkpt lat="39.8624893" lon="116.6730399">
        <ele>23.95822</ele>
        <time>2026-09-11T22:59:24.947000Z</time>
      </trkpt>
      <trkpt lat="39.8624869" lon="116.6729108">
        <ele>23.94653</ele>
        <time>2026-09-11T22:59:28.928000Z</time>
      </trkpt>
      <trkpt lat="39.8624873" lon="116.6727814">
        <ele>23.92939</ele>
        <time>2026-09-11T22:59:32.908000Z</time>
      </trkpt>
      <trkpt lat="39.8624818" lon="116.6726511">
        <ele>23.92486</ele>
        <time>2026-09-11T22:59:36.889000Z</time>
      </trkpt>
      <trkpt lat="39.8624815" lon="116.6725177">
        <ele>23.9313</ele>
        <time>2026-09-11T22:59:40.870000Z</time>
      </trkpt>
      <trkpt lat="39.8624828" lon="116.6723859">
        <ele>23.93175</ele>
        <time>2026-09-11T22:59:44.850000Z</time>
      </trkpt>
      <trkpt lat="39.8624789" lon="116.672254">
        <ele>23.90744</ele>
        <time>2026-09-11T22:59:48.831000Z</time>
      </trkpt>
      <trkpt lat="39.8624816" lon="116.6721253">
        <ele>23.8433</ele>
        <time>2026-09-11T22:59:52.812000Z</time>
      </trkpt>
      <trkpt lat="39.862499" lon="116.6720067">
        <ele>23.7243</ele>
        <time>2026-09-11T22:59:57.787000Z</time>
      </trkpt>
      <trkpt lat="39.862503" lon="116.6718807">
        <ele>23.6105</ele>
        <time>2026-09-11T23:00:03.759000Z</time>
      </trkpt>
      <trkpt lat="39.8624942" lon="116.67175">
        <ele>23.55486</ele>
        <time>2026-09-11T23:00:08.734000Z</time>
      </trkpt>
      <trkpt lat="39.8625329" lon="116.6716306">
        <ele>23.53631</ele>
        <time>2026-09-11T23:00:12.715000Z</time>
      </trkpt>
      <trkpt lat="39.8626003" lon="116.6715325">
        <ele>23.51323</ele>
        <time>2026-09-11T23:00:16.696000Z</time>
      </trkpt>
      <trkpt lat="39.8626213" lon="116.6713979">
        <ele>23.45703</ele>
        <time>2026-09-11T23:00:20.676000Z</time>
      </trkpt>
      <trkpt lat="39.8626305" lon="116.6712609">
        <ele>23.36373</ele>
        <time>2026-09-11T23:00:24.657000Z</time>
      </trkpt>
      <trkpt lat="39.8626427" lon="116.6711155">
        <ele>23.298</ele>
        <time>2026-09-11T23:00:28.638000Z</time>
      </trkpt>
      <trkpt lat="39.8626541" lon="116.6709674">
        <ele>23.30478</ele>
        <time>2026-09-11T23:00:32.618000Z</time>
      </trkpt>
      <trkpt lat="39.8626536" lon="116.6708231">
        <ele>23.3687</ele>
        <time>2026-09-11T23:00:36.599000Z</time>
      </trkpt>
      <trkpt lat="39.8626507" lon="116.6706765">
        <ele>23.47155</ele>
        <time>2026-09-11T23:00:40.580000Z</time>
      </trkpt>
      <trkpt lat="39.8626544" lon="116.6705206">
        <ele>23.58474</ele>
        <time>2026-09-11T23:00:44.561000Z</time>
      </trkpt>
      <trkpt lat="39.8626536" lon="116.6703996">
        <ele>23.66194</ele>
        <time>2026-09-11T23:00:47.546000Z</time>
      </trkpt>
      <trkpt lat="39.8626444" lon="116.6702817">
        <ele>23.73207</ele>
        <time>2026-09-11T23:00:50.532000Z</time>
      </trkpt>
      <trkpt lat="39.8626348" lon="116.6701654">
        <ele>23.80723</ele>
        <time>2026-09-11T23:00:53.517000Z</time>
      </trkpt>
      <trkpt lat="39.8626147" lon="116.6700141">
        <ele>23.92774</ele>
        <time>2026-09-11T23:00:57.498000Z</time>
      </trkpt>
      <trkpt lat="39.8625974" lon="116.6698701">
        <ele>24.05598</ele>
        <time>2026-09-11T23:01:01.478000Z</time>
      </trkpt>
      <trkpt lat="39.8625855" lon="116.6697278">
        <ele>24.16029</ele>
        <time>2026-09-11T23:01:05.459000Z</time>
      </trkpt>
      <trkpt lat="39.8625826" lon="116.6695836">
        <ele>24.22745</ele>
        <time>2026-09-11T23:01:09.440000Z</time>
      </trkpt>
      <trkpt lat="39.8625869" lon="116.6694413">
        <ele>24.20825</ele>
        <time>2026-09-11T23:01:13.420000Z</time>
      </trkpt>
      <trkpt lat="39.8625683" lon="116.6693122">
        <ele>24.08998</ele>
        <time>2026-09-11T23:01:17.401000Z</time>
      </trkpt>
      <trkpt lat="39.8625232" lon="116.6692087">
        <ele>23.93032</ele>
        <time>2026-09-11T23:01:21.382000Z</time>
      </trkpt>
      <trkpt lat="39.8624981" lon="116.6690857">
        <ele>23.82948</ele>
        <time>2026-09-11T23:01:25.362000Z</time>
      </trkpt>
      <trkpt lat="39.8624755" lon="116.6689587">
        <ele>23.80205</ele>
        <time>2026-09-11T23:01:29.343000Z</time>
      </trkpt>
      <trkpt lat="39.8624707" lon="116.6688304">
        <ele>23.8262</ele>
        <time>2026-09-11T23:01:33.324000Z</time>
      </trkpt>
      <trkpt lat="39.8624833" lon="116.6686981">
        <ele>23.89723</ele>
        <time>2026-09-11T23:01:37.305000Z</time>
      </trkpt>
      <trkpt lat="39.8624973" lon="116.6685691">
        <ele>23.98798</ele>
        <time>2026-09-11T23:01:41.285000Z</time>
      </trkpt>
      <trkpt lat="39.8625059" lon="116.6684329">
        <ele>24.07266</ele>
        <time>2026-09-11T23:01:45.266000Z</time>
      </trkpt>
      <trkpt lat="39.8625144" lon="116.6682957">
        <ele>24.11837</ele>
        <time>2026-09-11T23:01:49.247000Z</time>
      </trkpt>
      <trkpt lat="39.8625203" lon="116.6681606">
        <ele>24.11386</ele>
        <time>2026-09-11T23:01:53.227000Z</time>
      </trkpt>
      <trkpt lat="39.8625265" lon="116.6680275">
        <ele>24.08261</ele>
        <time>2026-09-11T23:01:57.208000Z</time>
      </trkpt>
      <trkpt lat="39.8625303" lon="116.6678933">
        <ele>24.04606</ele>
        <time>2026-09-11T23:02:01.189000Z</time>
      </trkpt>
      <trkpt lat="39.8625323" lon="116.6677559">
        <ele>24.01447</ele>
        <time>2026-09-11T23:02:05.169000Z</time>
      </trkpt>
      <trkpt lat="39.8625412" lon="116.6676209">
        <ele>23.99242</ele>
        <time>2026-09-11T23:02:09.150000Z</time>
      </trkpt>
      <trkpt lat="39.8625527" lon="116.6674926">
        <ele>23.97962</ele>
        <time>2026-09-11T23:02:13.131000Z</time>
      </trkpt>
      <trkpt lat="39.8625554" lon="116.6673675">
        <ele>24.01154</ele>
        <time>2026-09-11T23:02:17.111000Z</time>
      </trkpt>
      <trkpt lat="39.8625436" lon="116.6672424">
        <ele>24.11058</ele>
        <time>2026-09-11T23:02:21.092000Z</time>
      </trkpt>
      <trkpt lat="39.8625244" lon="116.6671164">
        <ele>24.27781</ele>
        <time>2026-09-11T23:02:25.073000Z</time>
      </trkpt>
      <trkpt lat="39.8625236" lon="116.6669977">
        <ele>24.48419</ele>
        <time>2026-09-11T23:02:29Z</time>
      </trkpt>
      <trkpt lat="39.8625266" lon="116.6668738">
        <ele>24.66211</ele>
        <time>2026-09-11T23:02:33Z</time>
      </trkpt>
      <trkpt lat="39.8625266" lon="116.6667467">
        <ele>24.75244</ele>
        <time>2026-09-11T23:02:37Z</time>
      </trkpt>
      <trkpt lat="39.8625287" lon="116.6666193">
        <ele>24.70317</ele>
        <time>2026-09-11T23:02:40.996000Z</time>
      </trkpt>
      <trkpt lat="39.8625315" lon="116.6664902">
        <ele>24.56398</ele>
        <time>2026-09-11T23:02:44.976000Z</time>
      </trkpt>
      <trkpt lat="39.8625334" lon="116.6663597">
        <ele>24.39144</ele>
        <time>2026-09-11T23:02:48.957000Z</time>
      </trkpt>
      <trkpt lat="39.8625304" lon="116.6662306">
        <ele>24.20871</ele>
        <time>2026-09-11T23:02:52.938000Z</time>
      </trkpt>
      <trkpt lat="39.8625176" lon="116.666104">
        <ele>24.05746</ele>
        <time>2026-09-11T23:02:56.918000Z</time>
      </trkpt>
      <trkpt lat="39.8625037" lon="116.6659771">
        <ele>23.95878</ele>
        <time>2026-09-11T23:03:00.899000Z</time>
      </trkpt>
      <trkpt lat="39.8624965" lon="116.6658452">
        <ele>23.85779</ele>
        <time>2026-09-11T23:03:04.880000Z</time>
      </trkpt>
      <trkpt lat="39.8624959" lon="116.6657147">
        <ele>23.70805</ele>
        <time>2026-09-11T23:03:08.860000Z</time>
      </trkpt>
      <trkpt lat="39.8624993" lon="116.665583">
        <ele>23.52253</ele>
        <time>2026-09-11T23:03:12.841000Z</time>
      </trkpt>
      <trkpt lat="39.8625001" lon="116.6654532">
        <ele>23.35473</ele>
        <time>2026-09-11T23:03:16.822000Z</time>
      </trkpt>
      <trkpt lat="39.8624931" lon="116.6653265">
        <ele>23.24969</ele>
        <time>2026-09-11T23:03:20.802000Z</time>
      </trkpt>
      <trkpt lat="39.8624949" lon="116.6651969">
        <ele>23.2092</ele>
        <time>2026-09-11T23:03:24.783000Z</time>
      </trkpt>
      <trkpt lat="39.8624963" lon="116.6650671">
        <ele>23.21393</ele>
        <time>2026-09-11T23:03:28.764000Z</time>
      </trkpt>
      <trkpt lat="39.8624962" lon="116.6649384">
        <ele>23.25359</ele>
        <time>2026-09-11T23:03:32.745000Z</time>
      </trkpt>
      <trkpt lat="39.8624943" lon="116.6648114">
        <ele>23.31774</ele>
        <time>2026-09-11T23:03:36.725000Z</time>
      </trkpt>
      <trkpt lat="39.8624993" lon="116.6646827">
        <ele>23.4135</ele>
        <time>2026-09-11T23:03:40.706000Z</time>
      </trkpt>
      <trkpt lat="39.8625056" lon="116.6645553">
        <ele>23.49064</ele>
        <time>2026-09-11T23:03:44.687000Z</time>
      </trkpt>
      <trkpt lat="39.8625086" lon="116.6644254">
        <ele>23.53592</ele>
        <time>2026-09-11T23:03:48.667000Z</time>
      </trkpt>
      <trkpt lat="39.8625107" lon="116.6642951">
        <ele>23.58696</ele>
        <time>2026-09-11T23:03:52.648000Z</time>
      </trkpt>
      <trkpt lat="39.8625136" lon="116.6641641">
        <ele>23.66857</ele>
        <time>2026-09-11T23:03:56.629000Z</time>
      </trkpt>
      <trkpt lat="39.8625166" lon="116.6640344">
        <ele>23.77994</ele>
        <time>2026-09-11T23:04:00.610000Z</time>
      </trkpt>
      <trkpt lat="39.8625172" lon="116.6639065">
        <ele>23.89895</ele>
        <time>2026-09-11T23:04:04.590000Z</time>
      </trkpt>
      <trkpt lat="39.8625176" lon="116.6637774">
        <ele>23.99176</ele>
        <time>2026-09-11T23:04:08.571000Z</time>
      </trkpt>
      <trkpt lat="39.8625157" lon="116.6636467">
        <ele>24.04714</ele>
        <time>2026-09-11T23:04:12.552000Z</time>
      </trkpt>
      <trkpt lat="39.8625107" lon="116.6635177">
        <ele>24.05651</ele>
        <time>2026-09-11T23:04:16.532000Z</time>
      </trkpt>
      <trkpt lat="39.8625069" lon="116.6633868">
        <ele>24.02575</ele>
        <time>2026-09-11T23:04:20.513000Z</time>
      </trkpt>
      <trkpt lat="39.862506" lon="116.6632563">
        <ele>23.98352</ele>
        <time>2026-09-11T23:04:24.494000Z</time>
      </trkpt>
      <trkpt lat="39.862503" lon="116.6631244">
        <ele>23.94778</ele>
        <time>2026-09-11T23:04:28.475000Z</time>
      </trkpt>
      <trkpt lat="39.8624973" lon="116.6629902">
        <ele>23.93265</ele>
        <time>2026-09-11T23:04:32.455000Z</time>
      </trkpt>
      <trkpt lat="39.8624919" lon="116.6628549">
        <ele>23.9201</ele>
        <time>2026-09-11T23:04:36.436000Z</time>
      </trkpt>
      <trkpt lat="39.8624904" lon="116.6627185">
        <ele>23.90435</ele>
        <time>2026-09-11T23:04:40.417000Z</time>
      </trkpt>
      <trkpt lat="39.862493" lon="116.6625847">
        <ele>23.88017</ele>
        <time>2026-09-11T23:04:44.397000Z</time>
      </trkpt>
      <trkpt lat="39.8624943" lon="116.6624518">
        <ele>23.83104</ele>
        <time>2026-09-11T23:04:48.378000Z</time>
      </trkpt>
      <trkpt lat="39.8624955" lon="116.6623209">
        <ele>23.78482</ele>
        <time>2026-09-11T23:04:52.359000Z</time>
      </trkpt>
      <trkpt lat="39.8624991" lon="116.6621898">
        <ele>23.74698</ele>
        <time>2026-09-11T23:04:56.339000Z</time>
      </trkpt>
      <trkpt lat="39.8625054" lon="116.6620567">
        <ele>23.71427</ele>
        <time>2026-09-11T23:05:00.320000Z</time>
      </trkpt>
      <trkpt lat="39.8625103" lon="116.6619258">
        <ele>23.70083</ele>
        <time>2026-09-11T23:05:04.301000Z</time>
      </trkpt>
      <trkpt lat="39.8625125" lon="116.6617915">
        <ele>23.72116</ele>
        <time>2026-09-11T23:05:08.282000Z</time>
      </trkpt>
      <trkpt lat="39.8625143" lon="116.6616561">
        <ele>23.76427</ele>
        <time>2026-09-11T23:05:12.262000Z</time>
      </trkpt>
      <trkpt lat="39.8625168" lon="116.6615223">
        <ele>23.85034</ele>
        <time>2026-09-11T23:05:16.243000Z</time>
      </trkpt>
      <trkpt lat="39.8625232" lon="116.6613867">
        <ele>24.0349</ele>
        <time>2026-09-11T23:05:20.224000Z</time>
      </trkpt>
      <trkpt lat="39.8625228" lon="116.6612511">
        <ele>24.29692</ele>
        <time>2026-09-11T23:05:24.204000Z</time>
      </trkpt>
      <trkpt lat="39.8625202" lon="116.6611226">
        <ele>24.47592</ele>
        <time>2026-09-11T23:05:28Z</time>
      </trkpt>
      <trkpt lat="39.8625252" lon="116.6609852">
        <ele>24.44145</ele>
        <time>2026-09-11T23:05:32.166000Z</time>
      </trkpt>
      <trkpt lat="39.8625316" lon="116.660849">
        <ele>24.32489</ele>
        <time>2026-09-11T23:05:36.146000Z</time>
      </trkpt>
      <trkpt lat="39.8625341" lon="116.6607122">
        <ele>24.18362</ele>
        <time>2026-09-11T23:05:40.127000Z</time>
      </trkpt>
      <trkpt lat="39.862535" lon="116.6605783">
        <ele>24.06712</ele>
        <time>2026-09-11T23:05:44.108000Z</time>
      </trkpt>
      <trkpt lat="39.8625357" lon="116.6604432">
        <ele>24.01372</ele>
        <time>2026-09-11T23:05:48.089000Z</time>
      </trkpt>
      <trkpt lat="39.8625364" lon="116.6603044">
        <ele>24.00673</ele>
        <time>2026-09-11T23:05:52.069000Z</time>
      </trkpt>
      <trkpt lat="39.8625378" lon="116.6601579">
        <ele>23.90142</ele>
        <time>2026-09-11T23:05:56.050000Z</time>
      </trkpt>
      <trkpt lat="39.8625415" lon="116.6600087">
        <ele>23.81681</ele>
        <time>2026-09-11T23:06:00.031000Z</time>
      </trkpt>
      <trkpt lat="39.8625459" lon="116.6598601">
        <ele>23.85344</ele>
        <time>2026-09-11T23:06:04.011000Z</time>
      </trkpt>
      <trkpt lat="39.8625488" lon="116.659712">
        <ele>23.89506</ele>
        <time>2026-09-11T23:06:07.992000Z</time>
      </trkpt>
      <trkpt lat="39.8625505" lon="116.6595689">
        <ele>23.91172</ele>
        <time>2026-09-11T23:06:11.973000Z</time>
      </trkpt>
      <trkpt lat="39.8625478" lon="116.659427">
        <ele>23.95119</ele>
        <time>2026-09-11T23:06:15.953000Z</time>
      </trkpt>
      <trkpt lat="39.8625449" lon="116.6592885">
        <ele>24.01827</ele>
        <time>2026-09-11T23:06:19.934000Z</time>
      </trkpt>
      <trkpt lat="39.8625433" lon="116.6591504">
        <ele>24.10717</ele>
        <time>2026-09-11T23:06:23.915000Z</time>
      </trkpt>
      <trkpt lat="39.8625423" lon="116.6590121">
        <ele>24.18115</ele>
        <time>2026-09-11T23:06:27.896000Z</time>
      </trkpt>
      <trkpt lat="39.8625374" lon="116.6588728">
        <ele>24.21579</ele>
        <time>2026-09-11T23:06:31.876000Z</time>
      </trkpt>
      <trkpt lat="39.8625229" lon="116.6587339">
        <ele>24.23005</ele>
        <time>2026-09-11T23:06:35.857000Z</time>
      </trkpt>
      <trkpt lat="39.8625087" lon="116.6586">
        <ele>24.23929</ele>
        <time>2026-09-11T23:06:39.838000Z</time>
      </trkpt>
      <trkpt lat="39.8624994" lon="116.6584699">
        <ele>24.2366</ele>
        <time>2026-09-11T23:06:43.818000Z</time>
      </trkpt>
      <trkpt lat="39.8624983" lon="116.6583423">
        <ele>24.2448</ele>
        <time>2026-09-11T23:06:47.799000Z</time>
      </trkpt>
      <trkpt lat="39.8625048" lon="116.6582097">
        <ele>24.25617</ele>
        <time>2026-09-11T23:06:51.780000Z</time>
      </trkpt>
      <trkpt lat="39.862512" lon="116.6580744">
        <ele>24.26184</ele>
        <time>2026-09-11T23:06:55.760000Z</time>
      </trkpt>
      <trkpt lat="39.8625173" lon="116.6579421">
        <ele>24.2591</ele>
        <time>2026-09-11T23:06:59.741000Z</time>
      </trkpt>
      <trkpt lat="39.8625201" lon="116.6578086">
        <ele>24.25376</ele>
        <time>2026-09-11T23:07:03.722000Z</time>
      </trkpt>
      <trkpt lat="39.8625165" lon="116.657674">
        <ele>24.25082</ele>
        <time>2026-09-11T23:07:07.703000Z</time>
      </trkpt>
      <trkpt lat="39.8625142" lon="116.6575406">
        <ele>24.23789</ele>
        <time>2026-09-11T23:07:11.683000Z</time>
      </trkpt>
      <trkpt lat="39.8625152" lon="116.6574069">
        <ele>24.20324</ele>
        <time>2026-09-11T23:07:15.664000Z</time>
      </trkpt>
      <trkpt lat="39.862517" lon="116.6572746">
        <ele>24.15017</ele>
        <time>2026-09-11T23:07:19.645000Z</time>
      </trkpt>
      <trkpt lat="39.8625231" lon="116.6571397">
        <ele>24.1136</ele>
        <time>2026-09-11T23:07:23.625000Z</time>
      </trkpt>
      <trkpt lat="39.862527" lon="116.657005">
        <ele>24.13526</ele>
        <time>2026-09-11T23:07:27.606000Z</time>
      </trkpt>
      <trkpt lat="39.8625278" lon="116.6568695">
        <ele>24.19721</ele>
        <time>2026-09-11T23:07:31.587000Z</time>
      </trkpt>
      <trkpt lat="39.8625259" lon="116.6567294">
        <ele>24.29579</ele>
        <time>2026-09-11T23:07:35.567000Z</time>
      </trkpt>
      <trkpt lat="39.8625244" lon="116.6565848">
        <ele>24.45709</ele>
        <time>2026-09-11T23:07:39.548000Z</time>
      </trkpt>
      <trkpt lat="39.8625236" lon="116.6564423">
        <ele>24.66714</ele>
        <time>2026-09-11T23:07:43.529000Z</time>
      </trkpt>
      <trkpt lat="39.8625221" lon="116.6563064">
        <ele>24.86745</ele>
        <time>2026-09-11T23:07:47.510000Z</time>
      </trkpt>
      <trkpt lat="39.8625225" lon="116.6561784">
        <ele>24.99873</ele>
        <time>2026-09-11T23:07:51.490000Z</time>
      </trkpt>
      <trkpt lat="39.8625326" lon="116.6560485">
        <ele>25.05321</ele>
        <time>2026-09-11T23:07:55.471000Z</time>
      </trkpt>
      <trkpt lat="39.8625405" lon="116.6559166">
        <ele>25.06364</ele>
        <time>2026-09-11T23:07:59.452000Z</time>
      </trkpt>
      <trkpt lat="39.862547" lon="116.6557829">
        <ele>25.06833</ele>
        <time>2026-09-11T23:08:03.432000Z</time>
      </trkpt>
      <trkpt lat="39.8625515" lon="116.6556507">
        <ele>25.08073</ele>
        <time>2026-09-11T23:08:07.413000Z</time>
      </trkpt>
      <trkpt lat="39.862559" lon="116.6555167">
        <ele>25.11044</ele>
        <time>2026-09-11T23:08:11.394000Z</time>
      </trkpt>
      <trkpt lat="39.8625679" lon="116.6553815">
        <ele>25.14465</ele>
        <time>2026-09-11T23:08:15.374000Z</time>
      </trkpt>
      <trkpt lat="39.8625724" lon="116.655244">
        <ele>25.13742</ele>
        <time>2026-09-11T23:08:19.355000Z</time>
      </trkpt>
      <trkpt lat="39.8625659" lon="116.6551073">
        <ele>25.09586</ele>
        <time>2026-09-11T23:08:23.336000Z</time>
      </trkpt>
      <trkpt lat="39.8625597" lon="116.6549766">
        <ele>25.07628</ele>
        <time>2026-09-11T23:08:27.316000Z</time>
      </trkpt>
      <trkpt lat="39.8625561" lon="116.6548444">
        <ele>25.09643</ele>
        <time>2026-09-11T23:08:31.297000Z</time>
      </trkpt>
      <trkpt lat="39.8625542" lon="116.6547109">
        <ele>25.15028</ele>
        <time>2026-09-11T23:08:35.278000Z</time>
      </trkpt>
      <trkpt lat="39.8625499" lon="116.6545756">
        <ele>25.20885</ele>
        <time>2026-09-11T23:08:39.259000Z</time>
      </trkpt>
      <trkpt lat="39.8625476" lon="116.6544378">
        <ele>25.24989</ele>
        <time>2026-09-11T23:08:43.239000Z</time>
      </trkpt>
      <trkpt lat="39.8625438" lon="116.6543015">
        <ele>25.29143</ele>
        <time>2026-09-11T23:08:47.220000Z</time>
      </trkpt>
      <trkpt lat="39.8625312" lon="116.6541697">
        <ele>25.32396</ele>
        <time>2026-09-11T23:08:51.201000Z</time>
      </trkpt>
      <trkpt lat="39.8625125" lon="116.6540399">
        <ele>25.35515</ele>
        <time>2026-09-11T23:08:55Z</time>
      </trkpt>
      <trkpt lat="39.8625022" lon="116.6538977">
        <ele>25.407</ele>
        <time>2026-09-11T23:08:59Z</time>
      </trkpt>
      <trkpt lat="39.8625007" lon="116.6537516">
        <ele>25.44867</ele>
        <time>2026-09-11T23:09:03Z</time>
      </trkpt>
      <trkpt lat="39.8624987" lon="116.653601">
        <ele>25.46938</ele>
        <time>2026-09-11T23:09:07Z</time>
      </trkpt>
      <trkpt lat="39.8624959" lon="116.65345">
        <ele>25.47154</ele>
        <time>2026-09-11T23:09:11Z</time>
      </trkpt>
      <trkpt lat="39.8625038" lon="116.6533003">
        <ele>25.44321</ele>
        <time>2026-09-11T23:09:15Z</time>
      </trkpt>
      <trkpt lat="39.8625306" lon="116.653152">
        <ele>25.36281</ele>
        <time>2026-09-11T23:09:19Z</time>
      </trkpt>
      <trkpt lat="39.8625478" lon="116.6530011">
        <ele>25.25621</ele>
        <time>2026-09-11T23:09:23Z</time>
      </trkpt>
      <trkpt lat="39.862551" lon="116.6528497">
        <ele>25.14976</ele>
        <time>2026-09-11T23:09:27Z</time>
      </trkpt>
      <trkpt lat="39.8625518" lon="116.6527016">
        <ele>25.03595</ele>
        <time>2026-09-11T23:09:31Z</time>
      </trkpt>
      <trkpt lat="39.8625532" lon="116.6525524">
        <ele>24.89994</ele>
        <time>2026-09-11T23:09:34.988000Z</time>
      </trkpt>
      <trkpt lat="39.8625599" lon="116.6524035">
        <ele>24.77621</ele>
        <time>2026-09-11T23:09:38.969000Z</time>
      </trkpt>
      <trkpt lat="39.8625723" lon="116.6522546">
        <ele>24.69638</ele>
        <time>2026-09-11T23:09:42.950000Z</time>
      </trkpt>
      <trkpt lat="39.8625872" lon="116.6521058">
        <ele>24.66176</ele>
        <time>2026-09-11T23:09:46.930000Z</time>
      </trkpt>
      <trkpt lat="39.8626018" lon="116.6519595">
        <ele>24.65045</ele>
        <time>2026-09-11T23:09:50.911000Z</time>
      </trkpt>
      <trkpt lat="39.862639" lon="116.6518284">
        <ele>24.64444</ele>
        <time>2026-09-11T23:09:54.892000Z</time>
      </trkpt>
      <trkpt lat="39.8627294" lon="116.6517535">
        <ele>24.6401</ele>
        <time>2026-09-11T23:09:58.872000Z</time>
      </trkpt>
      <trkpt lat="39.8628367" lon="116.6517261">
        <ele>24.64612</ele>
        <time>2026-09-11T23:10:02.853000Z</time>
      </trkpt>
      <trkpt lat="39.862943" lon="116.6517188">
        <ele>24.69162</ele>
        <time>2026-09-11T23:10:06.834000Z</time>
      </trkpt>
      <trkpt lat="39.8630481" lon="116.6517199">
        <ele>24.78103</ele>
        <time>2026-09-11T23:10:10.815000Z</time>
      </trkpt>
      <trkpt lat="39.8631543" lon="116.6517227">
        <ele>24.89377</ele>
        <time>2026-09-11T23:10:14.795000Z</time>
      </trkpt>
      <trkpt lat="39.8632601" lon="116.6517198">
        <ele>25.0089</ele>
        <time>2026-09-11T23:10:18.776000Z</time>
      </trkpt>
      <trkpt lat="39.863366" lon="116.651716">
        <ele>25.10192</ele>
        <time>2026-09-11T23:10:22.757000Z</time>
      </trkpt>
      <trkpt lat="39.8634738" lon="116.6517152">
        <ele>25.15637</ele>
        <time>2026-09-11T23:10:26.737000Z</time>
      </trkpt>
      <trkpt lat="39.8635778" lon="116.6517179">
        <ele>25.19898</ele>
        <time>2026-09-11T23:10:30.718000Z</time>
      </trkpt>
      <trkpt lat="39.8636819" lon="116.6517225">
        <ele>25.26767</ele>
        <time>2026-09-11T23:10:34.699000Z</time>
      </trkpt>
      <trkpt lat="39.863784" lon="116.6517261">
        <ele>25.32781</ele>
        <time>2026-09-11T23:10:38.680000Z</time>
      </trkpt>
      <trkpt lat="39.8638895" lon="116.6517355">
        <ele>25.36927</ele>
        <time>2026-09-11T23:10:42.660000Z</time>
      </trkpt>
      <trkpt lat="39.863993" lon="116.6517408">
        <ele>25.40772</ele>
        <time>2026-09-11T23:10:46.641000Z</time>
      </trkpt>
      <trkpt lat="39.8640962" lon="116.6517389">
        <ele>25.44565</ele>
        <time>2026-09-11T23:10:50.622000Z</time>
      </trkpt>
      <trkpt lat="39.8641991" lon="116.6517386">
        <ele>25.48942</ele>
        <time>2026-09-11T23:10:54.602000Z</time>
      </trkpt>
      <trkpt lat="39.8643058" lon="116.6517474">
        <ele>25.53816</ele>
        <time>2026-09-11T23:10:58.583000Z</time>
      </trkpt>
      <trkpt lat="39.8644099" lon="116.6517534">
        <ele>25.60844</ele>
        <time>2026-09-11T23:11:02.564000Z</time>
      </trkpt>
      <trkpt lat="39.8645126" lon="116.6517482">
        <ele>25.69499</ele>
        <time>2026-09-11T23:11:06.544000Z</time>
      </trkpt>
      <trkpt lat="39.8646156" lon="116.6517518">
        <ele>25.76341</ele>
        <time>2026-09-11T23:11:10.525000Z</time>
      </trkpt>
      <trkpt lat="39.8647194" lon="116.6517526">
        <ele>25.79556</ele>
        <time>2026-09-11T23:11:14.506000Z</time>
      </trkpt>
      <trkpt lat="39.8648238" lon="116.6517595">
        <ele>25.80031</ele>
        <time>2026-09-11T23:11:18.487000Z</time>
      </trkpt>
      <trkpt lat="39.8649281" lon="116.6517692">
        <ele>25.80493</ele>
        <time>2026-09-11T23:11:22.467000Z</time>
      </trkpt>
      <trkpt lat="39.8650352" lon="116.6517767">
        <ele>25.84252</ele>
        <time>2026-09-11T23:11:26.448000Z</time>
      </trkpt>
      <trkpt lat="39.8651466" lon="116.6517849">
        <ele>25.92201</ele>
        <time>2026-09-11T23:11:30.429000Z</time>
      </trkpt>
      <trkpt lat="39.865258" lon="116.6517867">
        <ele>26.03134</ele>
        <time>2026-09-11T23:11:34.409000Z</time>
      </trkpt>
      <trkpt lat="39.8653658" lon="116.6517772">
        <ele>26.13424</ele>
        <time>2026-09-11T23:11:38.390000Z</time>
      </trkpt>
      <trkpt lat="39.865473" lon="116.6517657">
        <ele>26.22627</ele>
        <time>2026-09-11T23:11:42.371000Z</time>
      </trkpt>
      <trkpt lat="39.8655777" lon="116.6517593">
        <ele>26.31773</ele>
        <time>2026-09-11T23:11:46.352000Z</time>
      </trkpt>
      <trkpt lat="39.8656804" lon="116.6517594">
        <ele>26.39554</ele>
        <time>2026-09-11T23:11:50.332000Z</time>
      </trkpt>
      <trkpt lat="39.8657859" lon="116.6517594">
        <ele>26.44902</ele>
        <time>2026-09-11T23:11:54.313000Z</time>
      </trkpt>
      <trkpt lat="39.865893" lon="116.6517554">
        <ele>26.47138</ele>
        <time>2026-09-11T23:11:58.294000Z</time>
      </trkpt>
      <trkpt lat="39.8659996" lon="116.6517498">
        <ele>26.4533</ele>
        <time>2026-09-11T23:12:02.274000Z</time>
      </trkpt>
      <trkpt lat="39.8661044" lon="116.6517483">
        <ele>26.37285</ele>
        <time>2026-09-11T23:12:06.255000Z</time>
      </trkpt>
      <trkpt lat="39.8662092" lon="116.6517476">
        <ele>26.17925</ele>
        <time>2026-09-11T23:12:10.236000Z</time>
      </trkpt>
      <trkpt lat="39.8663152" lon="116.6517448">
        <ele>25.80533</ele>
        <time>2026-09-11T23:12:14.216000Z</time>
      </trkpt>
      <trkpt lat="39.8664208" lon="116.6517388">
        <ele>25.27153</ele>
        <time>2026-09-11T23:12:18.197000Z</time>
      </trkpt>
      <trkpt lat="39.86652" lon="116.6517348">
        <ele>24.89603</ele>
        <time>2026-09-11T23:12:22Z</time>
      </trkpt>
      <trkpt lat="39.8666231" lon="116.6517269">
        <ele>24.79072</ele>
        <time>2026-09-11T23:12:26Z</time>
      </trkpt>
      <trkpt lat="39.8667276" lon="116.651728">
        <ele>24.77342</ele>
        <time>2026-09-11T23:12:30Z</time>
      </trkpt>
      <trkpt lat="39.8668328" lon="116.651729">
        <ele>24.80893</ele>
        <time>2026-09-11T23:12:34Z</time>
      </trkpt>
      <trkpt lat="39.8669377" lon="116.6517278">
        <ele>25.05299</ele>
        <time>2026-09-11T23:12:38.101000Z</time>
      </trkpt>
      <trkpt lat="39.8670402" lon="116.6517401">
        <ele>25.38503</ele>
        <time>2026-09-11T23:12:42.081000Z</time>
      </trkpt>
      <trkpt lat="39.8671421" lon="116.6517571">
        <ele>25.60585</ele>
        <time>2026-09-11T23:12:46.062000Z</time>
      </trkpt>
      <trkpt lat="39.8672426" lon="116.6517696">
        <ele>25.70154</ele>
        <time>2026-09-11T23:12:50.043000Z</time>
      </trkpt>
      <trkpt lat="39.8673471" lon="116.6517769">
        <ele>25.66648</ele>
        <time>2026-09-11T23:12:54.024000Z</time>
      </trkpt>
      <trkpt lat="39.8674516" lon="116.65178">
        <ele>25.53435</ele>
        <time>2026-09-11T23:12:58.004000Z</time>
      </trkpt>
      <trkpt lat="39.8675556" lon="116.6517816">
        <ele>25.4812</ele>
        <time>2026-09-11T23:13:01.985000Z</time>
      </trkpt>
      <trkpt lat="39.8676584" lon="116.6517831">
        <ele>25.45837</ele>
        <time>2026-09-11T23:13:05.966000Z</time>
      </trkpt>
      <trkpt lat="39.8677606" lon="116.6517865">
        <ele>25.4044</ele>
        <time>2026-09-11T23:13:09.946000Z</time>
      </trkpt>
      <trkpt lat="39.8678573" lon="116.6517951">
        <ele>25.34772</ele>
        <time>2026-09-11T23:13:13.927000Z</time>
      </trkpt>
      <trkpt lat="39.8679526" lon="116.6518171">
        <ele>25.29896</ele>
        <time>2026-09-11T23:13:17.908000Z</time>
      </trkpt>
      <trkpt lat="39.8680598" lon="116.6518341">
        <ele>25.21838</ele>
        <time>2026-09-11T23:13:21.888000Z</time>
      </trkpt>
      <trkpt lat="39.8681747" lon="116.6518276">
        <ele>25.08681</ele>
        <time>2026-09-11T23:13:25.869000Z</time>
      </trkpt>
      <trkpt lat="39.8682877" lon="116.6518049">
        <ele>24.92469</ele>
        <time>2026-09-11T23:13:29.850000Z</time>
      </trkpt>
      <trkpt lat="39.8684028" lon="116.6517843">
        <ele>24.7581</ele>
        <time>2026-09-11T23:13:33.831000Z</time>
      </trkpt>
      <trkpt lat="39.8685154" lon="116.651776">
        <ele>24.61042</ele>
        <time>2026-09-11T23:13:37.811000Z</time>
      </trkpt>
      <trkpt lat="39.8686275" lon="116.6517727">
        <ele>24.49773</ele>
        <time>2026-09-11T23:13:41.792000Z</time>
      </trkpt>
      <trkpt lat="39.8687375" lon="116.6517724">
        <ele>24.42029</ele>
        <time>2026-09-11T23:13:45.773000Z</time>
      </trkpt>
      <trkpt lat="39.868847" lon="116.6517743">
        <ele>24.384</ele>
        <time>2026-09-11T23:13:49.753000Z</time>
      </trkpt>
      <trkpt lat="39.8689592" lon="116.6517748">
        <ele>24.40707</ele>
        <time>2026-09-11T23:13:53.734000Z</time>
      </trkpt>
      <trkpt lat="39.8690705" lon="116.6517776">
        <ele>24.48531</ele>
        <time>2026-09-11T23:13:57.715000Z</time>
      </trkpt>
      <trkpt lat="39.8691846" lon="116.651781">
        <ele>24.60304</ele>
        <time>2026-09-11T23:14:01.695000Z</time>
      </trkpt>
      <trkpt lat="39.8693007" lon="116.6517883">
        <ele>24.71006</ele>
        <time>2026-09-11T23:14:05.676000Z</time>
      </trkpt>
      <trkpt lat="39.8694182" lon="116.6517953">
        <ele>24.78495</ele>
        <time>2026-09-11T23:14:09.657000Z</time>
      </trkpt>
      <trkpt lat="39.8695343" lon="116.6517978">
        <ele>24.84066</ele>
        <time>2026-09-11T23:14:13.637000Z</time>
      </trkpt>
      <trkpt lat="39.8696532" lon="116.6517948">
        <ele>24.89034</ele>
        <time>2026-09-11T23:14:17.618000Z</time>
      </trkpt>
      <trkpt lat="39.8697716" lon="116.6517915">
        <ele>24.93484</ele>
        <time>2026-09-11T23:14:21.599000Z</time>
      </trkpt>
      <trkpt lat="39.8698617" lon="116.651792">
        <ele>24.95377</ele>
        <time>2026-09-11T23:14:24.584000Z</time>
      </trkpt>
      <trkpt lat="39.8699529" lon="116.6518055">
        <ele>24.95977</ele>
        <time>2026-09-11T23:14:27.570000Z</time>
      </trkpt>
      <trkpt lat="39.8700432" lon="116.6518259">
        <ele>24.96805</ele>
        <time>2026-09-11T23:14:30.555000Z</time>
      </trkpt>
      <trkpt lat="39.8701631" lon="116.6518521">
        <ele>24.99853</ele>
        <time>2026-09-11T23:14:34.536000Z</time>
      </trkpt>
      <trkpt lat="39.8702649" lon="116.6518698">
        <ele>25.00194</ele>
        <time>2026-09-11T23:14:37.522000Z</time>
      </trkpt>
      <trkpt lat="39.8703625" lon="116.6518826">
        <ele>24.97098</ele>
        <time>2026-09-11T23:14:40.507000Z</time>
      </trkpt>
      <trkpt lat="39.8704543" lon="116.651889">
        <ele>24.92565</ele>
        <time>2026-09-11T23:14:43.493000Z</time>
      </trkpt>
      <trkpt lat="39.8705449" lon="116.651886">
        <ele>24.8793</ele>
        <time>2026-09-11T23:14:46.478000Z</time>
      </trkpt>
      <trkpt lat="39.8706594" lon="116.6518658">
        <ele>24.82511</ele>
        <time>2026-09-11T23:14:50.459000Z</time>
      </trkpt>
      <trkpt lat="39.8707718" lon="116.6518577">
        <ele>24.80792</ele>
        <time>2026-09-11T23:14:54.440000Z</time>
      </trkpt>
      <trkpt lat="39.8708877" lon="116.6518576">
        <ele>24.81943</ele>
        <time>2026-09-11T23:14:58.420000Z</time>
      </trkpt>
      <trkpt lat="39.8710035" lon="116.6518568">
        <ele>24.83959</ele>
        <time>2026-09-11T23:15:02.401000Z</time>
      </trkpt>
      <trkpt lat="39.8711207" lon="116.6518473">
        <ele>24.87819</ele>
        <time>2026-09-11T23:15:06.382000Z</time>
      </trkpt>
      <trkpt lat="39.8712391" lon="116.6518329">
        <ele>24.94355</ele>
        <time>2026-09-11T23:15:10.362000Z</time>
      </trkpt>
      <trkpt lat="39.8713566" lon="116.651816">
        <ele>25.02796</ele>
        <time>2026-09-11T23:15:14.343000Z</time>
      </trkpt>
      <trkpt lat="39.8714728" lon="116.6518013">
        <ele>25.11246</ele>
        <time>2026-09-11T23:15:18.324000Z</time>
      </trkpt>
      <trkpt lat="39.8715893" lon="116.6517846">
        <ele>25.14071</ele>
        <time>2026-09-11T23:15:22.305000Z</time>
      </trkpt>
      <trkpt lat="39.8717053" lon="116.6517748">
        <ele>25.10955</ele>
        <time>2026-09-11T23:15:26.285000Z</time>
      </trkpt>
      <trkpt lat="39.8718178" lon="116.6517653">
        <ele>25.04898</ele>
        <time>2026-09-11T23:15:30.266000Z</time>
      </trkpt>
      <trkpt lat="39.8719297" lon="116.6517589">
        <ele>25.02158</ele>
        <time>2026-09-11T23:15:34.247000Z</time>
      </trkpt>
      <trkpt lat="39.8720399" lon="116.6517638">
        <ele>25.05708</ele>
        <time>2026-09-11T23:15:38.227000Z</time>
      </trkpt>
      <trkpt lat="39.872152" lon="116.6517691">
        <ele>25.12526</ele>
        <time>2026-09-11T23:15:42.208000Z</time>
      </trkpt>
      <trkpt lat="39.8722624" lon="116.6517678">
        <ele>25.19903</ele>
        <time>2026-09-11T23:15:46.189000Z</time>
      </trkpt>
      <trkpt lat="39.8723729" lon="116.6517715">
        <ele>25.26337</ele>
        <time>2026-09-11T23:15:50.170000Z</time>
      </trkpt>
      <trkpt lat="39.8724842" lon="116.6517776">
        <ele>25.32423</ele>
        <time>2026-09-11T23:15:54.150000Z</time>
      </trkpt>
      <trkpt lat="39.8725969" lon="116.6517843">
        <ele>25.37677</ele>
        <time>2026-09-11T23:15:58.131000Z</time>
      </trkpt>
      <trkpt lat="39.8727105" lon="116.6517897">
        <ele>25.39197</ele>
        <time>2026-09-11T23:16:02.112000Z</time>
      </trkpt>
      <trkpt lat="39.8728236" lon="116.6517934">
        <ele>25.35413</ele>
        <time>2026-09-11T23:16:06.092000Z</time>
      </trkpt>
      <trkpt lat="39.8729374" lon="116.6517959">
        <ele>25.2562</ele>
        <time>2026-09-11T23:16:10.073000Z</time>
      </trkpt>
      <trkpt lat="39.8730528" lon="116.6518031">
        <ele>25.13052</ele>
        <time>2026-09-11T23:16:14.054000Z</time>
      </trkpt>
      <trkpt lat="39.8731677" lon="116.6518124">
        <ele>25.0075</ele>
        <time>2026-09-11T23:16:18.035000Z</time>
      </trkpt>
      <trkpt lat="39.873281" lon="116.6518123">
        <ele>24.89576</ele>
        <time>2026-09-11T23:16:22.015000Z</time>
      </trkpt>
      <trkpt lat="39.8733952" lon="116.6518043">
        <ele>24.81584</ele>
        <time>2026-09-11T23:16:25.996000Z</time>
      </trkpt>
      <trkpt lat="39.873509" lon="116.6517946">
        <ele>24.7938</ele>
        <time>2026-09-11T23:16:29.977000Z</time>
      </trkpt>
      <trkpt lat="39.8736216" lon="116.6517882">
        <ele>24.80754</ele>
        <time>2026-09-11T23:16:33.957000Z</time>
      </trkpt>
      <trkpt lat="39.8737351" lon="116.6517862">
        <ele>24.81519</ele>
        <time>2026-09-11T23:16:37.938000Z</time>
      </trkpt>
      <trkpt lat="39.8738476" lon="116.6517907">
        <ele>24.80953</ele>
        <time>2026-09-11T23:16:41.919000Z</time>
      </trkpt>
      <trkpt lat="39.8739626" lon="116.6517992">
        <ele>24.81481</ele>
        <time>2026-09-11T23:16:45.900000Z</time>
      </trkpt>
      <trkpt lat="39.874075" lon="116.6518114">
        <ele>24.87686</ele>
        <time>2026-09-11T23:16:49.880000Z</time>
      </trkpt>
      <trkpt lat="39.8741748" lon="116.6518551">
        <ele>24.95838</ele>
        <time>2026-09-11T23:16:53.861000Z</time>
      </trkpt>
      <trkpt lat="39.8742394" lon="116.6519613">
        <ele>24.97469</ele>
        <time>2026-09-11T23:16:57.842000Z</time>
      </trkpt>
      <trkpt lat="39.8742576" lon="116.6521032">
        <ele>24.91456</ele>
        <time>2026-09-11T23:17:01.823000Z</time>
      </trkpt>
      <trkpt lat="39.8742633" lon="116.652243">
        <ele>24.79913</ele>
        <time>2026-09-11T23:17:05.803000Z</time>
      </trkpt>
      <trkpt lat="39.8742773" lon="116.6523822">
        <ele>24.66891</ele>
        <time>2026-09-11T23:17:09.784000Z</time>
      </trkpt>
      <trkpt lat="39.874275" lon="116.6525251">
        <ele>24.53324</ele>
        <time>2026-09-11T23:17:13.765000Z</time>
      </trkpt>
      <trkpt lat="39.87427" lon="116.6526699">
        <ele>24.39925</ele>
        <time>2026-09-11T23:17:17.745000Z</time>
      </trkpt>
      <trkpt lat="39.8742708" lon="116.6528105">
        <ele>24.29666</ele>
        <time>2026-09-11T23:17:21.726000Z</time>
      </trkpt>
      <trkpt lat="39.8742729" lon="116.6529552">
        <ele>24.24192</ele>
        <time>2026-09-11T23:17:25.707000Z</time>
      </trkpt>
      <trkpt lat="39.8742756" lon="116.6531007">
        <ele>24.25539</ele>
        <time>2026-09-11T23:17:29.688000Z</time>
      </trkpt>
      <trkpt lat="39.8742764" lon="116.6532455">
        <ele>24.34673</ele>
        <time>2026-09-11T23:17:33.668000Z</time>
      </trkpt>
      <trkpt lat="39.8742758" lon="116.6533913">
        <ele>24.51414</ele>
        <time>2026-09-11T23:17:37.649000Z</time>
      </trkpt>
      <trkpt lat="39.8742828" lon="116.6535371">
        <ele>24.68636</ele>
        <time>2026-09-11T23:17:41.630000Z</time>
      </trkpt>
      <trkpt lat="39.8742941" lon="116.6536803">
        <ele>24.78188</ele>
        <time>2026-09-11T23:17:45.610000Z</time>
      </trkpt>
      <trkpt lat="39.8743013" lon="116.6538212">
        <ele>24.83895</ele>
        <time>2026-09-11T23:17:49.591000Z</time>
      </trkpt>
      <trkpt lat="39.8743049" lon="116.6539672">
        <ele>24.84587</ele>
        <time>2026-09-11T23:17:53.572000Z</time>
      </trkpt>
      <trkpt lat="39.8743143" lon="116.6541056">
        <ele>24.81245</ele>
        <time>2026-09-11T23:17:57.552000Z</time>
      </trkpt>
      <trkpt lat="39.8743268" lon="116.6542426">
        <ele>24.80156</ele>
        <time>2026-09-11T23:18:01.533000Z</time>
      </trkpt>
      <trkpt lat="39.8743401" lon="116.6543807">
        <ele>24.85446</ele>
        <time>2026-09-11T23:18:05.514000Z</time>
      </trkpt>
      <trkpt lat="39.8743538" lon="116.6545261">
        <ele>24.87045</ele>
        <time>2026-09-11T23:18:09.495000Z</time>
      </trkpt>
      <trkpt lat="39.8743598" lon="116.6546693">
        <ele>24.80628</ele>
        <time>2026-09-11T23:18:13.475000Z</time>
      </trkpt>
      <trkpt lat="39.8743627" lon="116.6548079">
        <ele>24.7337</ele>
        <time>2026-09-11T23:18:17.456000Z</time>
      </trkpt>
      <trkpt lat="39.8743615" lon="116.6549464">
        <ele>24.72723</ele>
        <time>2026-09-11T23:18:21.437000Z</time>
      </trkpt>
      <trkpt lat="39.8743673" lon="116.6550845">
        <ele>24.7889</ele>
        <time>2026-09-11T23:18:25.417000Z</time>
      </trkpt>
      <trkpt lat="39.8743792" lon="116.6552246">
        <ele>24.82635</ele>
        <time>2026-09-11T23:18:29.398000Z</time>
      </trkpt>
      <trkpt lat="39.874389" lon="116.6553651">
        <ele>24.8327</ele>
        <time>2026-09-11T23:18:33.379000Z</time>
      </trkpt>
      <trkpt lat="39.8743952" lon="116.6555015">
        <ele>24.86749</ele>
        <time>2026-09-11T23:18:37.359000Z</time>
      </trkpt>
      <trkpt lat="39.8743975" lon="116.6556409">
        <ele>24.92564</ele>
        <time>2026-09-11T23:18:41.340000Z</time>
      </trkpt>
      <trkpt lat="39.8743962" lon="116.655778">
        <ele>25.02258</ele>
        <time>2026-09-11T23:18:45.321000Z</time>
      </trkpt>
      <trkpt lat="39.8744031" lon="116.6559177">
        <ele>25.17718</ele>
        <time>2026-09-11T23:18:49.302000Z</time>
      </trkpt>
      <trkpt lat="39.8744018" lon="116.6560473">
        <ele>25.36206</ele>
        <time>2026-09-11T23:18:53.282000Z</time>
      </trkpt>
      <trkpt lat="39.8743944" lon="116.656182">
        <ele>25.51112</ele>
        <time>2026-09-11T23:18:57.263000Z</time>
      </trkpt>
      <trkpt lat="39.8743844" lon="116.6563164">
        <ele>25.57582</ele>
        <time>2026-09-11T23:19:01.244000Z</time>
      </trkpt>
      <trkpt lat="39.8743745" lon="116.6564491">
        <ele>25.58672</ele>
        <time>2026-09-11T23:19:05.224000Z</time>
      </trkpt>
      <trkpt lat="39.874364" lon="116.6565757">
        <ele>25.59593</ele>
        <time>2026-09-11T23:19:09.205000Z</time>
      </trkpt>
      <trkpt lat="39.874357" lon="116.6567031">
        <ele>25.60628</ele>
        <time>2026-09-11T23:19:13.186000Z</time>
      </trkpt>
      <trkpt lat="39.8743542" lon="116.6568308">
        <ele>25.60162</ele>
        <time>2026-09-11T23:19:17.166000Z</time>
      </trkpt>
      <trkpt lat="39.8743558" lon="116.6569554">
        <ele>25.55888</ele>
        <time>2026-09-11T23:19:21.147000Z</time>
      </trkpt>
      <trkpt lat="39.8743683" lon="116.6570715">
        <ele>25.4357</ele>
        <time>2026-09-11T23:19:25.128000Z</time>
      </trkpt>
      <trkpt lat="39.8743753" lon="116.6571936">
        <ele>25.21113</ele>
        <time>2026-09-11T23:19:29.109000Z</time>
      </trkpt>
      <trkpt lat="39.8743717" lon="116.6573167">
        <ele>24.90251</ele>
        <time>2026-09-11T23:19:33.089000Z</time>
      </trkpt>
      <trkpt lat="39.8743597" lon="116.657443">
        <ele>24.52425</ele>
        <time>2026-09-11T23:19:37.070000Z</time>
      </trkpt>
      <trkpt lat="39.8743484" lon="116.6575676">
        <ele>24.26324</ele>
        <time>2026-09-11T23:19:41Z</time>
      </trkpt>
      <trkpt lat="39.874336" lon="116.6576917">
        <ele>24.36367</ele>
        <time>2026-09-11T23:19:45.031000Z</time>
      </trkpt>
      <trkpt lat="39.8743251" lon="116.6578156">
        <ele>24.53303</ele>
        <time>2026-09-11T23:19:49.012000Z</time>
      </trkpt>
      <trkpt lat="39.874332" lon="116.6579365">
        <ele>24.61523</ele>
        <time>2026-09-11T23:19:52.993000Z</time>
      </trkpt>
      <trkpt lat="39.8743476" lon="116.6580607">
        <ele>24.6789</ele>
        <time>2026-09-11T23:19:56.974000Z</time>
      </trkpt>
      <trkpt lat="39.8743548" lon="116.6581905">
        <ele>24.75396</ele>
        <time>2026-09-11T23:20:00.954000Z</time>
      </trkpt>
      <trkpt lat="39.8743494" lon="116.6583183">
        <ele>24.80341</ele>
        <time>2026-09-11T23:20:04.935000Z</time>
      </trkpt>
      <trkpt lat="39.8743426" lon="116.6584463">
        <ele>24.817</ele>
        <time>2026-09-11T23:20:08.916000Z</time>
      </trkpt>
      <trkpt lat="39.8743342" lon="116.6585765">
        <ele>24.84774</ele>
        <time>2026-09-11T23:20:12.896000Z</time>
      </trkpt>
      <trkpt lat="39.8743071" lon="116.6586981">
        <ele>24.91736</ele>
        <time>2026-09-11T23:20:16.877000Z</time>
      </trkpt>
      <trkpt lat="39.8742386" lon="116.6587872">
        <ele>24.99058</ele>
        <time>2026-09-11T23:20:20.858000Z</time>
      </trkpt>
      <trkpt lat="39.8741426" lon="116.6588132">
        <ele>25.04725</ele>
        <time>2026-09-11T23:20:24.839000Z</time>
      </trkpt>
      <trkpt lat="39.874039" lon="116.6587932">
        <ele>25.06644</ele>
        <time>2026-09-11T23:20:28.819000Z</time>
      </trkpt>
      <trkpt lat="39.8739362" lon="116.6587651">
        <ele>25.01413</ele>
        <time>2026-09-11T23:20:32.800000Z</time>
      </trkpt>
      <trkpt lat="39.8738395" lon="116.6587391">
        <ele>24.89369</ele>
        <time>2026-09-11T23:20:36.781000Z</time>
      </trkpt>
      <trkpt lat="39.8738057" lon="116.65874">
        <ele>24.68188</ele>
        <time>2026-09-11T23:20:41.757000Z</time>
      </trkpt>
      <trkpt lat="39.8739078" lon="116.6587561">
        <ele>24.53421</ele>
        <time>2026-09-11T23:20:46.733000Z</time>
      </trkpt>
      <trkpt lat="39.8740155" lon="116.6587738">
        <ele>24.53288</ele>
        <time>2026-09-11T23:20:50.713000Z</time>
      </trkpt>
      <trkpt lat="39.8741139" lon="116.6587999">
        <ele>24.64366</ele>
        <time>2026-09-11T23:20:54.694000Z</time>
      </trkpt>
      <trkpt lat="39.8742192" lon="116.6588277">
        <ele>24.8208</ele>
        <time>2026-09-11T23:20:59.670000Z</time>
      </trkpt>
      <trkpt lat="39.87426" lon="116.6589381">
        <ele>24.93066</ele>
        <time>2026-09-11T23:21:04.646000Z</time>
      </trkpt>
      <trkpt lat="39.8742692" lon="116.6590826">
        <ele>24.91637</ele>
        <time>2026-09-11T23:21:08.627000Z</time>
      </trkpt>
      <trkpt lat="39.87428" lon="116.6592307">
        <ele>24.8056</ele>
        <time>2026-09-11T23:21:12.607000Z</time>
      </trkpt>
      <trkpt lat="39.8742875" lon="116.6593771">
        <ele>24.6655</ele>
        <time>2026-09-11T23:21:16.588000Z</time>
      </trkpt>
      <trkpt lat="39.8742897" lon="116.6595181">
        <ele>24.53877</ele>
        <time>2026-09-11T23:21:20.569000Z</time>
      </trkpt>
      <trkpt lat="39.8742916" lon="116.6596563">
        <ele>24.44845</ele>
        <time>2026-09-11T23:21:24.549000Z</time>
      </trkpt>
      <trkpt lat="39.8743041" lon="116.6597938">
        <ele>24.42567</ele>
        <time>2026-09-11T23:21:28.530000Z</time>
      </trkpt>
      <trkpt lat="39.874317" lon="116.6599262">
        <ele>24.47386</ele>
        <time>2026-09-11T23:21:32.511000Z</time>
      </trkpt>
      <trkpt lat="39.8743089" lon="116.6600655">
        <ele>24.5242</ele>
        <time>2026-09-11T23:21:36.492000Z</time>
      </trkpt>
      <trkpt lat="39.8742957" lon="116.6602066">
        <ele>24.52056</ele>
        <time>2026-09-11T23:21:40.472000Z</time>
      </trkpt>
      <trkpt lat="39.8742821" lon="116.6603491">
        <ele>24.48495</ele>
        <time>2026-09-11T23:21:44.453000Z</time>
      </trkpt>
      <trkpt lat="39.874272" lon="116.6604853">
        <ele>24.43015</ele>
        <time>2026-09-11T23:21:48.434000Z</time>
      </trkpt>
      <trkpt lat="39.8742687" lon="116.660625">
        <ele>24.36071</ele>
        <time>2026-09-11T23:21:52.415000Z</time>
      </trkpt>
      <trkpt lat="39.8742651" lon="116.6607657">
        <ele>24.28741</ele>
        <time>2026-09-11T23:21:56.395000Z</time>
      </trkpt>
      <trkpt lat="39.8742623" lon="116.6609097">
        <ele>24.22446</ele>
        <time>2026-09-11T23:22:00.376000Z</time>
      </trkpt>
      <trkpt lat="39.8742592" lon="116.6610535">
        <ele>24.1482</ele>
        <time>2026-09-11T23:22:04.357000Z</time>
      </trkpt>
      <trkpt lat="39.8742577" lon="116.6611951">
        <ele>24.05495</ele>
        <time>2026-09-11T23:22:08.338000Z</time>
      </trkpt>
      <trkpt lat="39.8742605" lon="116.661334">
        <ele>23.95496</ele>
        <time>2026-09-11T23:22:12.318000Z</time>
      </trkpt>
      <trkpt lat="39.8742639" lon="116.6614715">
        <ele>23.86248</ele>
        <time>2026-09-11T23:22:16.299000Z</time>
      </trkpt>
      <trkpt lat="39.8742696" lon="116.661608">
        <ele>23.78703</ele>
        <time>2026-09-11T23:22:20.280000Z</time>
      </trkpt>
      <trkpt lat="39.8742775" lon="116.6617416">
        <ele>23.75555</ele>
        <time>2026-09-11T23:22:24.261000Z</time>
      </trkpt>
      <trkpt lat="39.8742747" lon="116.6618768">
        <ele>23.73396</ele>
        <time>2026-09-11T23:22:28.241000Z</time>
      </trkpt>
      <trkpt lat="39.874259" lon="116.6620135">
        <ele>23.67776</ele>
        <time>2026-09-11T23:22:32.222000Z</time>
      </trkpt>
      <trkpt lat="39.8742508" lon="116.6621522">
        <ele>23.56954</ele>
        <time>2026-09-11T23:22:36.203000Z</time>
      </trkpt>
      <trkpt lat="39.8742555" lon="116.6622898">
        <ele>23.42414</ele>
        <time>2026-09-11T23:22:40Z</time>
      </trkpt>
      <trkpt lat="39.8742614" lon="116.6624369">
        <ele>23.31626</ele>
        <time>2026-09-11T23:22:44Z</time>
      </trkpt>
      <trkpt lat="39.8742607" lon="116.6625811">
        <ele>23.247</ele>
        <time>2026-09-11T23:22:48Z</time>
      </trkpt>
      <trkpt lat="39.8742446" lon="116.662724">
        <ele>23.18306</ele>
        <time>2026-09-11T23:22:52Z</time>
      </trkpt>
      <trkpt lat="39.8742265" lon="116.6628704">
        <ele>23.14968</ele>
        <time>2026-09-11T23:22:56Z</time>
      </trkpt>
      <trkpt lat="39.874212" lon="116.6630172">
        <ele>23.2195</ele>
        <time>2026-09-11T23:23:00Z</time>
      </trkpt>
      <trkpt lat="39.8742034" lon="116.6631648">
        <ele>23.4645</ele>
        <time>2026-09-11T23:23:04.068000Z</time>
      </trkpt>
      <trkpt lat="39.8741965" lon="116.6633053">
        <ele>23.69876</ele>
        <time>2026-09-11T23:23:08.049000Z</time>
      </trkpt>
      <trkpt lat="39.8741958" lon="116.6634503">
        <ele>23.78783</ele>
        <time>2026-09-11T23:23:12.030000Z</time>
      </trkpt>
      <trkpt lat="39.8741975" lon="116.6635985">
        <ele>23.76947</ele>
        <time>2026-09-11T23:23:16.010000Z</time>
      </trkpt>
      <trkpt lat="39.8741981" lon="116.6637486">
        <ele>23.84004</ele>
        <time>2026-09-11T23:23:19.991000Z</time>
      </trkpt>
      <trkpt lat="39.8742052" lon="116.6638968">
        <ele>23.99509</ele>
        <time>2026-09-11T23:23:23.972000Z</time>
      </trkpt>
      <trkpt lat="39.8742183" lon="116.6640429">
        <ele>24.06757</ele>
        <time>2026-09-11T23:23:27.953000Z</time>
      </trkpt>
      <trkpt lat="39.8742332" lon="116.6641909">
        <ele>24.00839</ele>
        <time>2026-09-11T23:23:31.933000Z</time>
      </trkpt>
      <trkpt lat="39.8742539" lon="116.6643363">
        <ele>23.84313</ele>
        <time>2026-09-11T23:23:35.914000Z</time>
      </trkpt>
      <trkpt lat="39.8742773" lon="116.664482">
        <ele>23.63268</ele>
        <time>2026-09-11T23:23:39.895000Z</time>
      </trkpt>
      <trkpt lat="39.8743026" lon="116.6646261">
        <ele>23.41728</ele>
        <time>2026-09-11T23:23:43.875000Z</time>
      </trkpt>
      <trkpt lat="39.8743344" lon="116.66477">
        <ele>23.23928</ele>
        <time>2026-09-11T23:23:47.856000Z</time>
      </trkpt>
      <trkpt lat="39.874369" lon="116.664909">
        <ele>23.15135</ele>
        <time>2026-09-11T23:23:51.837000Z</time>
      </trkpt>
      <trkpt lat="39.8744047" lon="116.6650467">
        <ele>23.14812</ele>
        <time>2026-09-11T23:23:55.818000Z</time>
      </trkpt>
      <trkpt lat="39.874446" lon="116.6651797">
        <ele>23.20862</ele>
        <time>2026-09-11T23:23:59.798000Z</time>
      </trkpt>
      <trkpt lat="39.8744865" lon="116.6653123">
        <ele>23.30913</ele>
        <time>2026-09-11T23:24:03.779000Z</time>
      </trkpt>
      <trkpt lat="39.8745236" lon="116.6654449">
        <ele>23.36507</ele>
        <time>2026-09-11T23:24:07.760000Z</time>
      </trkpt>
      <trkpt lat="39.8745636" lon="116.6655774">
        <ele>23.30382</ele>
        <time>2026-09-11T23:24:11.741000Z</time>
      </trkpt>
      <trkpt lat="39.8746092" lon="116.6657028">
        <ele>23.16328</ele>
        <time>2026-09-11T23:24:15.721000Z</time>
      </trkpt>
      <trkpt lat="39.8746629" lon="116.665822">
        <ele>23.04414</ele>
        <time>2026-09-11T23:24:19.702000Z</time>
      </trkpt>
      <trkpt lat="39.8747141" lon="116.665939">
        <ele>22.94434</ele>
        <time>2026-09-11T23:24:23.683000Z</time>
      </trkpt>
      <trkpt lat="39.8747639" lon="116.6660588">
        <ele>22.83077</ele>
        <time>2026-09-11T23:24:27.664000Z</time>
      </trkpt>
      <trkpt lat="39.8748126" lon="116.6661829">
        <ele>22.70977</ele>
        <time>2026-09-11T23:24:31.644000Z</time>
      </trkpt>
      <trkpt lat="39.8748665" lon="116.6663034">
        <ele>22.63367</ele>
        <time>2026-09-11T23:24:35.625000Z</time>
      </trkpt>
      <trkpt lat="39.8749258" lon="116.6664205">
        <ele>22.61885</ele>
        <time>2026-09-11T23:24:39.606000Z</time>
      </trkpt>
      <trkpt lat="39.8749875" lon="116.6665403">
        <ele>22.66952</ele>
        <time>2026-09-11T23:24:43.587000Z</time>
      </trkpt>
      <trkpt lat="39.8750482" lon="116.6666601">
        <ele>22.75229</ele>
        <time>2026-09-11T23:24:47.567000Z</time>
      </trkpt>
      <trkpt lat="39.8751118" lon="116.666769">
        <ele>22.81722</ele>
        <time>2026-09-11T23:24:51.548000Z</time>
      </trkpt>
      <trkpt lat="39.875187" lon="116.6668639">
        <ele>22.87458</ele>
        <time>2026-09-11T23:24:55.529000Z</time>
      </trkpt>
      <trkpt lat="39.8752566" lon="116.666971">
        <ele>22.90016</ele>
        <time>2026-09-11T23:24:59.510000Z</time>
      </trkpt>
      <trkpt lat="39.8753332" lon="116.6670771">
        <ele>22.88166</ele>
        <time>2026-09-11T23:25:03.490000Z</time>
      </trkpt>
      <trkpt lat="39.8754185" lon="116.6671752">
        <ele>22.87996</ele>
        <time>2026-09-11T23:25:07.471000Z</time>
      </trkpt>
      <trkpt lat="39.8755013" lon="116.6672752">
        <ele>22.95501</ele>
        <time>2026-09-11T23:25:11.452000Z</time>
      </trkpt>
      <trkpt lat="39.875579" lon="116.6673836">
        <ele>23.10778</ele>
        <time>2026-09-11T23:25:15.433000Z</time>
      </trkpt>
      <trkpt lat="39.8756529" lon="116.6674986">
        <ele>23.2913</ele>
        <time>2026-09-11T23:25:19.413000Z</time>
      </trkpt>
      <trkpt lat="39.8757256" lon="116.6676157">
        <ele>23.47176</ele>
        <time>2026-09-11T23:25:23.394000Z</time>
      </trkpt>
      <trkpt lat="39.8758018" lon="116.6677258">
        <ele>23.64608</ele>
        <time>2026-09-11T23:25:27.375000Z</time>
      </trkpt>
      <trkpt lat="39.8758824" lon="116.6678314">
        <ele>23.81813</ele>
        <time>2026-09-11T23:25:31.355000Z</time>
      </trkpt>
      <trkpt lat="39.875958" lon="116.6679424">
        <ele>23.95608</ele>
        <time>2026-09-11T23:25:35.336000Z</time>
      </trkpt>
      <trkpt lat="39.8760352" lon="116.6680485">
        <ele>24.05159</ele>
        <time>2026-09-11T23:25:39.317000Z</time>
      </trkpt>
      <trkpt lat="39.8761141" lon="116.6681503">
        <ele>24.11932</ele>
        <time>2026-09-11T23:25:43.298000Z</time>
      </trkpt>
      <trkpt lat="39.876196" lon="116.6682436">
        <ele>24.17674</ele>
        <time>2026-09-11T23:25:47.278000Z</time>
      </trkpt>
      <trkpt lat="39.8762844" lon="116.6683275">
        <ele>24.22598</ele>
        <time>2026-09-11T23:25:51.259000Z</time>
      </trkpt>
      <trkpt lat="39.8763723" lon="116.6684247">
        <ele>24.25249</ele>
        <time>2026-09-11T23:25:55.240000Z</time>
      </trkpt>
      <trkpt lat="39.8764519" lon="116.6685409">
        <ele>24.24528</ele>
        <time>2026-09-11T23:25:59.221000Z</time>
      </trkpt>
      <trkpt lat="39.8765268" lon="116.6686587">
        <ele>24.20877</ele>
        <time>2026-09-11T23:26:03.201000Z</time>
      </trkpt>
      <trkpt lat="39.8766026" lon="116.6687741">
        <ele>24.18053</ele>
        <time>2026-09-11T23:26:07.182000Z</time>
      </trkpt>
      <trkpt lat="39.8766809" lon="116.6688885">
        <ele>24.18099</ele>
        <time>2026-09-11T23:26:11.163000Z</time>
      </trkpt>
      <trkpt lat="39.8767622" lon="116.6689963">
        <ele>24.1909</ele>
        <time>2026-09-11T23:26:15.144000Z</time>
      </trkpt>
      <trkpt lat="39.8768457" lon="116.6691065">
        <ele>24.18418</ele>
        <time>2026-09-11T23:26:19.124000Z</time>
      </trkpt>
      <trkpt lat="39.8769216" lon="116.6692231">
        <ele>24.12623</ele>
        <time>2026-09-11T23:26:23.105000Z</time>
      </trkpt>
      <trkpt lat="39.8769928" lon="116.6693426">
        <ele>23.98241</ele>
        <time>2026-09-11T23:26:27.086000Z</time>
      </trkpt>
      <trkpt lat="39.8770448" lon="116.6694701">
        <ele>23.71904</ele>
        <time>2026-09-11T23:26:31.066000Z</time>
      </trkpt>
      <trkpt lat="39.8770461" lon="116.6696084">
        <ele>23.35563</ele>
        <time>2026-09-11T23:26:35.047000Z</time>
      </trkpt>
      <trkpt lat="39.8769854" lon="116.6697336">
        <ele>23.09084</ele>
        <time>2026-09-11T23:26:39Z</time>
      </trkpt>
      <trkpt lat="39.8769188" lon="116.6698161">
        <ele>23.10163</ele>
        <time>2026-09-11T23:26:42Z</time>
      </trkpt>
      <trkpt lat="39.8768505" lon="116.6698959">
        <ele>23.28575</ele>
        <time>2026-09-11T23:26:44.999000Z</time>
      </trkpt>
      <trkpt lat="39.876783" lon="116.6699787">
        <ele>23.57578</ele>
        <time>2026-09-11T23:26:47.985000Z</time>
      </trkpt>
      <trkpt lat="39.8766989" lon="116.6700886">
        <ele>23.92471</ele>
        <time>2026-09-11T23:26:51.965000Z</time>
      </trkpt>
      <trkpt lat="39.8766193" lon="116.6702004">
        <ele>24.15309</ele>
        <time>2026-09-11T23:26:55.946000Z</time>
      </trkpt>
      <trkpt lat="39.8765367" lon="116.670311">
        <ele>24.28839</ele>
        <time>2026-09-11T23:26:59.927000Z</time>
      </trkpt>
      <trkpt lat="39.8764504" lon="116.6704133">
        <ele>24.36592</ele>
        <time>2026-09-11T23:27:03.908000Z</time>
      </trkpt>
      <trkpt lat="39.876359" lon="116.6705126">
        <ele>24.40118</ele>
        <time>2026-09-11T23:27:07.888000Z</time>
      </trkpt>
      <trkpt lat="39.8762907" lon="116.6705893">
        <ele>24.40816</ele>
        <time>2026-09-11T23:27:10.874000Z</time>
      </trkpt>
      <trkpt lat="39.8761993" lon="116.6706896">
        <ele>24.40304</ele>
        <time>2026-09-11T23:27:14.855000Z</time>
      </trkpt>
      <trkpt lat="39.8761093" lon="116.6707889">
        <ele>24.38607</ele>
        <time>2026-09-11T23:27:18.835000Z</time>
      </trkpt>
      <trkpt lat="39.8760213" lon="116.670891">
        <ele>24.36409</ele>
        <time>2026-09-11T23:27:22.826000Z</time>
      </trkpt>
      <trkpt lat="39.875934" lon="116.6709949">
        <ele>24.34454</ele>
        <time>2026-09-11T23:27:26.826000Z</time>
      </trkpt>
      <trkpt lat="39.8758667" lon="116.6710756">
        <ele>24.3409</ele>
        <time>2026-09-11T23:27:29.826000Z</time>
      </trkpt>
      <trkpt lat="39.875798" lon="116.6711578">
        <ele>24.33924</ele>
        <time>2026-09-11T23:27:32.826000Z</time>
      </trkpt>
      <trkpt lat="39.8757291" lon="116.6712404">
        <ele>24.33501</ele>
        <time>2026-09-11T23:27:35.826000Z</time>
      </trkpt>
      <trkpt lat="39.8756601" lon="116.6713232">
        <ele>24.33113</ele>
        <time>2026-09-11T23:27:38.826000Z</time>
      </trkpt>
      <trkpt lat="39.8755924" lon="116.6714045">
        <ele>24.33113</ele>
        <time>2026-09-11T23:27:41.826000Z</time>
      </trkpt>
      <trkpt lat="39.8755234" lon="116.6714871">
        <ele>24.33961</ele>
        <time>2026-09-11T23:27:44.826000Z</time>
      </trkpt>
      <trkpt lat="39.8754549" lon="116.6715691">
        <ele>24.36546</ele>
        <time>2026-09-11T23:27:47.826000Z</time>
      </trkpt>
    </trkseg>
  </trk>
</gpx>