<?xml version="1.0" encoding="UTF-8"?>
<gpx xmlns="http://www.topografix.com/GPX/1/1" xmlns:gpxtpx="http://www.garmin.com/xmlschemas/TrackPointExtension/v1" xmlns:xsi="http://www.w3.org/2001/XMLSchema-instance" xsi:schemaLocation="http://www.topografix.com/GPX/1/1 http://www.topografix.com/GPX/1/1/gpx.xsd" version="1.1" creator="gpx.py -- https://github.com/tkrajina/gpxpy">
  <trk>
    <name>gpx from codoon</name>
    <type>Run</type>
    <trkseg>
      <trkpt lat="39.8733009" lon="116.665815">
        <ele>22.46825</ele>
        <time>2026-09-14T22:23:15.001000Z</time>
      </trkpt>
      <trkpt lat="39.8734002" lon="116.6658696">
        <ele>22.38289</ele>
        <time>2026-09-14T22:23:21.641000Z</time>
      </trkpt>
      <trkpt lat="39.8734974" lon="116.6658853">
        <ele>22.36771</ele>
        <time>2026-09-14T22:23:25.622000Z</time>
      </trkpt>
      <trkpt lat="39.8735973" lon="116.6658559">
        <ele>22.41254</ele>
        <time>2026-09-14T22:23:29.603000Z</time>
      </trkpt>
      <trkpt lat="39.8736925" lon="116.6657992">
        <ele>22.54786</ele>
        <time>2026-09-14T22:23:33.584000Z</time>
      </trkpt>
      <trkpt lat="39.8737874" lon="116.6657348">
        <ele>22.7897</ele>
        <time>2026-09-14T22:23:37.565000Z</time>
      </trkpt>
      <trkpt lat="39.8738844" lon="116.6656645">
        <ele>23.10747</ele>
        <time>2026-09-14T22:23:41.546000Z</time>
      </trkpt>
      <trkpt lat="39.8739805" lon="116.6655947">
        <ele>23.40626</ele>
        <time>2026-09-14T22:23:45.527000Z</time>
      </trkpt>
      <trkpt lat="39.8740747" lon="116.6655417">
        <ele>23.64596</ele>
        <time>2026-09-14T22:23:49.508000Z</time>
      </trkpt>
      <trkpt lat="39.8741768" lon="116.6654997">
        <ele>23.78878</ele>
        <time>2026-09-14T22:23:53.489000Z</time>
      </trkpt>
      <trkpt lat="39.8742873" lon="116.6654514">
        <ele>23.7903</ele>
        <time>2026-09-14T22:23:57.470000Z</time>
      </trkpt>
      <trkpt lat="39.8743912" lon="116.6654116">
        <ele>23.70424</ele>
        <time>2026-09-14T22:24:01.451000Z</time>
      </trkpt>
      <trkpt lat="39.8744776" lon="116.6654621">
        <ele>23.59371</ele>
        <time>2026-09-14T22:24:05.432000Z</time>
      </trkpt>
      <trkpt lat="39.8745413" lon="116.6655923">
        <ele>23.46643</ele>
        <time>2026-09-14T22:24:09.413000Z</time>
      </trkpt>
      <trkpt lat="39.8745991" lon="116.6657248">
        <ele>23.32934</ele>
        <time>2026-09-14T22:24:13.394000Z</time>
      </trkpt>
      <trkpt lat="39.8746527" lon="116.6658527">
        <ele>23.18167</ele>
        <time>2026-09-14T22:24:17.375000Z</time>
      </trkpt>
      <trkpt lat="39.8747038" lon="116.6659796">
        <ele>23.01263</ele>
        <time>2026-09-14T22:24:21.356000Z</time>
      </trkpt>
      <trkpt lat="39.8747561" lon="116.6661039">
        <ele>22.85799</ele>
        <time>2026-09-14T22:24:25.337000Z</time>
      </trkpt>
      <trkpt lat="39.8748175" lon="116.6662215">
        <ele>22.77413</ele>
        <time>2026-09-14T22:24:29.318000Z</time>
      </trkpt>
      <trkpt lat="39.8748759" lon="116.6663347">
        <ele>22.74619</ele>
        <time>2026-09-14T22:24:33.299000Z</time>
      </trkpt>
      <trkpt lat="39.8749315" lon="116.6664485">
        <ele>22.76415</ele>
        <time>2026-09-14T22:24:37.280000Z</time>
      </trkpt>
      <trkpt lat="39.8749919" lon="116.666563">
        <ele>22.85596</ele>
        <time>2026-09-14T22:24:41.261000Z</time>
      </trkpt>
      <trkpt lat="39.8750561" lon="116.6666754">
        <ele>23.08449</ele>
        <time>2026-09-14T22:24:45.242000Z</time>
      </trkpt>
      <trkpt lat="39.8751211" lon="116.6667869">
        <ele>23.50252</ele>
        <time>2026-09-14T22:24:49.223000Z</time>
      </trkpt>
      <trkpt lat="39.8751903" lon="116.6668951">
        <ele>24.06987</ele>
        <time>2026-09-14T22:24:53.204000Z</time>
      </trkpt>
      <trkpt lat="39.8752571" lon="116.6669947">
        <ele>24.55411</ele>
        <time>2026-09-14T22:24:56.999000Z</time>
      </trkpt>
      <trkpt lat="39.8753259" lon="116.6670979">
        <ele>24.79622</ele>
        <time>2026-09-14T22:25:00.999000Z</time>
      </trkpt>
      <trkpt lat="39.8754018" lon="116.6671979">
        <ele>24.83631</ele>
        <time>2026-09-14T22:25:04.999000Z</time>
      </trkpt>
      <trkpt lat="39.8754818" lon="116.667299">
        <ele>24.81523</ele>
        <time>2026-09-14T22:25:08.999000Z</time>
      </trkpt>
      <trkpt lat="39.875559" lon="116.6673975">
        <ele>24.77893</ele>
        <time>2026-09-14T22:25:12.999000Z</time>
      </trkpt>
      <trkpt lat="39.8756311" lon="116.6675024">
        <ele>24.72917</ele>
        <time>2026-09-14T22:25:16.999000Z</time>
      </trkpt>
      <trkpt lat="39.8756959" lon="116.6676138">
        <ele>24.68162</ele>
        <time>2026-09-14T22:25:20.999000Z</time>
      </trkpt>
      <trkpt lat="39.8757605" lon="116.6677199">
        <ele>24.65793</ele>
        <time>2026-09-14T22:25:24.999000Z</time>
      </trkpt>
      <trkpt lat="39.8758316" lon="116.66782">
        <ele>24.57552</ele>
        <time>2026-09-14T22:25:29Z</time>
      </trkpt>
      <trkpt lat="39.8759062" lon="116.6679229">
        <ele>24.35495</ele>
        <time>2026-09-14T22:25:33.012000Z</time>
      </trkpt>
      <trkpt lat="39.8759774" lon="116.6680247">
        <ele>24.12714</ele>
        <time>2026-09-14T22:25:36.993000Z</time>
      </trkpt>
      <trkpt lat="39.8760437" lon="116.6681348">
        <ele>23.96536</ele>
        <time>2026-09-14T22:25:40.974000Z</time>
      </trkpt>
      <trkpt lat="39.8761128" lon="116.668244">
        <ele>23.90841</ele>
        <time>2026-09-14T22:25:44.955000Z</time>
      </trkpt>
      <trkpt lat="39.8761882" lon="116.6683358">
        <ele>23.93354</ele>
        <time>2026-09-14T22:25:48.936000Z</time>
      </trkpt>
      <trkpt lat="39.8762697" lon="116.6684221">
        <ele>23.94126</ele>
        <time>2026-09-14T22:25:52.917000Z</time>
      </trkpt>
      <trkpt lat="39.8763448" lon="116.6685162">
        <ele>23.87967</ele>
        <time>2026-09-14T22:25:56.897000Z</time>
      </trkpt>
      <trkpt lat="39.876413" lon="116.6686163">
        <ele>23.778</ele>
        <time>2026-09-14T22:26:00.878000Z</time>
      </trkpt>
      <trkpt lat="39.8764779" lon="116.6687151">
        <ele>23.68465</ele>
        <time>2026-09-14T22:26:04.859000Z</time>
      </trkpt>
      <trkpt lat="39.8765508" lon="116.6687904">
        <ele>23.64686</ele>
        <time>2026-09-14T22:26:08.840000Z</time>
      </trkpt>
      <trkpt lat="39.8766515" lon="116.6688558">
        <ele>23.69079</ele>
        <time>2026-09-14T22:26:13.816000Z</time>
      </trkpt>
      <trkpt lat="39.8767224" lon="116.6689351">
        <ele>23.76892</ele>
        <time>2026-09-14T22:26:17.797000Z</time>
      </trkpt>
      <trkpt lat="39.8767814" lon="116.6690324">
        <ele>23.86482</ele>
        <time>2026-09-14T22:26:21.777000Z</time>
      </trkpt>
      <trkpt lat="39.8768341" lon="116.6691325">
        <ele>23.97247</ele>
        <time>2026-09-14T22:26:25.758000Z</time>
      </trkpt>
      <trkpt lat="39.8768897" lon="116.669232">
        <ele>24.07213</ele>
        <time>2026-09-14T22:26:29.739000Z</time>
      </trkpt>
      <trkpt lat="39.8769472" lon="116.6693308">
        <ele>24.16825</ele>
        <time>2026-09-14T22:26:33.720000Z</time>
      </trkpt>
      <trkpt lat="39.8769959" lon="116.6694357">
        <ele>24.26494</ele>
        <time>2026-09-14T22:26:37.700000Z</time>
      </trkpt>
      <trkpt lat="39.8770145" lon="116.6695527">
        <ele>24.34425</ele>
        <time>2026-09-14T22:26:41.681000Z</time>
      </trkpt>
      <trkpt lat="39.8769896" lon="116.6696657">
        <ele>24.39247</ele>
        <time>2026-09-14T22:26:45.662000Z</time>
      </trkpt>
      <trkpt lat="39.8769422" lon="116.6697966">
        <ele>24.39143</ele>
        <time>2026-09-14T22:26:50.638000Z</time>
      </trkpt>
      <trkpt lat="39.8768792" lon="116.6698887">
        <ele>24.36226</ele>
        <time>2026-09-14T22:26:54.619000Z</time>
      </trkpt>
      <trkpt lat="39.8768071" lon="116.6699814">
        <ele>24.32933</ele>
        <time>2026-09-14T22:26:58.599000Z</time>
      </trkpt>
      <trkpt lat="39.8767309" lon="116.67007">
        <ele>24.2954</ele>
        <time>2026-09-14T22:27:02.580000Z</time>
      </trkpt>
      <trkpt lat="39.8766533" lon="116.6701539">
        <ele>24.24827</ele>
        <time>2026-09-14T22:27:06.561000Z</time>
      </trkpt>
      <trkpt lat="39.8765797" lon="116.6702391">
        <ele>24.19773</ele>
        <time>2026-09-14T22:27:10.542000Z</time>
      </trkpt>
      <trkpt lat="39.8765061" lon="116.6703307">
        <ele>24.15491</ele>
        <time>2026-09-14T22:27:14.523000Z</time>
      </trkpt>
      <trkpt lat="39.8764296" lon="116.6704198">
        <ele>24.08978</ele>
        <time>2026-09-14T22:27:18.503000Z</time>
      </trkpt>
      <trkpt lat="39.8763507" lon="116.6705079">
        <ele>24.00306</ele>
        <time>2026-09-14T22:27:22.484000Z</time>
      </trkpt>
      <trkpt lat="39.8762734" lon="116.6705904">
        <ele>23.92478</ele>
        <time>2026-09-14T22:27:26.465000Z</time>
      </trkpt>
      <trkpt lat="39.8761953" lon="116.6706729">
        <ele>23.89102</ele>
        <time>2026-09-14T22:27:30.446000Z</time>
      </trkpt>
      <trkpt lat="39.8761209" lon="116.6707647">
        <ele>23.92391</ele>
        <time>2026-09-14T22:27:34.426000Z</time>
      </trkpt>
      <trkpt lat="39.8760462" lon="116.6708561">
        <ele>24.00082</ele>
        <time>2026-09-14T22:27:38.407000Z</time>
      </trkpt>
      <trkpt lat="39.8759722" lon="116.6709447">
        <ele>24.09044</ele>
        <time>2026-09-14T22:27:42.388000Z</time>
      </trkpt>
      <trkpt lat="39.8758979" lon="116.6710353">
        <ele>24.16261</ele>
        <time>2026-09-14T22:27:46.369000Z</time>
      </trkpt>
      <trkpt lat="39.8758264" lon="116.6711265">
        <ele>24.20252</ele>
        <time>2026-09-14T22:27:50.349000Z</time>
      </trkpt>
      <trkpt lat="39.8757529" lon="116.6712148">
        <ele>24.19796</ele>
        <time>2026-09-14T22:27:54.330000Z</time>
      </trkpt>
      <trkpt lat="39.8756782" lon="116.6713003">
        <ele>24.14636</ele>
        <time>2026-09-14T22:27:58.311000Z</time>
      </trkpt>
      <trkpt lat="39.8756022" lon="116.6713878">
        <ele>24.06976</ele>
        <time>2026-09-14T22:28:02.292000Z</time>
      </trkpt>
      <trkpt lat="39.8755279" lon="116.671481">
        <ele>24.01186</ele>
        <time>2026-09-14T22:28:06.273000Z</time>
      </trkpt>
      <trkpt lat="39.8754554" lon="116.6715743">
        <ele>23.99368</ele>
        <time>2026-09-14T22:28:10.253000Z</time>
      </trkpt>
      <trkpt lat="39.87538" lon="116.6716586">
        <ele>24.00683</ele>
        <time>2026-09-14T22:28:14.234000Z</time>
      </trkpt>
      <trkpt lat="39.8753094" lon="116.6717452">
        <ele>24.11477</ele>
        <time>2026-09-14T22:28:18.215000Z</time>
      </trkpt>
      <trkpt lat="39.8752434" lon="116.6718381">
        <ele>24.31314</ele>
        <time>2026-09-14T22:28:22.196000Z</time>
      </trkpt>
      <trkpt lat="39.8751824" lon="116.6719321">
        <ele>24.4632</ele>
        <time>2026-09-14T22:28:26Z</time>
      </trkpt>
      <trkpt lat="39.87512" lon="116.6720346">
        <ele>24.53248</ele>
        <time>2026-09-14T22:28:30Z</time>
      </trkpt>
      <trkpt lat="39.8750555" lon="116.672131">
        <ele>24.58713</ele>
        <time>2026-09-14T22:28:34Z</time>
      </trkpt>
      <trkpt lat="39.8749864" lon="116.6722256">
        <ele>24.61813</ele>
        <time>2026-09-14T22:28:38Z</time>
      </trkpt>
      <trkpt lat="39.8749162" lon="116.6723211">
        <ele>24.60924</ele>
        <time>2026-09-14T22:28:42Z</time>
      </trkpt>
      <trkpt lat="39.8748405" lon="116.6724098">
        <ele>24.59029</ele>
        <time>2026-09-14T22:28:46Z</time>
      </trkpt>
      <trkpt lat="39.8747615" lon="116.67249">
        <ele>24.57729</ele>
        <time>2026-09-14T22:28:50Z</time>
      </trkpt>
      <trkpt lat="39.8746873" lon="116.6725684">
        <ele>24.57548</ele>
        <time>2026-09-14T22:28:54Z</time>
      </trkpt>
      <trkpt lat="39.8746139" lon="116.6726526">
        <ele>24.59843</ele>
        <time>2026-09-14T22:28:58Z</time>
      </trkpt>
      <trkpt lat="39.874542" lon="116.6727425">
        <ele>24.7084</ele>
        <time>2026-09-14T22:29:02Z</time>
      </trkpt>
      <trkpt lat="39.8744697" lon="116.6728369">
        <ele>24.92165</ele>
        <time>2026-09-14T22:29:05.984000Z</time>
      </trkpt>
      <trkpt lat="39.8743964" lon="116.6729296">
        <ele>25.13464</ele>
        <time>2026-09-14T22:29:09.965000Z</time>
      </trkpt>
      <trkpt lat="39.8743186" lon="116.6730203">
        <ele>25.30631</ele>
        <time>2026-09-14T22:29:13.946000Z</time>
      </trkpt>
      <trkpt lat="39.8742377" lon="116.6731058">
        <ele>25.43359</ele>
        <time>2026-09-14T22:29:17.926000Z</time>
      </trkpt>
      <trkpt lat="39.8741596" lon="116.6731919">
        <ele>25.52216</ele>
        <time>2026-09-14T22:29:21.907000Z</time>
      </trkpt>
      <trkpt lat="39.8740863" lon="116.6732795">
        <ele>25.58014</ele>
        <time>2026-09-14T22:29:25.888000Z</time>
      </trkpt>
      <trkpt lat="39.8740275" lon="116.6733738">
        <ele>25.60663</ele>
        <time>2026-09-14T22:29:29.869000Z</time>
      </trkpt>
      <trkpt lat="39.8739681" lon="116.6734701">
        <ele>25.59003</ele>
        <time>2026-09-14T22:29:33.849000Z</time>
      </trkpt>
      <trkpt lat="39.8738962" lon="116.673559">
        <ele>25.53461</ele>
        <time>2026-09-14T22:29:37.830000Z</time>
      </trkpt>
      <trkpt lat="39.8738214" lon="116.6736463">
        <ele>25.45925</ele>
        <time>2026-09-14T22:29:41.811000Z</time>
      </trkpt>
      <trkpt lat="39.873744" lon="116.6737301">
        <ele>25.38183</ele>
        <time>2026-09-14T22:29:45.792000Z</time>
      </trkpt>
      <trkpt lat="39.8736614" lon="116.6738083">
        <ele>25.31321</ele>
        <time>2026-09-14T22:29:49.773000Z</time>
      </trkpt>
      <trkpt lat="39.8735776" lon="116.6738922">
        <ele>25.22682</ele>
        <time>2026-09-14T22:29:53.753000Z</time>
      </trkpt>
      <trkpt lat="39.8734971" lon="116.6739808">
        <ele>25.11019</ele>
        <time>2026-09-14T22:29:57.734000Z</time>
      </trkpt>
      <trkpt lat="39.8734235" lon="116.6740743">
        <ele>25.00137</ele>
        <time>2026-09-14T22:30:01.715000Z</time>
      </trkpt>
      <trkpt lat="39.8733523" lon="116.6741692">
        <ele>24.94571</ele>
        <time>2026-09-14T22:30:05.696000Z</time>
      </trkpt>
      <trkpt lat="39.8732809" lon="116.6742628">
        <ele>24.95006</ele>
        <time>2026-09-14T22:30:09.676000Z</time>
      </trkpt>
      <trkpt lat="39.8732099" lon="116.6743559">
        <ele>24.99409</ele>
        <time>2026-09-14T22:30:13.657000Z</time>
      </trkpt>
      <trkpt lat="39.873138" lon="116.6744498">
        <ele>25.033</ele>
        <time>2026-09-14T22:30:17.638000Z</time>
      </trkpt>
      <trkpt lat="39.8730684" lon="116.6745446">
        <ele>25.03365</ele>
        <time>2026-09-14T22:30:21.619000Z</time>
      </trkpt>
      <trkpt lat="39.8729994" lon="116.674643">
        <ele>25.00338</ele>
        <time>2026-09-14T22:30:25.599000Z</time>
      </trkpt>
      <trkpt lat="39.8729273" lon="116.6747359">
        <ele>24.97909</ele>
        <time>2026-09-14T22:30:29.580000Z</time>
      </trkpt>
      <trkpt lat="39.8728401" lon="116.6747909">
        <ele>24.96976</ele>
        <time>2026-09-14T22:30:33.561000Z</time>
      </trkpt>
      <trkpt lat="39.8727419" lon="116.6747947">
        <ele>24.91101</ele>
        <time>2026-09-14T22:30:37.542000Z</time>
      </trkpt>
      <trkpt lat="39.8726391" lon="116.6747899">
        <ele>24.77459</ele>
        <time>2026-09-14T22:30:41.522000Z</time>
      </trkpt>
      <trkpt lat="39.8725387" lon="116.6747832">
        <ele>24.62625</ele>
        <time>2026-09-14T22:30:45.503000Z</time>
      </trkpt>
      <trkpt lat="39.872436" lon="116.67478">
        <ele>24.50995</ele>
        <time>2026-09-14T22:30:49.484000Z</time>
      </trkpt>
      <trkpt lat="39.8723276" lon="116.674784">
        <ele>24.42027</ele>
        <time>2026-09-14T22:30:53.465000Z</time>
      </trkpt>
      <trkpt lat="39.8722316" lon="116.6748227">
        <ele>24.33055</ele>
        <time>2026-09-14T22:30:57.445000Z</time>
      </trkpt>
      <trkpt lat="39.8721432" lon="116.6748827">
        <ele>24.23451</ele>
        <time>2026-09-14T22:31:01.426000Z</time>
      </trkpt>
      <trkpt lat="39.8720766" lon="116.6749848">
        <ele>24.11046</ele>
        <time>2026-09-14T22:31:06.402000Z</time>
      </trkpt>
      <trkpt lat="39.8721527" lon="116.6750649">
        <ele>24.00256</ele>
        <time>2026-09-14T22:31:11.378000Z</time>
      </trkpt>
      <trkpt lat="39.8722565" lon="116.6750813">
        <ele>23.97376</ele>
        <time>2026-09-14T22:31:15.359000Z</time>
      </trkpt>
      <trkpt lat="39.8723618" lon="116.6750894">
        <ele>23.99057</ele>
        <time>2026-09-14T22:31:19.339000Z</time>
      </trkpt>
      <trkpt lat="39.8724673" lon="116.6750852">
        <ele>24.04566</ele>
        <time>2026-09-14T22:31:23.320000Z</time>
      </trkpt>
      <trkpt lat="39.8725662" lon="116.6750857">
        <ele>24.12667</ele>
        <time>2026-09-14T22:31:27.301000Z</time>
      </trkpt>
      <trkpt lat="39.8726393" lon="116.6751713">
        <ele>24.22524</ele>
        <time>2026-09-14T22:31:33.272000Z</time>
      </trkpt>
      <trkpt lat="39.872592" lon="116.6752732">
        <ele>24.25553</ele>
        <time>2026-09-14T22:31:37.252000Z</time>
      </trkpt>
      <trkpt lat="39.8725316" lon="116.675375">
        <ele>24.30904</ele>
        <time>2026-09-14T22:31:41.233000Z</time>
      </trkpt>
      <trkpt lat="39.8724712" lon="116.6754838">
        <ele>24.38776</ele>
        <time>2026-09-14T22:31:45.214000Z</time>
      </trkpt>
      <trkpt lat="39.8724137" lon="116.6755895">
        <ele>24.45598</ele>
        <time>2026-09-14T22:31:48.999000Z</time>
      </trkpt>
      <trkpt lat="39.8723528" lon="116.6757009">
        <ele>24.50052</ele>
        <time>2026-09-14T22:31:52.999000Z</time>
      </trkpt>
      <trkpt lat="39.8722916" lon="116.6758152">
        <ele>24.52782</ele>
        <time>2026-09-14T22:31:56.999000Z</time>
      </trkpt>
      <trkpt lat="39.8722359" lon="116.6759291">
        <ele>24.51805</ele>
        <time>2026-09-14T22:32:01Z</time>
      </trkpt>
      <trkpt lat="39.8721822" lon="116.6760415">
        <ele>24.45783</ele>
        <time>2026-09-14T22:32:05Z</time>
      </trkpt>
      <trkpt lat="39.872132" lon="116.6761543">
        <ele>24.38738</ele>
        <time>2026-09-14T22:32:09Z</time>
      </trkpt>
      <trkpt lat="39.8720805" lon="116.676266">
        <ele>24.32632</ele>
        <time>2026-09-14T22:32:13Z</time>
      </trkpt>
      <trkpt lat="39.872029" lon="116.6763818">
        <ele>24.27627</ele>
        <time>2026-09-14T22:32:17Z</time>
      </trkpt>
      <trkpt lat="39.8719824" lon="116.6765016">
        <ele>24.24494</ele>
        <time>2026-09-14T22:32:21Z</time>
      </trkpt>
      <trkpt lat="39.8719353" lon="116.6766171">
        <ele>24.23469</ele>
        <time>2026-09-14T22:32:25Z</time>
      </trkpt>
      <trkpt lat="39.8718865" lon="116.6767348">
        <ele>24.24434</ele>
        <time>2026-09-14T22:32:29Z</time>
      </trkpt>
      <trkpt lat="39.8718421" lon="116.6768549">
        <ele>24.25029</ele>
        <time>2026-09-14T22:32:32.982000Z</time>
      </trkpt>
      <trkpt lat="39.8717996" lon="116.676974">
        <ele>24.22366</ele>
        <time>2026-09-14T22:32:36.963000Z</time>
      </trkpt>
      <trkpt lat="39.8717539" lon="116.677089">
        <ele>24.17424</ele>
        <time>2026-09-14T22:32:40.944000Z</time>
      </trkpt>
      <trkpt lat="39.8717044" lon="116.6771965">
        <ele>24.12757</ele>
        <time>2026-09-14T22:32:44.924000Z</time>
      </trkpt>
      <trkpt lat="39.8716635" lon="116.6773177">
        <ele>24.11154</ele>
        <time>2026-09-14T22:32:48.905000Z</time>
      </trkpt>
      <trkpt lat="39.8716246" lon="116.6774442">
        <ele>24.12942</ele>
        <time>2026-09-14T22:32:52.886000Z</time>
      </trkpt>
      <trkpt lat="39.8715865" lon="116.6775696">
        <ele>24.15335</ele>
        <time>2026-09-14T22:32:56.866000Z</time>
      </trkpt>
      <trkpt lat="39.8715467" lon="116.677692">
        <ele>24.15977</ele>
        <time>2026-09-14T22:33:00.847000Z</time>
      </trkpt>
      <trkpt lat="39.8715168" lon="116.6778128">
        <ele>24.15468</ele>
        <time>2026-09-14T22:33:04.828000Z</time>
      </trkpt>
      <trkpt lat="39.8714982" lon="116.6779348">
        <ele>24.15033</ele>
        <time>2026-09-14T22:33:08.809000Z</time>
      </trkpt>
      <trkpt lat="39.8714658" lon="116.6780542">
        <ele>24.15506</ele>
        <time>2026-09-14T22:33:12.789000Z</time>
      </trkpt>
      <trkpt lat="39.8714298" lon="116.6781732">
        <ele>24.16259</ele>
        <time>2026-09-14T22:33:16.770000Z</time>
      </trkpt>
      <trkpt lat="39.8713984" lon="116.6782962">
        <ele>24.17489</ele>
        <time>2026-09-14T22:33:20.751000Z</time>
      </trkpt>
      <trkpt lat="39.8713695" lon="116.6784184">
        <ele>24.19968</ele>
        <time>2026-09-14T22:33:24.731000Z</time>
      </trkpt>
      <trkpt lat="39.8713374" lon="116.6785401">
        <ele>24.2479</ele>
        <time>2026-09-14T22:33:28.712000Z</time>
      </trkpt>
      <trkpt lat="39.8713046" lon="116.6786605">
        <ele>24.31236</ele>
        <time>2026-09-14T22:33:32.693000Z</time>
      </trkpt>
      <trkpt lat="39.871271" lon="116.6787817">
        <ele>24.35305</ele>
        <time>2026-09-14T22:33:36.673000Z</time>
      </trkpt>
      <trkpt lat="39.8712412" lon="116.6789036">
        <ele>24.37913</ele>
        <time>2026-09-14T22:33:40.654000Z</time>
      </trkpt>
      <trkpt lat="39.871213" lon="116.6790218">
        <ele>24.44248</ele>
        <time>2026-09-14T22:33:44.635000Z</time>
      </trkpt>
      <trkpt lat="39.8711874" lon="116.6791406">
        <ele>24.53978</ele>
        <time>2026-09-14T22:33:48.616000Z</time>
      </trkpt>
      <trkpt lat="39.8711577" lon="116.679258">
        <ele>24.59219</ele>
        <time>2026-09-14T22:33:52.596000Z</time>
      </trkpt>
      <trkpt lat="39.871116" lon="116.6793667">
        <ele>24.55231</ele>
        <time>2026-09-14T22:33:56.577000Z</time>
      </trkpt>
      <trkpt lat="39.8710843" lon="116.6794857">
        <ele>24.44666</ele>
        <time>2026-09-14T22:34:00.558000Z</time>
      </trkpt>
      <trkpt lat="39.8710559" lon="116.6796108">
        <ele>24.32905</ele>
        <time>2026-09-14T22:34:04.538000Z</time>
      </trkpt>
      <trkpt lat="39.871028" lon="116.6797312">
        <ele>24.22924</ele>
        <time>2026-09-14T22:34:08.519000Z</time>
      </trkpt>
      <trkpt lat="39.8709967" lon="116.6798547">
        <ele>24.14433</ele>
        <time>2026-09-14T22:34:12.500000Z</time>
      </trkpt>
      <trkpt lat="39.8709609" lon="116.6799797">
        <ele>24.07592</ele>
        <time>2026-09-14T22:34:16.480000Z</time>
      </trkpt>
      <trkpt lat="39.8709266" lon="116.6801071">
        <ele>24.03053</ele>
        <time>2026-09-14T22:34:20.461000Z</time>
      </trkpt>
      <trkpt lat="39.8708877" lon="116.6802343">
        <ele>23.98875</ele>
        <time>2026-09-14T22:34:24.442000Z</time>
      </trkpt>
      <trkpt lat="39.8708477" lon="116.6803602">
        <ele>23.93073</ele>
        <time>2026-09-14T22:34:28.423000Z</time>
      </trkpt>
      <trkpt lat="39.8708069" lon="116.6804843">
        <ele>23.87962</ele>
        <time>2026-09-14T22:34:32.403000Z</time>
      </trkpt>
      <trkpt lat="39.8707665" lon="116.6806087">
        <ele>23.87185</ele>
        <time>2026-09-14T22:34:36.384000Z</time>
      </trkpt>
      <trkpt lat="39.8707318" lon="116.6807397">
        <ele>23.92353</ele>
        <time>2026-09-14T22:34:40.365000Z</time>
      </trkpt>
      <trkpt lat="39.8706985" lon="116.6808702">
        <ele>23.99288</ele>
        <time>2026-09-14T22:34:44.345000Z</time>
      </trkpt>
      <trkpt lat="39.8706679" lon="116.680998">
        <ele>23.99186</ele>
        <time>2026-09-14T22:34:48.326000Z</time>
      </trkpt>
      <trkpt lat="39.8706366" lon="116.6811231">
        <ele>23.88985</ele>
        <time>2026-09-14T22:34:52.307000Z</time>
      </trkpt>
      <trkpt lat="39.8706061" lon="116.6812475">
        <ele>23.76171</ele>
        <time>2026-09-14T22:34:56.287000Z</time>
      </trkpt>
      <trkpt lat="39.8705771" lon="116.6813763">
        <ele>23.66673</ele>
        <time>2026-09-14T22:35:00.268000Z</time>
      </trkpt>
      <trkpt lat="39.8705472" lon="116.6815063">
        <ele>23.6108</ele>
        <time>2026-09-14T22:35:04.249000Z</time>
      </trkpt>
      <trkpt lat="39.8705157" lon="116.681639">
        <ele>23.53855</ele>
        <time>2026-09-14T22:35:08.229000Z</time>
      </trkpt>
      <trkpt lat="39.8704841" lon="116.6817719">
        <ele>23.45931</ele>
        <time>2026-09-14T22:35:12.210000Z</time>
      </trkpt>
      <trkpt lat="39.8704524" lon="116.681896">
        <ele>23.38942</ele>
        <time>2026-09-14T22:35:16Z</time>
      </trkpt>
      <trkpt lat="39.8704188" lon="116.682032">
        <ele>23.30046</ele>
        <time>2026-09-14T22:35:20.171000Z</time>
      </trkpt>
      <trkpt lat="39.8703883" lon="116.6821612">
        <ele>23.19096</ele>
        <time>2026-09-14T22:35:24.152000Z</time>
      </trkpt>
      <trkpt lat="39.8703551" lon="116.682285">
        <ele>23.08064</ele>
        <time>2026-09-14T22:35:28Z</time>
      </trkpt>
      <trkpt lat="39.870313" lon="116.6824083">
        <ele>22.98468</ele>
        <time>2026-09-14T22:35:32Z</time>
      </trkpt>
      <trkpt lat="39.8702739" lon="116.6825301">
        <ele>22.91623</ele>
        <time>2026-09-14T22:35:36Z</time>
      </trkpt>
      <trkpt lat="39.8702418" lon="116.6826504">
        <ele>22.88028</ele>
        <time>2026-09-14T22:35:40Z</time>
      </trkpt>
      <trkpt lat="39.8702108" lon="116.6827734">
        <ele>22.86247</ele>
        <time>2026-09-14T22:35:44Z</time>
      </trkpt>
      <trkpt lat="39.8701787" lon="116.6828975">
        <ele>22.83381</ele>
        <time>2026-09-14T22:35:48Z</time>
      </trkpt>
      <trkpt lat="39.8701458" lon="116.6830242">
        <ele>22.7715</ele>
        <time>2026-09-14T22:35:52Z</time>
      </trkpt>
      <trkpt lat="39.8701161" lon="116.6831541">
        <ele>22.68225</ele>
        <time>2026-09-14T22:35:55.997000Z</time>
      </trkpt>
      <trkpt lat="39.8700876" lon="116.6832841">
        <ele>22.58523</ele>
        <time>2026-09-14T22:35:59.978000Z</time>
      </trkpt>
      <trkpt lat="39.8700554" lon="116.6834118">
        <ele>22.49103</ele>
        <time>2026-09-14T22:36:03.959000Z</time>
      </trkpt>
      <trkpt lat="39.8700244" lon="116.6835408">
        <ele>22.40432</ele>
        <time>2026-09-14T22:36:07.939000Z</time>
      </trkpt>
      <trkpt lat="39.8699878" lon="116.6836685">
        <ele>22.3478</ele>
        <time>2026-09-14T22:36:11.920000Z</time>
      </trkpt>
      <trkpt lat="39.869953" lon="116.6837942">
        <ele>22.35066</ele>
        <time>2026-09-14T22:36:15.901000Z</time>
      </trkpt>
      <trkpt lat="39.8699192" lon="116.6839204">
        <ele>22.42863</ele>
        <time>2026-09-14T22:36:19.881000Z</time>
      </trkpt>
      <trkpt lat="39.8698853" lon="116.6840478">
        <ele>22.57096</ele>
        <time>2026-09-14T22:36:23.862000Z</time>
      </trkpt>
      <trkpt lat="39.8698495" lon="116.6841705">
        <ele>22.72362</ele>
        <time>2026-09-14T22:36:27.843000Z</time>
      </trkpt>
      <trkpt lat="39.8698097" lon="116.6842929">
        <ele>22.83343</ele>
        <time>2026-09-14T22:36:31.824000Z</time>
      </trkpt>
      <trkpt lat="39.8697732" lon="116.6844151">
        <ele>22.89997</ele>
        <time>2026-09-14T22:36:35.804000Z</time>
      </trkpt>
      <trkpt lat="39.8697352" lon="116.6845373">
        <ele>22.94327</ele>
        <time>2026-09-14T22:36:39.785000Z</time>
      </trkpt>
      <trkpt lat="39.8696949" lon="116.6846565">
        <ele>22.96659</ele>
        <time>2026-09-14T22:36:43.766000Z</time>
      </trkpt>
      <trkpt lat="39.8696591" lon="116.6847768">
        <ele>22.95142</ele>
        <time>2026-09-14T22:36:47.746000Z</time>
      </trkpt>
      <trkpt lat="39.869652" lon="116.6848963">
        <ele>22.89826</ele>
        <time>2026-09-14T22:36:51.727000Z</time>
      </trkpt>
      <trkpt lat="39.8696429" lon="116.6850421">
        <ele>22.8193</ele>
        <time>2026-09-14T22:36:56.703000Z</time>
      </trkpt>
      <trkpt lat="39.8696138" lon="116.685157">
        <ele>22.76828</ele>
        <time>2026-09-14T22:37:00.683000Z</time>
      </trkpt>
      <trkpt lat="39.8695775" lon="116.6852764">
        <ele>22.71812</ele>
        <time>2026-09-14T22:37:04.664000Z</time>
      </trkpt>
      <trkpt lat="39.8695432" lon="116.685402">
        <ele>22.68245</ele>
        <time>2026-09-14T22:37:08.645000Z</time>
      </trkpt>
      <trkpt lat="39.8695104" lon="116.6855278">
        <ele>22.66856</ele>
        <time>2026-09-14T22:37:12.626000Z</time>
      </trkpt>
      <trkpt lat="39.8694746" lon="116.6856517">
        <ele>22.65112</ele>
        <time>2026-09-14T22:37:16.606000Z</time>
      </trkpt>
      <trkpt lat="39.8694433" lon="116.6857789">
        <ele>22.61979</ele>
        <time>2026-09-14T22:37:20.587000Z</time>
      </trkpt>
      <trkpt lat="39.8694109" lon="116.685905">
        <ele>22.60122</ele>
        <time>2026-09-14T22:37:24.568000Z</time>
      </trkpt>
      <trkpt lat="39.869374" lon="116.6860296">
        <ele>22.60144</ele>
        <time>2026-09-14T22:37:28.548000Z</time>
      </trkpt>
      <trkpt lat="39.8693358" lon="116.6861544">
        <ele>22.61972</ele>
        <time>2026-09-14T22:37:32.529000Z</time>
      </trkpt>
      <trkpt lat="39.8692973" lon="116.6862775">
        <ele>22.64492</ele>
        <time>2026-09-14T22:37:36.510000Z</time>
      </trkpt>
      <trkpt lat="39.8692584" lon="116.6864017">
        <ele>22.65022</ele>
        <time>2026-09-14T22:37:40.490000Z</time>
      </trkpt>
      <trkpt lat="39.8692243" lon="116.6865225">
        <ele>22.64631</ele>
        <time>2026-09-14T22:37:44.471000Z</time>
      </trkpt>
      <trkpt lat="39.8691905" lon="116.6866425">
        <ele>22.64963</ele>
        <time>2026-09-14T22:37:48.452000Z</time>
      </trkpt>
      <trkpt lat="39.8691607" lon="116.6867633">
        <ele>22.64795</ele>
        <time>2026-09-14T22:37:52.432000Z</time>
      </trkpt>
      <trkpt lat="39.8691316" lon="116.6868809">
        <ele>22.6275</ele>
        <time>2026-09-14T22:37:56.413000Z</time>
      </trkpt>
      <trkpt lat="39.8690966" lon="116.6869981">
        <ele>22.60367</ele>
        <time>2026-09-14T22:38:00.394000Z</time>
      </trkpt>
      <trkpt lat="39.8690648" lon="116.6871221">
        <ele>22.60956</ele>
        <time>2026-09-14T22:38:04.374000Z</time>
      </trkpt>
      <trkpt lat="39.8690391" lon="116.6872482">
        <ele>22.6321</ele>
        <time>2026-09-14T22:38:08.355000Z</time>
      </trkpt>
      <trkpt lat="39.8690113" lon="116.6873741">
        <ele>22.654</ele>
        <time>2026-09-14T22:38:12.336000Z</time>
      </trkpt>
      <trkpt lat="39.8689829" lon="116.6874989">
        <ele>22.66485</ele>
        <time>2026-09-14T22:38:16.316000Z</time>
      </trkpt>
      <trkpt lat="39.8689565" lon="116.687623">
        <ele>22.6612</ele>
        <time>2026-09-14T22:38:20.297000Z</time>
      </trkpt>
      <trkpt lat="39.8689259" lon="116.6877446">
        <ele>22.65537</ele>
        <time>2026-09-14T22:38:24.278000Z</time>
      </trkpt>
      <trkpt lat="39.8688926" lon="116.6878642">
        <ele>22.66069</ele>
        <time>2026-09-14T22:38:28.258000Z</time>
      </trkpt>
      <trkpt lat="39.8688658" lon="116.6879863">
        <ele>22.69312</ele>
        <time>2026-09-14T22:38:32.239000Z</time>
      </trkpt>
      <trkpt lat="39.8688359" lon="116.6881079">
        <ele>22.73791</ele>
        <time>2026-09-14T22:38:36.220000Z</time>
      </trkpt>
      <trkpt lat="39.8687999" lon="116.6882264">
        <ele>22.79673</ele>
        <time>2026-09-14T22:38:40.200000Z</time>
      </trkpt>
      <trkpt lat="39.8687608" lon="116.6883437">
        <ele>22.85389</ele>
        <time>2026-09-14T22:38:44.181000Z</time>
      </trkpt>
      <trkpt lat="39.868731" lon="116.6884594">
        <ele>22.89358</ele>
        <time>2026-09-14T22:38:48Z</time>
      </trkpt>
      <trkpt lat="39.8687058" lon="116.6885865">
        <ele>22.91001</ele>
        <time>2026-09-14T22:38:52Z</time>
      </trkpt>
      <trkpt lat="39.8686745" lon="116.6887146">
        <ele>22.91088</ele>
        <time>2026-09-14T22:38:56Z</time>
      </trkpt>
      <trkpt lat="39.8686282" lon="116.688833">
        <ele>22.91407</ele>
        <time>2026-09-14T22:39:00Z</time>
      </trkpt>
      <trkpt lat="39.8685489" lon="116.6889104">
        <ele>22.9387</ele>
        <time>2026-09-14T22:39:04.084000Z</time>
      </trkpt>
      <trkpt lat="39.8684493" lon="116.6889215">
        <ele>22.96603</ele>
        <time>2026-09-14T22:39:08Z</time>
      </trkpt>
      <trkpt lat="39.8683445" lon="116.6888936">
        <ele>22.93692</ele>
        <time>2026-09-14T22:39:12Z</time>
      </trkpt>
      <trkpt lat="39.8682393" lon="116.6888703">
        <ele>22.86451</ele>
        <time>2026-09-14T22:39:16Z</time>
      </trkpt>
      <trkpt lat="39.8681375" lon="116.6888619">
        <ele>22.82571</ele>
        <time>2026-09-14T22:39:20Z</time>
      </trkpt>
      <trkpt lat="39.8680394" lon="116.6888812">
        <ele>22.8431</ele>
        <time>2026-09-14T22:39:23.988000Z</time>
      </trkpt>
      <trkpt lat="39.8679388" lon="116.6888883">
        <ele>22.83768</ele>
        <time>2026-09-14T22:39:27.968000Z</time>
      </trkpt>
      <trkpt lat="39.8678355" lon="116.6888936">
        <ele>22.77845</ele>
        <time>2026-09-14T22:39:31.949000Z</time>
      </trkpt>
      <trkpt lat="39.8677319" lon="116.6889073">
        <ele>22.68162</ele>
        <time>2026-09-14T22:39:35.930000Z</time>
      </trkpt>
      <trkpt lat="39.8676281" lon="116.6889255">
        <ele>22.56955</ele>
        <time>2026-09-14T22:39:39.910000Z</time>
      </trkpt>
      <trkpt lat="39.8675252" lon="116.6889417">
        <ele>22.45218</ele>
        <time>2026-09-14T22:39:43.891000Z</time>
      </trkpt>
      <trkpt lat="39.8674223" lon="116.6889678">
        <ele>22.34515</ele>
        <time>2026-09-14T22:39:47.872000Z</time>
      </trkpt>
      <trkpt lat="39.8673209" lon="116.6889992">
        <ele>22.26095</ele>
        <time>2026-09-14T22:39:51.852000Z</time>
      </trkpt>
      <trkpt lat="39.8672206" lon="116.6890336">
        <ele>22.20728</ele>
        <time>2026-09-14T22:39:55.833000Z</time>
      </trkpt>
      <trkpt lat="39.8671219" lon="116.6890694">
        <ele>22.1788</ele>
        <time>2026-09-14T22:39:59.814000Z</time>
      </trkpt>
      <trkpt lat="39.8670245" lon="116.6891062">
        <ele>22.17936</ele>
        <time>2026-09-14T22:40:03.794000Z</time>
      </trkpt>
      <trkpt lat="39.8669281" lon="116.6891408">
        <ele>22.18317</ele>
        <time>2026-09-14T22:40:07.775000Z</time>
      </trkpt>
      <trkpt lat="39.8668333" lon="116.6891586">
        <ele>22.15063</ele>
        <time>2026-09-14T22:40:11.756000Z</time>
      </trkpt>
      <trkpt lat="39.8667236" lon="116.6891685">
        <ele>22.06012</ele>
        <time>2026-09-14T22:40:16.732000Z</time>
      </trkpt>
      <trkpt lat="39.8666191" lon="116.6891797">
        <ele>21.99941</ele>
        <time>2026-09-14T22:40:21.707000Z</time>
      </trkpt>
      <trkpt lat="39.8665116" lon="116.6891854">
        <ele>22.02469</ele>
        <time>2026-09-14T22:40:26.683000Z</time>
      </trkpt>
      <trkpt lat="39.8664244" lon="116.6892162">
        <ele>22.08219</ele>
        <time>2026-09-14T22:40:30.664000Z</time>
      </trkpt>
      <trkpt lat="39.8663364" lon="116.6892516">
        <ele>22.11487</ele>
        <time>2026-09-14T22:40:34.645000Z</time>
      </trkpt>
      <trkpt lat="39.8662494" lon="116.689288">
        <ele>22.10503</ele>
        <time>2026-09-14T22:40:38.625000Z</time>
      </trkpt>
      <trkpt lat="39.8661585" lon="116.6893298">
        <ele>22.08857</ele>
        <time>2026-09-14T22:40:42.606000Z</time>
      </trkpt>
      <trkpt lat="39.866064" lon="116.6893741">
        <ele>22.08443</ele>
        <time>2026-09-14T22:40:46.587000Z</time>
      </trkpt>
      <trkpt lat="39.8659612" lon="116.6894252">
        <ele>22.08914</ele>
        <time>2026-09-14T22:40:50.567000Z</time>
      </trkpt>
      <trkpt lat="39.8658564" lon="116.6894775">
        <ele>22.11337</ele>
        <time>2026-09-14T22:40:54.548000Z</time>
      </trkpt>
      <trkpt lat="39.8657531" lon="116.6895259">
        <ele>22.15789</ele>
        <time>2026-09-14T22:40:58.528000Z</time>
      </trkpt>
      <trkpt lat="39.8656542" lon="116.6895737">
        <ele>22.18697</ele>
        <time>2026-09-14T22:41:02.509000Z</time>
      </trkpt>
      <trkpt lat="39.8655609" lon="116.6896214">
        <ele>22.17981</ele>
        <time>2026-09-14T22:41:06.490000Z</time>
      </trkpt>
      <trkpt lat="39.8654678" lon="116.689664">
        <ele>22.13397</ele>
        <time>2026-09-14T22:41:10.470000Z</time>
      </trkpt>
      <trkpt lat="39.8653777" lon="116.6897219">
        <ele>22.05427</ele>
        <time>2026-09-14T22:41:14.451000Z</time>
      </trkpt>
      <trkpt lat="39.8652853" lon="116.6897771">
        <ele>21.95998</ele>
        <time>2026-09-14T22:41:18.432000Z</time>
      </trkpt>
      <trkpt lat="39.8651916" lon="116.6898306">
        <ele>21.85893</ele>
        <time>2026-09-14T22:41:22.412000Z</time>
      </trkpt>
      <trkpt lat="39.865098" lon="116.6898798">
        <ele>21.74354</ele>
        <time>2026-09-14T22:41:26.393000Z</time>
      </trkpt>
      <trkpt lat="39.8650095" lon="116.6899276">
        <ele>21.61281</ele>
        <time>2026-09-14T22:41:30.374000Z</time>
      </trkpt>
      <trkpt lat="39.86492" lon="116.6899785">
        <ele>21.4882</ele>
        <time>2026-09-14T22:41:34.354000Z</time>
      </trkpt>
      <trkpt lat="39.8648273" lon="116.6900243">
        <ele>21.38866</ele>
        <time>2026-09-14T22:41:38.335000Z</time>
      </trkpt>
      <trkpt lat="39.8647306" lon="116.6900663">
        <ele>21.31064</ele>
        <time>2026-09-14T22:41:42.316000Z</time>
      </trkpt>
      <trkpt lat="39.8646288" lon="116.6901182">
        <ele>21.24346</ele>
        <time>2026-09-14T22:41:46.296000Z</time>
      </trkpt>
      <trkpt lat="39.8645243" lon="116.6901786">
        <ele>21.2041</ele>
        <time>2026-09-14T22:41:50.277000Z</time>
      </trkpt>
      <trkpt lat="39.8644136" lon="116.6902275">
        <ele>21.20866</ele>
        <time>2026-09-14T22:41:54.257000Z</time>
      </trkpt>
      <trkpt lat="39.8643085" lon="116.6902692">
        <ele>21.2419</ele>
        <time>2026-09-14T22:41:58.238000Z</time>
      </trkpt>
      <trkpt lat="39.8642101" lon="116.6903244">
        <ele>21.29057</ele>
        <time>2026-09-14T22:42:02.219000Z</time>
      </trkpt>
      <trkpt lat="39.8641166" lon="116.690381">
        <ele>21.34264</ele>
        <time>2026-09-14T22:42:06.199000Z</time>
      </trkpt>
      <trkpt lat="39.8640194" lon="116.6904353">
        <ele>21.38111</ele>
        <time>2026-09-14T22:42:10.180000Z</time>
      </trkpt>
      <trkpt lat="39.8639163" lon="116.690484">
        <ele>21.35471</ele>
        <time>2026-09-14T22:42:14.161000Z</time>
      </trkpt>
      <trkpt lat="39.8638185" lon="116.690528">
        <ele>21.28372</ele>
        <time>2026-09-14T22:42:18Z</time>
      </trkpt>
      <trkpt lat="39.8637186" lon="116.690572">
        <ele>21.21846</ele>
        <time>2026-09-14T22:42:22Z</time>
      </trkpt>
      <trkpt lat="39.8636164" lon="116.6906171">
        <ele>21.15634</ele>
        <time>2026-09-14T22:42:26Z</time>
      </trkpt>
      <trkpt lat="39.8635158" lon="116.6906726">
        <ele>21.11719</ele>
        <time>2026-09-14T22:42:30Z</time>
      </trkpt>
      <trkpt lat="39.8634171" lon="116.6907283">
        <ele>21.10869</ele>
        <time>2026-09-14T22:42:34Z</time>
      </trkpt>
      <trkpt lat="39.8633196" lon="116.6907765">
        <ele>21.09986</ele>
        <time>2026-09-14T22:42:38Z</time>
      </trkpt>
      <trkpt lat="39.8632215" lon="116.6908204">
        <ele>21.10573</ele>
        <time>2026-09-14T22:42:42Z</time>
      </trkpt>
      <trkpt lat="39.8631225" lon="116.690858">
        <ele>21.20638</ele>
        <time>2026-09-14T22:42:46Z</time>
      </trkpt>
      <trkpt lat="39.8630242" lon="116.6908992">
        <ele>21.40625</ele>
        <time>2026-09-14T22:42:49.986000Z</time>
      </trkpt>
      <trkpt lat="39.8629218" lon="116.6909307">
        <ele>21.55774</ele>
        <time>2026-09-14T22:42:53.967000Z</time>
      </trkpt>
      <trkpt lat="39.8628166" lon="116.6909509">
        <ele>21.60346</ele>
        <time>2026-09-14T22:42:57.947000Z</time>
      </trkpt>
      <trkpt lat="39.8627212" lon="116.6909215">
        <ele>21.58467</ele>
        <time>2026-09-14T22:43:01.928000Z</time>
      </trkpt>
      <trkpt lat="39.8626611" lon="116.6908197">
        <ele>21.52721</ele>
        <time>2026-09-14T22:43:05.909000Z</time>
      </trkpt>
      <trkpt lat="39.8626252" lon="116.6906891">
        <ele>21.45066</ele>
        <time>2026-09-14T22:43:09.889000Z</time>
      </trkpt>
      <trkpt lat="39.8625939" lon="116.6905564">
        <ele>21.39104</ele>
        <time>2026-09-14T22:43:13.870000Z</time>
      </trkpt>
      <trkpt lat="39.862559" lon="116.6904263">
        <ele>21.35761</ele>
        <time>2026-09-14T22:43:17.850000Z</time>
      </trkpt>
      <trkpt lat="39.8625208" lon="116.6902966">
        <ele>21.33254</ele>
        <time>2026-09-14T22:43:21.831000Z</time>
      </trkpt>
      <trkpt lat="39.8624837" lon="116.6901707">
        <ele>21.30818</ele>
        <time>2026-09-14T22:43:25.812000Z</time>
      </trkpt>
      <trkpt lat="39.8624488" lon="116.6900498">
        <ele>21.28612</ele>
        <time>2026-09-14T22:43:29.792000Z</time>
      </trkpt>
      <trkpt lat="39.8624134" lon="116.6899291">
        <ele>21.26095</ele>
        <time>2026-09-14T22:43:33.773000Z</time>
      </trkpt>
      <trkpt lat="39.8623807" lon="116.6898042">
        <ele>21.23389</ele>
        <time>2026-09-14T22:43:37.753000Z</time>
      </trkpt>
      <trkpt lat="39.8623438" lon="116.6896809">
        <ele>21.20314</ele>
        <time>2026-09-14T22:43:41.734000Z</time>
      </trkpt>
      <trkpt lat="39.8623022" lon="116.6895633">
        <ele>21.18256</ele>
        <time>2026-09-14T22:43:45.715000Z</time>
      </trkpt>
      <trkpt lat="39.8622545" lon="116.6894485">
        <ele>21.1919</ele>
        <time>2026-09-14T22:43:49.695000Z</time>
      </trkpt>
      <trkpt lat="39.8622084" lon="116.689334">
        <ele>21.24408</ele>
        <time>2026-09-14T22:43:53.676000Z</time>
      </trkpt>
      <trkpt lat="39.86217" lon="116.6892175">
        <ele>21.32674</ele>
        <time>2026-09-14T22:43:57.656000Z</time>
      </trkpt>
      <trkpt lat="39.8621332" lon="116.6890957">
        <ele>21.42467</ele>
        <time>2026-09-14T22:44:01.637000Z</time>
      </trkpt>
      <trkpt lat="39.8620992" lon="116.688975">
        <ele>21.50299</ele>
        <time>2026-09-14T22:44:05.617000Z</time>
      </trkpt>
      <trkpt lat="39.862068" lon="116.6888555">
        <ele>21.52718</ele>
        <time>2026-09-14T22:44:09.598000Z</time>
      </trkpt>
      <trkpt lat="39.8620343" lon="116.6887375">
        <ele>21.50322</ele>
        <time>2026-09-14T22:44:13.579000Z</time>
      </trkpt>
      <trkpt lat="39.8620042" lon="116.6886149">
        <ele>21.47545</ele>
        <time>2026-09-14T22:44:17.559000Z</time>
      </trkpt>
      <trkpt lat="39.8619725" lon="116.6884921">
        <ele>21.48614</ele>
        <time>2026-09-14T22:44:21.540000Z</time>
      </trkpt>
      <trkpt lat="39.8619363" lon="116.6883734">
        <ele>21.53288</ele>
        <time>2026-09-14T22:44:25.520000Z</time>
      </trkpt>
      <trkpt lat="39.8618924" lon="116.6882613">
        <ele>21.58795</ele>
        <time>2026-09-14T22:44:29.501000Z</time>
      </trkpt>
      <trkpt lat="39.8618504" lon="116.6881419">
        <ele>21.62595</ele>
        <time>2026-09-14T22:44:33.482000Z</time>
      </trkpt>
      <trkpt lat="39.8618162" lon="116.6880154">
        <ele>21.62888</ele>
        <time>2026-09-14T22:44:37.462000Z</time>
      </trkpt>
      <trkpt lat="39.8617874" lon="116.6878832">
        <ele>21.60062</ele>
        <time>2026-09-14T22:44:41.443000Z</time>
      </trkpt>
      <trkpt lat="39.8617654" lon="116.687747">
        <ele>21.56066</ele>
        <time>2026-09-14T22:44:45.423000Z</time>
      </trkpt>
      <trkpt lat="39.8617408" lon="116.6876114">
        <ele>21.52918</ele>
        <time>2026-09-14T22:44:49.404000Z</time>
      </trkpt>
      <trkpt lat="39.8617053" lon="116.6874794">
        <ele>21.52842</ele>
        <time>2026-09-14T22:44:53.385000Z</time>
      </trkpt>
      <trkpt lat="39.8616487" lon="116.6873709">
        <ele>21.5797</ele>
        <time>2026-09-14T22:44:57.365000Z</time>
      </trkpt>
      <trkpt lat="39.8615563" lon="116.6873343">
        <ele>21.71317</ele>
        <time>2026-09-14T22:45:01.346000Z</time>
      </trkpt>
      <trkpt lat="39.8614503" lon="116.6873424">
        <ele>21.90451</ele>
        <time>2026-09-14T22:45:05.326000Z</time>
      </trkpt>
      <trkpt lat="39.8613457" lon="116.6873521">
        <ele>22.11411</ele>
        <time>2026-09-14T22:45:09.307000Z</time>
      </trkpt>
      <trkpt lat="39.861255" lon="116.6873056">
        <ele>22.32657</ele>
        <time>2026-09-14T22:45:13.287000Z</time>
      </trkpt>
      <trkpt lat="39.8611954" lon="116.6872046">
        <ele>22.53863</ele>
        <time>2026-09-14T22:45:17.268000Z</time>
      </trkpt>
      <trkpt lat="39.8611179" lon="116.6871292">
        <ele>22.75557</ele>
        <time>2026-09-14T22:45:21.249000Z</time>
      </trkpt>
      <trkpt lat="39.8610217" lon="116.6871148">
        <ele>22.97272</ele>
        <time>2026-09-14T22:45:25.229000Z</time>
      </trkpt>
      <trkpt lat="39.8609239" lon="116.6871195">
        <ele>23.16357</ele>
        <time>2026-09-14T22:45:29.210000Z</time>
      </trkpt>
      <trkpt lat="39.8608332" lon="116.6871346">
        <ele>23.30103</ele>
        <time>2026-09-14T22:45:33Z</time>
      </trkpt>
      <trkpt lat="39.8607387" lon="116.6871422">
        <ele>23.38024</ele>
        <time>2026-09-14T22:45:37Z</time>
      </trkpt>
      <trkpt lat="39.8606399" lon="116.6871422">
        <ele>23.40276</ele>
        <time>2026-09-14T22:45:41Z</time>
      </trkpt>
      <trkpt lat="39.8605406" lon="116.6871409">
        <ele>23.40937</ele>
        <time>2026-09-14T22:45:45Z</time>
      </trkpt>
      <trkpt lat="39.8604404" lon="116.6871344">
        <ele>23.41628</ele>
        <time>2026-09-14T22:45:49Z</time>
      </trkpt>
      <trkpt lat="39.8603362" lon="116.6871338">
        <ele>23.41075</ele>
        <time>2026-09-14T22:45:53Z</time>
      </trkpt>
      <trkpt lat="39.8602317" lon="116.6871374">
        <ele>23.41231</ele>
        <time>2026-09-14T22:45:57Z</time>
      </trkpt>
      <trkpt lat="39.8601322" lon="116.6871441">
        <ele>23.45722</ele>
        <time>2026-09-14T22:46:01Z</time>
      </trkpt>
      <trkpt lat="39.8600314" lon="116.6871502">
        <ele>23.51102</ele>
        <time>2026-09-14T22:46:05Z</time>
      </trkpt>
      <trkpt lat="39.8599316" lon="116.6871542">
        <ele>23.5315</ele>
        <time>2026-09-14T22:46:09Z</time>
      </trkpt>
      <trkpt lat="39.8598326" lon="116.6871549">
        <ele>23.50631</ele>
        <time>2026-09-14T22:46:12.996000Z</time>
      </trkpt>
      <trkpt lat="39.8597312" lon="116.6871532">
        <ele>23.46159</ele>
        <time>2026-09-14T22:46:16.977000Z</time>
      </trkpt>
      <trkpt lat="39.8596298" lon="116.6871458">
        <ele>23.42752</ele>
        <time>2026-09-14T22:46:20.957000Z</time>
      </trkpt>
      <trkpt lat="39.8595331" lon="116.6871388">
        <ele>23.41717</ele>
        <time>2026-09-14T22:46:24.938000Z</time>
      </trkpt>
      <trkpt lat="39.8594358" lon="116.6871348">
        <ele>23.4102</ele>
        <time>2026-09-14T22:46:28.918000Z</time>
      </trkpt>
      <trkpt lat="39.8593357" lon="116.6871321">
        <ele>23.38007</ele>
        <time>2026-09-14T22:46:32.899000Z</time>
      </trkpt>
      <trkpt lat="39.8592377" lon="116.6871347">
        <ele>23.3274</ele>
        <time>2026-09-14T22:46:36.880000Z</time>
      </trkpt>
      <trkpt lat="39.8591383" lon="116.6871409">
        <ele>23.26374</ele>
        <time>2026-09-14T22:46:40.860000Z</time>
      </trkpt>
      <trkpt lat="39.8590366" lon="116.6871319">
        <ele>23.19466</ele>
        <time>2026-09-14T22:46:44.841000Z</time>
      </trkpt>
      <trkpt lat="39.8589449" lon="116.6870869">
        <ele>23.08657</ele>
        <time>2026-09-14T22:46:48.821000Z</time>
      </trkpt>
      <trkpt lat="39.8588978" lon="116.686976">
        <ele>22.94426</ele>
        <time>2026-09-14T22:46:52.802000Z</time>
      </trkpt>
      <trkpt lat="39.8588777" lon="116.6868501">
        <ele>22.83061</ele>
        <time>2026-09-14T22:46:56.783000Z</time>
      </trkpt>
      <trkpt lat="39.8588597" lon="116.6867235">
        <ele>22.78028</ele>
        <time>2026-09-14T22:47:00.763000Z</time>
      </trkpt>
      <trkpt lat="39.8588401" lon="116.6865968">
        <ele>22.78645</ele>
        <time>2026-09-14T22:47:04.744000Z</time>
      </trkpt>
      <trkpt lat="39.8588187" lon="116.6864666">
        <ele>22.83508</ele>
        <time>2026-09-14T22:47:08.724000Z</time>
      </trkpt>
      <trkpt lat="39.8587985" lon="116.6863327">
        <ele>22.8946</ele>
        <time>2026-09-14T22:47:12.705000Z</time>
      </trkpt>
      <trkpt lat="39.858777" lon="116.6862006">
        <ele>22.94448</ele>
        <time>2026-09-14T22:47:16.685000Z</time>
      </trkpt>
      <trkpt lat="39.8587552" lon="116.6860677">
        <ele>23.01115</ele>
        <time>2026-09-14T22:47:20.666000Z</time>
      </trkpt>
      <trkpt lat="39.8587363" lon="116.6859341">
        <ele>23.10357</ele>
        <time>2026-09-14T22:47:24.647000Z</time>
      </trkpt>
      <trkpt lat="39.8587213" lon="116.685803">
        <ele>23.22294</ele>
        <time>2026-09-14T22:47:28.627000Z</time>
      </trkpt>
      <trkpt lat="39.8587101" lon="116.6856695">
        <ele>23.34528</ele>
        <time>2026-09-14T22:47:32.608000Z</time>
      </trkpt>
      <trkpt lat="39.8587002" lon="116.6855331">
        <ele>23.46119</ele>
        <time>2026-09-14T22:47:36.588000Z</time>
      </trkpt>
      <trkpt lat="39.8586901" lon="116.6853983">
        <ele>23.56171</ele>
        <time>2026-09-14T22:47:40.569000Z</time>
      </trkpt>
      <trkpt lat="39.8586825" lon="116.6852647">
        <ele>23.57944</ele>
        <time>2026-09-14T22:47:44.549000Z</time>
      </trkpt>
      <trkpt lat="39.8586866" lon="116.6851303">
        <ele>23.48521</ele>
        <time>2026-09-14T22:47:48.530000Z</time>
      </trkpt>
      <trkpt lat="39.8586922" lon="116.6849911">
        <ele>23.33942</ele>
        <time>2026-09-14T22:47:52.511000Z</time>
      </trkpt>
      <trkpt lat="39.8586976" lon="116.6848486">
        <ele>23.19621</ele>
        <time>2026-09-14T22:47:56.491000Z</time>
      </trkpt>
      <trkpt lat="39.8587038" lon="116.6847044">
        <ele>23.06357</ele>
        <time>2026-09-14T22:48:00.472000Z</time>
      </trkpt>
      <trkpt lat="39.858712" lon="116.6845627">
        <ele>22.94642</ele>
        <time>2026-09-14T22:48:04.452000Z</time>
      </trkpt>
      <trkpt lat="39.858726" lon="116.6844207">
        <ele>22.85556</ele>
        <time>2026-09-14T22:48:08.433000Z</time>
      </trkpt>
      <trkpt lat="39.8587417" lon="116.6842736">
        <ele>22.7772</ele>
        <time>2026-09-14T22:48:12.413000Z</time>
      </trkpt>
      <trkpt lat="39.8587518" lon="116.6841191">
        <ele>22.71035</ele>
        <time>2026-09-14T22:48:16.394000Z</time>
      </trkpt>
      <trkpt lat="39.8587603" lon="116.684001">
        <ele>22.6731</ele>
        <time>2026-09-14T22:48:19.379000Z</time>
      </trkpt>
      <trkpt lat="39.8587779" lon="116.6838814">
        <ele>22.66156</ele>
        <time>2026-09-14T22:48:22.365000Z</time>
      </trkpt>
      <trkpt lat="39.858811" lon="116.6837608">
        <ele>22.68773</ele>
        <time>2026-09-14T22:48:25.350000Z</time>
      </trkpt>
      <trkpt lat="39.8588536" lon="116.6836411">
        <ele>22.74969</ele>
        <time>2026-09-14T22:48:28.336000Z</time>
      </trkpt>
      <trkpt lat="39.8589255" lon="116.6835367">
        <ele>22.86355</ele>
        <time>2026-09-14T22:48:32.316000Z</time>
      </trkpt>
      <trkpt lat="39.859016" lon="116.6835489">
        <ele>23.02757</ele>
        <time>2026-09-14T22:48:39.282000Z</time>
      </trkpt>
      <trkpt lat="39.8590315" lon="116.6835215">
        <ele>23.08026</ele>
        <time>2026-09-14T22:48:43.263000Z</time>
      </trkpt>
      <trkpt lat="39.859056" lon="116.6833789">
        <ele>23.10531</ele>
        <time>2026-09-14T22:48:48.238000Z</time>
      </trkpt>
      <trkpt lat="39.8590593" lon="116.6832376">
        <ele>23.0928</ele>
        <time>2026-09-14T22:48:51.224000Z</time>
      </trkpt>
      <trkpt lat="39.8590564" lon="116.6831083">
        <ele>23.06559</ele>
        <time>2026-09-14T22:48:54.209000Z</time>
      </trkpt>
      <trkpt lat="39.8590572" lon="116.6829891">
        <ele>23.02813</ele>
        <time>2026-09-14T22:48:57.195000Z</time>
      </trkpt>
      <trkpt lat="39.8590538" lon="116.6828385">
        <ele>22.95149</ele>
        <time>2026-09-14T22:49:01.175000Z</time>
      </trkpt>
      <trkpt lat="39.8590476" lon="116.6826902">
        <ele>22.84941</ele>
        <time>2026-09-14T22:49:05.156000Z</time>
      </trkpt>
      <trkpt lat="39.8590431" lon="116.6825454">
        <ele>22.74367</ele>
        <time>2026-09-14T22:49:09.136000Z</time>
      </trkpt>
      <trkpt lat="39.8590375" lon="116.6824031">
        <ele>22.68256</ele>
        <time>2026-09-14T22:49:13.117000Z</time>
      </trkpt>
      <trkpt lat="39.8590319" lon="116.6822586">
        <ele>22.68788</ele>
        <time>2026-09-14T22:49:17.097000Z</time>
      </trkpt>
      <trkpt lat="39.859031" lon="116.6821165">
        <ele>22.77195</ele>
        <time>2026-09-14T22:49:21.078000Z</time>
      </trkpt>
      <trkpt lat="39.8590294" lon="116.6819765">
        <ele>22.92125</ele>
        <time>2026-09-14T22:49:25.058000Z</time>
      </trkpt>
      <trkpt lat="39.8590192" lon="116.6818404">
        <ele>23.11461</ele>
        <time>2026-09-14T22:49:29.039000Z</time>
      </trkpt>
      <trkpt lat="39.8590065" lon="116.6817061">
        <ele>23.33345</ele>
        <time>2026-09-14T22:49:33.019000Z</time>
      </trkpt>
      <trkpt lat="39.8589995" lon="116.6815683">
        <ele>23.527</ele>
        <time>2026-09-14T22:49:37Z</time>
      </trkpt>
      <trkpt lat="39.8589944" lon="116.6814284">
        <ele>23.6253</ele>
        <time>2026-09-14T22:49:40.980000Z</time>
      </trkpt>
      <trkpt lat="39.8589931" lon="116.6812877">
        <ele>23.69511</ele>
        <time>2026-09-14T22:49:44.961000Z</time>
      </trkpt>
      <trkpt lat="39.8589946" lon="116.6811507">
        <ele>23.74878</ele>
        <time>2026-09-14T22:49:48.941000Z</time>
      </trkpt>
      <trkpt lat="39.8589957" lon="116.6810144">
        <ele>23.77358</ele>
        <time>2026-09-14T22:49:52.922000Z</time>
      </trkpt>
      <trkpt lat="39.8589954" lon="116.6808836">
        <ele>23.76486</ele>
        <time>2026-09-14T22:49:56.903000Z</time>
      </trkpt>
      <trkpt lat="39.8589944" lon="116.6807554">
        <ele>23.69818</ele>
        <time>2026-09-14T22:50:00.883000Z</time>
      </trkpt>
      <trkpt lat="39.8589979" lon="116.6806281">
        <ele>23.54894</ele>
        <time>2026-09-14T22:50:04.864000Z</time>
      </trkpt>
      <trkpt lat="39.8590025" lon="116.6804994">
        <ele>23.34242</ele>
        <time>2026-09-14T22:50:08.844000Z</time>
      </trkpt>
      <trkpt lat="39.8590045" lon="116.6803706">
        <ele>23.11647</ele>
        <time>2026-09-14T22:50:12.825000Z</time>
      </trkpt>
      <trkpt lat="39.8590055" lon="116.6802443">
        <ele>22.91469</ele>
        <time>2026-09-14T22:50:16.805000Z</time>
      </trkpt>
      <trkpt lat="39.859007" lon="116.6801144">
        <ele>22.76681</ele>
        <time>2026-09-14T22:50:20.786000Z</time>
      </trkpt>
      <trkpt lat="39.8590056" lon="116.6799846">
        <ele>22.6722</ele>
        <time>2026-09-14T22:50:24.766000Z</time>
      </trkpt>
      <trkpt lat="39.8590039" lon="116.6798543">
        <ele>22.63239</ele>
        <time>2026-09-14T22:50:28.747000Z</time>
      </trkpt>
      <trkpt lat="39.8590028" lon="116.679723">
        <ele>22.64191</ele>
        <time>2026-09-14T22:50:32.727000Z</time>
      </trkpt>
      <trkpt lat="39.8590004" lon="116.6795908">
        <ele>22.6958</ele>
        <time>2026-09-14T22:50:36.708000Z</time>
      </trkpt>
      <trkpt lat="39.8590022" lon="116.6794532">
        <ele>22.79646</ele>
        <time>2026-09-14T22:50:40.688000Z</time>
      </trkpt>
      <trkpt lat="39.8590027" lon="116.6793139">
        <ele>22.90765</ele>
        <time>2026-09-14T22:50:44.669000Z</time>
      </trkpt>
      <trkpt lat="39.8589988" lon="116.6791735">
        <ele>23.00437</ele>
        <time>2026-09-14T22:50:48.649000Z</time>
      </trkpt>
      <trkpt lat="39.8589902" lon="116.6790354">
        <ele>23.08843</ele>
        <time>2026-09-14T22:50:52.630000Z</time>
      </trkpt>
      <trkpt lat="39.8589903" lon="116.6788947">
        <ele>23.21032</ele>
        <time>2026-09-14T22:50:56.610000Z</time>
      </trkpt>
      <trkpt lat="39.859" lon="116.6787551">
        <ele>23.37142</ele>
        <time>2026-09-14T22:51:00.591000Z</time>
      </trkpt>
      <trkpt lat="39.8590081" lon="116.6786201">
        <ele>23.52042</ele>
        <time>2026-09-14T22:51:04.571000Z</time>
      </trkpt>
      <trkpt lat="39.8590188" lon="116.6784842">
        <ele>23.62688</ele>
        <time>2026-09-14T22:51:08.552000Z</time>
      </trkpt>
      <trkpt lat="39.8590276" lon="116.6783484">
        <ele>23.69642</ele>
        <time>2026-09-14T22:51:12.532000Z</time>
      </trkpt>
      <trkpt lat="39.8590318" lon="116.6782131">
        <ele>23.73516</ele>
        <time>2026-09-14T22:51:16.513000Z</time>
      </trkpt>
      <trkpt lat="39.8590308" lon="116.6780801">
        <ele>23.74419</ele>
        <time>2026-09-14T22:51:20.493000Z</time>
      </trkpt>
      <trkpt lat="39.8590187" lon="116.6779495">
        <ele>23.73116</ele>
        <time>2026-09-14T22:51:24.474000Z</time>
      </trkpt>
      <trkpt lat="39.859005" lon="116.677818">
        <ele>23.70585</ele>
        <time>2026-09-14T22:51:28.454000Z</time>
      </trkpt>
      <trkpt lat="39.8589978" lon="116.6776812">
        <ele>23.69496</ele>
        <time>2026-09-14T22:51:32.435000Z</time>
      </trkpt>
      <trkpt lat="39.8589954" lon="116.6775482">
        <ele>23.71787</ele>
        <time>2026-09-14T22:51:36.415000Z</time>
      </trkpt>
      <trkpt lat="39.8589959" lon="116.6774198">
        <ele>23.7323</ele>
        <time>2026-09-14T22:51:40.396000Z</time>
      </trkpt>
      <trkpt lat="39.8589841" lon="116.6772969">
        <ele>23.69612</ele>
        <time>2026-09-14T22:51:44.376000Z</time>
      </trkpt>
      <trkpt lat="39.8589864" lon="116.6771694">
        <ele>23.61718</ele>
        <time>2026-09-14T22:51:48.357000Z</time>
      </trkpt>
      <trkpt lat="39.8589967" lon="116.6770392">
        <ele>23.50773</ele>
        <time>2026-09-14T22:51:52.337000Z</time>
      </trkpt>
      <trkpt lat="39.8590008" lon="116.6769082">
        <ele>23.40358</ele>
        <time>2026-09-14T22:51:56.318000Z</time>
      </trkpt>
      <trkpt lat="39.8589906" lon="116.6767815">
        <ele>23.36031</ele>
        <time>2026-09-14T22:52:00.298000Z</time>
      </trkpt>
      <trkpt lat="39.8589902" lon="116.6766514">
        <ele>23.3925</ele>
        <time>2026-09-14T22:52:04.279000Z</time>
      </trkpt>
      <trkpt lat="39.8589898" lon="116.6765163">
        <ele>23.48168</ele>
        <time>2026-09-14T22:52:08.259000Z</time>
      </trkpt>
      <trkpt lat="39.8589856" lon="116.6763805">
        <ele>23.64009</ele>
        <time>2026-09-14T22:52:12.240000Z</time>
      </trkpt>
      <trkpt lat="39.8589814" lon="116.6762409">
        <ele>23.87928</ele>
        <time>2026-09-14T22:52:16.220000Z</time>
      </trkpt>
      <trkpt lat="39.8589893" lon="116.6761051">
        <ele>24.17371</ele>
        <time>2026-09-14T22:52:20.201000Z</time>
      </trkpt>
      <trkpt lat="39.858999" lon="116.6759787">
        <ele>24.41326</ele>
        <time>2026-09-14T22:52:24Z</time>
      </trkpt>
      <trkpt lat="39.8590013" lon="116.6758433">
        <ele>24.52685</ele>
        <time>2026-09-14T22:52:28Z</time>
      </trkpt>
      <trkpt lat="39.8589942" lon="116.6757104">
        <ele>24.56079</ele>
        <time>2026-09-14T22:52:32Z</time>
      </trkpt>
      <trkpt lat="39.8589871" lon="116.6755733">
        <ele>24.5573</ele>
        <time>2026-09-14T22:52:36Z</time>
      </trkpt>
      <trkpt lat="39.8589857" lon="116.6754326">
        <ele>24.52114</ele>
        <time>2026-09-14T22:52:40Z</time>
      </trkpt>
      <trkpt lat="39.8589862" lon="116.6752875">
        <ele>24.45371</ele>
        <time>2026-09-14T22:52:44Z</time>
      </trkpt>
      <trkpt lat="39.8589893" lon="116.6751353">
        <ele>24.33451</ele>
        <time>2026-09-14T22:52:48Z</time>
      </trkpt>
      <trkpt lat="39.8589938" lon="116.6749887">
        <ele>24.22275</ele>
        <time>2026-09-14T22:52:52Z</time>
      </trkpt>
      <trkpt lat="39.8589961" lon="116.6748435">
        <ele>24.14863</ele>
        <time>2026-09-14T22:52:56Z</time>
      </trkpt>
      <trkpt lat="39.8589985" lon="116.6746983">
        <ele>23.98948</ele>
        <time>2026-09-14T22:53:00Z</time>
      </trkpt>
      <trkpt lat="39.8590031" lon="116.6745538">
        <ele>23.67193</ele>
        <time>2026-09-14T22:53:03.986000Z</time>
      </trkpt>
      <trkpt lat="39.8590103" lon="116.6744166">
        <ele>23.32913</ele>
        <time>2026-09-14T22:53:07.967000Z</time>
      </trkpt>
      <trkpt lat="39.8590162" lon="116.6742853">
        <ele>23.02689</ele>
        <time>2026-09-14T22:53:11.947000Z</time>
      </trkpt>
      <trkpt lat="39.8590183" lon="116.6741524">
        <ele>22.78956</ele>
        <time>2026-09-14T22:53:15.928000Z</time>
      </trkpt>
      <trkpt lat="39.8590157" lon="116.6740189">
        <ele>22.62354</ele>
        <time>2026-09-14T22:53:19.908000Z</time>
      </trkpt>
      <trkpt lat="39.8590186" lon="116.6738866">
        <ele>22.51869</ele>
        <time>2026-09-14T22:53:23.889000Z</time>
      </trkpt>
      <trkpt lat="39.859021" lon="116.6737545">
        <ele>22.45635</ele>
        <time>2026-09-14T22:53:27.869000Z</time>
      </trkpt>
      <trkpt lat="39.8590178" lon="116.6736238">
        <ele>22.40584</ele>
        <time>2026-09-14T22:53:31.850000Z</time>
      </trkpt>
      <trkpt lat="39.8590111" lon="116.6734944">
        <ele>22.36248</ele>
        <time>2026-09-14T22:53:35.830000Z</time>
      </trkpt>
      <trkpt lat="39.8590071" lon="116.6733624">
        <ele>22.34295</ele>
        <time>2026-09-14T22:53:39.810000Z</time>
      </trkpt>
      <trkpt lat="39.8590079" lon="116.6732278">
        <ele>22.34371</ele>
        <time>2026-09-14T22:53:43.791000Z</time>
      </trkpt>
      <trkpt lat="39.8590126" lon="116.6730929">
        <ele>22.37015</ele>
        <time>2026-09-14T22:53:47.771000Z</time>
      </trkpt>
      <trkpt lat="39.8590161" lon="116.6729634">
        <ele>22.42794</ele>
        <time>2026-09-14T22:53:51.752000Z</time>
      </trkpt>
      <trkpt lat="39.8590163" lon="116.6728319">
        <ele>22.5077</ele>
        <time>2026-09-14T22:53:55.732000Z</time>
      </trkpt>
      <trkpt lat="39.8590175" lon="116.6727012">
        <ele>22.58825</ele>
        <time>2026-09-14T22:53:59.713000Z</time>
      </trkpt>
      <trkpt lat="39.859018" lon="116.6725723">
        <ele>22.66249</ele>
        <time>2026-09-14T22:54:03.693000Z</time>
      </trkpt>
      <trkpt lat="39.8590209" lon="116.6724421">
        <ele>22.74195</ele>
        <time>2026-09-14T22:54:07.674000Z</time>
      </trkpt>
      <trkpt lat="39.8590239" lon="116.6723136">
        <ele>22.80548</ele>
        <time>2026-09-14T22:54:11.654000Z</time>
      </trkpt>
      <trkpt lat="39.8590225" lon="116.6721836">
        <ele>22.84831</ele>
        <time>2026-09-14T22:54:15.635000Z</time>
      </trkpt>
      <trkpt lat="39.8590228" lon="116.6720475">
        <ele>22.87204</ele>
        <time>2026-09-14T22:54:19.615000Z</time>
      </trkpt>
      <trkpt lat="39.8590193" lon="116.6719129">
        <ele>22.86638</ele>
        <time>2026-09-14T22:54:23.596000Z</time>
      </trkpt>
      <trkpt lat="39.8590178" lon="116.6717804">
        <ele>22.84858</ele>
        <time>2026-09-14T22:54:27.576000Z</time>
      </trkpt>
      <trkpt lat="39.8590133" lon="116.6716421">
        <ele>22.82118</ele>
        <time>2026-09-14T22:54:31.556000Z</time>
      </trkpt>
      <trkpt lat="39.8590075" lon="116.6715031">
        <ele>22.77308</ele>
        <time>2026-09-14T22:54:35.537000Z</time>
      </trkpt>
      <trkpt lat="39.8590098" lon="116.6713655">
        <ele>22.68163</ele>
        <time>2026-09-14T22:54:39.517000Z</time>
      </trkpt>
      <trkpt lat="39.8590152" lon="116.6712283">
        <ele>22.54073</ele>
        <time>2026-09-14T22:54:43.498000Z</time>
      </trkpt>
      <trkpt lat="39.8590177" lon="116.6710937">
        <ele>22.40389</ele>
        <time>2026-09-14T22:54:47.478000Z</time>
      </trkpt>
      <trkpt lat="39.8590179" lon="116.6709601">
        <ele>22.32896</ele>
        <time>2026-09-14T22:54:51.459000Z</time>
      </trkpt>
      <trkpt lat="39.8590167" lon="116.670824">
        <ele>22.35124</ele>
        <time>2026-09-14T22:54:55.439000Z</time>
      </trkpt>
      <trkpt lat="39.8590151" lon="116.670688">
        <ele>22.44552</ele>
        <time>2026-09-14T22:54:59.420000Z</time>
      </trkpt>
      <trkpt lat="39.8590173" lon="116.670554">
        <ele>22.56255</ele>
        <time>2026-09-14T22:55:03.400000Z</time>
      </trkpt>
      <trkpt lat="39.8590201" lon="116.6704172">
        <ele>22.67197</ele>
        <time>2026-09-14T22:55:07.381000Z</time>
      </trkpt>
      <trkpt lat="39.8590247" lon="116.6702738">
        <ele>22.75369</ele>
        <time>2026-09-14T22:55:11.361000Z</time>
      </trkpt>
      <trkpt lat="39.8590282" lon="116.6701307">
        <ele>22.79013</ele>
        <time>2026-09-14T22:55:15.341000Z</time>
      </trkpt>
      <trkpt lat="39.859029" lon="116.6699916">
        <ele>22.79509</ele>
        <time>2026-09-14T22:55:19.322000Z</time>
      </trkpt>
      <trkpt lat="39.8590268" lon="116.6698558">
        <ele>22.80755</ele>
        <time>2026-09-14T22:55:23.302000Z</time>
      </trkpt>
      <trkpt lat="39.8590212" lon="116.6697242">
        <ele>22.87924</ele>
        <time>2026-09-14T22:55:27.283000Z</time>
      </trkpt>
      <trkpt lat="39.8590141" lon="116.6695922">
        <ele>23.05603</ele>
        <time>2026-09-14T22:55:31.263000Z</time>
      </trkpt>
      <trkpt lat="39.8590102" lon="116.6694576">
        <ele>23.35731</ele>
        <time>2026-09-14T22:55:35.244000Z</time>
      </trkpt>
      <trkpt lat="39.85901" lon="116.6693232">
        <ele>23.78174</ele>
        <time>2026-09-14T22:55:39.224000Z</time>
      </trkpt>
      <trkpt lat="39.8590087" lon="116.6691851">
        <ele>24.27431</ele>
        <time>2026-09-14T22:55:43.204000Z</time>
      </trkpt>
      <trkpt lat="39.8590041" lon="116.6690517">
        <ele>24.6415</ele>
        <time>2026-09-14T22:55:47Z</time>
      </trkpt>
      <trkpt lat="39.8590018" lon="116.6689141">
        <ele>24.78683</ele>
        <time>2026-09-14T22:55:51Z</time>
      </trkpt>
      <trkpt lat="39.8590129" lon="116.6687775">
        <ele>24.79991</ele>
        <time>2026-09-14T22:55:55Z</time>
      </trkpt>
      <trkpt lat="39.8590209" lon="116.668643">
        <ele>24.77986</ele>
        <time>2026-09-14T22:55:59Z</time>
      </trkpt>
      <trkpt lat="39.8590184" lon="116.6685106">
        <ele>24.75454</ele>
        <time>2026-09-14T22:56:03Z</time>
      </trkpt>
      <trkpt lat="39.8590184" lon="116.6683761">
        <ele>24.74635</ele>
        <time>2026-09-14T22:56:07Z</time>
      </trkpt>
      <trkpt lat="39.8590216" lon="116.6682387">
        <ele>24.75615</ele>
        <time>2026-09-14T22:56:11Z</time>
      </trkpt>
      <trkpt lat="39.8590276" lon="116.6681036">
        <ele>24.73871</ele>
        <time>2026-09-14T22:56:15Z</time>
      </trkpt>
      <trkpt lat="39.859033" lon="116.6679687">
        <ele>24.66487</ele>
        <time>2026-09-14T22:56:19Z</time>
      </trkpt>
      <trkpt lat="39.8590345" lon="116.6678318">
        <ele>24.46216</ele>
        <time>2026-09-14T22:56:23Z</time>
      </trkpt>
      <trkpt lat="39.8590434" lon="116.6676905">
        <ele>24.05194</ele>
        <time>2026-09-14T22:56:26.989000Z</time>
      </trkpt>
      <trkpt lat="39.8590507" lon="116.6675486">
        <ele>23.6432</ele>
        <time>2026-09-14T22:56:30.970000Z</time>
      </trkpt>
      <trkpt lat="39.8590531" lon="116.6674015">
        <ele>23.38893</ele>
        <time>2026-09-14T22:56:34.950000Z</time>
      </trkpt>
      <trkpt lat="39.8590444" lon="116.6672545">
        <ele>23.2462</ele>
        <time>2026-09-14T22:56:38.930000Z</time>
      </trkpt>
      <trkpt lat="39.8590338" lon="116.6671102">
        <ele>23.13469</ele>
        <time>2026-09-14T22:56:42.911000Z</time>
      </trkpt>
      <trkpt lat="39.8590316" lon="116.6669755">
        <ele>23.02311</ele>
        <time>2026-09-14T22:56:46.891000Z</time>
      </trkpt>
      <trkpt lat="39.8590346" lon="116.6668492">
        <ele>22.89439</ele>
        <time>2026-09-14T22:56:50.872000Z</time>
      </trkpt>
      <trkpt lat="39.8590369" lon="116.6667212">
        <ele>22.7658</ele>
        <time>2026-09-14T22:56:54.852000Z</time>
      </trkpt>
      <trkpt lat="39.8590403" lon="116.6665931">
        <ele>22.64977</ele>
        <time>2026-09-14T22:56:58.833000Z</time>
      </trkpt>
      <trkpt lat="39.8590383" lon="116.6664655">
        <ele>22.54992</ele>
        <time>2026-09-14T22:57:02.813000Z</time>
      </trkpt>
      <trkpt lat="39.8590319" lon="116.6663373">
        <ele>22.47398</ele>
        <time>2026-09-14T22:57:06.793000Z</time>
      </trkpt>
      <trkpt lat="39.8590322" lon="116.666204">
        <ele>22.43075</ele>
        <time>2026-09-14T22:57:10.774000Z</time>
      </trkpt>
      <trkpt lat="39.8590337" lon="116.6660694">
        <ele>22.41385</ele>
        <time>2026-09-14T22:57:14.754000Z</time>
      </trkpt>
      <trkpt lat="39.85904" lon="116.6659333">
        <ele>22.41715</ele>
        <time>2026-09-14T22:57:18.735000Z</time>
      </trkpt>
      <trkpt lat="39.8590438" lon="116.6657979">
        <ele>22.43534</ele>
        <time>2026-09-14T22:57:22.715000Z</time>
      </trkpt>
      <trkpt lat="39.8590462" lon="116.6656633">
        <ele>22.45296</ele>
        <time>2026-09-14T22:57:26.695000Z</time>
      </trkpt>
      <trkpt lat="39.8590472" lon="116.6655324">
        <ele>22.47799</ele>
        <time>2026-09-14T22:57:30.676000Z</time>
      </trkpt>
      <trkpt lat="39.8590487" lon="116.6653991">
        <ele>22.53623</ele>
        <time>2026-09-14T22:57:34.656000Z</time>
      </trkpt>
      <trkpt lat="39.8590493" lon="116.6652647">
        <ele>22.66428</ele>
        <time>2026-09-14T22:57:38.637000Z</time>
      </trkpt>
      <trkpt lat="39.8590448" lon="116.6651276">
        <ele>22.8863</ele>
        <time>2026-09-14T22:57:42.617000Z</time>
      </trkpt>
      <trkpt lat="39.8590379" lon="116.6649927">
        <ele>23.1667</ele>
        <time>2026-09-14T22:57:46.597000Z</time>
      </trkpt>
      <trkpt lat="39.8590322" lon="116.6648582">
        <ele>23.4611</ele>
        <time>2026-09-14T22:57:50.578000Z</time>
      </trkpt>
      <trkpt lat="39.8590343" lon="116.664719">
        <ele>23.74763</ele>
        <time>2026-09-14T22:57:54.558000Z</time>
      </trkpt>
      <trkpt lat="39.8590413" lon="116.6645795">
        <ele>23.98154</ele>
        <time>2026-09-14T22:57:58.539000Z</time>
      </trkpt>
      <trkpt lat="39.8590458" lon="116.6644471">
        <ele>24.14365</ele>
        <time>2026-09-14T22:58:02.519000Z</time>
      </trkpt>
      <trkpt lat="39.8590514" lon="116.6643188">
        <ele>24.25183</ele>
        <time>2026-09-14T22:58:06.500000Z</time>
      </trkpt>
      <trkpt lat="39.8590471" lon="116.6641943">
        <ele>24.33893</ele>
        <time>2026-09-14T22:58:10.480000Z</time>
      </trkpt>
      <trkpt lat="39.859036" lon="116.6640714">
        <ele>24.4406</ele>
        <time>2026-09-14T22:58:14.460000Z</time>
      </trkpt>
      <trkpt lat="39.8590382" lon="116.6639442">
        <ele>24.56996</ele>
        <time>2026-09-14T22:58:18.441000Z</time>
      </trkpt>
      <trkpt lat="39.8590391" lon="116.6638088">
        <ele>24.71701</ele>
        <time>2026-09-14T22:58:22.421000Z</time>
      </trkpt>
      <trkpt lat="39.859041" lon="116.6636725">
        <ele>24.88711</ele>
        <time>2026-09-14T22:58:26.402000Z</time>
      </trkpt>
      <trkpt lat="39.8590411" lon="116.6635384">
        <ele>25.07319</ele>
        <time>2026-09-14T22:58:30.382000Z</time>
      </trkpt>
      <trkpt lat="39.8590391" lon="116.6634012">
        <ele>25.25026</ele>
        <time>2026-09-14T22:58:34.363000Z</time>
      </trkpt>
      <trkpt lat="39.8590384" lon="116.6632608">
        <ele>25.39369</ele>
        <time>2026-09-14T22:58:38.343000Z</time>
      </trkpt>
      <trkpt lat="39.85904" lon="116.663119">
        <ele>25.50438</ele>
        <time>2026-09-14T22:58:42.323000Z</time>
      </trkpt>
      <trkpt lat="39.8590393" lon="116.6629808">
        <ele>25.5871</ele>
        <time>2026-09-14T22:58:46.304000Z</time>
      </trkpt>
      <trkpt lat="39.8590363" lon="116.6628431">
        <ele>25.62187</ele>
        <time>2026-09-14T22:58:50.284000Z</time>
      </trkpt>
      <trkpt lat="39.8590367" lon="116.6627066">
        <ele>25.59658</ele>
        <time>2026-09-14T22:58:54.265000Z</time>
      </trkpt>
      <trkpt lat="39.8590413" lon="116.6625734">
        <ele>25.50268</ele>
        <time>2026-09-14T22:58:58.245000Z</time>
      </trkpt>
      <trkpt lat="39.8590424" lon="116.6624448">
        <ele>25.33217</ele>
        <time>2026-09-14T22:59:02.226000Z</time>
      </trkpt>
      <trkpt lat="39.8590444" lon="116.6623145">
        <ele>25.09661</ele>
        <time>2026-09-14T22:59:06.206000Z</time>
      </trkpt>
      <trkpt lat="39.8590452" lon="116.6621925">
        <ele>24.87821</ele>
        <time>2026-09-14T22:59:10Z</time>
      </trkpt>
      <trkpt lat="39.8590441" lon="116.6620613">
        <ele>24.75192</ele>
        <time>2026-09-14T22:59:14Z</time>
      </trkpt>
      <trkpt lat="39.8590446" lon="116.6619287">
        <ele>24.707</ele>
        <time>2026-09-14T22:59:18Z</time>
      </trkpt>
      <trkpt lat="39.8590448" lon="116.6617922">
        <ele>24.71988</ele>
        <time>2026-09-14T22:59:22.128000Z</time>
      </trkpt>
      <trkpt lat="39.8590488" lon="116.6616614">
        <ele>24.7375</ele>
        <time>2026-09-14T22:59:26.108000Z</time>
      </trkpt>
      <trkpt lat="39.8590491" lon="116.6615321">
        <ele>24.70367</ele>
        <time>2026-09-14T22:59:30.089000Z</time>
      </trkpt>
      <trkpt lat="39.8590449" lon="116.6614061">
        <ele>24.64599</ele>
        <time>2026-09-14T22:59:34Z</time>
      </trkpt>
      <trkpt lat="39.8590434" lon="116.6612728">
        <ele>24.61322</ele>
        <time>2026-09-14T22:59:38Z</time>
      </trkpt>
      <trkpt lat="39.8590452" lon="116.6611383">
        <ele>24.60589</ele>
        <time>2026-09-14T22:59:42Z</time>
      </trkpt>
      <trkpt lat="39.8590496" lon="116.6610065">
        <ele>24.71341</ele>
        <time>2026-09-14T22:59:46Z</time>
      </trkpt>
      <trkpt lat="39.8590557" lon="116.6608754">
        <ele>25.05784</ele>
        <time>2026-09-14T22:59:49.991000Z</time>
      </trkpt>
      <trkpt lat="39.8590578" lon="116.6607488">
        <ele>25.42589</ele>
        <time>2026-09-14T22:59:53.971000Z</time>
      </trkpt>
      <trkpt lat="39.8590591" lon="116.6606213">
        <ele>25.6469</ele>
        <time>2026-09-14T22:59:57.951000Z</time>
      </trkpt>
      <trkpt lat="39.8590616" lon="116.6604904">
        <ele>25.71469</ele>
        <time>2026-09-14T23:00:01.932000Z</time>
      </trkpt>
      <trkpt lat="39.859061" lon="116.6603593">
        <ele>25.68131</ele>
        <time>2026-09-14T23:00:05.912000Z</time>
      </trkpt>
      <trkpt lat="39.8590591" lon="116.6602302">
        <ele>25.6174</ele>
        <time>2026-09-14T23:00:09.893000Z</time>
      </trkpt>
      <trkpt lat="39.85905" lon="116.6601008">
        <ele>25.58392</ele>
        <time>2026-09-14T23:00:13.873000Z</time>
      </trkpt>
      <trkpt lat="39.859052" lon="116.6599658">
        <ele>25.567</ele>
        <time>2026-09-14T23:00:17.853000Z</time>
      </trkpt>
      <trkpt lat="39.8590514" lon="116.65983">
        <ele>25.54195</ele>
        <time>2026-09-14T23:00:21.834000Z</time>
      </trkpt>
      <trkpt lat="39.8590486" lon="116.6596926">
        <ele>25.49874</ele>
        <time>2026-09-14T23:00:25.814000Z</time>
      </trkpt>
      <trkpt lat="39.8590479" lon="116.6595559">
        <ele>25.41685</ele>
        <time>2026-09-14T23:00:29.795000Z</time>
      </trkpt>
      <trkpt lat="39.8590503" lon="116.6594241">
        <ele>25.28947</ele>
        <time>2026-09-14T23:00:33.775000Z</time>
      </trkpt>
      <trkpt lat="39.8590501" lon="116.659294">
        <ele>25.12038</ele>
        <time>2026-09-14T23:00:37.756000Z</time>
      </trkpt>
      <trkpt lat="39.8590497" lon="116.6591637">
        <ele>24.94229</ele>
        <time>2026-09-14T23:00:41.736000Z</time>
      </trkpt>
      <trkpt lat="39.8590492" lon="116.6590299">
        <ele>24.79431</ele>
        <time>2026-09-14T23:00:45.716000Z</time>
      </trkpt>
      <trkpt lat="39.859047" lon="116.6588928">
        <ele>24.69325</ele>
        <time>2026-09-14T23:00:49.697000Z</time>
      </trkpt>
      <trkpt lat="39.8590507" lon="116.6587535">
        <ele>24.63475</ele>
        <time>2026-09-14T23:00:53.677000Z</time>
      </trkpt>
      <trkpt lat="39.8590514" lon="116.6586182">
        <ele>24.62921</ele>
        <time>2026-09-14T23:00:57.658000Z</time>
      </trkpt>
      <trkpt lat="39.8590451" lon="116.6584862">
        <ele>24.67299</ele>
        <time>2026-09-14T23:01:01.638000Z</time>
      </trkpt>
      <trkpt lat="39.8590419" lon="116.658352">
        <ele>24.74888</ele>
        <time>2026-09-14T23:01:05.618000Z</time>
      </trkpt>
      <trkpt lat="39.8590442" lon="116.6582133">
        <ele>24.85412</ele>
        <time>2026-09-14T23:01:09.599000Z</time>
      </trkpt>
      <trkpt lat="39.8590466" lon="116.6580744">
        <ele>24.98137</ele>
        <time>2026-09-14T23:01:13.579000Z</time>
      </trkpt>
      <trkpt lat="39.859048" lon="116.6579342">
        <ele>25.12875</ele>
        <time>2026-09-14T23:01:17.560000Z</time>
      </trkpt>
      <trkpt lat="39.8590543" lon="116.6577928">
        <ele>25.29942</ele>
        <time>2026-09-14T23:01:21.540000Z</time>
      </trkpt>
      <trkpt lat="39.8590575" lon="116.6576569">
        <ele>25.48609</ele>
        <time>2026-09-14T23:01:25.520000Z</time>
      </trkpt>
      <trkpt lat="39.8590571" lon="116.6575224">
        <ele>25.67985</ele>
        <time>2026-09-14T23:01:29.501000Z</time>
      </trkpt>
      <trkpt lat="39.8590521" lon="116.6573875">
        <ele>25.85919</ele>
        <time>2026-09-14T23:01:33.481000Z</time>
      </trkpt>
      <trkpt lat="39.8590575" lon="116.6572548">
        <ele>25.99593</ele>
        <time>2026-09-14T23:01:37.462000Z</time>
      </trkpt>
      <trkpt lat="39.8590617" lon="116.6571289">
        <ele>26.07196</ele>
        <time>2026-09-14T23:01:41.442000Z</time>
      </trkpt>
      <trkpt lat="39.8590636" lon="116.657002">
        <ele>26.06349</ele>
        <time>2026-09-14T23:01:45.422000Z</time>
      </trkpt>
      <trkpt lat="39.8590626" lon="116.6568748">
        <ele>25.96724</ele>
        <time>2026-09-14T23:01:49.403000Z</time>
      </trkpt>
      <trkpt lat="39.8590643" lon="116.656744">
        <ele>25.81644</ele>
        <time>2026-09-14T23:01:53.383000Z</time>
      </trkpt>
      <trkpt lat="39.8590678" lon="116.6566144">
        <ele>25.64148</ele>
        <time>2026-09-14T23:01:57.364000Z</time>
      </trkpt>
      <trkpt lat="39.8590686" lon="116.6564899">
        <ele>25.4611</ele>
        <time>2026-09-14T23:02:01.344000Z</time>
      </trkpt>
      <trkpt lat="39.8590502" lon="116.6563733">
        <ele>25.29669</ele>
        <time>2026-09-14T23:02:05.324000Z</time>
      </trkpt>
      <trkpt lat="39.8590516" lon="116.6562509">
        <ele>25.17536</ele>
        <time>2026-09-14T23:02:09.305000Z</time>
      </trkpt>
      <trkpt lat="39.8590546" lon="116.6561283">
        <ele>25.08727</ele>
        <time>2026-09-14T23:02:13.285000Z</time>
      </trkpt>
      <trkpt lat="39.8590427" lon="116.6560123">
        <ele>25.02797</ele>
        <time>2026-09-14T23:02:17.266000Z</time>
      </trkpt>
      <trkpt lat="39.8590433" lon="116.6558911">
        <ele>25.01738</ele>
        <time>2026-09-14T23:02:21.246000Z</time>
      </trkpt>
      <trkpt lat="39.8590553" lon="116.6557677">
        <ele>25.0506</ele>
        <time>2026-09-14T23:02:25.227000Z</time>
      </trkpt>
      <trkpt lat="39.8590638" lon="116.6556422">
        <ele>25.10572</ele>
        <time>2026-09-14T23:02:29.207000Z</time>
      </trkpt>
      <trkpt lat="39.8590699" lon="116.6555137">
        <ele>25.13655</ele>
        <time>2026-09-14T23:02:33.187000Z</time>
      </trkpt>
      <trkpt lat="39.8590765" lon="116.6553843">
        <ele>25.1197</ele>
        <time>2026-09-14T23:02:37.168000Z</time>
      </trkpt>
      <trkpt lat="39.8590791" lon="116.6552542">
        <ele>25.05203</ele>
        <time>2026-09-14T23:02:41.148000Z</time>
      </trkpt>
      <trkpt lat="39.859081" lon="116.6551204">
        <ele>24.94743</ele>
        <time>2026-09-14T23:02:45.129000Z</time>
      </trkpt>
      <trkpt lat="39.8590803" lon="116.6549857">
        <ele>24.83809</ele>
        <time>2026-09-14T23:02:49.109000Z</time>
      </trkpt>
      <trkpt lat="39.8590781" lon="116.6548516">
        <ele>24.74389</ele>
        <time>2026-09-14T23:02:53.089000Z</time>
      </trkpt>
      <trkpt lat="39.8590787" lon="116.6547196">
        <ele>24.68422</ele>
        <time>2026-09-14T23:02:57Z</time>
      </trkpt>
      <trkpt lat="39.8590799" lon="116.654578">
        <ele>24.59558</ele>
        <time>2026-09-14T23:03:01Z</time>
      </trkpt>
      <trkpt lat="39.8590894" lon="116.6544249">
        <ele>24.48068</ele>
        <time>2026-09-14T23:03:05Z</time>
      </trkpt>
      <trkpt lat="39.859092" lon="116.6542706">
        <ele>24.43546</ele>
        <time>2026-09-14T23:03:09Z</time>
      </trkpt>
      <trkpt lat="39.8590861" lon="116.6541215">
        <ele>24.47609</ele>
        <time>2026-09-14T23:03:12.991000Z</time>
      </trkpt>
      <trkpt lat="39.8590772" lon="116.6539793">
        <ele>24.5282</ele>
        <time>2026-09-14T23:03:16.972000Z</time>
      </trkpt>
      <trkpt lat="39.8590749" lon="116.6538415">
        <ele>24.564</ele>
        <time>2026-09-14T23:03:20.952000Z</time>
      </trkpt>
      <trkpt lat="39.8590772" lon="116.6537126">
        <ele>24.60107</ele>
        <time>2026-09-14T23:03:24.933000Z</time>
      </trkpt>
      <trkpt lat="39.8590758" lon="116.653586">
        <ele>24.65103</ele>
        <time>2026-09-14T23:03:28.913000Z</time>
      </trkpt>
      <trkpt lat="39.8590726" lon="116.6534578">
        <ele>24.73333</ele>
        <time>2026-09-14T23:03:32.894000Z</time>
      </trkpt>
      <trkpt lat="39.8590682" lon="116.6533262">
        <ele>24.83773</ele>
        <time>2026-09-14T23:03:36.874000Z</time>
      </trkpt>
      <trkpt lat="39.8590609" lon="116.6531909">
        <ele>24.92539</ele>
        <time>2026-09-14T23:03:40.854000Z</time>
      </trkpt>
      <trkpt lat="39.859056" lon="116.6530509">
        <ele>24.98591</ele>
        <time>2026-09-14T23:03:44.835000Z</time>
      </trkpt>
      <trkpt lat="39.8590535" lon="116.6529097">
        <ele>25.03735</ele>
        <time>2026-09-14T23:03:48.815000Z</time>
      </trkpt>
      <trkpt lat="39.8590543" lon="116.652771">
        <ele>25.09072</ele>
        <time>2026-09-14T23:03:52.796000Z</time>
      </trkpt>
      <trkpt lat="39.8590548" lon="116.6526337">
        <ele>25.11339</ele>
        <time>2026-09-14T23:03:56.776000Z</time>
      </trkpt>
      <trkpt lat="39.8590539" lon="116.6524975">
        <ele>25.09365</ele>
        <time>2026-09-14T23:04:00.757000Z</time>
      </trkpt>
      <trkpt lat="39.859055" lon="116.6523602">
        <ele>25.03643</ele>
        <time>2026-09-14T23:04:04.737000Z</time>
      </trkpt>
      <trkpt lat="39.8590573" lon="116.6522196">
        <ele>24.9713</ele>
        <time>2026-09-14T23:04:08.717000Z</time>
      </trkpt>
      <trkpt lat="39.8590633" lon="116.652077">
        <ele>24.93493</ele>
        <time>2026-09-14T23:04:12.698000Z</time>
      </trkpt>
      <trkpt lat="39.8590997" lon="116.651949">
        <ele>24.94601</ele>
        <time>2026-09-14T23:04:16.678000Z</time>
      </trkpt>
      <trkpt lat="39.8591886" lon="116.6518722">
        <ele>24.99848</ele>
        <time>2026-09-14T23:04:20.659000Z</time>
      </trkpt>
      <trkpt lat="39.8592983" lon="116.6518514">
        <ele>25.07243</ele>
        <time>2026-09-14T23:04:24.639000Z</time>
      </trkpt>
      <trkpt lat="39.8594063" lon="116.6518445">
        <ele>25.12891</ele>
        <time>2026-09-14T23:04:28.620000Z</time>
      </trkpt>
      <trkpt lat="39.8595152" lon="116.6518395">
        <ele>25.15996</ele>
        <time>2026-09-14T23:04:32.600000Z</time>
      </trkpt>
      <trkpt lat="39.8596262" lon="116.6518377">
        <ele>25.18357</ele>
        <time>2026-09-14T23:04:36.580000Z</time>
      </trkpt>
      <trkpt lat="39.8597342" lon="116.6518395">
        <ele>25.2334</ele>
        <time>2026-09-14T23:04:40.561000Z</time>
      </trkpt>
      <trkpt lat="39.8598391" lon="116.6518396">
        <ele>25.31127</ele>
        <time>2026-09-14T23:04:44.541000Z</time>
      </trkpt>
      <trkpt lat="39.8599427" lon="116.6518403">
        <ele>25.39293</ele>
        <time>2026-09-14T23:04:48.522000Z</time>
      </trkpt>
      <trkpt lat="39.8600486" lon="116.6518389">
        <ele>25.44174</ele>
        <time>2026-09-14T23:04:52.502000Z</time>
      </trkpt>
      <trkpt lat="39.8601565" lon="116.6518407">
        <ele>25.43754</ele>
        <time>2026-09-14T23:04:56.483000Z</time>
      </trkpt>
      <trkpt lat="39.860261" lon="116.6518419">
        <ele>25.40018</ele>
        <time>2026-09-14T23:05:00.463000Z</time>
      </trkpt>
      <trkpt lat="39.8603663" lon="116.651845">
        <ele>25.32641</ele>
        <time>2026-09-14T23:05:04.443000Z</time>
      </trkpt>
      <trkpt lat="39.8604702" lon="116.6518471">
        <ele>25.21459</ele>
        <time>2026-09-14T23:05:08.424000Z</time>
      </trkpt>
      <trkpt lat="39.8605747" lon="116.6518546">
        <ele>25.10169</ele>
        <time>2026-09-14T23:05:12.404000Z</time>
      </trkpt>
      <trkpt lat="39.8606809" lon="116.65186">
        <ele>25.02921</ele>
        <time>2026-09-14T23:05:16.385000Z</time>
      </trkpt>
      <trkpt lat="39.8607874" lon="116.6518568">
        <ele>24.99757</ele>
        <time>2026-09-14T23:05:20.365000Z</time>
      </trkpt>
      <trkpt lat="39.8608958" lon="116.651849">
        <ele>24.99039</ele>
        <time>2026-09-14T23:05:24.346000Z</time>
      </trkpt>
      <trkpt lat="39.8610055" lon="116.6518471">
        <ele>24.97074</ele>
        <time>2026-09-14T23:05:28.326000Z</time>
      </trkpt>
      <trkpt lat="39.8611115" lon="116.6518484">
        <ele>24.90353</ele>
        <time>2026-09-14T23:05:32.306000Z</time>
      </trkpt>
      <trkpt lat="39.8612159" lon="116.6518494">
        <ele>24.80778</ele>
        <time>2026-09-14T23:05:36.287000Z</time>
      </trkpt>
      <trkpt lat="39.861322" lon="116.6518519">
        <ele>24.72037</ele>
        <time>2026-09-14T23:05:40.267000Z</time>
      </trkpt>
      <trkpt lat="39.8614253" lon="116.6518548">
        <ele>24.65305</ele>
        <time>2026-09-14T23:05:44.248000Z</time>
      </trkpt>
      <trkpt lat="39.8615301" lon="116.651853">
        <ele>24.60662</ele>
        <time>2026-09-14T23:05:48.228000Z</time>
      </trkpt>
      <trkpt lat="39.8616339" lon="116.6518502">
        <ele>24.56975</ele>
        <time>2026-09-14T23:05:52.209000Z</time>
      </trkpt>
      <trkpt lat="39.8617374" lon="116.6518513">
        <ele>24.54221</ele>
        <time>2026-09-14T23:05:56.189000Z</time>
      </trkpt>
      <trkpt lat="39.8618395" lon="116.6518529">
        <ele>24.52463</ele>
        <time>2026-09-14T23:06:00.169000Z</time>
      </trkpt>
      <trkpt lat="39.8619405" lon="116.6518509">
        <ele>24.50279</ele>
        <time>2026-09-14T23:06:04.150000Z</time>
      </trkpt>
      <trkpt lat="39.8620364" lon="116.6518633">
        <ele>24.47269</ele>
        <time>2026-09-14T23:06:08.130000Z</time>
      </trkpt>
      <trkpt lat="39.8621126" lon="116.6519319">
        <ele>24.46051</ele>
        <time>2026-09-14T23:06:12.111000Z</time>
      </trkpt>
      <trkpt lat="39.8621363" lon="116.6520597">
        <ele>24.46774</ele>
        <time>2026-09-14T23:06:16.091000Z</time>
      </trkpt>
      <trkpt lat="39.8621332" lon="116.6521967">
        <ele>24.49344</ele>
        <time>2026-09-14T23:06:20Z</time>
      </trkpt>
      <trkpt lat="39.8621344" lon="116.6523344">
        <ele>24.54173</ele>
        <time>2026-09-14T23:06:24Z</time>
      </trkpt>
      <trkpt lat="39.8621382" lon="116.6524735">
        <ele>24.56766</ele>
        <time>2026-09-14T23:06:28Z</time>
      </trkpt>
      <trkpt lat="39.8621389" lon="116.6526117">
        <ele>24.57936</ele>
        <time>2026-09-14T23:06:32Z</time>
      </trkpt>
      <trkpt lat="39.8621394" lon="116.6527496">
        <ele>24.69967</ele>
        <time>2026-09-14T23:06:35.993000Z</time>
      </trkpt>
      <trkpt lat="39.8621452" lon="116.6528844">
        <ele>24.88701</ele>
        <time>2026-09-14T23:06:39.974000Z</time>
      </trkpt>
      <trkpt lat="39.8621515" lon="116.6530179">
        <ele>25.07057</ele>
        <time>2026-09-14T23:06:43.954000Z</time>
      </trkpt>
      <trkpt lat="39.8621537" lon="116.6531547">
        <ele>25.21223</ele>
        <time>2026-09-14T23:06:47.935000Z</time>
      </trkpt>
      <trkpt lat="39.8621535" lon="116.6532916">
        <ele>25.30846</ele>
        <time>2026-09-14T23:06:51.915000Z</time>
      </trkpt>
      <trkpt lat="39.8621494" lon="116.6534304">
        <ele>25.38871</ele>
        <time>2026-09-14T23:06:55.895000Z</time>
      </trkpt>
      <trkpt lat="39.8621458" lon="116.6535692">
        <ele>25.49243</ele>
        <time>2026-09-14T23:06:59.876000Z</time>
      </trkpt>
      <trkpt lat="39.862143" lon="116.6537091">
        <ele>25.63931</ele>
        <time>2026-09-14T23:07:03.856000Z</time>
      </trkpt>
      <trkpt lat="39.8621434" lon="116.6538494">
        <ele>25.79275</ele>
        <time>2026-09-14T23:07:07.837000Z</time>
      </trkpt>
      <trkpt lat="39.8621443" lon="116.6539879">
        <ele>25.93851</ele>
        <time>2026-09-14T23:07:11.817000Z</time>
      </trkpt>
      <trkpt lat="39.8621466" lon="116.6541233">
        <ele>26.08218</ele>
        <time>2026-09-14T23:07:15.798000Z</time>
      </trkpt>
      <trkpt lat="39.8621445" lon="116.6542601">
        <ele>26.19306</ele>
        <time>2026-09-14T23:07:19.778000Z</time>
      </trkpt>
      <trkpt lat="39.8621442" lon="116.6544035">
        <ele>26.25833</ele>
        <time>2026-09-14T23:07:23.759000Z</time>
      </trkpt>
      <trkpt lat="39.8621461" lon="116.6545242">
        <ele>26.26937</ele>
        <time>2026-09-14T23:07:26.744000Z</time>
      </trkpt>
      <trkpt lat="39.8621545" lon="116.6546492">
        <ele>26.23686</ele>
        <time>2026-09-14T23:07:29.729000Z</time>
      </trkpt>
      <trkpt lat="39.8621723" lon="116.6547674">
        <ele>26.15333</ele>
        <time>2026-09-14T23:07:32.714000Z</time>
      </trkpt>
      <trkpt lat="39.8622445" lon="116.6548622">
        <ele>25.99189</ele>
        <time>2026-09-14T23:07:36.695000Z</time>
      </trkpt>
      <trkpt lat="39.8623615" lon="116.6548739">
        <ele>25.83363</ele>
        <time>2026-09-14T23:07:40.675000Z</time>
      </trkpt>
      <trkpt lat="39.8624548" lon="116.6548614">
        <ele>25.73102</ele>
        <time>2026-09-14T23:07:43.661000Z</time>
      </trkpt>
      <trkpt lat="39.8625531" lon="116.6548056">
        <ele>25.60127</ele>
        <time>2026-09-14T23:07:47.641000Z</time>
      </trkpt>
      <trkpt lat="39.8625805" lon="116.6546787">
        <ele>25.49164</ele>
        <time>2026-09-14T23:07:51.622000Z</time>
      </trkpt>
      <trkpt lat="39.8625812" lon="116.6545342">
        <ele>25.42132</ele>
        <time>2026-09-14T23:07:55.602000Z</time>
      </trkpt>
      <trkpt lat="39.8625734" lon="116.6543911">
        <ele>25.38941</ele>
        <time>2026-09-14T23:07:59.583000Z</time>
      </trkpt>
      <trkpt lat="39.8625704" lon="116.6542494">
        <ele>25.36622</ele>
        <time>2026-09-14T23:08:03.563000Z</time>
      </trkpt>
      <trkpt lat="39.8625707" lon="116.6541092">
        <ele>25.31659</ele>
        <time>2026-09-14T23:08:07.544000Z</time>
      </trkpt>
      <trkpt lat="39.8625751" lon="116.6539705">
        <ele>25.25621</ele>
        <time>2026-09-14T23:08:11.524000Z</time>
      </trkpt>
      <trkpt lat="39.8625657" lon="116.6538347">
        <ele>25.18952</ele>
        <time>2026-09-14T23:08:15.504000Z</time>
      </trkpt>
      <trkpt lat="39.8625584" lon="116.6536994">
        <ele>25.13883</ele>
        <time>2026-09-14T23:08:19.485000Z</time>
      </trkpt>
      <trkpt lat="39.8625598" lon="116.6535635">
        <ele>25.11625</ele>
        <time>2026-09-14T23:08:23.465000Z</time>
      </trkpt>
      <trkpt lat="39.8625609" lon="116.6534276">
        <ele>25.11581</ele>
        <time>2026-09-14T23:08:27.446000Z</time>
      </trkpt>
      <trkpt lat="39.8625612" lon="116.6532913">
        <ele>25.1071</ele>
        <time>2026-09-14T23:08:31.426000Z</time>
      </trkpt>
      <trkpt lat="39.8625624" lon="116.6531578">
        <ele>25.0432</ele>
        <time>2026-09-14T23:08:35.407000Z</time>
      </trkpt>
      <trkpt lat="39.8625652" lon="116.6530265">
        <ele>24.93194</ele>
        <time>2026-09-14T23:08:39.387000Z</time>
      </trkpt>
      <trkpt lat="39.8625703" lon="116.6528933">
        <ele>24.80346</ele>
        <time>2026-09-14T23:08:43.368000Z</time>
      </trkpt>
      <trkpt lat="39.8625746" lon="116.6527616">
        <ele>24.67831</ele>
        <time>2026-09-14T23:08:47.348000Z</time>
      </trkpt>
      <trkpt lat="39.8625727" lon="116.6526262">
        <ele>24.55185</ele>
        <time>2026-09-14T23:08:51.329000Z</time>
      </trkpt>
      <trkpt lat="39.8625707" lon="116.6524881">
        <ele>24.42394</ele>
        <time>2026-09-14T23:08:55.309000Z</time>
      </trkpt>
      <trkpt lat="39.8625737" lon="116.6523493">
        <ele>24.31039</ele>
        <time>2026-09-14T23:08:59.289000Z</time>
      </trkpt>
      <trkpt lat="39.8625826" lon="116.6522068">
        <ele>24.21495</ele>
        <time>2026-09-14T23:09:03.270000Z</time>
      </trkpt>
      <trkpt lat="39.8625934" lon="116.6520689">
        <ele>24.14107</ele>
        <time>2026-09-14T23:09:07.250000Z</time>
      </trkpt>
      <trkpt lat="39.8626066" lon="116.6519351">
        <ele>24.09145</ele>
        <time>2026-09-14T23:09:11.231000Z</time>
      </trkpt>
      <trkpt lat="39.8626424" lon="116.651821">
        <ele>24.05445</ele>
        <time>2026-09-14T23:09:15.211000Z</time>
      </trkpt>
      <trkpt lat="39.8627263" lon="116.6517764">
        <ele>24.02351</ele>
        <time>2026-09-14T23:09:19Z</time>
      </trkpt>
      <trkpt lat="39.8628296" lon="116.6517681">
        <ele>23.97824</ele>
        <time>2026-09-14T23:09:23Z</time>
      </trkpt>
      <trkpt lat="39.8629313" lon="116.6517582">
        <ele>23.88658</ele>
        <time>2026-09-14T23:09:27Z</time>
      </trkpt>
      <trkpt lat="39.8630372" lon="116.6517497">
        <ele>23.77905</ele>
        <time>2026-09-14T23:09:31Z</time>
      </trkpt>
      <trkpt lat="39.8631447" lon="116.6517427">
        <ele>23.7146</ele>
        <time>2026-09-14T23:09:35Z</time>
      </trkpt>
      <trkpt lat="39.8632534" lon="116.6517349">
        <ele>23.68395</ele>
        <time>2026-09-14T23:09:39Z</time>
      </trkpt>
      <trkpt lat="39.8633601" lon="116.6517248">
        <ele>23.66712</ele>
        <time>2026-09-14T23:09:43Z</time>
      </trkpt>
      <trkpt lat="39.8634647" lon="116.6517241">
        <ele>23.66527</ele>
        <time>2026-09-14T23:09:47Z</time>
      </trkpt>
      <trkpt lat="39.8635687" lon="116.6517221">
        <ele>23.69736</ele>
        <time>2026-09-14T23:09:51Z</time>
      </trkpt>
      <trkpt lat="39.8636732" lon="116.6517189">
        <ele>23.83264</ele>
        <time>2026-09-14T23:09:55Z</time>
      </trkpt>
      <trkpt lat="39.8637796" lon="116.6517168">
        <ele>24.22764</ele>
        <time>2026-09-14T23:09:58.996000Z</time>
      </trkpt>
      <trkpt lat="39.8638871" lon="116.6517146">
        <ele>24.77073</ele>
        <time>2026-09-14T23:10:02.977000Z</time>
      </trkpt>
      <trkpt lat="39.8639927" lon="116.6517094">
        <ele>25.22307</ele>
        <time>2026-09-14T23:10:06.957000Z</time>
      </trkpt>
      <trkpt lat="39.8640976" lon="116.6517076">
        <ele>25.52149</ele>
        <time>2026-09-14T23:10:10.938000Z</time>
      </trkpt>
      <trkpt lat="39.8642026" lon="116.6517081">
        <ele>25.66886</ele>
        <time>2026-09-14T23:10:14.918000Z</time>
      </trkpt>
      <trkpt lat="39.8643079" lon="116.6517062">
        <ele>25.69887</ele>
        <time>2026-09-14T23:10:18.899000Z</time>
      </trkpt>
      <trkpt lat="39.8644116" lon="116.6517011">
        <ele>25.6513</ele>
        <time>2026-09-14T23:10:22.879000Z</time>
      </trkpt>
      <trkpt lat="39.8645152" lon="116.6516977">
        <ele>25.5773</ele>
        <time>2026-09-14T23:10:26.859000Z</time>
      </trkpt>
      <trkpt lat="39.8646188" lon="116.6517016">
        <ele>25.52737</ele>
        <time>2026-09-14T23:10:30.840000Z</time>
      </trkpt>
      <trkpt lat="39.8647243" lon="116.6517109">
        <ele>25.52508</ele>
        <time>2026-09-14T23:10:34.820000Z</time>
      </trkpt>
      <trkpt lat="39.8648309" lon="116.6517212">
        <ele>25.55403</ele>
        <time>2026-09-14T23:10:38.801000Z</time>
      </trkpt>
      <trkpt lat="39.8649365" lon="116.6517315">
        <ele>25.57008</ele>
        <time>2026-09-14T23:10:42.781000Z</time>
      </trkpt>
      <trkpt lat="39.8650459" lon="116.6517363">
        <ele>25.57896</ele>
        <time>2026-09-14T23:10:46.762000Z</time>
      </trkpt>
      <trkpt lat="39.8651603" lon="116.6517429">
        <ele>25.62099</ele>
        <time>2026-09-14T23:10:50.742000Z</time>
      </trkpt>
      <trkpt lat="39.8652764" lon="116.6517455">
        <ele>25.69632</ele>
        <time>2026-09-14T23:10:54.723000Z</time>
      </trkpt>
      <trkpt lat="39.8653881" lon="116.6517423">
        <ele>25.81611</ele>
        <time>2026-09-14T23:10:58.703000Z</time>
      </trkpt>
      <trkpt lat="39.865496" lon="116.6517355">
        <ele>25.97748</ele>
        <time>2026-09-14T23:11:02.683000Z</time>
      </trkpt>
      <trkpt lat="39.8656032" lon="116.65173">
        <ele>26.13296</ele>
        <time>2026-09-14T23:11:06.664000Z</time>
      </trkpt>
      <trkpt lat="39.8657121" lon="116.6517317">
        <ele>26.25078</ele>
        <time>2026-09-14T23:11:10.644000Z</time>
      </trkpt>
      <trkpt lat="39.8658207" lon="116.6517345">
        <ele>26.36528</ele>
        <time>2026-09-14T23:11:14.625000Z</time>
      </trkpt>
      <trkpt lat="39.8659276" lon="116.6517315">
        <ele>26.52015</ele>
        <time>2026-09-14T23:11:18.605000Z</time>
      </trkpt>
      <trkpt lat="39.8660342" lon="116.6517315">
        <ele>26.73188</ele>
        <time>2026-09-14T23:11:22.586000Z</time>
      </trkpt>
      <trkpt lat="39.8661398" lon="116.6517369">
        <ele>26.91475</ele>
        <time>2026-09-14T23:11:26.566000Z</time>
      </trkpt>
      <trkpt lat="39.8662434" lon="116.6517429">
        <ele>27.00869</ele>
        <time>2026-09-14T23:11:30.546000Z</time>
      </trkpt>
      <trkpt lat="39.8663447" lon="116.6517412">
        <ele>27.03418</ele>
        <time>2026-09-14T23:11:34.527000Z</time>
      </trkpt>
      <trkpt lat="39.8664461" lon="116.6517315">
        <ele>27.00623</ele>
        <time>2026-09-14T23:11:38.507000Z</time>
      </trkpt>
      <trkpt lat="39.866551" lon="116.6517381">
        <ele>26.92461</ele>
        <time>2026-09-14T23:11:42.488000Z</time>
      </trkpt>
      <trkpt lat="39.8666585" lon="116.6517375">
        <ele>26.79833</ele>
        <time>2026-09-14T23:11:46.468000Z</time>
      </trkpt>
      <trkpt lat="39.8667692" lon="116.6517369">
        <ele>26.62899</ele>
        <time>2026-09-14T23:11:50.449000Z</time>
      </trkpt>
      <trkpt lat="39.8668788" lon="116.6517404">
        <ele>26.41749</ele>
        <time>2026-09-14T23:11:54.429000Z</time>
      </trkpt>
      <trkpt lat="39.8669875" lon="116.6517385">
        <ele>26.22398</ele>
        <time>2026-09-14T23:11:58.410000Z</time>
      </trkpt>
      <trkpt lat="39.867095" lon="116.6517407">
        <ele>26.0712</ele>
        <time>2026-09-14T23:12:02.390000Z</time>
      </trkpt>
      <trkpt lat="39.8672038" lon="116.6517418">
        <ele>25.96374</ele>
        <time>2026-09-14T23:12:06.370000Z</time>
      </trkpt>
      <trkpt lat="39.8673174" lon="116.6517444">
        <ele>25.91764</ele>
        <time>2026-09-14T23:12:10.351000Z</time>
      </trkpt>
      <trkpt lat="39.8674344" lon="116.6517436">
        <ele>25.88711</ele>
        <time>2026-09-14T23:12:14.331000Z</time>
      </trkpt>
      <trkpt lat="39.8675277" lon="116.6517355">
        <ele>25.85377</ele>
        <time>2026-09-14T23:12:17.317000Z</time>
      </trkpt>
      <trkpt lat="39.8676272" lon="116.6517275">
        <ele>25.80028</ele>
        <time>2026-09-14T23:12:20.302000Z</time>
      </trkpt>
      <trkpt lat="39.8677301" lon="116.6517257">
        <ele>25.71384</ele>
        <time>2026-09-14T23:12:23.287000Z</time>
      </trkpt>
      <trkpt lat="39.8678331" lon="116.6517353">
        <ele>25.61375</ele>
        <time>2026-09-14T23:12:26.273000Z</time>
      </trkpt>
      <trkpt lat="39.8679344" lon="116.6517466">
        <ele>25.52013</ele>
        <time>2026-09-14T23:12:29.258000Z</time>
      </trkpt>
      <trkpt lat="39.8680314" lon="116.6517561">
        <ele>25.41742</ele>
        <time>2026-09-14T23:12:32.243000Z</time>
      </trkpt>
      <trkpt lat="39.8681312" lon="116.6517652">
        <ele>25.28769</ele>
        <time>2026-09-14T23:12:35.229000Z</time>
      </trkpt>
      <trkpt lat="39.8682316" lon="116.6517705">
        <ele>25.13054</ele>
        <time>2026-09-14T23:12:38.214000Z</time>
      </trkpt>
      <trkpt lat="39.8683274" lon="116.6517688">
        <ele>24.97078</ele>
        <time>2026-09-14T23:12:41.199000Z</time>
      </trkpt>
      <trkpt lat="39.8684418" lon="116.6517556">
        <ele>24.81236</ele>
        <time>2026-09-14T23:12:45.180000Z</time>
      </trkpt>
      <trkpt lat="39.8685481" lon="116.6517517">
        <ele>24.70758</ele>
        <time>2026-09-14T23:12:49.160000Z</time>
      </trkpt>
      <trkpt lat="39.868649" lon="116.6517546">
        <ele>24.61538</ele>
        <time>2026-09-14T23:12:53.141000Z</time>
      </trkpt>
      <trkpt lat="39.8687542" lon="116.6517569">
        <ele>24.50313</ele>
        <time>2026-09-14T23:12:57.121000Z</time>
      </trkpt>
      <trkpt lat="39.8688609" lon="116.6517588">
        <ele>24.37077</ele>
        <time>2026-09-14T23:13:01.101000Z</time>
      </trkpt>
      <trkpt lat="39.8689675" lon="116.6517514">
        <ele>24.28852</ele>
        <time>2026-09-14T23:13:05.082000Z</time>
      </trkpt>
      <trkpt lat="39.8690721" lon="116.6517354">
        <ele>24.34147</ele>
        <time>2026-09-14T23:13:09.062000Z</time>
      </trkpt>
      <trkpt lat="39.8691723" lon="116.6517125">
        <ele>24.45004</ele>
        <time>2026-09-14T23:13:13.043000Z</time>
      </trkpt>
      <trkpt lat="39.8692766" lon="116.6516996">
        <ele>24.52479</ele>
        <time>2026-09-14T23:13:17.023000Z</time>
      </trkpt>
      <trkpt lat="39.8693828" lon="116.6516994">
        <ele>24.554</ele>
        <time>2026-09-14T23:13:21.004000Z</time>
      </trkpt>
      <trkpt lat="39.8694911" lon="116.6517">
        <ele>24.5655</ele>
        <time>2026-09-14T23:13:24.984000Z</time>
      </trkpt>
      <trkpt lat="39.8696004" lon="116.6517014">
        <ele>24.56637</ele>
        <time>2026-09-14T23:13:28.964000Z</time>
      </trkpt>
      <trkpt lat="39.8697064" lon="116.651701">
        <ele>24.56719</ele>
        <time>2026-09-14T23:13:32.945000Z</time>
      </trkpt>
      <trkpt lat="39.8698112" lon="116.6516968">
        <ele>24.58465</ele>
        <time>2026-09-14T23:13:36.925000Z</time>
      </trkpt>
      <trkpt lat="39.8699162" lon="116.6517023">
        <ele>24.6134</ele>
        <time>2026-09-14T23:13:40.906000Z</time>
      </trkpt>
      <trkpt lat="39.8700192" lon="116.6517229">
        <ele>24.62089</ele>
        <time>2026-09-14T23:13:44.886000Z</time>
      </trkpt>
      <trkpt lat="39.8701235" lon="116.651739">
        <ele>24.61418</ele>
        <time>2026-09-14T23:13:48.867000Z</time>
      </trkpt>
      <trkpt lat="39.870236" lon="116.6517437">
        <ele>24.62734</ele>
        <time>2026-09-14T23:13:52.847000Z</time>
      </trkpt>
      <trkpt lat="39.8703462" lon="116.6517382">
        <ele>24.66848</ele>
        <time>2026-09-14T23:13:56.828000Z</time>
      </trkpt>
      <trkpt lat="39.8704537" lon="116.6517362">
        <ele>24.7326</ele>
        <time>2026-09-14T23:14:00.808000Z</time>
      </trkpt>
      <trkpt lat="39.8705577" lon="116.6517386">
        <ele>24.79976</ele>
        <time>2026-09-14T23:14:04.788000Z</time>
      </trkpt>
      <trkpt lat="39.8706643" lon="116.6517488">
        <ele>24.84394</ele>
        <time>2026-09-14T23:14:08.769000Z</time>
      </trkpt>
      <trkpt lat="39.870769" lon="116.6517597">
        <ele>24.8559</ele>
        <time>2026-09-14T23:14:12.749000Z</time>
      </trkpt>
      <trkpt lat="39.8708741" lon="116.6517657">
        <ele>24.82934</ele>
        <time>2026-09-14T23:14:16.730000Z</time>
      </trkpt>
      <trkpt lat="39.8709807" lon="116.6517732">
        <ele>24.8201</ele>
        <time>2026-09-14T23:14:20.710000Z</time>
      </trkpt>
      <trkpt lat="39.8710863" lon="116.6517749">
        <ele>24.8936</ele>
        <time>2026-09-14T23:14:24.691000Z</time>
      </trkpt>
      <trkpt lat="39.8711927" lon="116.6517757">
        <ele>25.06581</ele>
        <time>2026-09-14T23:14:28.671000Z</time>
      </trkpt>
      <trkpt lat="39.8712986" lon="116.6517799">
        <ele>25.28303</ele>
        <time>2026-09-14T23:14:32.652000Z</time>
      </trkpt>
      <trkpt lat="39.8714061" lon="116.6517874">
        <ele>25.44485</ele>
        <time>2026-09-14T23:14:36.632000Z</time>
      </trkpt>
      <trkpt lat="39.8715112" lon="116.6517903">
        <ele>25.52222</ele>
        <time>2026-09-14T23:14:40.612000Z</time>
      </trkpt>
      <trkpt lat="39.8716188" lon="116.6517886">
        <ele>25.55649</ele>
        <time>2026-09-14T23:14:44.593000Z</time>
      </trkpt>
      <trkpt lat="39.8717257" lon="116.6517918">
        <ele>25.54561</ele>
        <time>2026-09-14T23:14:48.573000Z</time>
      </trkpt>
      <trkpt lat="39.8718315" lon="116.651788">
        <ele>25.5241</ele>
        <time>2026-09-14T23:14:52.554000Z</time>
      </trkpt>
      <trkpt lat="39.871936" lon="116.6517812">
        <ele>25.56144</ele>
        <time>2026-09-14T23:14:56.534000Z</time>
      </trkpt>
      <trkpt lat="39.8720419" lon="116.6517773">
        <ele>25.64468</ele>
        <time>2026-09-14T23:15:00.515000Z</time>
      </trkpt>
      <trkpt lat="39.8721506" lon="116.6517726">
        <ele>25.70726</ele>
        <time>2026-09-14T23:15:04.495000Z</time>
      </trkpt>
      <trkpt lat="39.8722578" lon="116.6517733">
        <ele>25.70048</ele>
        <time>2026-09-14T23:15:08.476000Z</time>
      </trkpt>
      <trkpt lat="39.8723634" lon="116.6517818">
        <ele>25.65971</ele>
        <time>2026-09-14T23:15:12.456000Z</time>
      </trkpt>
      <trkpt lat="39.8724719" lon="116.6517956">
        <ele>25.63072</ele>
        <time>2026-09-14T23:15:16.436000Z</time>
      </trkpt>
      <trkpt lat="39.872581" lon="116.651801">
        <ele>25.63568</ele>
        <time>2026-09-14T23:15:20.417000Z</time>
      </trkpt>
      <trkpt lat="39.8726898" lon="116.6518023">
        <ele>25.633</ele>
        <time>2026-09-14T23:15:24.397000Z</time>
      </trkpt>
      <trkpt lat="39.8727975" lon="116.6518023">
        <ele>25.5564</ele>
        <time>2026-09-14T23:15:28.378000Z</time>
      </trkpt>
      <trkpt lat="39.8729059" lon="116.651796">
        <ele>25.38452</ele>
        <time>2026-09-14T23:15:32.358000Z</time>
      </trkpt>
      <trkpt lat="39.8730158" lon="116.6517922">
        <ele>25.17818</ele>
        <time>2026-09-14T23:15:36.339000Z</time>
      </trkpt>
      <trkpt lat="39.8731243" lon="116.6517902">
        <ele>25.00676</ele>
        <time>2026-09-14T23:15:40.319000Z</time>
      </trkpt>
      <trkpt lat="39.8732323" lon="116.6517923">
        <ele>24.90017</ele>
        <time>2026-09-14T23:15:44.300000Z</time>
      </trkpt>
      <trkpt lat="39.8733384" lon="116.6517919">
        <ele>24.7961</ele>
        <time>2026-09-14T23:15:48.280000Z</time>
      </trkpt>
      <trkpt lat="39.8734425" lon="116.6517914">
        <ele>24.63304</ele>
        <time>2026-09-14T23:15:52.260000Z</time>
      </trkpt>
      <trkpt lat="39.873547" lon="116.6517863">
        <ele>24.40819</ele>
        <time>2026-09-14T23:15:56.241000Z</time>
      </trkpt>
      <trkpt lat="39.8736554" lon="116.6517915">
        <ele>24.16177</ele>
        <time>2026-09-14T23:16:00.221000Z</time>
      </trkpt>
      <trkpt lat="39.8737682" lon="116.6517988">
        <ele>23.95994</ele>
        <time>2026-09-14T23:16:04.202000Z</time>
      </trkpt>
      <trkpt lat="39.8738755" lon="116.6518001">
        <ele>23.90103</ele>
        <time>2026-09-14T23:16:08Z</time>
      </trkpt>
      <trkpt lat="39.8739925" lon="116.6518052">
        <ele>24.06572</ele>
        <time>2026-09-14T23:16:12.163000Z</time>
      </trkpt>
      <trkpt lat="39.8741" lon="116.6518174">
        <ele>24.30398</ele>
        <time>2026-09-14T23:16:16.143000Z</time>
      </trkpt>
      <trkpt lat="39.8741987" lon="116.6518635">
        <ele>24.46432</ele>
        <time>2026-09-14T23:16:20.124000Z</time>
      </trkpt>
      <trkpt lat="39.8742624" lon="116.6519684">
        <ele>24.49412</ele>
        <time>2026-09-14T23:16:24.104000Z</time>
      </trkpt>
      <trkpt lat="39.8742841" lon="116.6521009">
        <ele>24.44617</ele>
        <time>2026-09-14T23:16:28Z</time>
      </trkpt>
      <trkpt lat="39.8742959" lon="116.652242">
        <ele>24.39995</ele>
        <time>2026-09-14T23:16:32.065000Z</time>
      </trkpt>
      <trkpt lat="39.874294" lon="116.6523852">
        <ele>24.34243</ele>
        <time>2026-09-14T23:16:36.045000Z</time>
      </trkpt>
      <trkpt lat="39.8742913" lon="116.6525393">
        <ele>24.30095</ele>
        <time>2026-09-14T23:16:40Z</time>
      </trkpt>
      <trkpt lat="39.8742872" lon="116.6526611">
        <ele>24.33295</ele>
        <time>2026-09-14T23:16:43Z</time>
      </trkpt>
      <trkpt lat="39.8742841" lon="116.6527826">
        <ele>24.41501</ele>
        <time>2026-09-14T23:16:45.996000Z</time>
      </trkpt>
      <trkpt lat="39.8742836" lon="116.6529008">
        <ele>24.4924</ele>
        <time>2026-09-14T23:16:48.982000Z</time>
      </trkpt>
      <trkpt lat="39.8742823" lon="116.6530178">
        <ele>24.56468</ele>
        <time>2026-09-14T23:16:51.967000Z</time>
      </trkpt>
      <trkpt lat="39.8742856" lon="116.6531723">
        <ele>24.68072</ele>
        <time>2026-09-14T23:16:55.947000Z</time>
      </trkpt>
      <trkpt lat="39.874292" lon="116.6533276">
        <ele>24.79813</ele>
        <time>2026-09-14T23:16:59.928000Z</time>
      </trkpt>
      <trkpt lat="39.8742933" lon="116.6534829">
        <ele>24.8888</ele>
        <time>2026-09-14T23:17:03.908000Z</time>
      </trkpt>
      <trkpt lat="39.8742927" lon="116.6536327">
        <ele>24.92827</ele>
        <time>2026-09-14T23:17:07.889000Z</time>
      </trkpt>
      <trkpt lat="39.8742904" lon="116.6537797">
        <ele>24.94716</ele>
        <time>2026-09-14T23:17:11.869000Z</time>
      </trkpt>
      <trkpt lat="39.8742866" lon="116.6539222">
        <ele>24.97436</ele>
        <time>2026-09-14T23:17:15.850000Z</time>
      </trkpt>
      <trkpt lat="39.8742869" lon="116.6540667">
        <ele>25.01689</ele>
        <time>2026-09-14T23:17:19.830000Z</time>
      </trkpt>
      <trkpt lat="39.8742887" lon="116.6542117">
        <ele>25.04972</ele>
        <time>2026-09-14T23:17:23.811000Z</time>
      </trkpt>
      <trkpt lat="39.8742915" lon="116.6543533">
        <ele>25.06994</ele>
        <time>2026-09-14T23:17:27.791000Z</time>
      </trkpt>
      <trkpt lat="39.8742938" lon="116.6544975">
        <ele>25.06475</ele>
        <time>2026-09-14T23:17:31.771000Z</time>
      </trkpt>
      <trkpt lat="39.874293" lon="116.6546425">
        <ele>25.03635</ele>
        <time>2026-09-14T23:17:35.752000Z</time>
      </trkpt>
      <trkpt lat="39.8742836" lon="116.6547865">
        <ele>25.0277</ele>
        <time>2026-09-14T23:17:39.732000Z</time>
      </trkpt>
      <trkpt lat="39.8742741" lon="116.6549329">
        <ele>25.09579</ele>
        <time>2026-09-14T23:17:43.713000Z</time>
      </trkpt>
      <trkpt lat="39.8742693" lon="116.6550802">
        <ele>25.23469</ele>
        <time>2026-09-14T23:17:47.693000Z</time>
      </trkpt>
      <trkpt lat="39.8742648" lon="116.6552257">
        <ele>25.39188</ele>
        <time>2026-09-14T23:17:51.674000Z</time>
      </trkpt>
      <trkpt lat="39.8742656" lon="116.6553721">
        <ele>25.53346</ele>
        <time>2026-09-14T23:17:55.654000Z</time>
      </trkpt>
      <trkpt lat="39.8742659" lon="116.6555176">
        <ele>25.64796</ele>
        <time>2026-09-14T23:17:59.634000Z</time>
      </trkpt>
      <trkpt lat="39.8742602" lon="116.6556621">
        <ele>25.68361</ele>
        <time>2026-09-14T23:18:03.614000Z</time>
      </trkpt>
      <trkpt lat="39.874265" lon="116.6558">
        <ele>25.62908</ele>
        <time>2026-09-14T23:18:07.595000Z</time>
      </trkpt>
      <trkpt lat="39.8742772" lon="116.6559329">
        <ele>25.54336</ele>
        <time>2026-09-14T23:18:11.575000Z</time>
      </trkpt>
      <trkpt lat="39.8742883" lon="116.6560741">
        <ele>25.46171</ele>
        <time>2026-09-14T23:18:15.556000Z</time>
      </trkpt>
      <trkpt lat="39.8743024" lon="116.656219">
        <ele>25.40279</ele>
        <time>2026-09-14T23:18:19.536000Z</time>
      </trkpt>
      <trkpt lat="39.8743045" lon="116.6563617">
        <ele>25.36054</ele>
        <time>2026-09-14T23:18:23.517000Z</time>
      </trkpt>
      <trkpt lat="39.8742996" lon="116.6565032">
        <ele>25.32215</ele>
        <time>2026-09-14T23:18:27.497000Z</time>
      </trkpt>
      <trkpt lat="39.8743023" lon="116.6566417">
        <ele>25.29495</ele>
        <time>2026-09-14T23:18:31.478000Z</time>
      </trkpt>
      <trkpt lat="39.8743161" lon="116.6567769">
        <ele>25.29177</ele>
        <time>2026-09-14T23:18:35.458000Z</time>
      </trkpt>
      <trkpt lat="39.8743349" lon="116.656906">
        <ele>25.30572</ele>
        <time>2026-09-14T23:18:39.439000Z</time>
      </trkpt>
      <trkpt lat="39.8743437" lon="116.6570377">
        <ele>25.32973</ele>
        <time>2026-09-14T23:18:43.419000Z</time>
      </trkpt>
      <trkpt lat="39.8743458" lon="116.6571712">
        <ele>25.3579</ele>
        <time>2026-09-14T23:18:47.400000Z</time>
      </trkpt>
      <trkpt lat="39.8743449" lon="116.657305">
        <ele>25.34599</ele>
        <time>2026-09-14T23:18:51.380000Z</time>
      </trkpt>
      <trkpt lat="39.8743375" lon="116.6574316">
        <ele>25.27868</ele>
        <time>2026-09-14T23:18:55.360000Z</time>
      </trkpt>
      <trkpt lat="39.8743406" lon="116.6575607">
        <ele>25.19612</ele>
        <time>2026-09-14T23:18:59.341000Z</time>
      </trkpt>
      <trkpt lat="39.8743483" lon="116.6576967">
        <ele>25.14155</ele>
        <time>2026-09-14T23:19:03.321000Z</time>
      </trkpt>
      <trkpt lat="39.8743577" lon="116.657832">
        <ele>25.11385</ele>
        <time>2026-09-14T23:19:07.302000Z</time>
      </trkpt>
      <trkpt lat="39.8743584" lon="116.6579711">
        <ele>25.06594</ele>
        <time>2026-09-14T23:19:11.282000Z</time>
      </trkpt>
      <trkpt lat="39.8743553" lon="116.6581053">
        <ele>24.92238</ele>
        <time>2026-09-14T23:19:15.263000Z</time>
      </trkpt>
      <trkpt lat="39.874352" lon="116.6582412">
        <ele>24.71473</ele>
        <time>2026-09-14T23:19:19.243000Z</time>
      </trkpt>
      <trkpt lat="39.8743501" lon="116.658377">
        <ele>24.43648</ele>
        <time>2026-09-14T23:19:23.224000Z</time>
      </trkpt>
      <trkpt lat="39.8743466" lon="116.6585147">
        <ele>24.03265</ele>
        <time>2026-09-14T23:19:27.204000Z</time>
      </trkpt>
      <trkpt lat="39.8743355" lon="116.6586464">
        <ele>23.66037</ele>
        <time>2026-09-14T23:19:31Z</time>
      </trkpt>
      <trkpt lat="39.8742797" lon="116.6587547">
        <ele>23.45484</ele>
        <time>2026-09-14T23:19:35Z</time>
      </trkpt>
      <trkpt lat="39.8741836" lon="116.6587947">
        <ele>23.35345</ele>
        <time>2026-09-14T23:19:39Z</time>
      </trkpt>
      <trkpt lat="39.874078" lon="116.6587716">
        <ele>23.28495</ele>
        <time>2026-09-14T23:19:43Z</time>
      </trkpt>
      <trkpt lat="39.8739707" lon="116.6587366">
        <ele>23.228</ele>
        <time>2026-09-14T23:19:47Z</time>
      </trkpt>
      <trkpt lat="39.8738613" lon="116.6587029">
        <ele>23.20822</ele>
        <time>2026-09-14T23:19:51Z</time>
      </trkpt>
      <trkpt lat="39.8737495" lon="116.6586721">
        <ele>23.26112</ele>
        <time>2026-09-14T23:19:55Z</time>
      </trkpt>
      <trkpt lat="39.8736428" lon="116.6586461">
        <ele>23.36409</ele>
        <time>2026-09-14T23:19:59Z</time>
      </trkpt>
      <trkpt lat="39.8735371" lon="116.6586177">
        <ele>23.55418</ele>
        <time>2026-09-14T23:20:03Z</time>
      </trkpt>
      <trkpt lat="39.8734295" lon="116.6585754">
        <ele>23.90802</ele>
        <time>2026-09-14T23:20:07.009000Z</time>
      </trkpt>
      <trkpt lat="39.8733249" lon="116.6585226">
        <ele>24.26438</ele>
        <time>2026-09-14T23:20:10.988000Z</time>
      </trkpt>
      <trkpt lat="39.8732278" lon="116.6584758">
        <ele>24.54946</ele>
        <time>2026-09-14T23:20:14.967000Z</time>
      </trkpt>
      <trkpt lat="39.8731436" lon="116.6584306">
        <ele>24.7276</ele>
        <time>2026-09-14T23:20:18.946000Z</time>
      </trkpt>
      <trkpt lat="39.8731155" lon="116.6584344">
        <ele>24.80413</ele>
        <time>2026-09-14T23:20:23.921000Z</time>
      </trkpt>
      <trkpt lat="39.8732154" lon="116.6584672">
        <ele>24.82152</ele>
        <time>2026-09-14T23:20:28.896000Z</time>
      </trkpt>
      <trkpt lat="39.8733333" lon="116.6584981">
        <ele>24.85137</ele>
        <time>2026-09-14T23:20:32.876000Z</time>
      </trkpt>
      <trkpt lat="39.8734257" lon="116.6585215">
        <ele>24.87309</ele>
        <time>2026-09-14T23:20:35.861000Z</time>
      </trkpt>
      <trkpt lat="39.8735195" lon="116.6585452">
        <ele>24.88588</ele>
        <time>2026-09-14T23:20:38.846000Z</time>
      </trkpt>
      <trkpt lat="39.8736108" lon="116.6585682">
        <ele>24.89088</ele>
        <time>2026-09-14T23:20:41.831000Z</time>
      </trkpt>
      <trkpt lat="39.8737254" lon="116.6585954">
        <ele>24.90333</ele>
        <time>2026-09-14T23:20:45.811000Z</time>
      </trkpt>
      <trkpt lat="39.8738138" lon="116.6586212">
        <ele>24.91777</ele>
        <time>2026-09-14T23:20:48.797000Z</time>
      </trkpt>
      <trkpt lat="39.873929" lon="116.6586564">
        <ele>24.94195</ele>
        <time>2026-09-14T23:20:52.777000Z</time>
      </trkpt>
      <trkpt lat="39.8740392" lon="116.6586898">
        <ele>24.95156</ele>
        <time>2026-09-14T23:20:56.758000Z</time>
      </trkpt>
      <trkpt lat="39.8741394" lon="116.6587236">
        <ele>24.91151</ele>
        <time>2026-09-14T23:21:00.738000Z</time>
      </trkpt>
      <trkpt lat="39.8742334" lon="116.658783">
        <ele>24.79399</ele>
        <time>2026-09-14T23:21:05.713000Z</time>
      </trkpt>
      <trkpt lat="39.8742791" lon="116.6588991">
        <ele>24.6647</ele>
        <time>2026-09-14T23:21:10.689000Z</time>
      </trkpt>
      <trkpt lat="39.874312" lon="116.6590413">
        <ele>24.59155</ele>
        <time>2026-09-14T23:21:14.669000Z</time>
      </trkpt>
      <trkpt lat="39.8743246" lon="116.6591578">
        <ele>24.55702</ele>
        <time>2026-09-14T23:21:17.655000Z</time>
      </trkpt>
      <trkpt lat="39.8743303" lon="116.6593114">
        <ele>24.53308</ele>
        <time>2026-09-14T23:21:21.635000Z</time>
      </trkpt>
      <trkpt lat="39.8743351" lon="116.659458">
        <ele>24.54367</ele>
        <time>2026-09-14T23:21:25.616000Z</time>
      </trkpt>
      <trkpt lat="39.8743252" lon="116.6596027">
        <ele>24.59266</ele>
        <time>2026-09-14T23:21:29.596000Z</time>
      </trkpt>
      <trkpt lat="39.8743158" lon="116.6597504">
        <ele>24.6739</ele>
        <time>2026-09-14T23:21:33.577000Z</time>
      </trkpt>
      <trkpt lat="39.8743107" lon="116.6599052">
        <ele>24.76565</ele>
        <time>2026-09-14T23:21:37.557000Z</time>
      </trkpt>
      <trkpt lat="39.8743038" lon="116.660056">
        <ele>24.82632</ele>
        <time>2026-09-14T23:21:41.538000Z</time>
      </trkpt>
      <trkpt lat="39.8742968" lon="116.6602093">
        <ele>24.85518</ele>
        <time>2026-09-14T23:21:45.518000Z</time>
      </trkpt>
      <trkpt lat="39.8742914" lon="116.6603606">
        <ele>24.85114</ele>
        <time>2026-09-14T23:21:49.499000Z</time>
      </trkpt>
      <trkpt lat="39.8742884" lon="116.6605103">
        <ele>24.78011</ele>
        <time>2026-09-14T23:21:53.479000Z</time>
      </trkpt>
      <trkpt lat="39.8742897" lon="116.6606607">
        <ele>24.64758</ele>
        <time>2026-09-14T23:21:57.460000Z</time>
      </trkpt>
      <trkpt lat="39.874296" lon="116.6608069">
        <ele>24.49157</ele>
        <time>2026-09-14T23:22:01.441000Z</time>
      </trkpt>
      <trkpt lat="39.8742911" lon="116.6609608">
        <ele>24.36959</ele>
        <time>2026-09-14T23:22:05.423000Z</time>
      </trkpt>
      <trkpt lat="39.8742823" lon="116.6610919">
        <ele>24.33607</ele>
        <time>2026-09-14T23:22:08.409000Z</time>
      </trkpt>
      <trkpt lat="39.874275" lon="116.6612229">
        <ele>24.3421</ele>
        <time>2026-09-14T23:22:11.396000Z</time>
      </trkpt>
      <trkpt lat="39.8742703" lon="116.661353">
        <ele>24.35591</ele>
        <time>2026-09-14T23:22:14.382000Z</time>
      </trkpt>
      <trkpt lat="39.8742704" lon="116.6614852">
        <ele>24.35588</ele>
        <time>2026-09-14T23:22:17.368000Z</time>
      </trkpt>
      <trkpt lat="39.8742725" lon="116.661619">
        <ele>24.32634</ele>
        <time>2026-09-14T23:22:20.354000Z</time>
      </trkpt>
      <trkpt lat="39.8742744" lon="116.6617516">
        <ele>24.26056</ele>
        <time>2026-09-14T23:22:23.339000Z</time>
      </trkpt>
      <trkpt lat="39.8742724" lon="116.6618862">
        <ele>24.18068</ele>
        <time>2026-09-14T23:22:26.325000Z</time>
      </trkpt>
      <trkpt lat="39.8742679" lon="116.6620215">
        <ele>24.11404</ele>
        <time>2026-09-14T23:22:29.311000Z</time>
      </trkpt>
      <trkpt lat="39.8742711" lon="116.6621519">
        <ele>24.06635</ele>
        <time>2026-09-14T23:22:32.296000Z</time>
      </trkpt>
      <trkpt lat="39.8742638" lon="116.6622778">
        <ele>24.02403</ele>
        <time>2026-09-14T23:22:35.282000Z</time>
      </trkpt>
      <trkpt lat="39.8742542" lon="116.6624015">
        <ele>23.98562</ele>
        <time>2026-09-14T23:22:38.267000Z</time>
      </trkpt>
      <trkpt lat="39.8742468" lon="116.6625266">
        <ele>23.95535</ele>
        <time>2026-09-14T23:22:41.253000Z</time>
      </trkpt>
      <trkpt lat="39.874243" lon="116.6626507">
        <ele>23.91364</ele>
        <time>2026-09-14T23:22:44.238000Z</time>
      </trkpt>
      <trkpt lat="39.8742419" lon="116.6627751">
        <ele>23.8423</ele>
        <time>2026-09-14T23:22:47.224000Z</time>
      </trkpt>
      <trkpt lat="39.8742418" lon="116.6628936">
        <ele>23.74178</ele>
        <time>2026-09-14T23:22:50.209000Z</time>
      </trkpt>
      <trkpt lat="39.8742387" lon="116.6630464">
        <ele>23.5588</ele>
        <time>2026-09-14T23:22:54.190000Z</time>
      </trkpt>
      <trkpt lat="39.874226" lon="116.6631976">
        <ele>23.33532</ele>
        <time>2026-09-14T23:22:58Z</time>
      </trkpt>
      <trkpt lat="39.8742179" lon="116.6633191">
        <ele>23.15711</ele>
        <time>2026-09-14T23:23:01Z</time>
      </trkpt>
      <trkpt lat="39.8742129" lon="116.6634399">
        <ele>23.0544</ele>
        <time>2026-09-14T23:23:04Z</time>
      </trkpt>
      <trkpt lat="39.8742107" lon="116.6635625">
        <ele>23.04457</ele>
        <time>2026-09-14T23:23:07Z</time>
      </trkpt>
      <trkpt lat="39.8742107" lon="116.663684">
        <ele>23.06618</ele>
        <time>2026-09-14T23:23:10Z</time>
      </trkpt>
      <trkpt lat="39.8742155" lon="116.6638009">
        <ele>23.08635</ele>
        <time>2026-09-14T23:23:13Z</time>
      </trkpt>
      <trkpt lat="39.8742361" lon="116.663957">
        <ele>23.19365</ele>
        <time>2026-09-14T23:23:17.078000Z</time>
      </trkpt>
      <trkpt lat="39.8742509" lon="116.664111">
        <ele>23.36315</ele>
        <time>2026-09-14T23:23:21.058000Z</time>
      </trkpt>
      <trkpt lat="39.87426" lon="116.6642303">
        <ele>23.4268</ele>
        <time>2026-09-14T23:23:24.044000Z</time>
      </trkpt>
      <trkpt lat="39.8742733" lon="116.6643503">
        <ele>23.41647</ele>
        <time>2026-09-14T23:23:27.029000Z</time>
      </trkpt>
      <trkpt lat="39.8742908" lon="116.6644735">
        <ele>23.39158</ele>
        <time>2026-09-14T23:23:30.014000Z</time>
      </trkpt>
      <trkpt lat="39.874312" lon="116.6645971">
        <ele>23.41561</ele>
        <time>2026-09-14T23:23:33Z</time>
      </trkpt>
      <trkpt lat="39.8743361" lon="116.6647175">
        <ele>23.50107</ele>
        <time>2026-09-14T23:23:35.985000Z</time>
      </trkpt>
      <trkpt lat="39.8743603" lon="116.6648393">
        <ele>23.58499</ele>
        <time>2026-09-14T23:23:38.971000Z</time>
      </trkpt>
      <trkpt lat="39.8743878" lon="116.6649564">
        <ele>23.62369</ele>
        <time>2026-09-14T23:23:41.956000Z</time>
      </trkpt>
      <trkpt lat="39.8744159" lon="116.6650697">
        <ele>23.64114</ele>
        <time>2026-09-14T23:23:44.941000Z</time>
      </trkpt>
      <trkpt lat="39.8744409" lon="116.6651828">
        <ele>23.67285</ele>
        <time>2026-09-14T23:23:47.927000Z</time>
      </trkpt>
      <trkpt lat="39.874468" lon="116.6652968">
        <ele>23.70452</ele>
        <time>2026-09-14T23:23:50.912000Z</time>
      </trkpt>
      <trkpt lat="39.8744992" lon="116.6654113">
        <ele>23.70852</ele>
        <time>2026-09-14T23:23:53.897000Z</time>
      </trkpt>
      <trkpt lat="39.8745322" lon="116.6655218">
        <ele>23.67691</ele>
        <time>2026-09-14T23:23:56.883000Z</time>
      </trkpt>
      <trkpt lat="39.8745707" lon="116.665646">
        <ele>23.60205</ele>
        <time>2026-09-14T23:24:00.863000Z</time>
      </trkpt>
      <trkpt lat="39.8746048" lon="116.6657582">
        <ele>23.51962</ele>
        <time>2026-09-14T23:24:04.844000Z</time>
      </trkpt>
      <trkpt lat="39.8746432" lon="116.6658837">
        <ele>23.40222</ele>
        <time>2026-09-14T23:24:08.824000Z</time>
      </trkpt>
      <trkpt lat="39.8746912" lon="116.666004">
        <ele>23.27376</ele>
        <time>2026-09-14T23:24:12.805000Z</time>
      </trkpt>
      <trkpt lat="39.8747437" lon="116.6661331">
        <ele>23.1961</ele>
        <time>2026-09-14T23:24:16.785000Z</time>
      </trkpt>
      <trkpt lat="39.8747911" lon="116.6662425">
        <ele>23.18311</ele>
        <time>2026-09-14T23:24:19.770000Z</time>
      </trkpt>
      <trkpt lat="39.8748453" lon="116.666352">
        <ele>23.19832</ele>
        <time>2026-09-14T23:24:22.756000Z</time>
      </trkpt>
      <trkpt lat="39.8749047" lon="116.6664535">
        <ele>23.23952</ele>
        <time>2026-09-14T23:24:25.741000Z</time>
      </trkpt>
      <trkpt lat="39.87497" lon="116.6665464">
        <ele>23.31082</ele>
        <time>2026-09-14T23:24:28.726000Z</time>
      </trkpt>
      <trkpt lat="39.8750331" lon="116.666642">
        <ele>23.41287</ele>
        <time>2026-09-14T23:24:31.712000Z</time>
      </trkpt>
      <trkpt lat="39.875095" lon="116.6667401">
        <ele>23.52028</ele>
        <time>2026-09-14T23:24:34.697000Z</time>
      </trkpt>
      <trkpt lat="39.875156" lon="116.6668416">
        <ele>23.58634</ele>
        <time>2026-09-14T23:24:37.682000Z</time>
      </trkpt>
      <trkpt lat="39.8752161" lon="116.6669387">
        <ele>23.59819</ele>
        <time>2026-09-14T23:24:40.668000Z</time>
      </trkpt>
      <trkpt lat="39.8752755" lon="116.6670295">
        <ele>23.56543</ele>
        <time>2026-09-14T23:24:43.653000Z</time>
      </trkpt>
      <trkpt lat="39.8753601" lon="116.6671376">
        <ele>23.49524</ele>
        <time>2026-09-14T23:24:47.634000Z</time>
      </trkpt>
      <trkpt lat="39.8754258" lon="116.6672224">
        <ele>23.45951</ele>
        <time>2026-09-14T23:24:50.619000Z</time>
      </trkpt>
      <trkpt lat="39.8754936" lon="116.6673102">
        <ele>23.44731</ele>
        <time>2026-09-14T23:24:53.604000Z</time>
      </trkpt>
      <trkpt lat="39.8755581" lon="116.6673985">
        <ele>23.45687</ele>
        <time>2026-09-14T23:24:56.590000Z</time>
      </trkpt>
      <trkpt lat="39.8756333" lon="116.6675189">
        <ele>23.50694</ele>
        <time>2026-09-14T23:25:00.570000Z</time>
      </trkpt>
      <trkpt lat="39.8757027" lon="116.6676423">
        <ele>23.60712</ele>
        <time>2026-09-14T23:25:04.565000Z</time>
      </trkpt>
      <trkpt lat="39.8757695" lon="116.6677625">
        <ele>23.72534</ele>
        <time>2026-09-14T23:25:08.565000Z</time>
      </trkpt>
    </trkseg>
  </trk>
</gpx>