<?xml version="1.0" encoding="UTF-8"?>
<gpx xmlns="http://www.topografix.com/GPX/1/1" xmlns:gpxtpx="http://www.garmin.com/xmlschemas/TrackPointExtension/v1" xmlns:xsi="http://www.w3.org/2001/XMLSchema-instance" xsi:schemaLocation="http://www.topografix.com/GPX/1/1 http://www.topografix.com/GPX/1/1/gpx.xsd" version="1.1" creator="gpx.py -- https://github.com/tkrajina/gpxpy">
  <trk>
    <name>gpx from codoon</name>
    <type>Run</type>
    <trkseg>
      <trkpt lat="39.8735098" lon="116.6656789">
        <ele>22.93502</ele>
        <time>2026-09-15T22:18:20.377000Z</time>
      </trkpt>
      <trkpt lat="39.8735938" lon="116.6657223">
        <ele>22.92858</ele>
        <time>2026-09-15T22:18:25.289000Z</time>
      </trkpt>
      <trkpt lat="39.8736895" lon="116.6657482">
        <ele>22.92374</ele>
        <time>2026-09-15T22:18:30.266000Z</time>
      </trkpt>
      <trkpt lat="39.8737939" lon="116.665722">
        <ele>22.92146</ele>
        <time>2026-09-15T22:18:36.238000Z</time>
      </trkpt>
      <trkpt lat="39.8738855" lon="116.6656683">
        <ele>22.92885</ele>
        <time>2026-09-15T22:18:41.214000Z</time>
      </trkpt>
      <trkpt lat="39.8739781" lon="116.665603">
        <ele>22.96571</ele>
        <time>2026-09-15T22:18:46.191000Z</time>
      </trkpt>
      <trkpt lat="39.8740646" lon="116.6655362">
        <ele>23.06972</ele>
        <time>2026-09-15T22:18:50.172000Z</time>
      </trkpt>
      <trkpt lat="39.8741542" lon="116.6654848">
        <ele>23.28905</ele>
        <time>2026-09-15T22:18:54.153000Z</time>
      </trkpt>
      <trkpt lat="39.8742404" lon="116.6654499">
        <ele>23.57575</ele>
        <time>2026-09-15T22:18:58.134000Z</time>
      </trkpt>
      <trkpt lat="39.8743326" lon="116.6654213">
        <ele>23.83281</ele>
        <time>2026-09-15T22:19:02.115000Z</time>
      </trkpt>
      <trkpt lat="39.8744324" lon="116.6654105">
        <ele>24.06434</ele>
        <time>2026-09-15T22:19:06.096000Z</time>
      </trkpt>
      <trkpt lat="39.8745088" lon="116.6654793">
        <ele>24.28343</ele>
        <time>2026-09-15T22:19:10.002000Z</time>
      </trkpt>
      <trkpt lat="39.8745481" lon="116.6656213">
        <ele>24.3985</ele>
        <time>2026-09-15T22:19:14.002000Z</time>
      </trkpt>
      <trkpt lat="39.8745847" lon="116.6657525">
        <ele>24.42069</ele>
        <time>2026-09-15T22:19:18.002000Z</time>
      </trkpt>
      <trkpt lat="39.8746354" lon="116.6658847">
        <ele>24.33188</ele>
        <time>2026-09-15T22:19:22.002000Z</time>
      </trkpt>
      <trkpt lat="39.8746921" lon="116.6660151">
        <ele>23.92076</ele>
        <time>2026-09-15T22:19:26.001000Z</time>
      </trkpt>
      <trkpt lat="39.8747493" lon="116.6661427">
        <ele>23.23112</ele>
        <time>2026-09-15T22:19:29.982000Z</time>
      </trkpt>
      <trkpt lat="39.8748132" lon="116.6662693">
        <ele>22.69106</ele>
        <time>2026-09-15T22:19:33.963000Z</time>
      </trkpt>
      <trkpt lat="39.8748827" lon="116.6663907">
        <ele>22.41713</ele>
        <time>2026-09-15T22:19:37.944000Z</time>
      </trkpt>
      <trkpt lat="39.8749505" lon="116.6665054">
        <ele>22.34186</ele>
        <time>2026-09-15T22:19:41.925000Z</time>
      </trkpt>
      <trkpt lat="39.8750224" lon="116.6666166">
        <ele>22.36887</ele>
        <time>2026-09-15T22:19:45.906000Z</time>
      </trkpt>
      <trkpt lat="39.8750956" lon="116.6667272">
        <ele>22.41224</ele>
        <time>2026-09-15T22:19:49.888000Z</time>
      </trkpt>
      <trkpt lat="39.8751682" lon="116.6668419">
        <ele>22.43861</ele>
        <time>2026-09-15T22:19:53.869000Z</time>
      </trkpt>
      <trkpt lat="39.8752421" lon="116.66695">
        <ele>22.46842</ele>
        <time>2026-09-15T22:19:57.850000Z</time>
      </trkpt>
      <trkpt lat="39.8753165" lon="116.6670507">
        <ele>22.52414</ele>
        <time>2026-09-15T22:20:01.831000Z</time>
      </trkpt>
      <trkpt lat="39.8753872" lon="116.6671475">
        <ele>22.61742</ele>
        <time>2026-09-15T22:20:05.812000Z</time>
      </trkpt>
      <trkpt lat="39.8754589" lon="116.6672474">
        <ele>22.74335</ele>
        <time>2026-09-15T22:20:09.792000Z</time>
      </trkpt>
      <trkpt lat="39.8755345" lon="116.6673384">
        <ele>22.88718</ele>
        <time>2026-09-15T22:20:13.773000Z</time>
      </trkpt>
      <trkpt lat="39.8756053" lon="116.6674395">
        <ele>23.02883</ele>
        <time>2026-09-15T22:20:17.754000Z</time>
      </trkpt>
      <trkpt lat="39.8756695" lon="116.6675501">
        <ele>23.14477</ele>
        <time>2026-09-15T22:20:21.735000Z</time>
      </trkpt>
      <trkpt lat="39.8757359" lon="116.667664">
        <ele>23.22857</ele>
        <time>2026-09-15T22:20:25.716000Z</time>
      </trkpt>
      <trkpt lat="39.8758079" lon="116.6677682">
        <ele>23.30419</ele>
        <time>2026-09-15T22:20:29.697000Z</time>
      </trkpt>
      <trkpt lat="39.8758852" lon="116.667864">
        <ele>23.39048</ele>
        <time>2026-09-15T22:20:33.678000Z</time>
      </trkpt>
      <trkpt lat="39.8759613" lon="116.6679606">
        <ele>23.48932</ele>
        <time>2026-09-15T22:20:37.659000Z</time>
      </trkpt>
      <trkpt lat="39.8760322" lon="116.6680576">
        <ele>23.5776</ele>
        <time>2026-09-15T22:20:41.639000Z</time>
      </trkpt>
      <trkpt lat="39.8761055" lon="116.6681471">
        <ele>23.64321</ele>
        <time>2026-09-15T22:20:45.620000Z</time>
      </trkpt>
      <trkpt lat="39.8761843" lon="116.6682286">
        <ele>23.68709</ele>
        <time>2026-09-15T22:20:49.601000Z</time>
      </trkpt>
      <trkpt lat="39.8762672" lon="116.6683091">
        <ele>23.71238</ele>
        <time>2026-09-15T22:20:53.582000Z</time>
      </trkpt>
      <trkpt lat="39.8763497" lon="116.668406">
        <ele>23.73124</ele>
        <time>2026-09-15T22:20:57.563000Z</time>
      </trkpt>
      <trkpt lat="39.876426" lon="116.6685125">
        <ele>23.76334</ele>
        <time>2026-09-15T22:21:01.543000Z</time>
      </trkpt>
      <trkpt lat="39.8765007" lon="116.6686175">
        <ele>23.80524</ele>
        <time>2026-09-15T22:21:05.524000Z</time>
      </trkpt>
      <trkpt lat="39.8765791" lon="116.6687238">
        <ele>23.84094</ele>
        <time>2026-09-15T22:21:09.505000Z</time>
      </trkpt>
      <trkpt lat="39.8766548" lon="116.6688307">
        <ele>23.85604</ele>
        <time>2026-09-15T22:21:13.486000Z</time>
      </trkpt>
      <trkpt lat="39.8767318" lon="116.6689364">
        <ele>23.85878</ele>
        <time>2026-09-15T22:21:17.467000Z</time>
      </trkpt>
      <trkpt lat="39.8768037" lon="116.6690383">
        <ele>23.85333</ele>
        <time>2026-09-15T22:21:21.448000Z</time>
      </trkpt>
      <trkpt lat="39.8768751" lon="116.6691407">
        <ele>23.84115</ele>
        <time>2026-09-15T22:21:25.429000Z</time>
      </trkpt>
      <trkpt lat="39.8769426" lon="116.6692411">
        <ele>23.84107</ele>
        <time>2026-09-15T22:21:29.410000Z</time>
      </trkpt>
      <trkpt lat="39.8770055" lon="116.6693461">
        <ele>23.86164</ele>
        <time>2026-09-15T22:21:33.391000Z</time>
      </trkpt>
      <trkpt lat="39.8770395" lon="116.669474">
        <ele>23.90863</ele>
        <time>2026-09-15T22:21:37.372000Z</time>
      </trkpt>
      <trkpt lat="39.8770273" lon="116.6696153">
        <ele>23.9889</ele>
        <time>2026-09-15T22:21:41.352000Z</time>
      </trkpt>
      <trkpt lat="39.8769573" lon="116.6697289">
        <ele>24.09687</ele>
        <time>2026-09-15T22:21:45.333000Z</time>
      </trkpt>
      <trkpt lat="39.8768728" lon="116.6698233">
        <ele>24.20746</ele>
        <time>2026-09-15T22:21:49.314000Z</time>
      </trkpt>
      <trkpt lat="39.8767925" lon="116.6699141">
        <ele>24.28525</ele>
        <time>2026-09-15T22:21:53.295000Z</time>
      </trkpt>
      <trkpt lat="39.8767181" lon="116.6700111">
        <ele>24.30535</ele>
        <time>2026-09-15T22:21:57.276000Z</time>
      </trkpt>
      <trkpt lat="39.8766471" lon="116.6701117">
        <ele>24.28844</ele>
        <time>2026-09-15T22:22:01.257000Z</time>
      </trkpt>
      <trkpt lat="39.8765766" lon="116.6702107">
        <ele>24.27233</ele>
        <time>2026-09-15T22:22:05.238000Z</time>
      </trkpt>
      <trkpt lat="39.8765055" lon="116.6703149">
        <ele>24.30577</ele>
        <time>2026-09-15T22:22:09.219000Z</time>
      </trkpt>
      <trkpt lat="39.876431" lon="116.6704166">
        <ele>24.3673</ele>
        <time>2026-09-15T22:22:13.199000Z</time>
      </trkpt>
      <trkpt lat="39.876355" lon="116.6705069">
        <ele>24.3998</ele>
        <time>2026-09-15T22:22:17Z</time>
      </trkpt>
      <trkpt lat="39.8762711" lon="116.6705978">
        <ele>24.41238</ele>
        <time>2026-09-15T22:22:21Z</time>
      </trkpt>
      <trkpt lat="39.8761888" lon="116.6706865">
        <ele>24.43111</ele>
        <time>2026-09-15T22:22:25Z</time>
      </trkpt>
      <trkpt lat="39.8761057" lon="116.6707747">
        <ele>24.42954</ele>
        <time>2026-09-15T22:22:29Z</time>
      </trkpt>
      <trkpt lat="39.8760241" lon="116.670865">
        <ele>24.38733</ele>
        <time>2026-09-15T22:22:33Z</time>
      </trkpt>
      <trkpt lat="39.8759459" lon="116.6709601">
        <ele>24.35306</ele>
        <time>2026-09-15T22:22:37Z</time>
      </trkpt>
      <trkpt lat="39.87587" lon="116.6710552">
        <ele>24.33982</ele>
        <time>2026-09-15T22:22:41Z</time>
      </trkpt>
      <trkpt lat="39.8757922" lon="116.6711509">
        <ele>24.33191</ele>
        <time>2026-09-15T22:22:45Z</time>
      </trkpt>
      <trkpt lat="39.8757154" lon="116.6712411">
        <ele>24.32899</ele>
        <time>2026-09-15T22:22:49Z</time>
      </trkpt>
      <trkpt lat="39.875637" lon="116.6713317">
        <ele>24.33048</ele>
        <time>2026-09-15T22:22:53Z</time>
      </trkpt>
      <trkpt lat="39.8755573" lon="116.6714225">
        <ele>24.32405</ele>
        <time>2026-09-15T22:22:56.989000Z</time>
      </trkpt>
      <trkpt lat="39.8754825" lon="116.6715175">
        <ele>24.33767</ele>
        <time>2026-09-15T22:23:00.970000Z</time>
      </trkpt>
      <trkpt lat="39.8754091" lon="116.671605">
        <ele>24.3754</ele>
        <time>2026-09-15T22:23:04.951000Z</time>
      </trkpt>
      <trkpt lat="39.8753364" lon="116.6716927">
        <ele>24.41745</ele>
        <time>2026-09-15T22:23:08.932000Z</time>
      </trkpt>
      <trkpt lat="39.8752654" lon="116.6717857">
        <ele>24.47109</ele>
        <time>2026-09-15T22:23:12.913000Z</time>
      </trkpt>
      <trkpt lat="39.8751939" lon="116.6718806">
        <ele>24.50702</ele>
        <time>2026-09-15T22:23:16.893000Z</time>
      </trkpt>
      <trkpt lat="39.8751203" lon="116.6719761">
        <ele>24.50746</ele>
        <time>2026-09-15T22:23:20.874000Z</time>
      </trkpt>
      <trkpt lat="39.8750505" lon="116.6720732">
        <ele>24.50582</ele>
        <time>2026-09-15T22:23:24.855000Z</time>
      </trkpt>
      <trkpt lat="39.8749795" lon="116.6721673">
        <ele>24.5069</ele>
        <time>2026-09-15T22:23:28.836000Z</time>
      </trkpt>
      <trkpt lat="39.8749067" lon="116.672258">
        <ele>24.51464</ele>
        <time>2026-09-15T22:23:32.817000Z</time>
      </trkpt>
      <trkpt lat="39.8748347" lon="116.6723429">
        <ele>24.56262</ele>
        <time>2026-09-15T22:23:36.798000Z</time>
      </trkpt>
      <trkpt lat="39.8747643" lon="116.672431">
        <ele>24.6893</ele>
        <time>2026-09-15T22:23:40.778000Z</time>
      </trkpt>
      <trkpt lat="39.8746931" lon="116.672519">
        <ele>24.8766</ele>
        <time>2026-09-15T22:23:44.759000Z</time>
      </trkpt>
      <trkpt lat="39.8746223" lon="116.6726062">
        <ele>25.06666</ele>
        <time>2026-09-15T22:23:48.740000Z</time>
      </trkpt>
      <trkpt lat="39.8745494" lon="116.6726941">
        <ele>25.19462</ele>
        <time>2026-09-15T22:23:52.721000Z</time>
      </trkpt>
      <trkpt lat="39.8744775" lon="116.6727867">
        <ele>25.23315</ele>
        <time>2026-09-15T22:23:56.702000Z</time>
      </trkpt>
      <trkpt lat="39.8744072" lon="116.6728816">
        <ele>25.19329</ele>
        <time>2026-09-15T22:24:00.683000Z</time>
      </trkpt>
      <trkpt lat="39.8743334" lon="116.6729757">
        <ele>25.15051</ele>
        <time>2026-09-15T22:24:04.664000Z</time>
      </trkpt>
      <trkpt lat="39.8742615" lon="116.6730725">
        <ele>25.16761</ele>
        <time>2026-09-15T22:24:08.644000Z</time>
      </trkpt>
      <trkpt lat="39.8741877" lon="116.6731714">
        <ele>25.25741</ele>
        <time>2026-09-15T22:24:12.625000Z</time>
      </trkpt>
      <trkpt lat="39.8741147" lon="116.6732639">
        <ele>25.38255</ele>
        <time>2026-09-15T22:24:16.606000Z</time>
      </trkpt>
      <trkpt lat="39.8740479" lon="116.6733604">
        <ele>25.50015</ele>
        <time>2026-09-15T22:24:20.587000Z</time>
      </trkpt>
      <trkpt lat="39.8739776" lon="116.6734598">
        <ele>25.58508</ele>
        <time>2026-09-15T22:24:24.568000Z</time>
      </trkpt>
      <trkpt lat="39.8739038" lon="116.6735527">
        <ele>25.61639</ele>
        <time>2026-09-15T22:24:28.549000Z</time>
      </trkpt>
      <trkpt lat="39.8738316" lon="116.6736436">
        <ele>25.60879</ele>
        <time>2026-09-15T22:24:32.529000Z</time>
      </trkpt>
      <trkpt lat="39.8737583" lon="116.6737404">
        <ele>25.58237</ele>
        <time>2026-09-15T22:24:36.510000Z</time>
      </trkpt>
      <trkpt lat="39.8736757" lon="116.6738291">
        <ele>25.51108</ele>
        <time>2026-09-15T22:24:40.491000Z</time>
      </trkpt>
      <trkpt lat="39.87359" lon="116.6739092">
        <ele>25.34555</ele>
        <time>2026-09-15T22:24:44.472000Z</time>
      </trkpt>
      <trkpt lat="39.8735083" lon="116.6739901">
        <ele>25.13636</ele>
        <time>2026-09-15T22:24:48.453000Z</time>
      </trkpt>
      <trkpt lat="39.8734302" lon="116.6740725">
        <ele>24.99363</ele>
        <time>2026-09-15T22:24:52.434000Z</time>
      </trkpt>
      <trkpt lat="39.8733541" lon="116.6741656">
        <ele>24.93165</ele>
        <time>2026-09-15T22:24:56.414000Z</time>
      </trkpt>
      <trkpt lat="39.8732803" lon="116.6742653">
        <ele>24.93213</ele>
        <time>2026-09-15T22:25:00.395000Z</time>
      </trkpt>
      <trkpt lat="39.8732044" lon="116.6743689">
        <ele>24.9763</ele>
        <time>2026-09-15T22:25:04.376000Z</time>
      </trkpt>
      <trkpt lat="39.8731266" lon="116.6744716">
        <ele>25.03987</ele>
        <time>2026-09-15T22:25:08.357000Z</time>
      </trkpt>
      <trkpt lat="39.8730481" lon="116.6745722">
        <ele>25.10642</ele>
        <time>2026-09-15T22:25:12.338000Z</time>
      </trkpt>
      <trkpt lat="39.8729722" lon="116.674674">
        <ele>25.12925</ele>
        <time>2026-09-15T22:25:16.319000Z</time>
      </trkpt>
      <trkpt lat="39.8728929" lon="116.6747647">
        <ele>25.06042</ele>
        <time>2026-09-15T22:25:20.299000Z</time>
      </trkpt>
      <trkpt lat="39.8727982" lon="116.6748022">
        <ele>24.91805</ele>
        <time>2026-09-15T22:25:24.280000Z</time>
      </trkpt>
      <trkpt lat="39.872693" lon="116.6748047">
        <ele>24.74831</ele>
        <time>2026-09-15T22:25:28.261000Z</time>
      </trkpt>
      <trkpt lat="39.8725931" lon="116.6747988">
        <ele>24.60505</ele>
        <time>2026-09-15T22:25:32.242000Z</time>
      </trkpt>
      <trkpt lat="39.8724906" lon="116.6747923">
        <ele>24.4325</ele>
        <time>2026-09-15T22:25:36.223000Z</time>
      </trkpt>
      <trkpt lat="39.8723832" lon="116.6747949">
        <ele>24.20245</ele>
        <time>2026-09-15T22:25:40.203000Z</time>
      </trkpt>
      <trkpt lat="39.8722836" lon="116.6748074">
        <ele>24.00516</ele>
        <time>2026-09-15T22:25:44Z</time>
      </trkpt>
      <trkpt lat="39.8721827" lon="116.6748281">
        <ele>23.93221</ele>
        <time>2026-09-15T22:25:48Z</time>
      </trkpt>
      <trkpt lat="39.8720695" lon="116.6748347">
        <ele>23.93521</ele>
        <time>2026-09-15T22:25:52.146000Z</time>
      </trkpt>
      <trkpt lat="39.8719706" lon="116.6748387">
        <ele>23.89756</ele>
        <time>2026-09-15T22:25:56Z</time>
      </trkpt>
      <trkpt lat="39.8719628" lon="116.6749656">
        <ele>23.83169</ele>
        <time>2026-09-15T22:26:04Z</time>
      </trkpt>
      <trkpt lat="39.8720607" lon="116.6750203">
        <ele>23.85263</ele>
        <time>2026-09-15T22:26:08Z</time>
      </trkpt>
      <trkpt lat="39.8721671" lon="116.6750503">
        <ele>23.84107</ele>
        <time>2026-09-15T22:26:12Z</time>
      </trkpt>
      <trkpt lat="39.8722783" lon="116.6750599">
        <ele>23.80273</ele>
        <time>2026-09-15T22:26:16.031000Z</time>
      </trkpt>
      <trkpt lat="39.8723833" lon="116.6750604">
        <ele>23.8476</ele>
        <time>2026-09-15T22:26:20.011000Z</time>
      </trkpt>
      <trkpt lat="39.8724896" lon="116.6750618">
        <ele>24.00209</ele>
        <time>2026-09-15T22:26:23.992000Z</time>
      </trkpt>
      <trkpt lat="39.8725871" lon="116.6750728">
        <ele>24.20212</ele>
        <time>2026-09-15T22:26:27.973000Z</time>
      </trkpt>
      <trkpt lat="39.8726478" lon="116.6751609">
        <ele>24.40022</ele>
        <time>2026-09-15T22:26:32.949000Z</time>
      </trkpt>
      <trkpt lat="39.8725977" lon="116.6752818">
        <ele>24.45188</ele>
        <time>2026-09-15T22:26:36.930000Z</time>
      </trkpt>
      <trkpt lat="39.872536" lon="116.6753904">
        <ele>24.44127</ele>
        <time>2026-09-15T22:26:40.911000Z</time>
      </trkpt>
      <trkpt lat="39.8724738" lon="116.6755031">
        <ele>24.4019</ele>
        <time>2026-09-15T22:26:44.891000Z</time>
      </trkpt>
      <trkpt lat="39.8724084" lon="116.6756162">
        <ele>24.35093</ele>
        <time>2026-09-15T22:26:48.872000Z</time>
      </trkpt>
      <trkpt lat="39.8723396" lon="116.6757294">
        <ele>24.27568</ele>
        <time>2026-09-15T22:26:52.853000Z</time>
      </trkpt>
      <trkpt lat="39.8722751" lon="116.6758458">
        <ele>24.16687</ele>
        <time>2026-09-15T22:26:56.834000Z</time>
      </trkpt>
      <trkpt lat="39.8722182" lon="116.6759696">
        <ele>24.08601</ele>
        <time>2026-09-15T22:27:00.814000Z</time>
      </trkpt>
      <trkpt lat="39.872163" lon="116.6760914">
        <ele>24.06656</ele>
        <time>2026-09-15T22:27:04.795000Z</time>
      </trkpt>
      <trkpt lat="39.8721077" lon="116.6762114">
        <ele>24.06788</ele>
        <time>2026-09-15T22:27:08.776000Z</time>
      </trkpt>
      <trkpt lat="39.8720509" lon="116.6763282">
        <ele>24.0644</ele>
        <time>2026-09-15T22:27:12.757000Z</time>
      </trkpt>
      <trkpt lat="39.8719931" lon="116.6764461">
        <ele>24.04215</ele>
        <time>2026-09-15T22:27:16.738000Z</time>
      </trkpt>
      <trkpt lat="39.8719361" lon="116.6765669">
        <ele>24.01724</ele>
        <time>2026-09-15T22:27:20.718000Z</time>
      </trkpt>
      <trkpt lat="39.8718821" lon="116.6766895">
        <ele>24.04982</ele>
        <time>2026-09-15T22:27:24.699000Z</time>
      </trkpt>
      <trkpt lat="39.87183" lon="116.6768162">
        <ele>24.13529</ele>
        <time>2026-09-15T22:27:28.680000Z</time>
      </trkpt>
      <trkpt lat="39.8717813" lon="116.6769404">
        <ele>24.24211</ele>
        <time>2026-09-15T22:27:32.661000Z</time>
      </trkpt>
      <trkpt lat="39.8717323" lon="116.6770653">
        <ele>24.30931</ele>
        <time>2026-09-15T22:27:36.641000Z</time>
      </trkpt>
      <trkpt lat="39.8716881" lon="116.6771873">
        <ele>24.29748</ele>
        <time>2026-09-15T22:27:40.622000Z</time>
      </trkpt>
      <trkpt lat="39.8716434" lon="116.6773115">
        <ele>24.21563</ele>
        <time>2026-09-15T22:27:44.603000Z</time>
      </trkpt>
      <trkpt lat="39.8716047" lon="116.6774394">
        <ele>24.11843</ele>
        <time>2026-09-15T22:27:48.584000Z</time>
      </trkpt>
      <trkpt lat="39.8715718" lon="116.6775711">
        <ele>24.04324</ele>
        <time>2026-09-15T22:27:52.564000Z</time>
      </trkpt>
      <trkpt lat="39.871537" lon="116.6776999">
        <ele>23.99421</ele>
        <time>2026-09-15T22:27:56.545000Z</time>
      </trkpt>
      <trkpt lat="39.8714966" lon="116.677825">
        <ele>23.94221</ele>
        <time>2026-09-15T22:28:00.526000Z</time>
      </trkpt>
      <trkpt lat="39.8714566" lon="116.6779537">
        <ele>23.90386</ele>
        <time>2026-09-15T22:28:04.507000Z</time>
      </trkpt>
      <trkpt lat="39.8714221" lon="116.6780831">
        <ele>23.86657</ele>
        <time>2026-09-15T22:28:08.487000Z</time>
      </trkpt>
      <trkpt lat="39.8713871" lon="116.6782108">
        <ele>23.86531</ele>
        <time>2026-09-15T22:28:12.468000Z</time>
      </trkpt>
      <trkpt lat="39.8713542" lon="116.6783408">
        <ele>23.91165</ele>
        <time>2026-09-15T22:28:16.449000Z</time>
      </trkpt>
      <trkpt lat="39.8713178" lon="116.678469">
        <ele>23.98197</ele>
        <time>2026-09-15T22:28:20.430000Z</time>
      </trkpt>
      <trkpt lat="39.8712809" lon="116.6785944">
        <ele>24.05821</ele>
        <time>2026-09-15T22:28:24.410000Z</time>
      </trkpt>
      <trkpt lat="39.8712509" lon="116.6787155">
        <ele>24.13342</ele>
        <time>2026-09-15T22:28:28.391000Z</time>
      </trkpt>
      <trkpt lat="39.8712234" lon="116.6788426">
        <ele>24.21729</ele>
        <time>2026-09-15T22:28:32.372000Z</time>
      </trkpt>
      <trkpt lat="39.8711913" lon="116.6789725">
        <ele>24.29492</ele>
        <time>2026-09-15T22:28:36.353000Z</time>
      </trkpt>
      <trkpt lat="39.8711528" lon="116.6791003">
        <ele>24.35218</ele>
        <time>2026-09-15T22:28:40.333000Z</time>
      </trkpt>
      <trkpt lat="39.871117" lon="116.6792292">
        <ele>24.41968</ele>
        <time>2026-09-15T22:28:44.314000Z</time>
      </trkpt>
      <trkpt lat="39.8710818" lon="116.6793524">
        <ele>24.48845</ele>
        <time>2026-09-15T22:28:48.295000Z</time>
      </trkpt>
      <trkpt lat="39.8710556" lon="116.6794718">
        <ele>24.48282</ele>
        <time>2026-09-15T22:28:52.276000Z</time>
      </trkpt>
      <trkpt lat="39.8710354" lon="116.679594">
        <ele>24.38285</ele>
        <time>2026-09-15T22:28:56.256000Z</time>
      </trkpt>
      <trkpt lat="39.8709998" lon="116.6797164">
        <ele>24.19583</ele>
        <time>2026-09-15T22:29:00.237000Z</time>
      </trkpt>
      <trkpt lat="39.8709629" lon="116.6798406">
        <ele>23.943</ele>
        <time>2026-09-15T22:29:04.218000Z</time>
      </trkpt>
      <trkpt lat="39.8709244" lon="116.6799685">
        <ele>23.69188</ele>
        <time>2026-09-15T22:29:08.199000Z</time>
      </trkpt>
      <trkpt lat="39.8708896" lon="116.680093">
        <ele>23.55638</ele>
        <time>2026-09-15T22:29:12Z</time>
      </trkpt>
      <trkpt lat="39.8708579" lon="116.680222">
        <ele>23.53281</ele>
        <time>2026-09-15T22:29:16Z</time>
      </trkpt>
      <trkpt lat="39.8708227" lon="116.6803507">
        <ele>23.48998</ele>
        <time>2026-09-15T22:29:20Z</time>
      </trkpt>
      <trkpt lat="39.8707831" lon="116.6804735">
        <ele>23.41469</ele>
        <time>2026-09-15T22:29:24Z</time>
      </trkpt>
      <trkpt lat="39.8707494" lon="116.6805952">
        <ele>23.34343</ele>
        <time>2026-09-15T22:29:28Z</time>
      </trkpt>
      <trkpt lat="39.870719" lon="116.680725">
        <ele>23.25282</ele>
        <time>2026-09-15T22:29:32.083000Z</time>
      </trkpt>
      <trkpt lat="39.8706872" lon="116.6808503">
        <ele>23.1496</ele>
        <time>2026-09-15T22:29:36Z</time>
      </trkpt>
      <trkpt lat="39.8706532" lon="116.6809814">
        <ele>23.08992</ele>
        <time>2026-09-15T22:29:40Z</time>
      </trkpt>
      <trkpt lat="39.8706182" lon="116.6811106">
        <ele>23.12435</ele>
        <time>2026-09-15T22:29:44Z</time>
      </trkpt>
      <trkpt lat="39.8705845" lon="116.6812409">
        <ele>23.29502</ele>
        <time>2026-09-15T22:29:48.006000Z</time>
      </trkpt>
      <trkpt lat="39.870552" lon="116.6813706">
        <ele>23.54482</ele>
        <time>2026-09-15T22:29:51.987000Z</time>
      </trkpt>
      <trkpt lat="39.870518" lon="116.6814967">
        <ele>23.76051</ele>
        <time>2026-09-15T22:29:55.968000Z</time>
      </trkpt>
      <trkpt lat="39.8704865" lon="116.6816237">
        <ele>23.87818</ele>
        <time>2026-09-15T22:29:59.948000Z</time>
      </trkpt>
      <trkpt lat="39.8704593" lon="116.6817498">
        <ele>23.91732</ele>
        <time>2026-09-15T22:30:03.929000Z</time>
      </trkpt>
      <trkpt lat="39.8704335" lon="116.6818753">
        <ele>23.91173</ele>
        <time>2026-09-15T22:30:07.910000Z</time>
      </trkpt>
      <trkpt lat="39.8704059" lon="116.6820012">
        <ele>23.81914</ele>
        <time>2026-09-15T22:30:11.891000Z</time>
      </trkpt>
      <trkpt lat="39.8703723" lon="116.6821249">
        <ele>23.59607</ele>
        <time>2026-09-15T22:30:15.871000Z</time>
      </trkpt>
      <trkpt lat="39.8703348" lon="116.6822481">
        <ele>23.29578</ele>
        <time>2026-09-15T22:30:19.852000Z</time>
      </trkpt>
      <trkpt lat="39.8703003" lon="116.682376">
        <ele>22.98566</ele>
        <time>2026-09-15T22:30:23.833000Z</time>
      </trkpt>
      <trkpt lat="39.8702669" lon="116.6825018">
        <ele>22.71548</ele>
        <time>2026-09-15T22:30:27.814000Z</time>
      </trkpt>
      <trkpt lat="39.8702372" lon="116.6826283">
        <ele>22.54976</ele>
        <time>2026-09-15T22:30:31.794000Z</time>
      </trkpt>
      <trkpt lat="39.8702085" lon="116.6827543">
        <ele>22.49546</ele>
        <time>2026-09-15T22:30:35.775000Z</time>
      </trkpt>
      <trkpt lat="39.8701774" lon="116.6828782">
        <ele>22.46851</ele>
        <time>2026-09-15T22:30:39.756000Z</time>
      </trkpt>
      <trkpt lat="39.8701433" lon="116.6830062">
        <ele>22.42556</ele>
        <time>2026-09-15T22:30:43.737000Z</time>
      </trkpt>
      <trkpt lat="39.870111" lon="116.6831366">
        <ele>22.39016</ele>
        <time>2026-09-15T22:30:47.717000Z</time>
      </trkpt>
      <trkpt lat="39.8700777" lon="116.683266">
        <ele>22.37099</ele>
        <time>2026-09-15T22:30:51.698000Z</time>
      </trkpt>
      <trkpt lat="39.8700451" lon="116.6833933">
        <ele>22.34555</ele>
        <time>2026-09-15T22:30:55.679000Z</time>
      </trkpt>
      <trkpt lat="39.8700126" lon="116.6835206">
        <ele>22.30134</ele>
        <time>2026-09-15T22:30:59.660000Z</time>
      </trkpt>
      <trkpt lat="39.8699767" lon="116.6836467">
        <ele>22.24313</ele>
        <time>2026-09-15T22:31:03.640000Z</time>
      </trkpt>
      <trkpt lat="39.8699361" lon="116.6837726">
        <ele>22.21157</ele>
        <time>2026-09-15T22:31:07.621000Z</time>
      </trkpt>
      <trkpt lat="39.8698974" lon="116.6838948">
        <ele>22.2417</ele>
        <time>2026-09-15T22:31:11.602000Z</time>
      </trkpt>
      <trkpt lat="39.8698603" lon="116.6840175">
        <ele>22.33923</ele>
        <time>2026-09-15T22:31:15.583000Z</time>
      </trkpt>
      <trkpt lat="39.869824" lon="116.684137">
        <ele>22.49233</ele>
        <time>2026-09-15T22:31:19.563000Z</time>
      </trkpt>
      <trkpt lat="39.8697842" lon="116.6842601">
        <ele>22.66356</ele>
        <time>2026-09-15T22:31:23.544000Z</time>
      </trkpt>
      <trkpt lat="39.8697503" lon="116.6843827">
        <ele>22.80201</ele>
        <time>2026-09-15T22:31:27.525000Z</time>
      </trkpt>
      <trkpt lat="39.8697193" lon="116.684505">
        <ele>22.9006</ele>
        <time>2026-09-15T22:31:31.506000Z</time>
      </trkpt>
      <trkpt lat="39.8696905" lon="116.6846276">
        <ele>22.97362</ele>
        <time>2026-09-15T22:31:35.486000Z</time>
      </trkpt>
      <trkpt lat="39.8696571" lon="116.6847518">
        <ele>23.02182</ele>
        <time>2026-09-15T22:31:39.467000Z</time>
      </trkpt>
      <trkpt lat="39.8696208" lon="116.6848722">
        <ele>23.03669</ele>
        <time>2026-09-15T22:31:43.448000Z</time>
      </trkpt>
      <trkpt lat="39.8695867" lon="116.6849987">
        <ele>23.02758</ele>
        <time>2026-09-15T22:31:47.429000Z</time>
      </trkpt>
      <trkpt lat="39.869554" lon="116.6851267">
        <ele>23.02217</ele>
        <time>2026-09-15T22:31:51.409000Z</time>
      </trkpt>
      <trkpt lat="39.8695217" lon="116.6852554">
        <ele>23.03683</ele>
        <time>2026-09-15T22:31:55.390000Z</time>
      </trkpt>
      <trkpt lat="39.8694949" lon="116.6853829">
        <ele>23.05199</ele>
        <time>2026-09-15T22:31:59.371000Z</time>
      </trkpt>
      <trkpt lat="39.8694694" lon="116.685511">
        <ele>23.03254</ele>
        <time>2026-09-15T22:32:03.352000Z</time>
      </trkpt>
      <trkpt lat="39.8694333" lon="116.6856364">
        <ele>22.95516</ele>
        <time>2026-09-15T22:32:07.333000Z</time>
      </trkpt>
      <trkpt lat="39.8694001" lon="116.6857602">
        <ele>22.82371</ele>
        <time>2026-09-15T22:32:11.313000Z</time>
      </trkpt>
      <trkpt lat="39.8693727" lon="116.6858871">
        <ele>22.68514</ele>
        <time>2026-09-15T22:32:15.294000Z</time>
      </trkpt>
      <trkpt lat="39.8693462" lon="116.686018">
        <ele>22.58627</ele>
        <time>2026-09-15T22:32:19.275000Z</time>
      </trkpt>
      <trkpt lat="39.8693203" lon="116.6861471">
        <ele>22.52463</ele>
        <time>2026-09-15T22:32:23.256000Z</time>
      </trkpt>
      <trkpt lat="39.8692925" lon="116.6862691">
        <ele>22.43259</ele>
        <time>2026-09-15T22:32:27.236000Z</time>
      </trkpt>
      <trkpt lat="39.8692602" lon="116.6863895">
        <ele>22.27621</ele>
        <time>2026-09-15T22:32:31.217000Z</time>
      </trkpt>
      <trkpt lat="39.8692264" lon="116.6865096">
        <ele>22.09331</ele>
        <time>2026-09-15T22:32:35.198000Z</time>
      </trkpt>
      <trkpt lat="39.8691917" lon="116.6866252">
        <ele>21.98602</ele>
        <time>2026-09-15T22:32:39Z</time>
      </trkpt>
      <trkpt lat="39.869156" lon="116.6867462">
        <ele>21.99337</ele>
        <time>2026-09-15T22:32:43Z</time>
      </trkpt>
      <trkpt lat="39.8691254" lon="116.6868657">
        <ele>22.05408</ele>
        <time>2026-09-15T22:32:47Z</time>
      </trkpt>
      <trkpt lat="39.8690964" lon="116.6869882">
        <ele>22.1053</ele>
        <time>2026-09-15T22:32:51Z</time>
      </trkpt>
      <trkpt lat="39.8690693" lon="116.6871136">
        <ele>22.15897</ele>
        <time>2026-09-15T22:32:55Z</time>
      </trkpt>
      <trkpt lat="39.8690414" lon="116.6872419">
        <ele>22.21787</ele>
        <time>2026-09-15T22:32:59Z</time>
      </trkpt>
      <trkpt lat="39.8690008" lon="116.6873658">
        <ele>22.25373</ele>
        <time>2026-09-15T22:33:03Z</time>
      </trkpt>
      <trkpt lat="39.8689637" lon="116.6874892">
        <ele>22.2545</ele>
        <time>2026-09-15T22:33:07Z</time>
      </trkpt>
      <trkpt lat="39.8689276" lon="116.6876132">
        <ele>22.26928</ele>
        <time>2026-09-15T22:33:11Z</time>
      </trkpt>
      <trkpt lat="39.8688956" lon="116.6877367">
        <ele>22.36495</ele>
        <time>2026-09-15T22:33:15Z</time>
      </trkpt>
      <trkpt lat="39.8688646" lon="116.6878667">
        <ele>22.53636</ele>
        <time>2026-09-15T22:33:18.986000Z</time>
      </trkpt>
      <trkpt lat="39.8688327" lon="116.6879952">
        <ele>22.66377</ele>
        <time>2026-09-15T22:33:22.967000Z</time>
      </trkpt>
      <trkpt lat="39.8688017" lon="116.6881217">
        <ele>22.72398</ele>
        <time>2026-09-15T22:33:26.948000Z</time>
      </trkpt>
      <trkpt lat="39.8687717" lon="116.6882446">
        <ele>22.7412</ele>
        <time>2026-09-15T22:33:30.929000Z</time>
      </trkpt>
      <trkpt lat="39.8687392" lon="116.6883665">
        <ele>22.73966</ele>
        <time>2026-09-15T22:33:34.910000Z</time>
      </trkpt>
      <trkpt lat="39.8687111" lon="116.6884944">
        <ele>22.73276</ele>
        <time>2026-09-15T22:33:38.890000Z</time>
      </trkpt>
      <trkpt lat="39.8686859" lon="116.688625">
        <ele>22.72789</ele>
        <time>2026-09-15T22:33:42.871000Z</time>
      </trkpt>
      <trkpt lat="39.868654" lon="116.6887533">
        <ele>22.732</ele>
        <time>2026-09-15T22:33:46.852000Z</time>
      </trkpt>
      <trkpt lat="39.8685977" lon="116.6888636">
        <ele>22.76329</ele>
        <time>2026-09-15T22:33:50.833000Z</time>
      </trkpt>
      <trkpt lat="39.868505" lon="116.6889251">
        <ele>22.8159</ele>
        <time>2026-09-15T22:33:54.814000Z</time>
      </trkpt>
      <trkpt lat="39.868396" lon="116.6889223">
        <ele>22.85882</ele>
        <time>2026-09-15T22:33:58.794000Z</time>
      </trkpt>
      <trkpt lat="39.8682855" lon="116.6888984">
        <ele>22.86521</ele>
        <time>2026-09-15T22:34:02.775000Z</time>
      </trkpt>
      <trkpt lat="39.8681767" lon="116.6888782">
        <ele>22.83687</ele>
        <time>2026-09-15T22:34:06.756000Z</time>
      </trkpt>
      <trkpt lat="39.868069" lon="116.6888655">
        <ele>22.77013</ele>
        <time>2026-09-15T22:34:10.737000Z</time>
      </trkpt>
      <trkpt lat="39.8679612" lon="116.6888608">
        <ele>22.65534</ele>
        <time>2026-09-15T22:34:14.717000Z</time>
      </trkpt>
      <trkpt lat="39.8678536" lon="116.688855">
        <ele>22.48973</ele>
        <time>2026-09-15T22:34:18.698000Z</time>
      </trkpt>
      <trkpt lat="39.8677503" lon="116.6888592">
        <ele>22.31275</ele>
        <time>2026-09-15T22:34:22.679000Z</time>
      </trkpt>
      <trkpt lat="39.8676487" lon="116.6888785">
        <ele>22.15855</ele>
        <time>2026-09-15T22:34:26.660000Z</time>
      </trkpt>
      <trkpt lat="39.8675496" lon="116.6889009">
        <ele>22.05164</ele>
        <time>2026-09-15T22:34:30.641000Z</time>
      </trkpt>
      <trkpt lat="39.8674472" lon="116.6889235">
        <ele>22.00795</ele>
        <time>2026-09-15T22:34:34.621000Z</time>
      </trkpt>
      <trkpt lat="39.8673423" lon="116.6889425">
        <ele>22.01495</ele>
        <time>2026-09-15T22:34:38.602000Z</time>
      </trkpt>
      <trkpt lat="39.8672354" lon="116.6889613">
        <ele>22.05411</ele>
        <time>2026-09-15T22:34:42.583000Z</time>
      </trkpt>
      <trkpt lat="39.8671314" lon="116.6889919">
        <ele>22.09988</ele>
        <time>2026-09-15T22:34:46.564000Z</time>
      </trkpt>
      <trkpt lat="39.8670277" lon="116.6890324">
        <ele>22.15364</ele>
        <time>2026-09-15T22:34:50.545000Z</time>
      </trkpt>
      <trkpt lat="39.866926" lon="116.6890737">
        <ele>22.21179</ele>
        <time>2026-09-15T22:34:54.525000Z</time>
      </trkpt>
      <trkpt lat="39.8668267" lon="116.6891086">
        <ele>22.24759</ele>
        <time>2026-09-15T22:34:58.506000Z</time>
      </trkpt>
      <trkpt lat="39.8667229" lon="116.6891475">
        <ele>22.25863</ele>
        <time>2026-09-15T22:35:02.487000Z</time>
      </trkpt>
      <trkpt lat="39.8666231" lon="116.6891897">
        <ele>22.26936</ele>
        <time>2026-09-15T22:35:06.468000Z</time>
      </trkpt>
      <trkpt lat="39.866527" lon="116.6892344">
        <ele>22.29698</ele>
        <time>2026-09-15T22:35:10.449000Z</time>
      </trkpt>
      <trkpt lat="39.8664282" lon="116.6892777">
        <ele>22.33845</ele>
        <time>2026-09-15T22:35:14.430000Z</time>
      </trkpt>
      <trkpt lat="39.8663281" lon="116.6893136">
        <ele>22.36315</ele>
        <time>2026-09-15T22:35:18.410000Z</time>
      </trkpt>
      <trkpt lat="39.8662289" lon="116.689352">
        <ele>22.34293</ele>
        <time>2026-09-15T22:35:22.391000Z</time>
      </trkpt>
      <trkpt lat="39.8661265" lon="116.6893933">
        <ele>22.27753</ele>
        <time>2026-09-15T22:35:26.372000Z</time>
      </trkpt>
      <trkpt lat="39.8660259" lon="116.6894366">
        <ele>22.20049</ele>
        <time>2026-09-15T22:35:30.353000Z</time>
      </trkpt>
      <trkpt lat="39.8659309" lon="116.6894913">
        <ele>22.16301</ele>
        <time>2026-09-15T22:35:34.334000Z</time>
      </trkpt>
      <trkpt lat="39.8658328" lon="116.6895359">
        <ele>22.17299</ele>
        <time>2026-09-15T22:35:38.314000Z</time>
      </trkpt>
      <trkpt lat="39.8657355" lon="116.6895746">
        <ele>22.18999</ele>
        <time>2026-09-15T22:35:42.295000Z</time>
      </trkpt>
      <trkpt lat="39.8656368" lon="116.6896121">
        <ele>22.17517</ele>
        <time>2026-09-15T22:35:46.276000Z</time>
      </trkpt>
      <trkpt lat="39.8655382" lon="116.6896503">
        <ele>22.07639</ele>
        <time>2026-09-15T22:35:50.257000Z</time>
      </trkpt>
      <trkpt lat="39.8654418" lon="116.689696">
        <ele>21.84795</ele>
        <time>2026-09-15T22:35:54.238000Z</time>
      </trkpt>
      <trkpt lat="39.8653459" lon="116.689748">
        <ele>21.52088</ele>
        <time>2026-09-15T22:35:58.219000Z</time>
      </trkpt>
      <trkpt lat="39.8652489" lon="116.6898033">
        <ele>21.18998</ele>
        <time>2026-09-15T22:36:02.199000Z</time>
      </trkpt>
      <trkpt lat="39.8651599" lon="116.689857">
        <ele>21.00882</ele>
        <time>2026-09-15T22:36:06Z</time>
      </trkpt>
      <trkpt lat="39.8650679" lon="116.6899075">
        <ele>20.99844</ele>
        <time>2026-09-15T22:36:10Z</time>
      </trkpt>
      <trkpt lat="39.8649735" lon="116.6899541">
        <ele>21.05512</ele>
        <time>2026-09-15T22:36:14Z</time>
      </trkpt>
      <trkpt lat="39.8648776" lon="116.690001">
        <ele>21.07675</ele>
        <time>2026-09-15T22:36:18Z</time>
      </trkpt>
      <trkpt lat="39.8647774" lon="116.6900458">
        <ele>21.02404</ele>
        <time>2026-09-15T22:36:22Z</time>
      </trkpt>
      <trkpt lat="39.8646776" lon="116.6900858">
        <ele>20.9362</ele>
        <time>2026-09-15T22:36:26Z</time>
      </trkpt>
      <trkpt lat="39.8645784" lon="116.6901301">
        <ele>20.85997</ele>
        <time>2026-09-15T22:36:30Z</time>
      </trkpt>
      <trkpt lat="39.8644793" lon="116.6901763">
        <ele>20.81244</ele>
        <time>2026-09-15T22:36:34Z</time>
      </trkpt>
      <trkpt lat="39.8643818" lon="116.6902222">
        <ele>20.8096</ele>
        <time>2026-09-15T22:36:38Z</time>
      </trkpt>
      <trkpt lat="39.8642851" lon="116.690268">
        <ele>20.86432</ele>
        <time>2026-09-15T22:36:42Z</time>
      </trkpt>
      <trkpt lat="39.8641866" lon="116.690312">
        <ele>20.97727</ele>
        <time>2026-09-15T22:36:45.988000Z</time>
      </trkpt>
      <trkpt lat="39.8640905" lon="116.69036">
        <ele>21.08534</ele>
        <time>2026-09-15T22:36:49.969000Z</time>
      </trkpt>
      <trkpt lat="39.8639957" lon="116.6904103">
        <ele>21.16926</ele>
        <time>2026-09-15T22:36:53.950000Z</time>
      </trkpt>
      <trkpt lat="39.8638977" lon="116.6904586">
        <ele>21.25331</ele>
        <time>2026-09-15T22:36:57.931000Z</time>
      </trkpt>
      <trkpt lat="39.863802" lon="116.6905017">
        <ele>21.35798</ele>
        <time>2026-09-15T22:37:01.912000Z</time>
      </trkpt>
      <trkpt lat="39.8637077" lon="116.6905427">
        <ele>21.50788</ele>
        <time>2026-09-15T22:37:05.893000Z</time>
      </trkpt>
      <trkpt lat="39.8636141" lon="116.6905922">
        <ele>21.7237</ele>
        <time>2026-09-15T22:37:09.873000Z</time>
      </trkpt>
      <trkpt lat="39.8635182" lon="116.6906428">
        <ele>21.99347</ele>
        <time>2026-09-15T22:37:13.854000Z</time>
      </trkpt>
      <trkpt lat="39.8634202" lon="116.6906918">
        <ele>22.26484</ele>
        <time>2026-09-15T22:37:17.835000Z</time>
      </trkpt>
      <trkpt lat="39.863326" lon="116.6907426">
        <ele>22.45923</ele>
        <time>2026-09-15T22:37:21.816000Z</time>
      </trkpt>
      <trkpt lat="39.8632313" lon="116.6907926">
        <ele>22.52293</ele>
        <time>2026-09-15T22:37:25.797000Z</time>
      </trkpt>
      <trkpt lat="39.863135" lon="116.6908327">
        <ele>22.40962</ele>
        <time>2026-09-15T22:37:29.778000Z</time>
      </trkpt>
      <trkpt lat="39.8630371" lon="116.6908739">
        <ele>22.14246</ele>
        <time>2026-09-15T22:37:33.759000Z</time>
      </trkpt>
      <trkpt lat="39.8629332" lon="116.6909138">
        <ele>21.80904</ele>
        <time>2026-09-15T22:37:37.739000Z</time>
      </trkpt>
      <trkpt lat="39.8628301" lon="116.6909363">
        <ele>21.51783</ele>
        <time>2026-09-15T22:37:41.720000Z</time>
      </trkpt>
      <trkpt lat="39.8627293" lon="116.6909153">
        <ele>21.32051</ele>
        <time>2026-09-15T22:37:45.701000Z</time>
      </trkpt>
      <trkpt lat="39.8626582" lon="116.6908261">
        <ele>21.20462</ele>
        <time>2026-09-15T22:37:49.682000Z</time>
      </trkpt>
      <trkpt lat="39.8626205" lon="116.6907084">
        <ele>21.12659</ele>
        <time>2026-09-15T22:37:53.663000Z</time>
      </trkpt>
      <trkpt lat="39.8625892" lon="116.6905862">
        <ele>21.05015</ele>
        <time>2026-09-15T22:37:57.644000Z</time>
      </trkpt>
      <trkpt lat="39.8625558" lon="116.6904582">
        <ele>20.97139</ele>
        <time>2026-09-15T22:38:01.624000Z</time>
      </trkpt>
      <trkpt lat="39.862521" lon="116.6903301">
        <ele>20.92144</ele>
        <time>2026-09-15T22:38:05.605000Z</time>
      </trkpt>
      <trkpt lat="39.8624833" lon="116.6902031">
        <ele>20.91197</ele>
        <time>2026-09-15T22:38:09.586000Z</time>
      </trkpt>
      <trkpt lat="39.8624483" lon="116.690077">
        <ele>20.93359</ele>
        <time>2026-09-15T22:38:13.567000Z</time>
      </trkpt>
      <trkpt lat="39.8624145" lon="116.689952">
        <ele>20.95966</ele>
        <time>2026-09-15T22:38:17.548000Z</time>
      </trkpt>
      <trkpt lat="39.8623778" lon="116.6898302">
        <ele>20.97692</ele>
        <time>2026-09-15T22:38:21.529000Z</time>
      </trkpt>
      <trkpt lat="39.8623397" lon="116.6897075">
        <ele>21.00045</ele>
        <time>2026-09-15T22:38:25.510000Z</time>
      </trkpt>
      <trkpt lat="39.8622979" lon="116.6895888">
        <ele>21.0496</ele>
        <time>2026-09-15T22:38:29.491000Z</time>
      </trkpt>
      <trkpt lat="39.8622491" lon="116.6894733">
        <ele>21.12123</ele>
        <time>2026-09-15T22:38:33.471000Z</time>
      </trkpt>
      <trkpt lat="39.8622038" lon="116.689355">
        <ele>21.20264</ele>
        <time>2026-09-15T22:38:37.452000Z</time>
      </trkpt>
      <trkpt lat="39.8621689" lon="116.6892311">
        <ele>21.2874</ele>
        <time>2026-09-15T22:38:41.433000Z</time>
      </trkpt>
      <trkpt lat="39.8621349" lon="116.6891057">
        <ele>21.36873</ele>
        <time>2026-09-15T22:38:45.414000Z</time>
      </trkpt>
      <trkpt lat="39.8621001" lon="116.6889811">
        <ele>21.42041</ele>
        <time>2026-09-15T22:38:49.395000Z</time>
      </trkpt>
      <trkpt lat="39.8620637" lon="116.6888542">
        <ele>21.42913</ele>
        <time>2026-09-15T22:38:53.376000Z</time>
      </trkpt>
      <trkpt lat="39.8620302" lon="116.6887289">
        <ele>21.39892</ele>
        <time>2026-09-15T22:38:57.357000Z</time>
      </trkpt>
      <trkpt lat="39.8619938" lon="116.6886055">
        <ele>21.35364</ele>
        <time>2026-09-15T22:39:01.338000Z</time>
      </trkpt>
      <trkpt lat="39.8619559" lon="116.688481">
        <ele>21.33415</ele>
        <time>2026-09-15T22:39:05.318000Z</time>
      </trkpt>
      <trkpt lat="39.8619213" lon="116.6883537">
        <ele>21.35719</ele>
        <time>2026-09-15T22:39:09.299000Z</time>
      </trkpt>
      <trkpt lat="39.8618969" lon="116.6882198">
        <ele>21.42714</ele>
        <time>2026-09-15T22:39:13.280000Z</time>
      </trkpt>
      <trkpt lat="39.8618678" lon="116.6880861">
        <ele>21.52549</ele>
        <time>2026-09-15T22:39:17.261000Z</time>
      </trkpt>
      <trkpt lat="39.8618334" lon="116.687957">
        <ele>21.65647</ele>
        <time>2026-09-15T22:39:21.242000Z</time>
      </trkpt>
      <trkpt lat="39.8617977" lon="116.6878257">
        <ele>21.84135</ele>
        <time>2026-09-15T22:39:25.223000Z</time>
      </trkpt>
      <trkpt lat="39.8617568" lon="116.6876922">
        <ele>22.05412</ele>
        <time>2026-09-15T22:39:29.204000Z</time>
      </trkpt>
      <trkpt lat="39.8617113" lon="116.6875579">
        <ele>22.18124</ele>
        <time>2026-09-15T22:39:33.185000Z</time>
      </trkpt>
      <trkpt lat="39.8616482" lon="116.687434">
        <ele>22.23522</ele>
        <time>2026-09-15T22:39:37.165000Z</time>
      </trkpt>
      <trkpt lat="39.8615508" lon="116.6873759">
        <ele>22.37682</ele>
        <time>2026-09-15T22:39:41Z</time>
      </trkpt>
      <trkpt lat="39.8614558" lon="116.6873712">
        <ele>22.50159</ele>
        <time>2026-09-15T22:39:44Z</time>
      </trkpt>
      <trkpt lat="39.8613603" lon="116.6873725">
        <ele>22.59948</ele>
        <time>2026-09-15T22:39:47Z</time>
      </trkpt>
      <trkpt lat="39.8612592" lon="116.6873276">
        <ele>22.65523</ele>
        <time>2026-09-15T22:39:51Z</time>
      </trkpt>
      <trkpt lat="39.8612029" lon="116.6872179">
        <ele>22.67231</ele>
        <time>2026-09-15T22:39:55.079000Z</time>
      </trkpt>
      <trkpt lat="39.8611276" lon="116.6871374">
        <ele>22.73681</ele>
        <time>2026-09-15T22:39:59.060000Z</time>
      </trkpt>
      <trkpt lat="39.8610267" lon="116.687115">
        <ele>22.84255</ele>
        <time>2026-09-15T22:40:03.041000Z</time>
      </trkpt>
      <trkpt lat="39.8609236" lon="116.6871112">
        <ele>22.95321</ele>
        <time>2026-09-15T22:40:07.022000Z</time>
      </trkpt>
      <trkpt lat="39.8608204" lon="116.6871165">
        <ele>23.03788</ele>
        <time>2026-09-15T22:40:11.003000Z</time>
      </trkpt>
      <trkpt lat="39.8607162" lon="116.6871211">
        <ele>23.07547</ele>
        <time>2026-09-15T22:40:14.984000Z</time>
      </trkpt>
      <trkpt lat="39.8606118" lon="116.6871259">
        <ele>23.04985</ele>
        <time>2026-09-15T22:40:18.965000Z</time>
      </trkpt>
      <trkpt lat="39.8605071" lon="116.6871332">
        <ele>22.97431</ele>
        <time>2026-09-15T22:40:22.946000Z</time>
      </trkpt>
      <trkpt lat="39.8604035" lon="116.6871398">
        <ele>22.89503</ele>
        <time>2026-09-15T22:40:26.927000Z</time>
      </trkpt>
      <trkpt lat="39.8602981" lon="116.6871421">
        <ele>22.84435</ele>
        <time>2026-09-15T22:40:30.908000Z</time>
      </trkpt>
      <trkpt lat="39.8601959" lon="116.6871393">
        <ele>22.81357</ele>
        <time>2026-09-15T22:40:34.888000Z</time>
      </trkpt>
      <trkpt lat="39.8600954" lon="116.6871358">
        <ele>22.78903</ele>
        <time>2026-09-15T22:40:38.869000Z</time>
      </trkpt>
      <trkpt lat="39.8599955" lon="116.6871363">
        <ele>22.78155</ele>
        <time>2026-09-15T22:40:42.850000Z</time>
      </trkpt>
      <trkpt lat="39.8598943" lon="116.6871427">
        <ele>22.7902</ele>
        <time>2026-09-15T22:40:46.831000Z</time>
      </trkpt>
      <trkpt lat="39.8597921" lon="116.6871471">
        <ele>22.80889</ele>
        <time>2026-09-15T22:40:50.812000Z</time>
      </trkpt>
      <trkpt lat="39.8596865" lon="116.6871474">
        <ele>22.84804</ele>
        <time>2026-09-15T22:40:54.793000Z</time>
      </trkpt>
      <trkpt lat="39.8595835" lon="116.6871457">
        <ele>22.92358</ele>
        <time>2026-09-15T22:40:58.774000Z</time>
      </trkpt>
      <trkpt lat="39.8594816" lon="116.6871467">
        <ele>23.01764</ele>
        <time>2026-09-15T22:41:02.755000Z</time>
      </trkpt>
      <trkpt lat="39.8593787" lon="116.6871503">
        <ele>23.10261</ele>
        <time>2026-09-15T22:41:06.736000Z</time>
      </trkpt>
      <trkpt lat="39.859275" lon="116.6871533">
        <ele>23.16332</ele>
        <time>2026-09-15T22:41:10.717000Z</time>
      </trkpt>
      <trkpt lat="39.8591735" lon="116.6871555">
        <ele>23.18579</ele>
        <time>2026-09-15T22:41:14.697000Z</time>
      </trkpt>
      <trkpt lat="39.8590717" lon="116.6871481">
        <ele>23.15761</ele>
        <time>2026-09-15T22:41:18.678000Z</time>
      </trkpt>
      <trkpt lat="39.8589755" lon="116.6871153">
        <ele>23.09034</ele>
        <time>2026-09-15T22:41:22.659000Z</time>
      </trkpt>
      <trkpt lat="39.858914" lon="116.6870166">
        <ele>23.01008</ele>
        <time>2026-09-15T22:41:26.640000Z</time>
      </trkpt>
      <trkpt lat="39.8588909" lon="116.6868826">
        <ele>22.95146</ele>
        <time>2026-09-15T22:41:30.621000Z</time>
      </trkpt>
      <trkpt lat="39.8588733" lon="116.6867433">
        <ele>22.94352</ele>
        <time>2026-09-15T22:41:34.602000Z</time>
      </trkpt>
      <trkpt lat="39.8588526" lon="116.686608">
        <ele>22.96332</ele>
        <time>2026-09-15T22:41:38.583000Z</time>
      </trkpt>
      <trkpt lat="39.8588305" lon="116.6864763">
        <ele>22.99047</ele>
        <time>2026-09-15T22:41:42.564000Z</time>
      </trkpt>
      <trkpt lat="39.8588078" lon="116.6863441">
        <ele>23.02135</ele>
        <time>2026-09-15T22:41:46.545000Z</time>
      </trkpt>
      <trkpt lat="39.8587895" lon="116.6862096">
        <ele>23.05813</ele>
        <time>2026-09-15T22:41:50.526000Z</time>
      </trkpt>
      <trkpt lat="39.8587687" lon="116.6860759">
        <ele>23.08233</ele>
        <time>2026-09-15T22:41:54.507000Z</time>
      </trkpt>
      <trkpt lat="39.858748" lon="116.6859401">
        <ele>23.06919</ele>
        <time>2026-09-15T22:41:58.487000Z</time>
      </trkpt>
      <trkpt lat="39.8587244" lon="116.6858035">
        <ele>23.05501</ele>
        <time>2026-09-15T22:42:02.468000Z</time>
      </trkpt>
      <trkpt lat="39.8587025" lon="116.6856689">
        <ele>23.06973</ele>
        <time>2026-09-15T22:42:06.449000Z</time>
      </trkpt>
      <trkpt lat="39.8586903" lon="116.6855306">
        <ele>23.11036</ele>
        <time>2026-09-15T22:42:10.430000Z</time>
      </trkpt>
      <trkpt lat="39.8586924" lon="116.6853907">
        <ele>23.17482</ele>
        <time>2026-09-15T22:42:14.411000Z</time>
      </trkpt>
      <trkpt lat="39.8586916" lon="116.6852482">
        <ele>23.25331</ele>
        <time>2026-09-15T22:42:18.392000Z</time>
      </trkpt>
      <trkpt lat="39.8586982" lon="116.6851081">
        <ele>23.29462</ele>
        <time>2026-09-15T22:42:22.373000Z</time>
      </trkpt>
      <trkpt lat="39.8587059" lon="116.6849687">
        <ele>23.24672</ele>
        <time>2026-09-15T22:42:26.354000Z</time>
      </trkpt>
      <trkpt lat="39.8587122" lon="116.6848267">
        <ele>23.10669</ele>
        <time>2026-09-15T22:42:30.335000Z</time>
      </trkpt>
      <trkpt lat="39.85872" lon="116.6846816">
        <ele>22.93035</ele>
        <time>2026-09-15T22:42:34.316000Z</time>
      </trkpt>
      <trkpt lat="39.858731" lon="116.6845363">
        <ele>22.76429</ele>
        <time>2026-09-15T22:42:38.296000Z</time>
      </trkpt>
      <trkpt lat="39.8587445" lon="116.6843956">
        <ele>22.62634</ele>
        <time>2026-09-15T22:42:42.277000Z</time>
      </trkpt>
      <trkpt lat="39.858762" lon="116.6842571">
        <ele>22.51852</ele>
        <time>2026-09-15T22:42:46.258000Z</time>
      </trkpt>
      <trkpt lat="39.8587814" lon="116.6841194">
        <ele>22.4414</ele>
        <time>2026-09-15T22:42:50.239000Z</time>
      </trkpt>
      <trkpt lat="39.8588008" lon="116.6839782">
        <ele>22.43151</ele>
        <time>2026-09-15T22:42:54.220000Z</time>
      </trkpt>
      <trkpt lat="39.8588266" lon="116.6838353">
        <ele>22.50673</ele>
        <time>2026-09-15T22:42:58.201000Z</time>
      </trkpt>
      <trkpt lat="39.8588645" lon="116.6836926">
        <ele>22.61299</ele>
        <time>2026-09-15T22:43:02.182000Z</time>
      </trkpt>
      <trkpt lat="39.8589031" lon="116.6835495">
        <ele>22.70602</ele>
        <time>2026-09-15T22:43:06.163000Z</time>
      </trkpt>
      <trkpt lat="39.8589396" lon="116.6834026">
        <ele>22.78691</ele>
        <time>2026-09-15T22:43:10.144000Z</time>
      </trkpt>
      <trkpt lat="39.8589733" lon="116.6832576">
        <ele>22.86418</ele>
        <time>2026-09-15T22:43:14.125000Z</time>
      </trkpt>
      <trkpt lat="39.8589956" lon="116.6831132">
        <ele>22.96634</ele>
        <time>2026-09-15T22:43:18.106000Z</time>
      </trkpt>
      <trkpt lat="39.8590018" lon="116.6829741">
        <ele>23.114</ele>
        <time>2026-09-15T22:43:22.086000Z</time>
      </trkpt>
      <trkpt lat="39.8589916" lon="116.6828434">
        <ele>23.25054</ele>
        <time>2026-09-15T22:43:26Z</time>
      </trkpt>
      <trkpt lat="39.8589925" lon="116.6827029">
        <ele>23.23388</ele>
        <time>2026-09-15T22:43:30Z</time>
      </trkpt>
      <trkpt lat="39.8589955" lon="116.6825601">
        <ele>23.06097</ele>
        <time>2026-09-15T22:43:34.029000Z</time>
      </trkpt>
      <trkpt lat="39.8589978" lon="116.6824213">
        <ele>22.89287</ele>
        <time>2026-09-15T22:43:38.010000Z</time>
      </trkpt>
      <trkpt lat="39.859002" lon="116.682285">
        <ele>22.68499</ele>
        <time>2026-09-15T22:43:41.991000Z</time>
      </trkpt>
      <trkpt lat="39.8590152" lon="116.6821529">
        <ele>22.46297</ele>
        <time>2026-09-15T22:43:45.972000Z</time>
      </trkpt>
      <trkpt lat="39.8590296" lon="116.682023">
        <ele>22.38528</ele>
        <time>2026-09-15T22:43:49.953000Z</time>
      </trkpt>
      <trkpt lat="39.8590501" lon="116.6819038">
        <ele>22.45557</ele>
        <time>2026-09-15T22:43:53.934000Z</time>
      </trkpt>
      <trkpt lat="39.8590669" lon="116.6817876">
        <ele>22.63016</ele>
        <time>2026-09-15T22:43:57.915000Z</time>
      </trkpt>
      <trkpt lat="39.8590628" lon="116.6816642">
        <ele>22.87685</ele>
        <time>2026-09-15T22:44:01.896000Z</time>
      </trkpt>
      <trkpt lat="39.8590613" lon="116.6815198">
        <ele>23.21079</ele>
        <time>2026-09-15T22:44:06.872000Z</time>
      </trkpt>
      <trkpt lat="39.8590545" lon="116.6813741">
        <ele>23.50745</ele>
        <time>2026-09-15T22:44:11.848000Z</time>
      </trkpt>
      <trkpt lat="39.8590537" lon="116.6812495">
        <ele>23.72657</ele>
        <time>2026-09-15T22:44:15.829000Z</time>
      </trkpt>
      <trkpt lat="39.859064" lon="116.6811251">
        <ele>23.90633</ele>
        <time>2026-09-15T22:44:19.810000Z</time>
      </trkpt>
      <trkpt lat="39.8590714" lon="116.680998">
        <ele>24.0185</ele>
        <time>2026-09-15T22:44:23.790000Z</time>
      </trkpt>
      <trkpt lat="39.8590707" lon="116.6808595">
        <ele>24.03896</ele>
        <time>2026-09-15T22:44:27.771000Z</time>
      </trkpt>
      <trkpt lat="39.8590663" lon="116.6807144">
        <ele>23.93215</ele>
        <time>2026-09-15T22:44:31.752000Z</time>
      </trkpt>
      <trkpt lat="39.8590578" lon="116.6805692">
        <ele>23.69395</ele>
        <time>2026-09-15T22:44:35.733000Z</time>
      </trkpt>
      <trkpt lat="39.8590466" lon="116.6804237">
        <ele>23.39871</ele>
        <time>2026-09-15T22:44:39.714000Z</time>
      </trkpt>
      <trkpt lat="39.8590396" lon="116.6802756">
        <ele>23.13707</ele>
        <time>2026-09-15T22:44:43.695000Z</time>
      </trkpt>
      <trkpt lat="39.8590323" lon="116.6801267">
        <ele>22.94779</ele>
        <time>2026-09-15T22:44:47.676000Z</time>
      </trkpt>
      <trkpt lat="39.8590192" lon="116.679979">
        <ele>22.827</ele>
        <time>2026-09-15T22:44:51.657000Z</time>
      </trkpt>
      <trkpt lat="39.8590069" lon="116.6798317">
        <ele>22.75887</ele>
        <time>2026-09-15T22:44:55.638000Z</time>
      </trkpt>
      <trkpt lat="39.8589982" lon="116.6797138">
        <ele>22.73318</ele>
        <time>2026-09-15T22:44:58.623000Z</time>
      </trkpt>
      <trkpt lat="39.8589957" lon="116.6795918">
        <ele>22.73222</ele>
        <time>2026-09-15T22:45:01.609000Z</time>
      </trkpt>
      <trkpt lat="39.8589997" lon="116.6794691">
        <ele>22.7514</ele>
        <time>2026-09-15T22:45:04.595000Z</time>
      </trkpt>
      <trkpt lat="39.8590001" lon="116.6793469">
        <ele>22.7812</ele>
        <time>2026-09-15T22:45:07.580000Z</time>
      </trkpt>
      <trkpt lat="39.8589969" lon="116.6792282">
        <ele>22.82126</ele>
        <time>2026-09-15T22:45:10.566000Z</time>
      </trkpt>
      <trkpt lat="39.8589902" lon="116.6791092">
        <ele>22.87679</ele>
        <time>2026-09-15T22:45:13.552000Z</time>
      </trkpt>
      <trkpt lat="39.8589851" lon="116.6789906">
        <ele>22.95075</ele>
        <time>2026-09-15T22:45:16.537000Z</time>
      </trkpt>
      <trkpt lat="39.8589811" lon="116.6788366">
        <ele>23.07559</ele>
        <time>2026-09-15T22:45:20.518000Z</time>
      </trkpt>
      <trkpt lat="39.8589812" lon="116.6786866">
        <ele>23.21647</ele>
        <time>2026-09-15T22:45:24.499000Z</time>
      </trkpt>
      <trkpt lat="39.8589845" lon="116.6785404">
        <ele>23.35804</ele>
        <time>2026-09-15T22:45:28.480000Z</time>
      </trkpt>
      <trkpt lat="39.8589855" lon="116.6783993">
        <ele>23.47213</ele>
        <time>2026-09-15T22:45:32.461000Z</time>
      </trkpt>
      <trkpt lat="39.8589872" lon="116.6782572">
        <ele>23.54978</ele>
        <time>2026-09-15T22:45:36.442000Z</time>
      </trkpt>
      <trkpt lat="39.8589869" lon="116.6781098">
        <ele>23.56667</ele>
        <time>2026-09-15T22:45:40.423000Z</time>
      </trkpt>
      <trkpt lat="39.8589889" lon="116.677961">
        <ele>23.52428</ele>
        <time>2026-09-15T22:45:44.404000Z</time>
      </trkpt>
      <trkpt lat="39.8589953" lon="116.6778173">
        <ele>23.46163</ele>
        <time>2026-09-15T22:45:48.385000Z</time>
      </trkpt>
      <trkpt lat="39.859006" lon="116.6776772">
        <ele>23.43482</ele>
        <time>2026-09-15T22:45:52.366000Z</time>
      </trkpt>
      <trkpt lat="39.859017" lon="116.6775364">
        <ele>23.45456</ele>
        <time>2026-09-15T22:45:56.346000Z</time>
      </trkpt>
      <trkpt lat="39.8590203" lon="116.6773951">
        <ele>23.47121</ele>
        <time>2026-09-15T22:46:00.327000Z</time>
      </trkpt>
      <trkpt lat="39.8590151" lon="116.6772543">
        <ele>23.42829</ele>
        <time>2026-09-15T22:46:04.308000Z</time>
      </trkpt>
      <trkpt lat="39.8590179" lon="116.6771167">
        <ele>23.32114</ele>
        <time>2026-09-15T22:46:08.289000Z</time>
      </trkpt>
      <trkpt lat="39.8590194" lon="116.6769806">
        <ele>23.17168</ele>
        <time>2026-09-15T22:46:12.270000Z</time>
      </trkpt>
      <trkpt lat="39.8590178" lon="116.6768375">
        <ele>23.06375</ele>
        <time>2026-09-15T22:46:16.251000Z</time>
      </trkpt>
      <trkpt lat="39.8590172" lon="116.6766926">
        <ele>23.11639</ele>
        <time>2026-09-15T22:46:20.232000Z</time>
      </trkpt>
      <trkpt lat="39.8590153" lon="116.6765541">
        <ele>23.3906</ele>
        <time>2026-09-15T22:46:24.213000Z</time>
      </trkpt>
      <trkpt lat="39.8590153" lon="116.67642">
        <ele>23.78156</ele>
        <time>2026-09-15T22:46:28Z</time>
      </trkpt>
      <trkpt lat="39.8590172" lon="116.6762731">
        <ele>24.05216</ele>
        <time>2026-09-15T22:46:32Z</time>
      </trkpt>
      <trkpt lat="39.8590235" lon="116.6761237">
        <ele>24.14866</ele>
        <time>2026-09-15T22:46:36Z</time>
      </trkpt>
      <trkpt lat="39.8590299" lon="116.6759752">
        <ele>24.20208</ele>
        <time>2026-09-15T22:46:40Z</time>
      </trkpt>
      <trkpt lat="39.8590385" lon="116.6758278">
        <ele>24.20893</ele>
        <time>2026-09-15T22:46:44Z</time>
      </trkpt>
      <trkpt lat="39.8590372" lon="116.6756764">
        <ele>24.19368</ele>
        <time>2026-09-15T22:46:48Z</time>
      </trkpt>
      <trkpt lat="39.8590287" lon="116.6755266">
        <ele>24.18617</ele>
        <time>2026-09-15T22:46:52Z</time>
      </trkpt>
      <trkpt lat="39.8590263" lon="116.6753808">
        <ele>24.14562</ele>
        <time>2026-09-15T22:46:56Z</time>
      </trkpt>
      <trkpt lat="39.8590218" lon="116.6752332">
        <ele>24.04624</ele>
        <time>2026-09-15T22:47:00Z</time>
      </trkpt>
      <trkpt lat="39.8590234" lon="116.6750823">
        <ele>23.8734</ele>
        <time>2026-09-15T22:47:04Z</time>
      </trkpt>
      <trkpt lat="39.8590255" lon="116.6749335">
        <ele>23.59322</ele>
        <time>2026-09-15T22:47:08Z</time>
      </trkpt>
      <trkpt lat="39.8590258" lon="116.6747823">
        <ele>23.22149</ele>
        <time>2026-09-15T22:47:11.984000Z</time>
      </trkpt>
      <trkpt lat="39.8590232" lon="116.6746323">
        <ele>22.90542</ele>
        <time>2026-09-15T22:47:15.965000Z</time>
      </trkpt>
      <trkpt lat="39.8590149" lon="116.6744873">
        <ele>22.68377</ele>
        <time>2026-09-15T22:47:19.946000Z</time>
      </trkpt>
      <trkpt lat="39.8590075" lon="116.6743427">
        <ele>22.54231</ele>
        <time>2026-09-15T22:47:23.926000Z</time>
      </trkpt>
      <trkpt lat="39.8590044" lon="116.6741986">
        <ele>22.47876</ele>
        <time>2026-09-15T22:47:27.907000Z</time>
      </trkpt>
      <trkpt lat="39.859005" lon="116.6740581">
        <ele>22.45907</ele>
        <time>2026-09-15T22:47:31.888000Z</time>
      </trkpt>
      <trkpt lat="39.8590064" lon="116.6739174">
        <ele>22.43777</ele>
        <time>2026-09-15T22:47:35.869000Z</time>
      </trkpt>
      <trkpt lat="39.8590048" lon="116.6737793">
        <ele>22.41118</ele>
        <time>2026-09-15T22:47:39.850000Z</time>
      </trkpt>
      <trkpt lat="39.8590078" lon="116.6736365">
        <ele>22.36964</ele>
        <time>2026-09-15T22:47:43.831000Z</time>
      </trkpt>
      <trkpt lat="39.8590129" lon="116.6734936">
        <ele>22.30742</ele>
        <time>2026-09-15T22:47:47.812000Z</time>
      </trkpt>
      <trkpt lat="39.8590162" lon="116.6733515">
        <ele>22.25062</ele>
        <time>2026-09-15T22:47:51.793000Z</time>
      </trkpt>
      <trkpt lat="39.8590242" lon="116.6732057">
        <ele>22.2462</ele>
        <time>2026-09-15T22:47:55.774000Z</time>
      </trkpt>
      <trkpt lat="39.8590275" lon="116.6730568">
        <ele>22.30439</ele>
        <time>2026-09-15T22:47:59.754000Z</time>
      </trkpt>
      <trkpt lat="39.8590255" lon="116.6729115">
        <ele>22.40287</ele>
        <time>2026-09-15T22:48:03.735000Z</time>
      </trkpt>
      <trkpt lat="39.8590246" lon="116.6727674">
        <ele>22.51782</ele>
        <time>2026-09-15T22:48:07.716000Z</time>
      </trkpt>
      <trkpt lat="39.8590337" lon="116.6726207">
        <ele>22.61244</ele>
        <time>2026-09-15T22:48:11.697000Z</time>
      </trkpt>
      <trkpt lat="39.859041" lon="116.6724742">
        <ele>22.658</ele>
        <time>2026-09-15T22:48:15.678000Z</time>
      </trkpt>
      <trkpt lat="39.8590466" lon="116.6723261">
        <ele>22.64966</ele>
        <time>2026-09-15T22:48:19.659000Z</time>
      </trkpt>
      <trkpt lat="39.8590437" lon="116.6721736">
        <ele>22.60978</ele>
        <time>2026-09-15T22:48:23.640000Z</time>
      </trkpt>
      <trkpt lat="39.8590432" lon="116.6720567">
        <ele>22.57838</ele>
        <time>2026-09-15T22:48:26.625000Z</time>
      </trkpt>
      <trkpt lat="39.8590421" lon="116.6719048">
        <ele>22.53371</ele>
        <time>2026-09-15T22:48:30.606000Z</time>
      </trkpt>
      <trkpt lat="39.8590385" lon="116.6717559">
        <ele>22.47714</ele>
        <time>2026-09-15T22:48:34.587000Z</time>
      </trkpt>
      <trkpt lat="39.8590326" lon="116.6716063">
        <ele>22.43365</ele>
        <time>2026-09-15T22:48:38.568000Z</time>
      </trkpt>
      <trkpt lat="39.8590343" lon="116.6714615">
        <ele>22.42077</ele>
        <time>2026-09-15T22:48:42.549000Z</time>
      </trkpt>
      <trkpt lat="39.8590408" lon="116.6713232">
        <ele>22.4219</ele>
        <time>2026-09-15T22:48:46.530000Z</time>
      </trkpt>
      <trkpt lat="39.8590338" lon="116.6711851">
        <ele>22.41615</ele>
        <time>2026-09-15T22:48:50.511000Z</time>
      </trkpt>
      <trkpt lat="39.8590304" lon="116.671048">
        <ele>22.40607</ele>
        <time>2026-09-15T22:48:54.492000Z</time>
      </trkpt>
      <trkpt lat="39.8590346" lon="116.6709129">
        <ele>22.39082</ele>
        <time>2026-09-15T22:48:58.473000Z</time>
      </trkpt>
      <trkpt lat="39.8590331" lon="116.6707748">
        <ele>22.3673</ele>
        <time>2026-09-15T22:49:02.453000Z</time>
      </trkpt>
      <trkpt lat="39.8590265" lon="116.6706376">
        <ele>22.35626</ele>
        <time>2026-09-15T22:49:06.434000Z</time>
      </trkpt>
      <trkpt lat="39.8590243" lon="116.6705004">
        <ele>22.35918</ele>
        <time>2026-09-15T22:49:10.415000Z</time>
      </trkpt>
      <trkpt lat="39.8590292" lon="116.6703641">
        <ele>22.36485</ele>
        <time>2026-09-15T22:49:14.396000Z</time>
      </trkpt>
      <trkpt lat="39.859033" lon="116.6702297">
        <ele>22.376</ele>
        <time>2026-09-15T22:49:18.377000Z</time>
      </trkpt>
      <trkpt lat="39.8590277" lon="116.6700928">
        <ele>22.39529</ele>
        <time>2026-09-15T22:49:22.358000Z</time>
      </trkpt>
      <trkpt lat="39.8590221" lon="116.6699553">
        <ele>22.42812</ele>
        <time>2026-09-15T22:49:26.339000Z</time>
      </trkpt>
      <trkpt lat="39.8590189" lon="116.6698212">
        <ele>22.48193</ele>
        <time>2026-09-15T22:49:30.320000Z</time>
      </trkpt>
      <trkpt lat="39.8590172" lon="116.6696852">
        <ele>22.56938</ele>
        <time>2026-09-15T22:49:34.301000Z</time>
      </trkpt>
      <trkpt lat="39.8590198" lon="116.6695481">
        <ele>22.69341</ele>
        <time>2026-09-15T22:49:38.281000Z</time>
      </trkpt>
      <trkpt lat="39.8590205" lon="116.6694092">
        <ele>22.87232</ele>
        <time>2026-09-15T22:49:42.262000Z</time>
      </trkpt>
      <trkpt lat="39.859022" lon="116.6692676">
        <ele>23.13682</ele>
        <time>2026-09-15T22:49:46.243000Z</time>
      </trkpt>
      <trkpt lat="39.8590268" lon="116.6691246">
        <ele>23.51136</ele>
        <time>2026-09-15T22:49:50.224000Z</time>
      </trkpt>
      <trkpt lat="39.8590258" lon="116.6689862">
        <ele>23.99552</ele>
        <time>2026-09-15T22:49:54.205000Z</time>
      </trkpt>
      <trkpt lat="39.8590157" lon="116.66886">
        <ele>24.42779</ele>
        <time>2026-09-15T22:49:58Z</time>
      </trkpt>
      <trkpt lat="39.859013" lon="116.668726">
        <ele>24.60763</ele>
        <time>2026-09-15T22:50:02Z</time>
      </trkpt>
      <trkpt lat="39.8590137" lon="116.668582">
        <ele>24.57616</ele>
        <time>2026-09-15T22:50:06.147000Z</time>
      </trkpt>
      <trkpt lat="39.8590208" lon="116.6684424">
        <ele>24.56254</ele>
        <time>2026-09-15T22:50:10.126000Z</time>
      </trkpt>
      <trkpt lat="39.8590279" lon="116.6683034">
        <ele>24.62177</ele>
        <time>2026-09-15T22:50:13.996000Z</time>
      </trkpt>
      <trkpt lat="39.8590297" lon="116.668162">
        <ele>24.66346</ele>
        <time>2026-09-15T22:50:17.995000Z</time>
      </trkpt>
      <trkpt lat="39.8590285" lon="116.6680207">
        <ele>24.65885</ele>
        <time>2026-09-15T22:50:21.994000Z</time>
      </trkpt>
      <trkpt lat="39.8590294" lon="116.6678774">
        <ele>24.63106</ele>
        <time>2026-09-15T22:50:25.993000Z</time>
      </trkpt>
      <trkpt lat="39.8590299" lon="116.6677287">
        <ele>24.56163</ele>
        <time>2026-09-15T22:50:29.992000Z</time>
      </trkpt>
      <trkpt lat="39.8590318" lon="116.6675798">
        <ele>24.42206</ele>
        <time>2026-09-15T22:50:33.992000Z</time>
      </trkpt>
      <trkpt lat="39.8590356" lon="116.6674326">
        <ele>24.07648</ele>
        <time>2026-09-15T22:50:37.986000Z</time>
      </trkpt>
      <trkpt lat="39.859038" lon="116.6672862">
        <ele>23.58086</ele>
        <time>2026-09-15T22:50:41.967000Z</time>
      </trkpt>
      <trkpt lat="39.8590377" lon="116.6671431">
        <ele>23.1664</ele>
        <time>2026-09-15T22:50:45.948000Z</time>
      </trkpt>
      <trkpt lat="39.8590391" lon="116.667001">
        <ele>22.88084</ele>
        <time>2026-09-15T22:50:49.928000Z</time>
      </trkpt>
      <trkpt lat="39.8590407" lon="116.6668645">
        <ele>22.6904</ele>
        <time>2026-09-15T22:50:53.909000Z</time>
      </trkpt>
      <trkpt lat="39.8590427" lon="116.6667251">
        <ele>22.54311</ele>
        <time>2026-09-15T22:50:57.890000Z</time>
      </trkpt>
      <trkpt lat="39.8590415" lon="116.6665877">
        <ele>22.42767</ele>
        <time>2026-09-15T22:51:01.871000Z</time>
      </trkpt>
      <trkpt lat="39.8590389" lon="116.6664525">
        <ele>22.35283</ele>
        <time>2026-09-15T22:51:05.852000Z</time>
      </trkpt>
      <trkpt lat="39.8590395" lon="116.6663147">
        <ele>22.32272</ele>
        <time>2026-09-15T22:51:09.832000Z</time>
      </trkpt>
      <trkpt lat="39.8590419" lon="116.6661743">
        <ele>22.31263</ele>
        <time>2026-09-15T22:51:13.813000Z</time>
      </trkpt>
      <trkpt lat="39.8590407" lon="116.6660405">
        <ele>22.29356</ele>
        <time>2026-09-15T22:51:17.794000Z</time>
      </trkpt>
      <trkpt lat="39.8590407" lon="116.6659066">
        <ele>22.27135</ele>
        <time>2026-09-15T22:51:21.775000Z</time>
      </trkpt>
      <trkpt lat="39.8590492" lon="116.6657698">
        <ele>22.2722</ele>
        <time>2026-09-15T22:51:25.756000Z</time>
      </trkpt>
      <trkpt lat="39.8590539" lon="116.6656366">
        <ele>22.29736</ele>
        <time>2026-09-15T22:51:29.737000Z</time>
      </trkpt>
      <trkpt lat="39.8590352" lon="116.665509">
        <ele>22.35394</ele>
        <time>2026-09-15T22:51:33.718000Z</time>
      </trkpt>
      <trkpt lat="39.8590259" lon="116.6653753">
        <ele>22.45916</ele>
        <time>2026-09-15T22:51:37.698000Z</time>
      </trkpt>
      <trkpt lat="39.8590311" lon="116.665232">
        <ele>22.62334</ele>
        <time>2026-09-15T22:51:41.679000Z</time>
      </trkpt>
      <trkpt lat="39.8590389" lon="116.6650868">
        <ele>22.85597</ele>
        <time>2026-09-15T22:51:45.660000Z</time>
      </trkpt>
      <trkpt lat="39.8590411" lon="116.664944">
        <ele>23.12636</ele>
        <time>2026-09-15T22:51:49.641000Z</time>
      </trkpt>
      <trkpt lat="39.8590407" lon="116.6647958">
        <ele>23.39565</ele>
        <time>2026-09-15T22:51:53.622000Z</time>
      </trkpt>
      <trkpt lat="39.8590416" lon="116.664648">
        <ele>23.65241</ele>
        <time>2026-09-15T22:51:57.603000Z</time>
      </trkpt>
      <trkpt lat="39.8590469" lon="116.6645025">
        <ele>23.89239</ele>
        <time>2026-09-15T22:52:01.585000Z</time>
      </trkpt>
      <trkpt lat="39.8590497" lon="116.6643629">
        <ele>24.09949</ele>
        <time>2026-09-15T22:52:05.568000Z</time>
      </trkpt>
      <trkpt lat="39.8590467" lon="116.6642269">
        <ele>24.26785</ele>
        <time>2026-09-15T22:52:09.551000Z</time>
      </trkpt>
      <trkpt lat="39.8590405" lon="116.6640922">
        <ele>24.40086</ele>
        <time>2026-09-15T22:52:13.533000Z</time>
      </trkpt>
      <trkpt lat="39.8590358" lon="116.663955">
        <ele>24.50357</ele>
        <time>2026-09-15T22:52:17.514000Z</time>
      </trkpt>
      <trkpt lat="39.859034" lon="116.6638153">
        <ele>24.59684</ele>
        <time>2026-09-15T22:52:21.496000Z</time>
      </trkpt>
      <trkpt lat="39.8590354" lon="116.6636764">
        <ele>24.69944</ele>
        <time>2026-09-15T22:52:25.477000Z</time>
      </trkpt>
      <trkpt lat="39.859035" lon="116.6635337">
        <ele>24.80765</ele>
        <time>2026-09-15T22:52:29.458000Z</time>
      </trkpt>
      <trkpt lat="39.8590362" lon="116.6633867">
        <ele>24.89497</ele>
        <time>2026-09-15T22:52:33.440000Z</time>
      </trkpt>
      <trkpt lat="39.8590402" lon="116.663233">
        <ele>24.9463</ele>
        <time>2026-09-15T22:52:37.421000Z</time>
      </trkpt>
      <trkpt lat="39.859049" lon="116.663079">
        <ele>24.96401</ele>
        <time>2026-09-15T22:52:41.402000Z</time>
      </trkpt>
      <trkpt lat="39.8590527" lon="116.6629251">
        <ele>24.95306</ele>
        <time>2026-09-15T22:52:45.383000Z</time>
      </trkpt>
      <trkpt lat="39.8590523" lon="116.662774">
        <ele>24.94186</ele>
        <time>2026-09-15T22:52:49.364000Z</time>
      </trkpt>
      <trkpt lat="39.8590506" lon="116.6626263">
        <ele>24.97287</ele>
        <time>2026-09-15T22:52:53.345000Z</time>
      </trkpt>
      <trkpt lat="39.8590448" lon="116.6624815">
        <ele>25.0336</ele>
        <time>2026-09-15T22:52:57.326000Z</time>
      </trkpt>
      <trkpt lat="39.8590368" lon="116.6623344">
        <ele>25.10238</ele>
        <time>2026-09-15T22:53:01.307000Z</time>
      </trkpt>
      <trkpt lat="39.8590309" lon="116.6621875">
        <ele>25.15692</ele>
        <time>2026-09-15T22:53:05.287000Z</time>
      </trkpt>
      <trkpt lat="39.8590404" lon="116.662042">
        <ele>25.16042</ele>
        <time>2026-09-15T22:53:09.268000Z</time>
      </trkpt>
      <trkpt lat="39.8590517" lon="116.6618887">
        <ele>25.11316</ele>
        <time>2026-09-15T22:53:13.249000Z</time>
      </trkpt>
      <trkpt lat="39.8590579" lon="116.6617376">
        <ele>25.03653</ele>
        <time>2026-09-15T22:53:17.230000Z</time>
      </trkpt>
      <trkpt lat="39.8590607" lon="116.6615899">
        <ele>24.92084</ele>
        <time>2026-09-15T22:53:21.211000Z</time>
      </trkpt>
      <trkpt lat="39.8590567" lon="116.6614517">
        <ele>24.78941</ele>
        <time>2026-09-15T22:53:25Z</time>
      </trkpt>
      <trkpt lat="39.8590611" lon="116.6613027">
        <ele>24.69888</ele>
        <time>2026-09-15T22:53:29Z</time>
      </trkpt>
      <trkpt lat="39.8590624" lon="116.6611537">
        <ele>24.66154</ele>
        <time>2026-09-15T22:53:33Z</time>
      </trkpt>
      <trkpt lat="39.8590601" lon="116.6610075">
        <ele>24.65274</ele>
        <time>2026-09-15T22:53:37Z</time>
      </trkpt>
      <trkpt lat="39.8590572" lon="116.6608625">
        <ele>24.65822</ele>
        <time>2026-09-15T22:53:41Z</time>
      </trkpt>
      <trkpt lat="39.8590569" lon="116.6607158">
        <ele>24.67295</ele>
        <time>2026-09-15T22:53:45Z</time>
      </trkpt>
      <trkpt lat="39.8590601" lon="116.6605726">
        <ele>24.68175</ele>
        <time>2026-09-15T22:53:49Z</time>
      </trkpt>
      <trkpt lat="39.8590564" lon="116.6604284">
        <ele>24.67847</ele>
        <time>2026-09-15T22:53:53Z</time>
      </trkpt>
      <trkpt lat="39.859049" lon="116.6602826">
        <ele>24.67616</ele>
        <time>2026-09-15T22:53:57Z</time>
      </trkpt>
      <trkpt lat="39.8590511" lon="116.6601293">
        <ele>24.66051</ele>
        <time>2026-09-15T22:54:01Z</time>
      </trkpt>
      <trkpt lat="39.8590547" lon="116.6599783">
        <ele>24.66786</ele>
        <time>2026-09-15T22:54:05Z</time>
      </trkpt>
      <trkpt lat="39.8590607" lon="116.6598306">
        <ele>24.698</ele>
        <time>2026-09-15T22:54:08.981000Z</time>
      </trkpt>
      <trkpt lat="39.8590649" lon="116.6596815">
        <ele>24.71669</ele>
        <time>2026-09-15T22:54:12.962000Z</time>
      </trkpt>
      <trkpt lat="39.8590663" lon="116.6595371">
        <ele>24.69714</ele>
        <time>2026-09-15T22:54:16.943000Z</time>
      </trkpt>
      <trkpt lat="39.859071" lon="116.6593997">
        <ele>24.63462</ele>
        <time>2026-09-15T22:54:20.924000Z</time>
      </trkpt>
      <trkpt lat="39.8590794" lon="116.6592628">
        <ele>24.53639</ele>
        <time>2026-09-15T22:54:24.905000Z</time>
      </trkpt>
      <trkpt lat="39.8590892" lon="116.6591273">
        <ele>24.41824</ele>
        <time>2026-09-15T22:54:28.885000Z</time>
      </trkpt>
      <trkpt lat="39.859098" lon="116.6589943">
        <ele>24.3101</ele>
        <time>2026-09-15T22:54:32.866000Z</time>
      </trkpt>
      <trkpt lat="39.8590946" lon="116.6588621">
        <ele>24.23005</ele>
        <time>2026-09-15T22:54:36.847000Z</time>
      </trkpt>
      <trkpt lat="39.8590726" lon="116.6587346">
        <ele>24.2052</ele>
        <time>2026-09-15T22:54:40.828000Z</time>
      </trkpt>
      <trkpt lat="39.859066" lon="116.6586033">
        <ele>24.25517</ele>
        <time>2026-09-15T22:54:44.809000Z</time>
      </trkpt>
      <trkpt lat="39.859065" lon="116.6584655">
        <ele>24.35082</ele>
        <time>2026-09-15T22:54:48.790000Z</time>
      </trkpt>
      <trkpt lat="39.8590633" lon="116.658325">
        <ele>24.47106</ele>
        <time>2026-09-15T22:54:52.771000Z</time>
      </trkpt>
      <trkpt lat="39.8590619" lon="116.6581868">
        <ele>24.59201</ele>
        <time>2026-09-15T22:54:56.751000Z</time>
      </trkpt>
      <trkpt lat="39.8590604" lon="116.6580446">
        <ele>24.7092</ele>
        <time>2026-09-15T22:55:00.732000Z</time>
      </trkpt>
      <trkpt lat="39.8590601" lon="116.6578951">
        <ele>24.8424</ele>
        <time>2026-09-15T22:55:04.713000Z</time>
      </trkpt>
      <trkpt lat="39.8590634" lon="116.6577477">
        <ele>25.0025</ele>
        <time>2026-09-15T22:55:08.694000Z</time>
      </trkpt>
      <trkpt lat="39.8590638" lon="116.6576024">
        <ele>25.17489</ele>
        <time>2026-09-15T22:55:12.675000Z</time>
      </trkpt>
      <trkpt lat="39.8590633" lon="116.6574571">
        <ele>25.34508</ele>
        <time>2026-09-15T22:55:16.656000Z</time>
      </trkpt>
      <trkpt lat="39.8590679" lon="116.6573129">
        <ele>25.50364</ele>
        <time>2026-09-15T22:55:20.637000Z</time>
      </trkpt>
      <trkpt lat="39.8590745" lon="116.6571758">
        <ele>25.63253</ele>
        <time>2026-09-15T22:55:24.617000Z</time>
      </trkpt>
      <trkpt lat="39.8590758" lon="116.6570405">
        <ele>25.70182</ele>
        <time>2026-09-15T22:55:28.598000Z</time>
      </trkpt>
      <trkpt lat="39.8590763" lon="116.6569033">
        <ele>25.70802</ele>
        <time>2026-09-15T22:55:32.579000Z</time>
      </trkpt>
      <trkpt lat="39.8590752" lon="116.6567658">
        <ele>25.6664</ele>
        <time>2026-09-15T22:55:36.560000Z</time>
      </trkpt>
      <trkpt lat="39.8590727" lon="116.6566278">
        <ele>25.6139</ele>
        <time>2026-09-15T22:55:40.541000Z</time>
      </trkpt>
      <trkpt lat="39.859074" lon="116.6564883">
        <ele>25.56844</ele>
        <time>2026-09-15T22:55:44.522000Z</time>
      </trkpt>
      <trkpt lat="39.8590802" lon="116.6563485">
        <ele>25.48945</ele>
        <time>2026-09-15T22:55:48.503000Z</time>
      </trkpt>
      <trkpt lat="39.859081" lon="116.6562156">
        <ele>25.35367</ele>
        <time>2026-09-15T22:55:52.484000Z</time>
      </trkpt>
      <trkpt lat="39.8590626" lon="116.6560879">
        <ele>25.16605</ele>
        <time>2026-09-15T22:55:56.464000Z</time>
      </trkpt>
      <trkpt lat="39.8590522" lon="116.6559582">
        <ele>24.98697</ele>
        <time>2026-09-15T22:56:00.445000Z</time>
      </trkpt>
      <trkpt lat="39.8590504" lon="116.6558245">
        <ele>24.84563</ele>
        <time>2026-09-15T22:56:04.426000Z</time>
      </trkpt>
      <trkpt lat="39.8590438" lon="116.6556878">
        <ele>24.74697</ele>
        <time>2026-09-15T22:56:08.407000Z</time>
      </trkpt>
      <trkpt lat="39.8590372" lon="116.6555517">
        <ele>24.68587</ele>
        <time>2026-09-15T22:56:12.388000Z</time>
      </trkpt>
      <trkpt lat="39.859032" lon="116.655414">
        <ele>24.6435</ele>
        <time>2026-09-15T22:56:16.369000Z</time>
      </trkpt>
      <trkpt lat="39.8590287" lon="116.6552754">
        <ele>24.61463</ele>
        <time>2026-09-15T22:56:20.350000Z</time>
      </trkpt>
      <trkpt lat="39.859033" lon="116.6551382">
        <ele>24.59647</ele>
        <time>2026-09-15T22:56:24.331000Z</time>
      </trkpt>
      <trkpt lat="39.8590397" lon="116.6549951">
        <ele>24.55953</ele>
        <time>2026-09-15T22:56:28.311000Z</time>
      </trkpt>
      <trkpt lat="39.8590441" lon="116.6548465">
        <ele>24.48874</ele>
        <time>2026-09-15T22:56:32.292000Z</time>
      </trkpt>
      <trkpt lat="39.8590545" lon="116.6546968">
        <ele>24.42141</ele>
        <time>2026-09-15T22:56:36.273000Z</time>
      </trkpt>
      <trkpt lat="39.8590711" lon="116.65458">
        <ele>24.41005</ele>
        <time>2026-09-15T22:56:39.259000Z</time>
      </trkpt>
      <trkpt lat="39.8590825" lon="116.6544606">
        <ele>24.44104</ele>
        <time>2026-09-15T22:56:42.245000Z</time>
      </trkpt>
      <trkpt lat="39.8590881" lon="116.6543434">
        <ele>24.50977</ele>
        <time>2026-09-15T22:56:45.230000Z</time>
      </trkpt>
      <trkpt lat="39.859091" lon="116.6542257">
        <ele>24.60334</ele>
        <time>2026-09-15T22:56:48.216000Z</time>
      </trkpt>
      <trkpt lat="39.8590918" lon="116.6540717">
        <ele>24.73468</ele>
        <time>2026-09-15T22:56:52.197000Z</time>
      </trkpt>
      <trkpt lat="39.8590935" lon="116.6539293">
        <ele>24.78244</ele>
        <time>2026-09-15T22:56:56Z</time>
      </trkpt>
      <trkpt lat="39.8590921" lon="116.6537854">
        <ele>24.76505</ele>
        <time>2026-09-15T22:57:00Z</time>
      </trkpt>
      <trkpt lat="39.8590778" lon="116.6536404">
        <ele>24.77722</ele>
        <time>2026-09-15T22:57:04.139000Z</time>
      </trkpt>
      <trkpt lat="39.8590716" lon="116.6535025">
        <ele>24.82573</ele>
        <time>2026-09-15T22:57:08.120000Z</time>
      </trkpt>
      <trkpt lat="39.8590723" lon="116.6533609">
        <ele>24.89749</ele>
        <time>2026-09-15T22:57:12.101000Z</time>
      </trkpt>
      <trkpt lat="39.8590781" lon="116.653214">
        <ele>24.95918</ele>
        <time>2026-09-15T22:57:16.082000Z</time>
      </trkpt>
      <trkpt lat="39.8590841" lon="116.65307">
        <ele>24.99588</ele>
        <time>2026-09-15T22:57:20.063000Z</time>
      </trkpt>
      <trkpt lat="39.8590895" lon="116.6529259">
        <ele>24.97559</ele>
        <time>2026-09-15T22:57:24.044000Z</time>
      </trkpt>
      <trkpt lat="39.8590929" lon="116.652783">
        <ele>24.9008</ele>
        <time>2026-09-15T22:57:28Z</time>
      </trkpt>
      <trkpt lat="39.8590935" lon="116.6526456">
        <ele>24.86433</ele>
        <time>2026-09-15T22:57:32Z</time>
      </trkpt>
      <trkpt lat="39.8590907" lon="116.6525127">
        <ele>24.95561</ele>
        <time>2026-09-15T22:57:35.987000Z</time>
      </trkpt>
      <trkpt lat="39.8590837" lon="116.652377">
        <ele>25.05106</ele>
        <time>2026-09-15T22:57:39.968000Z</time>
      </trkpt>
      <trkpt lat="39.8590793" lon="116.6522403">
        <ele>25.07076</ele>
        <time>2026-09-15T22:57:43.948000Z</time>
      </trkpt>
      <trkpt lat="39.8590846" lon="116.6521058">
        <ele>25.04759</ele>
        <time>2026-09-15T22:57:47.929000Z</time>
      </trkpt>
      <trkpt lat="39.8591014" lon="116.6519668">
        <ele>25.02591</ele>
        <time>2026-09-15T22:57:51.910000Z</time>
      </trkpt>
      <trkpt lat="39.8591178" lon="116.6518224">
        <ele>25.0318</ele>
        <time>2026-09-15T22:57:55.891000Z</time>
      </trkpt>
      <trkpt lat="39.859119" lon="116.6516754">
        <ele>25.06489</ele>
        <time>2026-09-15T22:57:59.872000Z</time>
      </trkpt>
      <trkpt lat="39.8591143" lon="116.6515311">
        <ele>25.08597</ele>
        <time>2026-09-15T22:58:03.853000Z</time>
      </trkpt>
      <trkpt lat="39.8591038" lon="116.6513858">
        <ele>25.07023</ele>
        <time>2026-09-15T22:58:07.834000Z</time>
      </trkpt>
      <trkpt lat="39.8590782" lon="116.6512425">
        <ele>25.04108</ele>
        <time>2026-09-15T22:58:11.815000Z</time>
      </trkpt>
      <trkpt lat="39.8590506" lon="116.6511027">
        <ele>25.03324</ele>
        <time>2026-09-15T22:58:15.796000Z</time>
      </trkpt>
      <trkpt lat="39.8590439" lon="116.6509601">
        <ele>25.05025</ele>
        <time>2026-09-15T22:58:19.777000Z</time>
      </trkpt>
      <trkpt lat="39.8590397" lon="116.6508203">
        <ele>25.07955</ele>
        <time>2026-09-15T22:58:23.757000Z</time>
      </trkpt>
      <trkpt lat="39.8590388" lon="116.6506773">
        <ele>25.12739</ele>
        <time>2026-09-15T22:58:27.738000Z</time>
      </trkpt>
      <trkpt lat="39.8590382" lon="116.6505342">
        <ele>25.19905</ele>
        <time>2026-09-15T22:58:31.719000Z</time>
      </trkpt>
      <trkpt lat="39.8590419" lon="116.6503902">
        <ele>25.26627</ele>
        <time>2026-09-15T22:58:35.700000Z</time>
      </trkpt>
      <trkpt lat="39.8590493" lon="116.6502445">
        <ele>25.28361</ele>
        <time>2026-09-15T22:58:39.681000Z</time>
      </trkpt>
      <trkpt lat="39.8590542" lon="116.6500992">
        <ele>25.23132</ele>
        <time>2026-09-15T22:58:43.662000Z</time>
      </trkpt>
      <trkpt lat="39.859058" lon="116.6499559">
        <ele>25.15937</ele>
        <time>2026-09-15T22:58:47.643000Z</time>
      </trkpt>
      <trkpt lat="39.8590631" lon="116.6498161">
        <ele>25.10342</ele>
        <time>2026-09-15T22:58:51.624000Z</time>
      </trkpt>
      <trkpt lat="39.8590619" lon="116.6496754">
        <ele>25.04544</ele>
        <time>2026-09-15T22:58:55.605000Z</time>
      </trkpt>
      <trkpt lat="39.8590545" lon="116.6495329">
        <ele>25.0069</ele>
        <time>2026-09-15T22:58:59.585000Z</time>
      </trkpt>
      <trkpt lat="39.8590491" lon="116.6493929">
        <ele>25.00677</ele>
        <time>2026-09-15T22:59:03.566000Z</time>
      </trkpt>
      <trkpt lat="39.8590467" lon="116.649251">
        <ele>25.04842</ele>
        <time>2026-09-15T22:59:07.547000Z</time>
      </trkpt>
      <trkpt lat="39.8590455" lon="116.6491096">
        <ele>25.11642</ele>
        <time>2026-09-15T22:59:11.528000Z</time>
      </trkpt>
      <trkpt lat="39.8590422" lon="116.6489691">
        <ele>25.1687</ele>
        <time>2026-09-15T22:59:15.509000Z</time>
      </trkpt>
      <trkpt lat="39.8590402" lon="116.6488261">
        <ele>25.18457</ele>
        <time>2026-09-15T22:59:19.490000Z</time>
      </trkpt>
      <trkpt lat="39.8590457" lon="116.6486839">
        <ele>25.18308</ele>
        <time>2026-09-15T22:59:23.471000Z</time>
      </trkpt>
      <trkpt lat="39.8590909" lon="116.6485638">
        <ele>25.1882</ele>
        <time>2026-09-15T22:59:27.452000Z</time>
      </trkpt>
      <trkpt lat="39.8591834" lon="116.6485126">
        <ele>25.20724</ele>
        <time>2026-09-15T22:59:31.433000Z</time>
      </trkpt>
      <trkpt lat="39.8592929" lon="116.6485085">
        <ele>25.21123</ele>
        <time>2026-09-15T22:59:35.413000Z</time>
      </trkpt>
      <trkpt lat="39.8594011" lon="116.6485022">
        <ele>25.17475</ele>
        <time>2026-09-15T22:59:39.394000Z</time>
      </trkpt>
      <trkpt lat="39.8595084" lon="116.648488">
        <ele>25.10823</ele>
        <time>2026-09-15T22:59:43.375000Z</time>
      </trkpt>
      <trkpt lat="39.8596154" lon="116.6484785">
        <ele>25.02931</ele>
        <time>2026-09-15T22:59:47.356000Z</time>
      </trkpt>
      <trkpt lat="39.8597199" lon="116.6484735">
        <ele>24.94267</ele>
        <time>2026-09-15T22:59:51.337000Z</time>
      </trkpt>
      <trkpt lat="39.859822" lon="116.6484715">
        <ele>24.87085</ele>
        <time>2026-09-15T22:59:55.318000Z</time>
      </trkpt>
      <trkpt lat="39.8599276" lon="116.6484698">
        <ele>24.84086</ele>
        <time>2026-09-15T22:59:59.299000Z</time>
      </trkpt>
      <trkpt lat="39.8600336" lon="116.6484709">
        <ele>24.8415</ele>
        <time>2026-09-15T23:00:03.280000Z</time>
      </trkpt>
      <trkpt lat="39.8601402" lon="116.6484745">
        <ele>24.85964</ele>
        <time>2026-09-15T23:00:07.260000Z</time>
      </trkpt>
      <trkpt lat="39.8602472" lon="116.6484784">
        <ele>24.9284</ele>
        <time>2026-09-15T23:00:11.241000Z</time>
      </trkpt>
      <trkpt lat="39.8603561" lon="116.6484816">
        <ele>25.06897</ele>
        <time>2026-09-15T23:00:15.222000Z</time>
      </trkpt>
      <trkpt lat="39.8604617" lon="116.6484871">
        <ele>25.24995</ele>
        <time>2026-09-15T23:00:19.203000Z</time>
      </trkpt>
      <trkpt lat="39.8605689" lon="116.6484924">
        <ele>25.37405</ele>
        <time>2026-09-15T23:00:23Z</time>
      </trkpt>
      <trkpt lat="39.8606848" lon="116.6485004">
        <ele>25.39728</ele>
        <time>2026-09-15T23:00:27.165000Z</time>
      </trkpt>
      <trkpt lat="39.860795" lon="116.6485022">
        <ele>25.40797</ele>
        <time>2026-09-15T23:00:31.146000Z</time>
      </trkpt>
      <trkpt lat="39.8609046" lon="116.6484945">
        <ele>25.45669</ele>
        <time>2026-09-15T23:00:35.127000Z</time>
      </trkpt>
      <trkpt lat="39.8610123" lon="116.6484852">
        <ele>25.54278</ele>
        <time>2026-09-15T23:00:39Z</time>
      </trkpt>
      <trkpt lat="39.8611213" lon="116.6484794">
        <ele>25.67113</ele>
        <time>2026-09-15T23:00:43Z</time>
      </trkpt>
      <trkpt lat="39.8612327" lon="116.6484743">
        <ele>25.78081</ele>
        <time>2026-09-15T23:00:47Z</time>
      </trkpt>
      <trkpt lat="39.8613426" lon="116.6484739">
        <ele>25.81432</ele>
        <time>2026-09-15T23:00:51Z</time>
      </trkpt>
      <trkpt lat="39.8614512" lon="116.6484731">
        <ele>25.79111</ele>
        <time>2026-09-15T23:00:55Z</time>
      </trkpt>
      <trkpt lat="39.8615593" lon="116.6484701">
        <ele>25.7687</ele>
        <time>2026-09-15T23:00:59Z</time>
      </trkpt>
      <trkpt lat="39.8616694" lon="116.6484699">
        <ele>25.80144</ele>
        <time>2026-09-15T23:01:02.993000Z</time>
      </trkpt>
      <trkpt lat="39.8617806" lon="116.6484678">
        <ele>25.87723</ele>
        <time>2026-09-15T23:01:06.974000Z</time>
      </trkpt>
      <trkpt lat="39.8618977" lon="116.6484629">
        <ele>26.00277</ele>
        <time>2026-09-15T23:01:10.954000Z</time>
      </trkpt>
      <trkpt lat="39.8620133" lon="116.6484581">
        <ele>26.18048</ele>
        <time>2026-09-15T23:01:14.935000Z</time>
      </trkpt>
      <trkpt lat="39.8621121" lon="116.6485036">
        <ele>26.36018</ele>
        <time>2026-09-15T23:01:18.916000Z</time>
      </trkpt>
      <trkpt lat="39.8621704" lon="116.6486336">
        <ele>26.48796</ele>
        <time>2026-09-15T23:01:22.897000Z</time>
      </trkpt>
      <trkpt lat="39.8621823" lon="116.6487837">
        <ele>26.59897</ele>
        <time>2026-09-15T23:01:26.878000Z</time>
      </trkpt>
      <trkpt lat="39.8621801" lon="116.6489388">
        <ele>26.6737</ele>
        <time>2026-09-15T23:01:30.859000Z</time>
      </trkpt>
      <trkpt lat="39.8621795" lon="116.6490934">
        <ele>26.67221</ele>
        <time>2026-09-15T23:01:34.840000Z</time>
      </trkpt>
      <trkpt lat="39.8621813" lon="116.6492484">
        <ele>26.58163</ele>
        <time>2026-09-15T23:01:38.821000Z</time>
      </trkpt>
      <trkpt lat="39.8621813" lon="116.6494015">
        <ele>26.43242</ele>
        <time>2026-09-15T23:01:42.802000Z</time>
      </trkpt>
      <trkpt lat="39.862178" lon="116.649555">
        <ele>26.26337</ele>
        <time>2026-09-15T23:01:46.782000Z</time>
      </trkpt>
      <trkpt lat="39.862177" lon="116.6497061">
        <ele>26.10576</ele>
        <time>2026-09-15T23:01:50.763000Z</time>
      </trkpt>
      <trkpt lat="39.8621788" lon="116.6498565">
        <ele>25.97849</ele>
        <time>2026-09-15T23:01:54.744000Z</time>
      </trkpt>
      <trkpt lat="39.8621832" lon="116.650007">
        <ele>25.90134</ele>
        <time>2026-09-15T23:01:58.725000Z</time>
      </trkpt>
      <trkpt lat="39.8621859" lon="116.6501547">
        <ele>25.86789</ele>
        <time>2026-09-15T23:02:02.706000Z</time>
      </trkpt>
      <trkpt lat="39.8621981" lon="116.6502986">
        <ele>25.79763</ele>
        <time>2026-09-15T23:02:06.687000Z</time>
      </trkpt>
      <trkpt lat="39.8622158" lon="116.6504417">
        <ele>25.65423</ele>
        <time>2026-09-15T23:02:10.668000Z</time>
      </trkpt>
      <trkpt lat="39.8622222" lon="116.6505933">
        <ele>25.47109</ele>
        <time>2026-09-15T23:02:14.649000Z</time>
      </trkpt>
      <trkpt lat="39.862223" lon="116.6507472">
        <ele>25.27301</ele>
        <time>2026-09-15T23:02:18.630000Z</time>
      </trkpt>
      <trkpt lat="39.8622183" lon="116.6508997">
        <ele>25.06647</ele>
        <time>2026-09-15T23:02:22.611000Z</time>
      </trkpt>
      <trkpt lat="39.862237" lon="116.6510445">
        <ele>24.87537</ele>
        <time>2026-09-15T23:02:26.592000Z</time>
      </trkpt>
      <trkpt lat="39.8623065" lon="116.6511484">
        <ele>24.73669</ele>
        <time>2026-09-15T23:02:30.572000Z</time>
      </trkpt>
      <trkpt lat="39.8624179" lon="116.6512057">
        <ele>24.65335</ele>
        <time>2026-09-15T23:02:34.553000Z</time>
      </trkpt>
      <trkpt lat="39.8625105" lon="116.6512327">
        <ele>24.60219</ele>
        <time>2026-09-15T23:02:37.539000Z</time>
      </trkpt>
      <trkpt lat="39.8626" lon="116.6512561">
        <ele>24.55314</ele>
        <time>2026-09-15T23:02:40.525000Z</time>
      </trkpt>
      <trkpt lat="39.8626855" lon="116.6513247">
        <ele>24.48635</ele>
        <time>2026-09-15T23:02:44.506000Z</time>
      </trkpt>
      <trkpt lat="39.8627075" lon="116.6514583">
        <ele>24.40443</ele>
        <time>2026-09-15T23:02:49.482000Z</time>
      </trkpt>
      <trkpt lat="39.8626834" lon="116.6515542">
        <ele>24.15974</ele>
        <time>2026-09-15T23:03:00.429000Z</time>
      </trkpt>
      <trkpt lat="39.862698" lon="116.6515691">
        <ele>24.06483</ele>
        <time>2026-09-15T23:03:06.401000Z</time>
      </trkpt>
      <trkpt lat="39.862691" lon="116.6515916">
        <ele>24.19249</ele>
        <time>2026-09-15T23:03:18.344000Z</time>
      </trkpt>
      <trkpt lat="39.8626904" lon="116.6517324">
        <ele>24.40528</ele>
        <time>2026-09-15T23:03:25.310000Z</time>
      </trkpt>
      <trkpt lat="39.8627591" lon="116.6518294">
        <ele>24.57386</ele>
        <time>2026-09-15T23:03:30.287000Z</time>
      </trkpt>
      <trkpt lat="39.8628516" lon="116.6518616">
        <ele>24.65827</ele>
        <time>2026-09-15T23:03:33.272000Z</time>
      </trkpt>
      <trkpt lat="39.862949" lon="116.6518744">
        <ele>24.72756</ele>
        <time>2026-09-15T23:03:36.258000Z</time>
      </trkpt>
      <trkpt lat="39.863045" lon="116.6518797">
        <ele>24.78582</ele>
        <time>2026-09-15T23:03:39.244000Z</time>
      </trkpt>
      <trkpt lat="39.8631409" lon="116.6518815">
        <ele>24.83717</ele>
        <time>2026-09-15T23:03:42.229000Z</time>
      </trkpt>
      <trkpt lat="39.8632369" lon="116.6518801">
        <ele>24.89129</ele>
        <time>2026-09-15T23:03:45.215000Z</time>
      </trkpt>
      <trkpt lat="39.8633317" lon="116.651874">
        <ele>24.95557</ele>
        <time>2026-09-15T23:03:48.201000Z</time>
      </trkpt>
      <trkpt lat="39.8634257" lon="116.6518623">
        <ele>25.03031</ele>
        <time>2026-09-15T23:03:51.187000Z</time>
      </trkpt>
      <trkpt lat="39.863519" lon="116.651847">
        <ele>25.11061</ele>
        <time>2026-09-15T23:03:54.172000Z</time>
      </trkpt>
      <trkpt lat="39.8636142" lon="116.6518461">
        <ele>25.19059</ele>
        <time>2026-09-15T23:03:57.158000Z</time>
      </trkpt>
      <trkpt lat="39.8637112" lon="116.6518477">
        <ele>25.26518</ele>
        <time>2026-09-15T23:04:00.144000Z</time>
      </trkpt>
      <trkpt lat="39.8638075" lon="116.6518437">
        <ele>25.32808</ele>
        <time>2026-09-15T23:04:03.129000Z</time>
      </trkpt>
      <trkpt lat="39.8639015" lon="116.6518257">
        <ele>25.36972</ele>
        <time>2026-09-15T23:04:06.115000Z</time>
      </trkpt>
      <trkpt lat="39.8639952" lon="116.6517988">
        <ele>25.38776</ele>
        <time>2026-09-15T23:04:09.101000Z</time>
      </trkpt>
      <trkpt lat="39.8640865" lon="116.6517759">
        <ele>25.39182</ele>
        <time>2026-09-15T23:04:12.087000Z</time>
      </trkpt>
      <trkpt lat="39.8641776" lon="116.6517614">
        <ele>25.38155</ele>
        <time>2026-09-15T23:04:15.072000Z</time>
      </trkpt>
      <trkpt lat="39.8642694" lon="116.6517519">
        <ele>25.33734</ele>
        <time>2026-09-15T23:04:18.058000Z</time>
      </trkpt>
      <trkpt lat="39.8643596" lon="116.651745">
        <ele>25.2405</ele>
        <time>2026-09-15T23:04:21.044000Z</time>
      </trkpt>
      <trkpt lat="39.8644547" lon="116.6517333">
        <ele>25.11799</ele>
        <time>2026-09-15T23:04:24.029000Z</time>
      </trkpt>
      <trkpt lat="39.8645504" lon="116.65172">
        <ele>25.0686</ele>
        <time>2026-09-15T23:04:27.015000Z</time>
      </trkpt>
      <trkpt lat="39.864645" lon="116.6517068">
        <ele>25.13448</ele>
        <time>2026-09-15T23:04:30.001000Z</time>
      </trkpt>
      <trkpt lat="39.8647403" lon="116.6516989">
        <ele>25.30823</ele>
        <time>2026-09-15T23:04:32.986000Z</time>
      </trkpt>
      <trkpt lat="39.8648344" lon="116.6516956">
        <ele>25.50078</ele>
        <time>2026-09-15T23:04:35.972000Z</time>
      </trkpt>
      <trkpt lat="39.8649268" lon="116.6517005">
        <ele>25.65997</ele>
        <time>2026-09-15T23:04:38.957000Z</time>
      </trkpt>
      <trkpt lat="39.8650445" lon="116.651718">
        <ele>25.81857</ele>
        <time>2026-09-15T23:04:42.938000Z</time>
      </trkpt>
      <trkpt lat="39.8651523" lon="116.6517439">
        <ele>25.94529</ele>
        <time>2026-09-15T23:04:46.919000Z</time>
      </trkpt>
      <trkpt lat="39.8652556" lon="116.6517807">
        <ele>26.08432</ele>
        <time>2026-09-15T23:04:51.896000Z</time>
      </trkpt>
      <trkpt lat="39.86536" lon="116.6517803">
        <ele>26.20602</ele>
        <time>2026-09-15T23:04:55.877000Z</time>
      </trkpt>
      <trkpt lat="39.8654759" lon="116.6517591">
        <ele>26.3265</ele>
        <time>2026-09-15T23:04:59.858000Z</time>
      </trkpt>
      <trkpt lat="39.865592" lon="116.6517458">
        <ele>26.41484</ele>
        <time>2026-09-15T23:05:03.839000Z</time>
      </trkpt>
      <trkpt lat="39.8657109" lon="116.6517354">
        <ele>26.48042</ele>
        <time>2026-09-15T23:05:07.819000Z</time>
      </trkpt>
      <trkpt lat="39.8658303" lon="116.6517281">
        <ele>26.54371</ele>
        <time>2026-09-15T23:05:11.800000Z</time>
      </trkpt>
      <trkpt lat="39.8659497" lon="116.651724">
        <ele>26.59148</ele>
        <time>2026-09-15T23:05:15.781000Z</time>
      </trkpt>
      <trkpt lat="39.8660674" lon="116.6517249">
        <ele>26.61802</ele>
        <time>2026-09-15T23:05:19.762000Z</time>
      </trkpt>
      <trkpt lat="39.8661857" lon="116.6517236">
        <ele>26.64726</ele>
        <time>2026-09-15T23:05:23.743000Z</time>
      </trkpt>
      <trkpt lat="39.8663026" lon="116.6517266">
        <ele>26.67284</ele>
        <time>2026-09-15T23:05:27.724000Z</time>
      </trkpt>
      <trkpt lat="39.8664194" lon="116.6517275">
        <ele>26.67555</ele>
        <time>2026-09-15T23:05:31.705000Z</time>
      </trkpt>
      <trkpt lat="39.8665349" lon="116.6517244">
        <ele>26.65948</ele>
        <time>2026-09-15T23:05:35.686000Z</time>
      </trkpt>
      <trkpt lat="39.8666534" lon="116.6517283">
        <ele>26.61495</ele>
        <time>2026-09-15T23:05:39.667000Z</time>
      </trkpt>
      <trkpt lat="39.8667697" lon="116.6517365">
        <ele>26.50928</ele>
        <time>2026-09-15T23:05:43.648000Z</time>
      </trkpt>
      <trkpt lat="39.8668857" lon="116.6517402">
        <ele>26.34212</ele>
        <time>2026-09-15T23:05:47.629000Z</time>
      </trkpt>
      <trkpt lat="39.866999" lon="116.651743">
        <ele>26.14537</ele>
        <time>2026-09-15T23:05:51.610000Z</time>
      </trkpt>
      <trkpt lat="39.867114" lon="116.6517389">
        <ele>25.98529</ele>
        <time>2026-09-15T23:05:55.591000Z</time>
      </trkpt>
      <trkpt lat="39.8672287" lon="116.6517402">
        <ele>25.88445</ele>
        <time>2026-09-15T23:05:59.572000Z</time>
      </trkpt>
      <trkpt lat="39.8673412" lon="116.6517507">
        <ele>25.77634</ele>
        <time>2026-09-15T23:06:03.553000Z</time>
      </trkpt>
      <trkpt lat="39.8674491" lon="116.6517591">
        <ele>25.65251</ele>
        <time>2026-09-15T23:06:07.533000Z</time>
      </trkpt>
      <trkpt lat="39.867557" lon="116.6517632">
        <ele>25.55502</ele>
        <time>2026-09-15T23:06:11.514000Z</time>
      </trkpt>
      <trkpt lat="39.867664" lon="116.6517659">
        <ele>25.49078</ele>
        <time>2026-09-15T23:06:15.495000Z</time>
      </trkpt>
      <trkpt lat="39.8677749" lon="116.6517746">
        <ele>25.45046</ele>
        <time>2026-09-15T23:06:19.476000Z</time>
      </trkpt>
      <trkpt lat="39.8678778" lon="116.6518102">
        <ele>25.48664</ele>
        <time>2026-09-15T23:06:23.457000Z</time>
      </trkpt>
      <trkpt lat="39.8679521" lon="116.6518998">
        <ele>25.63111</ele>
        <time>2026-09-15T23:06:27.438000Z</time>
      </trkpt>
      <trkpt lat="39.8679819" lon="116.6520333">
        <ele>25.83042</ele>
        <time>2026-09-15T23:06:31.419000Z</time>
      </trkpt>
      <trkpt lat="39.8679792" lon="116.6521799">
        <ele>26.00451</ele>
        <time>2026-09-15T23:06:35.400000Z</time>
      </trkpt>
      <trkpt lat="39.867969" lon="116.6523266">
        <ele>26.11441</ele>
        <time>2026-09-15T23:06:39.381000Z</time>
      </trkpt>
      <trkpt lat="39.8679587" lon="116.6524723">
        <ele>26.17908</ele>
        <time>2026-09-15T23:06:43.362000Z</time>
      </trkpt>
      <trkpt lat="39.8679487" lon="116.652618">
        <ele>26.2512</ele>
        <time>2026-09-15T23:06:47.343000Z</time>
      </trkpt>
      <trkpt lat="39.867933" lon="116.6527627">
        <ele>26.34022</ele>
        <time>2026-09-15T23:06:51.324000Z</time>
      </trkpt>
      <trkpt lat="39.8679155" lon="116.6529025">
        <ele>26.40967</ele>
        <time>2026-09-15T23:06:55.305000Z</time>
      </trkpt>
      <trkpt lat="39.8679021" lon="116.6530435">
        <ele>26.45794</ele>
        <time>2026-09-15T23:06:59.286000Z</time>
      </trkpt>
      <trkpt lat="39.8679036" lon="116.6531833">
        <ele>26.49474</ele>
        <time>2026-09-15T23:07:03.267000Z</time>
      </trkpt>
      <trkpt lat="39.8679263" lon="116.6533042">
        <ele>26.50303</ele>
        <time>2026-09-15T23:07:07.247000Z</time>
      </trkpt>
      <trkpt lat="39.8680259" lon="116.6533093">
        <ele>26.46198</ele>
        <time>2026-09-15T23:07:13.219000Z</time>
      </trkpt>
      <trkpt lat="39.8680811" lon="116.653202">
        <ele>26.40813</ele>
        <time>2026-09-15T23:07:17.200000Z</time>
      </trkpt>
      <trkpt lat="39.8681082" lon="116.6530676">
        <ele>26.3553</ele>
        <time>2026-09-15T23:07:21.181000Z</time>
      </trkpt>
      <trkpt lat="39.8681281" lon="116.652932">
        <ele>26.31484</ele>
        <time>2026-09-15T23:07:25.162000Z</time>
      </trkpt>
      <trkpt lat="39.8681451" lon="116.6527973">
        <ele>26.25124</ele>
        <time>2026-09-15T23:07:29.143000Z</time>
      </trkpt>
      <trkpt lat="39.8681599" lon="116.6526638">
        <ele>26.13775</ele>
        <time>2026-09-15T23:07:33.124000Z</time>
      </trkpt>
      <trkpt lat="39.8681791" lon="116.6525291">
        <ele>25.98553</ele>
        <time>2026-09-15T23:07:37.104000Z</time>
      </trkpt>
      <trkpt lat="39.8681964" lon="116.6523932">
        <ele>25.8238</ele>
        <time>2026-09-15T23:07:41.085000Z</time>
      </trkpt>
      <trkpt lat="39.8682064" lon="116.6522532">
        <ele>25.68941</ele>
        <time>2026-09-15T23:07:45.066000Z</time>
      </trkpt>
      <trkpt lat="39.868214" lon="116.6521135">
        <ele>25.58103</ele>
        <time>2026-09-15T23:07:49.047000Z</time>
      </trkpt>
      <trkpt lat="39.8682284" lon="116.6519782">
        <ele>25.45797</ele>
        <time>2026-09-15T23:07:53.028000Z</time>
      </trkpt>
      <trkpt lat="39.8682767" lon="116.6518608">
        <ele>25.30258</ele>
        <time>2026-09-15T23:07:57.009000Z</time>
      </trkpt>
      <trkpt lat="39.8683669" lon="116.6517915">
        <ele>25.18462</ele>
        <time>2026-09-15T23:08:00.990000Z</time>
      </trkpt>
      <trkpt lat="39.8684711" lon="116.6517545">
        <ele>25.1281</ele>
        <time>2026-09-15T23:08:04.971000Z</time>
      </trkpt>
      <trkpt lat="39.8685764" lon="116.651728">
        <ele>25.06287</ele>
        <time>2026-09-15T23:08:08.952000Z</time>
      </trkpt>
      <trkpt lat="39.8686854" lon="116.651722">
        <ele>24.96383</ele>
        <time>2026-09-15T23:08:12.933000Z</time>
      </trkpt>
      <trkpt lat="39.8687919" lon="116.6517273">
        <ele>24.85084</ele>
        <time>2026-09-15T23:08:16.914000Z</time>
      </trkpt>
      <trkpt lat="39.8688994" lon="116.6517359">
        <ele>24.76823</ele>
        <time>2026-09-15T23:08:20.895000Z</time>
      </trkpt>
      <trkpt lat="39.869004" lon="116.6517292">
        <ele>24.72222</ele>
        <time>2026-09-15T23:08:24.876000Z</time>
      </trkpt>
      <trkpt lat="39.8691096" lon="116.6517229">
        <ele>24.69914</ele>
        <time>2026-09-15T23:08:28.857000Z</time>
      </trkpt>
      <trkpt lat="39.8692201" lon="116.6517265">
        <ele>24.67664</ele>
        <time>2026-09-15T23:08:32.838000Z</time>
      </trkpt>
      <trkpt lat="39.8693287" lon="116.6517339">
        <ele>24.66403</ele>
        <time>2026-09-15T23:08:36.818000Z</time>
      </trkpt>
      <trkpt lat="39.8694354" lon="116.6517428">
        <ele>24.65929</ele>
        <time>2026-09-15T23:08:40.799000Z</time>
      </trkpt>
      <trkpt lat="39.8695413" lon="116.6517537">
        <ele>24.63538</ele>
        <time>2026-09-15T23:08:44.780000Z</time>
      </trkpt>
      <trkpt lat="39.8696511" lon="116.6517589">
        <ele>24.60794</ele>
        <time>2026-09-15T23:08:48.761000Z</time>
      </trkpt>
      <trkpt lat="39.8697606" lon="116.6517516">
        <ele>24.57454</ele>
        <time>2026-09-15T23:08:52.742000Z</time>
      </trkpt>
      <trkpt lat="39.8698695" lon="116.6517422">
        <ele>24.5191</ele>
        <time>2026-09-15T23:08:56.723000Z</time>
      </trkpt>
      <trkpt lat="39.8699783" lon="116.6517484">
        <ele>24.48155</ele>
        <time>2026-09-15T23:09:00.704000Z</time>
      </trkpt>
      <trkpt lat="39.8700943" lon="116.6517625">
        <ele>24.46339</ele>
        <time>2026-09-15T23:09:04.683000Z</time>
      </trkpt>
      <trkpt lat="39.8701865" lon="116.6517717">
        <ele>24.45871</ele>
        <time>2026-09-15T23:09:07.668000Z</time>
      </trkpt>
      <trkpt lat="39.8702775" lon="116.6517669">
        <ele>24.4616</ele>
        <time>2026-09-15T23:09:10.653000Z</time>
      </trkpt>
      <trkpt lat="39.8703938" lon="116.6517599">
        <ele>24.4749</ele>
        <time>2026-09-15T23:09:14.633000Z</time>
      </trkpt>
      <trkpt lat="39.870512" lon="116.6517632">
        <ele>24.48883</ele>
        <time>2026-09-15T23:09:18.614000Z</time>
      </trkpt>
      <trkpt lat="39.8706048" lon="116.6517678">
        <ele>24.49928</ele>
        <time>2026-09-15T23:09:21.599000Z</time>
      </trkpt>
      <trkpt lat="39.8706974" lon="116.6517725">
        <ele>24.51656</ele>
        <time>2026-09-15T23:09:24.584000Z</time>
      </trkpt>
      <trkpt lat="39.8707899" lon="116.6517764">
        <ele>24.54903</ele>
        <time>2026-09-15T23:09:27.570000Z</time>
      </trkpt>
      <trkpt lat="39.8708847" lon="116.6517808">
        <ele>24.60028</ele>
        <time>2026-09-15T23:09:30.555000Z</time>
      </trkpt>
      <trkpt lat="39.8709786" lon="116.6517876">
        <ele>24.66545</ele>
        <time>2026-09-15T23:09:33.541000Z</time>
      </trkpt>
      <trkpt lat="39.8710728" lon="116.6517947">
        <ele>24.73977</ele>
        <time>2026-09-15T23:09:36.526000Z</time>
      </trkpt>
      <trkpt lat="39.8711672" lon="116.6517951">
        <ele>24.8167</ele>
        <time>2026-09-15T23:09:39.512000Z</time>
      </trkpt>
      <trkpt lat="39.8712605" lon="116.6517945">
        <ele>24.88678</ele>
        <time>2026-09-15T23:09:42.498000Z</time>
      </trkpt>
      <trkpt lat="39.8713557" lon="116.6517955">
        <ele>24.94209</ele>
        <time>2026-09-15T23:09:45.483000Z</time>
      </trkpt>
      <trkpt lat="39.871451" lon="116.6517926">
        <ele>24.97971</ele>
        <time>2026-09-15T23:09:48.469000Z</time>
      </trkpt>
      <trkpt lat="39.8715423" lon="116.6517868">
        <ele>24.9984</ele>
        <time>2026-09-15T23:09:51.455000Z</time>
      </trkpt>
      <trkpt lat="39.8716324" lon="116.6517814">
        <ele>25.00976</ele>
        <time>2026-09-15T23:09:54.440000Z</time>
      </trkpt>
      <trkpt lat="39.8717509" lon="116.6517663">
        <ele>25.03716</ele>
        <time>2026-09-15T23:09:58.421000Z</time>
      </trkpt>
      <trkpt lat="39.8718685" lon="116.6517404">
        <ele>25.09327</ele>
        <time>2026-09-15T23:10:02.402000Z</time>
      </trkpt>
      <trkpt lat="39.8719862" lon="116.6517374">
        <ele>25.18354</ele>
        <time>2026-09-15T23:10:06.383000Z</time>
      </trkpt>
      <trkpt lat="39.8721033" lon="116.6517427">
        <ele>25.29369</ele>
        <time>2026-09-15T23:10:10.364000Z</time>
      </trkpt>
      <trkpt lat="39.8722209" lon="116.6517474">
        <ele>25.3976</ele>
        <time>2026-09-15T23:10:14.345000Z</time>
      </trkpt>
      <trkpt lat="39.8723375" lon="116.6517511">
        <ele>25.49314</ele>
        <time>2026-09-15T23:10:18.326000Z</time>
      </trkpt>
      <trkpt lat="39.8724535" lon="116.651755">
        <ele>25.59133</ele>
        <time>2026-09-15T23:10:22.307000Z</time>
      </trkpt>
      <trkpt lat="39.8725667" lon="116.6517583">
        <ele>25.66849</ele>
        <time>2026-09-15T23:10:26.287000Z</time>
      </trkpt>
      <trkpt lat="39.8726764" lon="116.6517616">
        <ele>25.6622</ele>
        <time>2026-09-15T23:10:30.268000Z</time>
      </trkpt>
      <trkpt lat="39.8727845" lon="116.6517686">
        <ele>25.54541</ele>
        <time>2026-09-15T23:10:34.249000Z</time>
      </trkpt>
      <trkpt lat="39.8728948" lon="116.6517746">
        <ele>25.33493</ele>
        <time>2026-09-15T23:10:38.230000Z</time>
      </trkpt>
      <trkpt lat="39.8730062" lon="116.6517793">
        <ele>25.07239</ele>
        <time>2026-09-15T23:10:42.211000Z</time>
      </trkpt>
      <trkpt lat="39.8731218" lon="116.6517784">
        <ele>24.79538</ele>
        <time>2026-09-15T23:10:46.192000Z</time>
      </trkpt>
      <trkpt lat="39.8732351" lon="116.6517601">
        <ele>24.66778</ele>
        <time>2026-09-15T23:10:50.173000Z</time>
      </trkpt>
      <trkpt lat="39.8733451" lon="116.6517407">
        <ele>24.69146</ele>
        <time>2026-09-15T23:10:54.154000Z</time>
      </trkpt>
      <trkpt lat="39.8734569" lon="116.6517291">
        <ele>24.7169</ele>
        <time>2026-09-15T23:10:58.137000Z</time>
      </trkpt>
      <trkpt lat="39.8735714" lon="116.6517249">
        <ele>24.69613</ele>
        <time>2026-09-15T23:11:02.119000Z</time>
      </trkpt>
      <trkpt lat="39.8736852" lon="116.6517245">
        <ele>24.62855</ele>
        <time>2026-09-15T23:11:06.100000Z</time>
      </trkpt>
      <trkpt lat="39.8737979" lon="116.6517323">
        <ele>24.56554</ele>
        <time>2026-09-15T23:11:10.082000Z</time>
      </trkpt>
      <trkpt lat="39.8739076" lon="116.6517561">
        <ele>24.5637</ele>
        <time>2026-09-15T23:11:14.063000Z</time>
      </trkpt>
      <trkpt lat="39.8740134" lon="116.6517801">
        <ele>24.61761</ele>
        <time>2026-09-15T23:11:17.999000Z</time>
      </trkpt>
      <trkpt lat="39.8741232" lon="116.6518057">
        <ele>24.69745</ele>
        <time>2026-09-15T23:11:21.999000Z</time>
      </trkpt>
      <trkpt lat="39.8742169" lon="116.6518884">
        <ele>24.78737</ele>
        <time>2026-09-15T23:11:25.999000Z</time>
      </trkpt>
      <trkpt lat="39.8742555" lon="116.6520275">
        <ele>24.83622</ele>
        <time>2026-09-15T23:11:29.988000Z</time>
      </trkpt>
      <trkpt lat="39.8742633" lon="116.6521786">
        <ele>24.8192</ele>
        <time>2026-09-15T23:11:33.969000Z</time>
      </trkpt>
      <trkpt lat="39.8742715" lon="116.6523282">
        <ele>24.76205</ele>
        <time>2026-09-15T23:11:37.950000Z</time>
      </trkpt>
      <trkpt lat="39.8742784" lon="116.6524766">
        <ele>24.70242</ele>
        <time>2026-09-15T23:11:41.931000Z</time>
      </trkpt>
      <trkpt lat="39.8742831" lon="116.6526236">
        <ele>24.66572</ele>
        <time>2026-09-15T23:11:45.912000Z</time>
      </trkpt>
      <trkpt lat="39.8742878" lon="116.6527694">
        <ele>24.63678</ele>
        <time>2026-09-15T23:11:49.893000Z</time>
      </trkpt>
      <trkpt lat="39.8742926" lon="116.652922">
        <ele>24.5956</ele>
        <time>2026-09-15T23:11:53.874000Z</time>
      </trkpt>
      <trkpt lat="39.8742911" lon="116.6530723">
        <ele>24.58294</ele>
        <time>2026-09-15T23:11:57.855000Z</time>
      </trkpt>
      <trkpt lat="39.8742868" lon="116.6532248">
        <ele>24.61869</ele>
        <time>2026-09-15T23:12:01.836000Z</time>
      </trkpt>
      <trkpt lat="39.8742875" lon="116.6533754">
        <ele>24.69531</ele>
        <time>2026-09-15T23:12:05.817000Z</time>
      </trkpt>
      <trkpt lat="39.8742906" lon="116.6535247">
        <ele>24.79123</ele>
        <time>2026-09-15T23:12:09.798000Z</time>
      </trkpt>
      <trkpt lat="39.8742933" lon="116.6536712">
        <ele>24.87643</ele>
        <time>2026-09-15T23:12:13.779000Z</time>
      </trkpt>
      <trkpt lat="39.8742963" lon="116.6538183">
        <ele>24.93094</ele>
        <time>2026-09-15T23:12:17.759000Z</time>
      </trkpt>
      <trkpt lat="39.8742983" lon="116.6539659">
        <ele>24.96209</ele>
        <time>2026-09-15T23:12:21.740000Z</time>
      </trkpt>
      <trkpt lat="39.8742972" lon="116.6541141">
        <ele>25.01148</ele>
        <time>2026-09-15T23:12:25.721000Z</time>
      </trkpt>
      <trkpt lat="39.8742956" lon="116.6542637">
        <ele>25.07544</ele>
        <time>2026-09-15T23:12:29.702000Z</time>
      </trkpt>
      <trkpt lat="39.8742948" lon="116.6544158">
        <ele>25.12007</ele>
        <time>2026-09-15T23:12:33.683000Z</time>
      </trkpt>
      <trkpt lat="39.8742911" lon="116.6545688">
        <ele>25.13523</ele>
        <time>2026-09-15T23:12:37.664000Z</time>
      </trkpt>
      <trkpt lat="39.8742853" lon="116.6547156">
        <ele>25.11427</ele>
        <time>2026-09-15T23:12:41.645000Z</time>
      </trkpt>
      <trkpt lat="39.8742819" lon="116.6548654">
        <ele>25.05649</ele>
        <time>2026-09-15T23:12:45.626000Z</time>
      </trkpt>
      <trkpt lat="39.8742751" lon="116.655014">
        <ele>24.98556</ele>
        <time>2026-09-15T23:12:49.607000Z</time>
      </trkpt>
      <trkpt lat="39.8742676" lon="116.6551616">
        <ele>24.92778</ele>
        <time>2026-09-15T23:12:53.588000Z</time>
      </trkpt>
      <trkpt lat="39.8742643" lon="116.6553076">
        <ele>24.93658</ele>
        <time>2026-09-15T23:12:57.569000Z</time>
      </trkpt>
      <trkpt lat="39.8742636" lon="116.6554534">
        <ele>24.98768</ele>
        <time>2026-09-15T23:13:01.549000Z</time>
      </trkpt>
      <trkpt lat="39.8742621" lon="116.6555998">
        <ele>25.07332</ele>
        <time>2026-09-15T23:13:05.530000Z</time>
      </trkpt>
      <trkpt lat="39.8742639" lon="116.6557439">
        <ele>25.17923</ele>
        <time>2026-09-15T23:13:09.511000Z</time>
      </trkpt>
      <trkpt lat="39.8742822" lon="116.6558812">
        <ele>25.27224</ele>
        <time>2026-09-15T23:13:13.492000Z</time>
      </trkpt>
      <trkpt lat="39.8743002" lon="116.6560241">
        <ele>25.33471</ele>
        <time>2026-09-15T23:13:17.473000Z</time>
      </trkpt>
      <trkpt lat="39.8743124" lon="116.6561749">
        <ele>25.35208</ele>
        <time>2026-09-15T23:13:21.454000Z</time>
      </trkpt>
      <trkpt lat="39.8743113" lon="116.6563259">
        <ele>25.32361</ele>
        <time>2026-09-15T23:13:25.435000Z</time>
      </trkpt>
      <trkpt lat="39.8743058" lon="116.6564743">
        <ele>25.27701</ele>
        <time>2026-09-15T23:13:29.416000Z</time>
      </trkpt>
      <trkpt lat="39.8743052" lon="116.6566251">
        <ele>25.23842</ele>
        <time>2026-09-15T23:13:33.397000Z</time>
      </trkpt>
      <trkpt lat="39.8743122" lon="116.6567759">
        <ele>25.22393</ele>
        <time>2026-09-15T23:13:37.377000Z</time>
      </trkpt>
      <trkpt lat="39.8743223" lon="116.6569249">
        <ele>25.2437</ele>
        <time>2026-09-15T23:13:41.358000Z</time>
      </trkpt>
      <trkpt lat="39.8743386" lon="116.6570728">
        <ele>25.28002</ele>
        <time>2026-09-15T23:13:45.339000Z</time>
      </trkpt>
      <trkpt lat="39.8743571" lon="116.6572217">
        <ele>25.31724</ele>
        <time>2026-09-15T23:13:49.320000Z</time>
      </trkpt>
      <trkpt lat="39.8743672" lon="116.6573697">
        <ele>25.32827</ele>
        <time>2026-09-15T23:13:53.301000Z</time>
      </trkpt>
      <trkpt lat="39.8743743" lon="116.6575196">
        <ele>25.2978</ele>
        <time>2026-09-15T23:13:57.282000Z</time>
      </trkpt>
      <trkpt lat="39.8743753" lon="116.6576686">
        <ele>25.20926</ele>
        <time>2026-09-15T23:14:01.263000Z</time>
      </trkpt>
      <trkpt lat="39.8743761" lon="116.6578123">
        <ele>25.04904</ele>
        <time>2026-09-15T23:14:05.244000Z</time>
      </trkpt>
      <trkpt lat="39.8743788" lon="116.6579451">
        <ele>24.82832</ele>
        <time>2026-09-15T23:14:09.225000Z</time>
      </trkpt>
      <trkpt lat="39.874383" lon="116.6580699">
        <ele>24.54541</ele>
        <time>2026-09-15T23:14:13.206000Z</time>
      </trkpt>
      <trkpt lat="39.8743841" lon="116.6581884">
        <ele>24.25553</ele>
        <time>2026-09-15T23:14:17Z</time>
      </trkpt>
      <trkpt lat="39.8743825" lon="116.6583067">
        <ele>24.06827</ele>
        <time>2026-09-15T23:14:21Z</time>
      </trkpt>
      <trkpt lat="39.8743777" lon="116.6584297">
        <ele>23.98952</ele>
        <time>2026-09-15T23:14:25Z</time>
      </trkpt>
      <trkpt lat="39.8743696" lon="116.6585572">
        <ele>23.96275</ele>
        <time>2026-09-15T23:14:29Z</time>
      </trkpt>
      <trkpt lat="39.8743412" lon="116.6586809">
        <ele>23.96191</ele>
        <time>2026-09-15T23:14:33Z</time>
      </trkpt>
      <trkpt lat="39.8742469" lon="116.6586931">
        <ele>24.02147</ele>
        <time>2026-09-15T23:14:38Z</time>
      </trkpt>
      <trkpt lat="39.874175" lon="116.6585873">
        <ele>24.20234</ele>
        <time>2026-09-15T23:14:42Z</time>
      </trkpt>
      <trkpt lat="39.8741181" lon="116.6584869">
        <ele>24.4254</ele>
        <time>2026-09-15T23:14:46Z</time>
      </trkpt>
      <trkpt lat="39.8740979" lon="116.6584796">
        <ele>24.50818</ele>
        <time>2026-09-15T23:14:49Z</time>
      </trkpt>
      <trkpt lat="39.8741548" lon="116.6585925">
        <ele>24.46714</ele>
        <time>2026-09-15T23:14:54Z</time>
      </trkpt>
      <trkpt lat="39.8741889" lon="116.6587092">
        <ele>24.38941</ele>
        <time>2026-09-15T23:14:57.991000Z</time>
      </trkpt>
      <trkpt lat="39.8741034" lon="116.6587772">
        <ele>24.34559</ele>
        <time>2026-09-15T23:15:03.963000Z</time>
      </trkpt>
      <trkpt lat="39.8741498" lon="116.6588903">
        <ele>24.37425</ele>
        <time>2026-09-15T23:15:12.920000Z</time>
      </trkpt>
      <trkpt lat="39.8742242" lon="116.6589989">
        <ele>24.35515</ele>
        <time>2026-09-15T23:15:16.901000Z</time>
      </trkpt>
      <trkpt lat="39.8742698" lon="116.6591376">
        <ele>24.28456</ele>
        <time>2026-09-15T23:15:20.882000Z</time>
      </trkpt>
      <trkpt lat="39.8742986" lon="116.6592829">
        <ele>24.21317</ele>
        <time>2026-09-15T23:15:24.863000Z</time>
      </trkpt>
      <trkpt lat="39.8743271" lon="116.6594184">
        <ele>24.18871</ele>
        <time>2026-09-15T23:15:28.844000Z</time>
      </trkpt>
      <trkpt lat="39.874338" lon="116.6595549">
        <ele>24.18713</ele>
        <time>2026-09-15T23:15:32.825000Z</time>
      </trkpt>
      <trkpt lat="39.8743304" lon="116.6596977">
        <ele>24.18667</ele>
        <time>2026-09-15T23:15:36.806000Z</time>
      </trkpt>
      <trkpt lat="39.8743177" lon="116.6598499">
        <ele>24.20061</ele>
        <time>2026-09-15T23:15:40.786000Z</time>
      </trkpt>
      <trkpt lat="39.8743156" lon="116.660002">
        <ele>24.22782</ele>
        <time>2026-09-15T23:15:44.767000Z</time>
      </trkpt>
      <trkpt lat="39.874313" lon="116.6601546">
        <ele>24.26238</ele>
        <time>2026-09-15T23:15:48.748000Z</time>
      </trkpt>
      <trkpt lat="39.8743039" lon="116.6603081">
        <ele>24.28931</ele>
        <time>2026-09-15T23:15:52.729000Z</time>
      </trkpt>
      <trkpt lat="39.8742919" lon="116.6604582">
        <ele>24.29078</ele>
        <time>2026-09-15T23:15:56.710000Z</time>
      </trkpt>
      <trkpt lat="39.8742953" lon="116.6606092">
        <ele>24.25148</ele>
        <time>2026-09-15T23:16:00.691000Z</time>
      </trkpt>
      <trkpt lat="39.8742998" lon="116.6607613">
        <ele>24.21242</ele>
        <time>2026-09-15T23:16:04.672000Z</time>
      </trkpt>
      <trkpt lat="39.8743003" lon="116.6608785">
        <ele>24.18822</ele>
        <time>2026-09-15T23:16:07.658000Z</time>
      </trkpt>
      <trkpt lat="39.8742954" lon="116.6610297">
        <ele>24.13269</ele>
        <time>2026-09-15T23:16:11.639000Z</time>
      </trkpt>
      <trkpt lat="39.8742868" lon="116.6611813">
        <ele>24.05116</ele>
        <time>2026-09-15T23:16:15.620000Z</time>
      </trkpt>
      <trkpt lat="39.8742825" lon="116.6613335">
        <ele>23.93946</ele>
        <time>2026-09-15T23:16:19.601000Z</time>
      </trkpt>
      <trkpt lat="39.8742803" lon="116.6614879">
        <ele>23.80174</ele>
        <time>2026-09-15T23:16:23.582000Z</time>
      </trkpt>
      <trkpt lat="39.8742769" lon="116.6616399">
        <ele>23.66319</ele>
        <time>2026-09-15T23:16:27.563000Z</time>
      </trkpt>
      <trkpt lat="39.8742768" lon="116.6617898">
        <ele>23.55412</ele>
        <time>2026-09-15T23:16:31.544000Z</time>
      </trkpt>
      <trkpt lat="39.8742744" lon="116.6619364">
        <ele>23.485</ele>
        <time>2026-09-15T23:16:35.525000Z</time>
      </trkpt>
      <trkpt lat="39.8742685" lon="116.6620829">
        <ele>23.47489</ele>
        <time>2026-09-15T23:16:39.506000Z</time>
      </trkpt>
      <trkpt lat="39.8742591" lon="116.662228">
        <ele>23.52901</ele>
        <time>2026-09-15T23:16:43.487000Z</time>
      </trkpt>
      <trkpt lat="39.8742438" lon="116.6623672">
        <ele>23.61459</ele>
        <time>2026-09-15T23:16:47.468000Z</time>
      </trkpt>
      <trkpt lat="39.8742372" lon="116.6625102">
        <ele>23.6939</ele>
        <time>2026-09-15T23:16:51.449000Z</time>
      </trkpt>
      <trkpt lat="39.8742304" lon="116.6626558">
        <ele>23.76209</ele>
        <time>2026-09-15T23:16:55.430000Z</time>
      </trkpt>
      <trkpt lat="39.8742264" lon="116.6628004">
        <ele>23.81287</ele>
        <time>2026-09-15T23:16:59.411000Z</time>
      </trkpt>
      <trkpt lat="39.8742279" lon="116.6629449">
        <ele>23.82726</ele>
        <time>2026-09-15T23:17:03.391000Z</time>
      </trkpt>
      <trkpt lat="39.8742306" lon="116.6630893">
        <ele>23.79229</ele>
        <time>2026-09-15T23:17:07.372000Z</time>
      </trkpt>
      <trkpt lat="39.8742363" lon="116.6632332">
        <ele>23.74886</ele>
        <time>2026-09-15T23:17:11.353000Z</time>
      </trkpt>
      <trkpt lat="39.8742377" lon="116.6633775">
        <ele>23.73172</ele>
        <time>2026-09-15T23:17:15.334000Z</time>
      </trkpt>
      <trkpt lat="39.8742396" lon="116.663526">
        <ele>23.74801</ele>
        <time>2026-09-15T23:17:19.315000Z</time>
      </trkpt>
      <trkpt lat="39.8742404" lon="116.663675">
        <ele>23.81186</ele>
        <time>2026-09-15T23:17:23.296000Z</time>
      </trkpt>
      <trkpt lat="39.874243" lon="116.663822">
        <ele>23.88386</ele>
        <time>2026-09-15T23:17:27.277000Z</time>
      </trkpt>
      <trkpt lat="39.874258" lon="116.6639653">
        <ele>23.90304</ele>
        <time>2026-09-15T23:17:31.258000Z</time>
      </trkpt>
      <trkpt lat="39.8742692" lon="116.6641104">
        <ele>23.85984</ele>
        <time>2026-09-15T23:17:35.239000Z</time>
      </trkpt>
      <trkpt lat="39.8742793" lon="116.6642573">
        <ele>23.78233</ele>
        <time>2026-09-15T23:17:39.220000Z</time>
      </trkpt>
      <trkpt lat="39.8742958" lon="116.6644025">
        <ele>23.6771</ele>
        <time>2026-09-15T23:17:43.201000Z</time>
      </trkpt>
      <trkpt lat="39.8743186" lon="116.6645407">
        <ele>23.5852</ele>
        <time>2026-09-15T23:17:47Z</time>
      </trkpt>
      <trkpt lat="39.8743458" lon="116.6646873">
        <ele>23.5418</ele>
        <time>2026-09-15T23:17:51Z</time>
      </trkpt>
      <trkpt lat="39.8743687" lon="116.6648379">
        <ele>23.48538</ele>
        <time>2026-09-15T23:17:55Z</time>
      </trkpt>
      <trkpt lat="39.8743974" lon="116.6649802">
        <ele>23.41062</ele>
        <time>2026-09-15T23:17:59Z</time>
      </trkpt>
      <trkpt lat="39.874435" lon="116.665119">
        <ele>23.3466</ele>
        <time>2026-09-15T23:18:03Z</time>
      </trkpt>
      <trkpt lat="39.8744684" lon="116.6652279">
        <ele>23.30766</ele>
        <time>2026-09-15T23:18:06Z</time>
      </trkpt>
      <trkpt lat="39.8745024" lon="116.6653391">
        <ele>23.27818</ele>
        <time>2026-09-15T23:18:09Z</time>
      </trkpt>
      <trkpt lat="39.8745322" lon="116.6654498">
        <ele>23.27439</ele>
        <time>2026-09-15T23:18:12Z</time>
      </trkpt>
      <trkpt lat="39.874569" lon="116.6655949">
        <ele>23.32008</ele>
        <time>2026-09-15T23:18:16Z</time>
      </trkpt>
      <trkpt lat="39.8746104" lon="116.6657328">
        <ele>23.35516</ele>
        <time>2026-09-15T23:18:20Z</time>
      </trkpt>
      <trkpt lat="39.8746512" lon="116.6658691">
        <ele>23.29169</ele>
        <time>2026-09-15T23:18:24Z</time>
      </trkpt>
      <trkpt lat="39.8747001" lon="116.6660007">
        <ele>23.12348</ele>
        <time>2026-09-15T23:18:27.987000Z</time>
      </trkpt>
      <trkpt lat="39.8747626" lon="116.6661161">
        <ele>22.9774</ele>
        <time>2026-09-15T23:18:31.968000Z</time>
      </trkpt>
      <trkpt lat="39.8748134" lon="116.6662435">
        <ele>22.91677</ele>
        <time>2026-09-15T23:18:35.949000Z</time>
      </trkpt>
      <trkpt lat="39.8748682" lon="116.6663771">
        <ele>22.91669</ele>
        <time>2026-09-15T23:18:39.930000Z</time>
      </trkpt>
      <trkpt lat="39.8749288" lon="116.6665064">
        <ele>22.94018</ele>
        <time>2026-09-15T23:18:43.911000Z</time>
      </trkpt>
      <trkpt lat="39.8749988" lon="116.666629">
        <ele>22.94548</ele>
        <time>2026-09-15T23:18:47.892000Z</time>
      </trkpt>
      <trkpt lat="39.8750781" lon="116.6667435">
        <ele>22.91421</ele>
        <time>2026-09-15T23:18:51.873000Z</time>
      </trkpt>
      <trkpt lat="39.8751569" lon="116.6668556">
        <ele>22.86442</ele>
        <time>2026-09-15T23:18:55.854000Z</time>
      </trkpt>
      <trkpt lat="39.8752295" lon="116.6669743">
        <ele>22.82328</ele>
        <time>2026-09-15T23:18:59.835000Z</time>
      </trkpt>
      <trkpt lat="39.875276" lon="116.6671018">
        <ele>22.8518</ele>
        <time>2026-09-15T23:19:03.816000Z</time>
      </trkpt>
      <trkpt lat="39.8752867" lon="116.6672431">
        <ele>22.95804</ele>
        <time>2026-09-15T23:19:07.797000Z</time>
      </trkpt>
      <trkpt lat="39.875311" lon="116.6673775">
        <ele>23.09452</ele>
        <time>2026-09-15T23:19:11.778000Z</time>
      </trkpt>
      <trkpt lat="39.8753708" lon="116.6674968">
        <ele>23.22111</ele>
        <time>2026-09-15T23:19:15.759000Z</time>
      </trkpt>
      <trkpt lat="39.8754453" lon="116.6676015">
        <ele>23.34637</ele>
        <time>2026-09-15T23:19:19.740000Z</time>
      </trkpt>
      <trkpt lat="39.8755237" lon="116.6677089">
        <ele>23.47299</ele>
        <time>2026-09-15T23:19:23.721000Z</time>
      </trkpt>
      <trkpt lat="39.8755954" lon="116.6678283">
        <ele>23.58212</ele>
        <time>2026-09-15T23:19:27.702000Z</time>
      </trkpt>
      <trkpt lat="39.8756514" lon="116.6679521">
        <ele>23.64789</ele>
        <time>2026-09-15T23:19:31.682000Z</time>
      </trkpt>
      <trkpt lat="39.8756443" lon="116.66807">
        <ele>23.64965</ele>
        <time>2026-09-15T23:19:35.663000Z</time>
      </trkpt>
      <trkpt lat="39.8755435" lon="116.6681156">
        <ele>23.51937</ele>
        <time>2026-09-15T23:19:40.640000Z</time>
      </trkpt>
      <trkpt lat="39.875442" lon="116.6680761">
        <ele>23.35208</ele>
        <time>2026-09-15T23:19:44.621000Z</time>
      </trkpt>
      <trkpt lat="39.8753385" lon="116.6680186">
        <ele>23.22021</ele>
        <time>2026-09-15T23:19:48.602000Z</time>
      </trkpt>
      <trkpt lat="39.8752405" lon="116.6679393">
        <ele>23.11845</ele>
        <time>2026-09-15T23:19:52.583000Z</time>
      </trkpt>
      <trkpt lat="39.8751676" lon="116.6678257">
        <ele>22.99505</ele>
        <time>2026-09-15T23:19:56.564000Z</time>
      </trkpt>
      <trkpt lat="39.8750943" lon="116.6677158">
        <ele>22.86042</ele>
        <time>2026-09-15T23:20:00.544000Z</time>
      </trkpt>
      <trkpt lat="39.8750043" lon="116.6676285">
        <ele>22.75159</ele>
        <time>2026-09-15T23:20:04.525000Z</time>
      </trkpt>
      <trkpt lat="39.8748988" lon="116.6675654">
        <ele>22.6871</ele>
        <time>2026-09-15T23:20:08.506000Z</time>
      </trkpt>
      <trkpt lat="39.8747887" lon="116.6675213">
        <ele>22.64578</ele>
        <time>2026-09-15T23:20:12.487000Z</time>
      </trkpt>
      <trkpt lat="39.8746752" lon="116.6674885">
        <ele>22.61105</ele>
        <time>2026-09-15T23:20:16.468000Z</time>
      </trkpt>
      <trkpt lat="39.8745625" lon="116.6674838">
        <ele>22.58645</ele>
        <time>2026-09-15T23:20:20.449000Z</time>
      </trkpt>
      <trkpt lat="39.8744508" lon="116.6675002">
        <ele>22.56475</ele>
        <time>2026-09-15T23:20:24.430000Z</time>
      </trkpt>
      <trkpt lat="39.8743398" lon="116.6675468">
        <ele>22.51869</ele>
        <time>2026-09-15T23:20:28.411000Z</time>
      </trkpt>
      <trkpt lat="39.8742356" lon="116.667612">
        <ele>22.42676</ele>
        <time>2026-09-15T23:20:32.392000Z</time>
      </trkpt>
      <trkpt lat="39.8741359" lon="116.6676873">
        <ele>22.30562</ele>
        <time>2026-09-15T23:20:36.373000Z</time>
      </trkpt>
      <trkpt lat="39.8740349" lon="116.6677539">
        <ele>22.17984</ele>
        <time>2026-09-15T23:20:40.354000Z</time>
      </trkpt>
      <trkpt lat="39.8739259" lon="116.6677919">
        <ele>22.06796</ele>
        <time>2026-09-15T23:20:44.335000Z</time>
      </trkpt>
      <trkpt lat="39.873809" lon="116.6677931">
        <ele>21.98755</ele>
        <time>2026-09-15T23:20:48.316000Z</time>
      </trkpt>
      <trkpt lat="39.8736926" lon="116.6677816">
        <ele>21.94623</ele>
        <time>2026-09-15T23:20:52.297000Z</time>
      </trkpt>
      <trkpt lat="39.8735788" lon="116.667759">
        <ele>21.93366</ele>
        <time>2026-09-15T23:20:56.278000Z</time>
      </trkpt>
      <trkpt lat="39.8734693" lon="116.6677339">
        <ele>21.94385</ele>
        <time>2026-09-15T23:21:00.259000Z</time>
      </trkpt>
      <trkpt lat="39.8733603" lon="116.667741">
        <ele>21.96316</ele>
        <time>2026-09-15T23:21:04.240000Z</time>
      </trkpt>
      <trkpt lat="39.8732521" lon="116.66779">
        <ele>21.97724</ele>
        <time>2026-09-15T23:21:08.221000Z</time>
      </trkpt>
      <trkpt lat="39.8731416" lon="116.6678367">
        <ele>21.94953</ele>
        <time>2026-09-15T23:21:12.202000Z</time>
      </trkpt>
      <trkpt lat="39.8730322" lon="116.667849">
        <ele>21.90491</ele>
        <time>2026-09-15T23:21:16Z</time>
      </trkpt>
      <trkpt lat="39.8729204" lon="116.6678219">
        <ele>21.90481</ele>
        <time>2026-09-15T23:21:20Z</time>
      </trkpt>
      <trkpt lat="39.8728099" lon="116.6677842">
        <ele>21.91891</ele>
        <time>2026-09-15T23:21:24Z</time>
      </trkpt>
      <trkpt lat="39.8727012" lon="116.667787">
        <ele>21.93717</ele>
        <time>2026-09-15T23:21:28.126000Z</time>
      </trkpt>
      <trkpt lat="39.8726148" lon="116.6678541">
        <ele>21.99537</ele>
        <time>2026-09-15T23:21:32.107000Z</time>
      </trkpt>
      <trkpt lat="39.8725474" lon="116.6679553">
        <ele>22.04882</ele>
        <time>2026-09-15T23:21:36Z</time>
      </trkpt>
      <trkpt lat="39.8725304" lon="116.6680941">
        <ele>22.04564</ele>
        <time>2026-09-15T23:21:40Z</time>
      </trkpt>
      <trkpt lat="39.8725368" lon="116.6682385">
        <ele>22.04287</ele>
        <time>2026-09-15T23:21:44Z</time>
      </trkpt>
      <trkpt lat="39.8725252" lon="116.6683837">
        <ele>22.08004</ele>
        <time>2026-09-15T23:21:48Z</time>
      </trkpt>
      <trkpt lat="39.8725447" lon="116.6685198">
        <ele>22.07075</ele>
        <time>2026-09-15T23:21:52Z</time>
      </trkpt>
      <trkpt lat="39.8725926" lon="116.6686483">
        <ele>21.9334</ele>
        <time>2026-09-15T23:21:55.993000Z</time>
      </trkpt>
      <trkpt lat="39.8726214" lon="116.668781">
        <ele>21.76043</ele>
        <time>2026-09-15T23:21:59.974000Z</time>
      </trkpt>
      <trkpt lat="39.8726172" lon="116.6689194">
        <ele>21.62414</ele>
        <time>2026-09-15T23:22:03.955000Z</time>
      </trkpt>
      <trkpt lat="39.8725906" lon="116.6690515">
        <ele>21.54064</ele>
        <time>2026-09-15T23:22:07.936000Z</time>
      </trkpt>
      <trkpt lat="39.8725564" lon="116.6691832">
        <ele>21.50125</ele>
        <time>2026-09-15T23:22:11.917000Z</time>
      </trkpt>
      <trkpt lat="39.8725217" lon="116.6693148">
        <ele>21.48686</ele>
        <time>2026-09-15T23:22:15.898000Z</time>
      </trkpt>
      <trkpt lat="39.8724944" lon="116.6694428">
        <ele>21.48544</ele>
        <time>2026-09-15T23:22:19.879000Z</time>
      </trkpt>
      <trkpt lat="39.8724889" lon="116.6695784">
        <ele>21.51471</ele>
        <time>2026-09-15T23:22:23.860000Z</time>
      </trkpt>
      <trkpt lat="39.8725086" lon="116.6697166">
        <ele>21.56623</ele>
        <time>2026-09-15T23:22:27.841000Z</time>
      </trkpt>
      <trkpt lat="39.8725468" lon="116.6698447">
        <ele>21.60667</ele>
        <time>2026-09-15T23:22:31.822000Z</time>
      </trkpt>
      <trkpt lat="39.8726148" lon="116.6699506">
        <ele>21.61829</ele>
        <time>2026-09-15T23:22:35.803000Z</time>
      </trkpt>
      <trkpt lat="39.8726969" lon="116.6700457">
        <ele>21.59716</ele>
        <time>2026-09-15T23:22:39.784000Z</time>
      </trkpt>
      <trkpt lat="39.8727963" lon="116.6701224">
        <ele>21.53448</ele>
        <time>2026-09-15T23:22:43.765000Z</time>
      </trkpt>
      <trkpt lat="39.8729074" lon="116.6701636">
        <ele>21.44476</ele>
        <time>2026-09-15T23:22:47.746000Z</time>
      </trkpt>
      <trkpt lat="39.8730256" lon="116.6701699">
        <ele>21.3587</ele>
        <time>2026-09-15T23:22:51.727000Z</time>
      </trkpt>
      <trkpt lat="39.8731406" lon="116.6701513">
        <ele>21.29278</ele>
        <time>2026-09-15T23:22:55.708000Z</time>
      </trkpt>
      <trkpt lat="39.8732542" lon="116.6701122">
        <ele>21.23257</ele>
        <time>2026-09-15T23:22:59.689000Z</time>
      </trkpt>
      <trkpt lat="39.8733638" lon="116.6700558">
        <ele>21.17912</ele>
        <time>2026-09-15T23:23:03.670000Z</time>
      </trkpt>
      <trkpt lat="39.8734438" lon="116.6699975">
        <ele>21.15415</ele>
        <time>2026-09-15T23:23:06.656000Z</time>
      </trkpt>
      <trkpt lat="39.8735219" lon="116.6699286">
        <ele>21.14993</ele>
        <time>2026-09-15T23:23:09.642000Z</time>
      </trkpt>
      <trkpt lat="39.8735999" lon="116.6698592">
        <ele>21.1665</ele>
        <time>2026-09-15T23:23:12.627000Z</time>
      </trkpt>
      <trkpt lat="39.8736818" lon="116.6698056">
        <ele>21.20036</ele>
        <time>2026-09-15T23:23:15.613000Z</time>
      </trkpt>
      <trkpt lat="39.8737705" lon="116.6697792">
        <ele>21.25355</ele>
        <time>2026-09-15T23:23:18.599000Z</time>
      </trkpt>
      <trkpt lat="39.8738622" lon="116.6697798">
        <ele>21.32462</ele>
        <time>2026-09-15T23:23:21.585000Z</time>
      </trkpt>
      <trkpt lat="39.8739557" lon="116.6698013">
        <ele>21.40033</ele>
        <time>2026-09-15T23:23:24.570000Z</time>
      </trkpt>
      <trkpt lat="39.8740481" lon="116.6698261">
        <ele>21.47018</ele>
        <time>2026-09-15T23:23:27.556000Z</time>
      </trkpt>
      <trkpt lat="39.8741413" lon="116.6698327">
        <ele>21.52966</ele>
        <time>2026-09-15T23:23:30.542000Z</time>
      </trkpt>
      <trkpt lat="39.8742303" lon="116.669809">
        <ele>21.58445</ele>
        <time>2026-09-15T23:23:33.527000Z</time>
      </trkpt>
      <trkpt lat="39.8743113" lon="116.6697542">
        <ele>21.64927</ele>
        <time>2026-09-15T23:23:36.513000Z</time>
      </trkpt>
      <trkpt lat="39.874381" lon="116.669676">
        <ele>21.7407</ele>
        <time>2026-09-15T23:23:39.499000Z</time>
      </trkpt>
      <trkpt lat="39.8744477" lon="116.6695944">
        <ele>21.8604</ele>
        <time>2026-09-15T23:23:42.485000Z</time>
      </trkpt>
      <trkpt lat="39.8745467" lon="116.6695106">
        <ele>22.03483</ele>
        <time>2026-09-15T23:23:46.466000Z</time>
      </trkpt>
      <trkpt lat="39.8746564" lon="116.6694852">
        <ele>22.22227</ele>
        <time>2026-09-15T23:23:50.447000Z</time>
      </trkpt>
      <trkpt lat="39.8747683" lon="116.669504">
        <ele>22.41231</ele>
        <time>2026-09-15T23:23:54.428000Z</time>
      </trkpt>
      <trkpt lat="39.874878" lon="116.6695526">
        <ele>22.61516</ele>
        <time>2026-09-15T23:23:58.408000Z</time>
      </trkpt>
      <trkpt lat="39.8749706" lon="116.6696281">
        <ele>22.81696</ele>
        <time>2026-09-15T23:24:02.389000Z</time>
      </trkpt>
    </trkseg>
  </trk>
</gpx>