<?xml version="1.0" encoding="UTF-8"?>
<gpx xmlns="http://www.topografix.com/GPX/1/1" xmlns:gpxtpx="http://www.garmin.com/xmlschemas/TrackPointExtension/v1" xmlns:xsi="http://www.w3.org/2001/XMLSchema-instance" xsi:schemaLocation="http://www.topografix.com/GPX/1/1 http://www.topografix.com/GPX/1/1/gpx.xsd" version="1.1" creator="gpx.py -- https://github.com/tkrajina/gpxpy">
  <trk>
    <name>gpx from codoon</name>
    <type>Run</type>
    <trkseg>
      <trkpt lat="39.8733319" lon="116.6657947">
        <ele>22.61065</ele>
        <time>2026-09-16T22:33:55.921000Z</time>
      </trkpt>
      <trkpt lat="39.8734279" lon="116.6658431">
        <ele>22.60061</ele>
        <time>2026-09-16T22:34:00.239000Z</time>
      </trkpt>
      <trkpt lat="39.873527" lon="116.6658845">
        <ele>22.57963</ele>
        <time>2026-09-16T22:34:04.221000Z</time>
      </trkpt>
      <trkpt lat="39.873624" lon="116.6658757">
        <ele>22.54815</ele>
        <time>2026-09-16T22:34:08.202000Z</time>
      </trkpt>
      <trkpt lat="39.8737087" lon="116.6658241">
        <ele>22.54494</ele>
        <time>2026-09-16T22:34:12.183000Z</time>
      </trkpt>
      <trkpt lat="39.8737898" lon="116.6657636">
        <ele>22.64062</ele>
        <time>2026-09-16T22:34:16.164000Z</time>
      </trkpt>
      <trkpt lat="39.8738677" lon="116.6656968">
        <ele>22.93445</ele>
        <time>2026-09-16T22:34:20.145000Z</time>
      </trkpt>
      <trkpt lat="39.8739426" lon="116.6656212">
        <ele>23.47682</ele>
        <time>2026-09-16T22:34:24.127000Z</time>
      </trkpt>
      <trkpt lat="39.8740192" lon="116.6655489">
        <ele>24.08344</ele>
        <time>2026-09-16T22:34:27.999000Z</time>
      </trkpt>
      <trkpt lat="39.8741132" lon="116.6654674">
        <ele>24.39322</ele>
        <time>2026-09-16T22:34:32.089000Z</time>
      </trkpt>
      <trkpt lat="39.8742085" lon="116.6654014">
        <ele>24.48035</ele>
        <time>2026-09-16T22:34:36.070000Z</time>
      </trkpt>
      <trkpt lat="39.8743113" lon="116.665355">
        <ele>24.52922</ele>
        <time>2026-09-16T22:34:39.999000Z</time>
      </trkpt>
      <trkpt lat="39.8744139" lon="116.6653767">
        <ele>24.50682</ele>
        <time>2026-09-16T22:34:43.999000Z</time>
      </trkpt>
      <trkpt lat="39.8744881" lon="116.6655009">
        <ele>24.37037</ele>
        <time>2026-09-16T22:34:47.999000Z</time>
      </trkpt>
      <trkpt lat="39.8745302" lon="116.6656131">
        <ele>24.18531</ele>
        <time>2026-09-16T22:34:50.999000Z</time>
      </trkpt>
      <trkpt lat="39.8745702" lon="116.6657246">
        <ele>23.92096</ele>
        <time>2026-09-16T22:34:53.985000Z</time>
      </trkpt>
      <trkpt lat="39.8746138" lon="116.6658345">
        <ele>23.62549</ele>
        <time>2026-09-16T22:34:56.971000Z</time>
      </trkpt>
      <trkpt lat="39.8746617" lon="116.6659359">
        <ele>23.35796</ele>
        <time>2026-09-16T22:34:59.957000Z</time>
      </trkpt>
      <trkpt lat="39.874724" lon="116.6660642">
        <ele>23.09136</ele>
        <time>2026-09-16T22:35:03.938000Z</time>
      </trkpt>
      <trkpt lat="39.8747852" lon="116.6661872">
        <ele>22.92546</ele>
        <time>2026-09-16T22:35:07.919000Z</time>
      </trkpt>
      <trkpt lat="39.874844" lon="116.6663037">
        <ele>22.84894</ele>
        <time>2026-09-16T22:35:11.900000Z</time>
      </trkpt>
      <trkpt lat="39.874902" lon="116.6664206">
        <ele>22.81269</ele>
        <time>2026-09-16T22:35:15.881000Z</time>
      </trkpt>
      <trkpt lat="39.8749634" lon="116.6665349">
        <ele>22.76204</ele>
        <time>2026-09-16T22:35:19.862000Z</time>
      </trkpt>
      <trkpt lat="39.8750343" lon="116.6666408">
        <ele>22.71949</ele>
        <time>2026-09-16T22:35:23.843000Z</time>
      </trkpt>
      <trkpt lat="39.8751195" lon="116.6667227">
        <ele>22.72912</ele>
        <time>2026-09-16T22:35:27.824000Z</time>
      </trkpt>
      <trkpt lat="39.8752059" lon="116.6668094">
        <ele>22.79813</ele>
        <time>2026-09-16T22:35:31.805000Z</time>
      </trkpt>
      <trkpt lat="39.8752832" lon="116.6668959">
        <ele>22.91356</ele>
        <time>2026-09-16T22:35:35.786000Z</time>
      </trkpt>
      <trkpt lat="39.8753609" lon="116.6669885">
        <ele>23.03364</ele>
        <time>2026-09-16T22:35:39.767000Z</time>
      </trkpt>
      <trkpt lat="39.8754432" lon="116.6670861">
        <ele>23.14946</ele>
        <time>2026-09-16T22:35:43.748000Z</time>
      </trkpt>
      <trkpt lat="39.8755236" lon="116.6671825">
        <ele>23.26183</ele>
        <time>2026-09-16T22:35:47.729000Z</time>
      </trkpt>
      <trkpt lat="39.875605" lon="116.6672761">
        <ele>23.36075</ele>
        <time>2026-09-16T22:35:51.710000Z</time>
      </trkpt>
      <trkpt lat="39.8756868" lon="116.6673672">
        <ele>23.44816</ele>
        <time>2026-09-16T22:35:55.691000Z</time>
      </trkpt>
      <trkpt lat="39.8757648" lon="116.6674503">
        <ele>23.53407</ele>
        <time>2026-09-16T22:35:59.672000Z</time>
      </trkpt>
      <trkpt lat="39.8758362" lon="116.6675342">
        <ele>23.62905</ele>
        <time>2026-09-16T22:36:03.653000Z</time>
      </trkpt>
      <trkpt lat="39.8758945" lon="116.6676371">
        <ele>23.76746</ele>
        <time>2026-09-16T22:36:07.635000Z</time>
      </trkpt>
      <trkpt lat="39.8759607" lon="116.6677361">
        <ele>23.91713</ele>
        <time>2026-09-16T22:36:11.616000Z</time>
      </trkpt>
      <trkpt lat="39.8760263" lon="116.6678351">
        <ele>24.05238</ele>
        <time>2026-09-16T22:36:15.597000Z</time>
      </trkpt>
      <trkpt lat="39.8760868" lon="116.6679448">
        <ele>24.1344</ele>
        <time>2026-09-16T22:36:19.578000Z</time>
      </trkpt>
      <trkpt lat="39.8761529" lon="116.6680546">
        <ele>24.15902</ele>
        <time>2026-09-16T22:36:23.559000Z</time>
      </trkpt>
      <trkpt lat="39.876223" lon="116.6681537">
        <ele>24.17927</ele>
        <time>2026-09-16T22:36:27.540000Z</time>
      </trkpt>
      <trkpt lat="39.876296" lon="116.6682501">
        <ele>24.23683</ele>
        <time>2026-09-16T22:36:31.521000Z</time>
      </trkpt>
      <trkpt lat="39.876368" lon="116.6683583">
        <ele>24.30815</ele>
        <time>2026-09-16T22:36:35.502000Z</time>
      </trkpt>
      <trkpt lat="39.8764288" lon="116.668481">
        <ele>24.35401</ele>
        <time>2026-09-16T22:36:39.483000Z</time>
      </trkpt>
      <trkpt lat="39.8764836" lon="116.6686066">
        <ele>24.33111</ele>
        <time>2026-09-16T22:36:43.464000Z</time>
      </trkpt>
      <trkpt lat="39.8765441" lon="116.6687142">
        <ele>24.22859</ele>
        <time>2026-09-16T22:36:47.446000Z</time>
      </trkpt>
      <trkpt lat="39.8766058" lon="116.6688107">
        <ele>24.13913</ele>
        <time>2026-09-16T22:36:51.427000Z</time>
      </trkpt>
      <trkpt lat="39.8766767" lon="116.6689145">
        <ele>24.12016</ele>
        <time>2026-09-16T22:36:55.408000Z</time>
      </trkpt>
      <trkpt lat="39.8767532" lon="116.6690105">
        <ele>24.15558</ele>
        <time>2026-09-16T22:36:59.389000Z</time>
      </trkpt>
      <trkpt lat="39.8768318" lon="116.6691119">
        <ele>24.21517</ele>
        <time>2026-09-16T22:37:03.369000Z</time>
      </trkpt>
      <trkpt lat="39.8769039" lon="116.6692248">
        <ele>24.26092</ele>
        <time>2026-09-16T22:37:07.350000Z</time>
      </trkpt>
      <trkpt lat="39.8769629" lon="116.6693444">
        <ele>24.30381</ele>
        <time>2026-09-16T22:37:11.331000Z</time>
      </trkpt>
      <trkpt lat="39.876989" lon="116.6694772">
        <ele>24.38477</ele>
        <time>2026-09-16T22:37:15.312000Z</time>
      </trkpt>
      <trkpt lat="39.8769732" lon="116.6695939">
        <ele>24.48006</ele>
        <time>2026-09-16T22:37:19.293000Z</time>
      </trkpt>
      <trkpt lat="39.8768993" lon="116.6697081">
        <ele>24.59712</ele>
        <time>2026-09-16T22:37:24.270000Z</time>
      </trkpt>
      <trkpt lat="39.876822" lon="116.6698082">
        <ele>24.68594</ele>
        <time>2026-09-16T22:37:28.251000Z</time>
      </trkpt>
      <trkpt lat="39.8767483" lon="116.6699108">
        <ele>24.69223</ele>
        <time>2026-09-16T22:37:32.232000Z</time>
      </trkpt>
      <trkpt lat="39.8766702" lon="116.6700135">
        <ele>24.59622</ele>
        <time>2026-09-16T22:37:36.213000Z</time>
      </trkpt>
      <trkpt lat="39.8765921" lon="116.6701158">
        <ele>24.50038</ele>
        <time>2026-09-16T22:37:40.194000Z</time>
      </trkpt>
      <trkpt lat="39.8765159" lon="116.6702195">
        <ele>24.44536</ele>
        <time>2026-09-16T22:37:44.175000Z</time>
      </trkpt>
      <trkpt lat="39.8764414" lon="116.6703239">
        <ele>24.39987</ele>
        <time>2026-09-16T22:37:48.156000Z</time>
      </trkpt>
      <trkpt lat="39.8763637" lon="116.6704288">
        <ele>24.3598</ele>
        <time>2026-09-16T22:37:52.136000Z</time>
      </trkpt>
      <trkpt lat="39.876287" lon="116.6705299">
        <ele>24.33785</ele>
        <time>2026-09-16T22:37:56.117000Z</time>
      </trkpt>
      <trkpt lat="39.8762103" lon="116.6706231">
        <ele>24.34574</ele>
        <time>2026-09-16T22:38:00Z</time>
      </trkpt>
      <trkpt lat="39.8761271" lon="116.6707153">
        <ele>24.37456</ele>
        <time>2026-09-16T22:38:04Z</time>
      </trkpt>
      <trkpt lat="39.8760449" lon="116.6708077">
        <ele>24.39555</ele>
        <time>2026-09-16T22:38:08Z</time>
      </trkpt>
      <trkpt lat="39.8759634" lon="116.6709042">
        <ele>24.39866</ele>
        <time>2026-09-16T22:38:12Z</time>
      </trkpt>
      <trkpt lat="39.8758837" lon="116.6710024">
        <ele>24.40907</ele>
        <time>2026-09-16T22:38:16Z</time>
      </trkpt>
      <trkpt lat="39.8758044" lon="116.6711027">
        <ele>24.43346</ele>
        <time>2026-09-16T22:38:20Z</time>
      </trkpt>
      <trkpt lat="39.8757262" lon="116.6712033">
        <ele>24.45013</ele>
        <time>2026-09-16T22:38:23.984000Z</time>
      </trkpt>
      <trkpt lat="39.8756472" lon="116.6713033">
        <ele>24.41965</ele>
        <time>2026-09-16T22:38:27.965000Z</time>
      </trkpt>
      <trkpt lat="39.875568" lon="116.671405">
        <ele>24.35512</ele>
        <time>2026-09-16T22:38:31.946000Z</time>
      </trkpt>
      <trkpt lat="39.8754902" lon="116.6715036">
        <ele>24.30853</ele>
        <time>2026-09-16T22:38:35.927000Z</time>
      </trkpt>
      <trkpt lat="39.87541" lon="116.6715999">
        <ele>24.28921</ele>
        <time>2026-09-16T22:38:39.908000Z</time>
      </trkpt>
      <trkpt lat="39.8753307" lon="116.6716948">
        <ele>24.2794</ele>
        <time>2026-09-16T22:38:43.889000Z</time>
      </trkpt>
      <trkpt lat="39.8752505" lon="116.6717936">
        <ele>24.28035</ele>
        <time>2026-09-16T22:38:47.870000Z</time>
      </trkpt>
      <trkpt lat="39.87518" lon="116.6718908">
        <ele>24.33295</ele>
        <time>2026-09-16T22:38:51.851000Z</time>
      </trkpt>
      <trkpt lat="39.8751237" lon="116.6720027">
        <ele>24.37922</ele>
        <time>2026-09-16T22:38:55.832000Z</time>
      </trkpt>
      <trkpt lat="39.8750752" lon="116.6721221">
        <ele>24.39827</ele>
        <time>2026-09-16T22:38:59.813000Z</time>
      </trkpt>
      <trkpt lat="39.8750059" lon="116.6722304">
        <ele>24.41537</ele>
        <time>2026-09-16T22:39:03.794000Z</time>
      </trkpt>
      <trkpt lat="39.8749295" lon="116.6723266">
        <ele>24.44236</ele>
        <time>2026-09-16T22:39:07.775000Z</time>
      </trkpt>
      <trkpt lat="39.8748496" lon="116.6724225">
        <ele>24.51489</ele>
        <time>2026-09-16T22:39:11.756000Z</time>
      </trkpt>
      <trkpt lat="39.8747679" lon="116.6725166">
        <ele>24.67439</ele>
        <time>2026-09-16T22:39:15.737000Z</time>
      </trkpt>
      <trkpt lat="39.8746884" lon="116.6726078">
        <ele>24.8911</ele>
        <time>2026-09-16T22:39:19.718000Z</time>
      </trkpt>
      <trkpt lat="39.8746077" lon="116.6727019">
        <ele>25.07145</ele>
        <time>2026-09-16T22:39:23.698000Z</time>
      </trkpt>
      <trkpt lat="39.874527" lon="116.672799">
        <ele>25.16404</ele>
        <time>2026-09-16T22:39:27.679000Z</time>
      </trkpt>
      <trkpt lat="39.8744471" lon="116.6728949">
        <ele>25.18557</ele>
        <time>2026-09-16T22:39:31.660000Z</time>
      </trkpt>
      <trkpt lat="39.8743668" lon="116.67299">
        <ele>25.18254</ele>
        <time>2026-09-16T22:39:35.641000Z</time>
      </trkpt>
      <trkpt lat="39.8742856" lon="116.6730852">
        <ele>25.17882</ele>
        <time>2026-09-16T22:39:39.622000Z</time>
      </trkpt>
      <trkpt lat="39.8742083" lon="116.6731815">
        <ele>25.18686</ele>
        <time>2026-09-16T22:39:43.603000Z</time>
      </trkpt>
      <trkpt lat="39.8741381" lon="116.6732806">
        <ele>25.22837</ele>
        <time>2026-09-16T22:39:47.584000Z</time>
      </trkpt>
      <trkpt lat="39.8740582" lon="116.6733669">
        <ele>25.28504</ele>
        <time>2026-09-16T22:39:51.565000Z</time>
      </trkpt>
      <trkpt lat="39.873976" lon="116.673455">
        <ele>25.31227</ele>
        <time>2026-09-16T22:39:55.546000Z</time>
      </trkpt>
      <trkpt lat="39.8739" lon="116.6735514">
        <ele>25.29126</ele>
        <time>2026-09-16T22:39:59.527000Z</time>
      </trkpt>
      <trkpt lat="39.873823" lon="116.6736495">
        <ele>25.23895</ele>
        <time>2026-09-16T22:40:03.508000Z</time>
      </trkpt>
      <trkpt lat="39.8737458" lon="116.6737483">
        <ele>25.17334</ele>
        <time>2026-09-16T22:40:07.489000Z</time>
      </trkpt>
      <trkpt lat="39.8736648" lon="116.6738463">
        <ele>25.10225</ele>
        <time>2026-09-16T22:40:11.470000Z</time>
      </trkpt>
      <trkpt lat="39.8735813" lon="116.6739395">
        <ele>25.04357</ele>
        <time>2026-09-16T22:40:15.451000Z</time>
      </trkpt>
      <trkpt lat="39.873502" lon="116.6740316">
        <ele>25.02794</ele>
        <time>2026-09-16T22:40:19.432000Z</time>
      </trkpt>
      <trkpt lat="39.8734255" lon="116.6741278">
        <ele>25.065</ele>
        <time>2026-09-16T22:40:23.413000Z</time>
      </trkpt>
      <trkpt lat="39.8733488" lon="116.674227">
        <ele>25.13702</ele>
        <time>2026-09-16T22:40:27.394000Z</time>
      </trkpt>
      <trkpt lat="39.8732702" lon="116.6743282">
        <ele>25.22057</ele>
        <time>2026-09-16T22:40:31.375000Z</time>
      </trkpt>
      <trkpt lat="39.8731972" lon="116.674429">
        <ele>25.27506</ele>
        <time>2026-09-16T22:40:35.356000Z</time>
      </trkpt>
      <trkpt lat="39.873121" lon="116.6745264">
        <ele>25.29289</ele>
        <time>2026-09-16T22:40:39.337000Z</time>
      </trkpt>
      <trkpt lat="39.8730445" lon="116.6746195">
        <ele>25.28406</ele>
        <time>2026-09-16T22:40:43.318000Z</time>
      </trkpt>
      <trkpt lat="39.8729625" lon="116.6747071">
        <ele>25.26233</ele>
        <time>2026-09-16T22:40:47.299000Z</time>
      </trkpt>
      <trkpt lat="39.8728642" lon="116.6747572">
        <ele>25.19696</ele>
        <time>2026-09-16T22:40:51.280000Z</time>
      </trkpt>
      <trkpt lat="39.8727495" lon="116.6747672">
        <ele>25.06683</ele>
        <time>2026-09-16T22:40:55.261000Z</time>
      </trkpt>
      <trkpt lat="39.872645" lon="116.6747739">
        <ele>24.88317</ele>
        <time>2026-09-16T22:40:59.242000Z</time>
      </trkpt>
      <trkpt lat="39.8725352" lon="116.6747787">
        <ele>24.68862</ele>
        <time>2026-09-16T22:41:03.223000Z</time>
      </trkpt>
      <trkpt lat="39.8724242" lon="116.6747887">
        <ele>24.55545</ele>
        <time>2026-09-16T22:41:07.204000Z</time>
      </trkpt>
      <trkpt lat="39.8723289" lon="116.6748329">
        <ele>24.50451</ele>
        <time>2026-09-16T22:41:11Z</time>
      </trkpt>
      <trkpt lat="39.8722469" lon="116.674916">
        <ele>24.49449</ele>
        <time>2026-09-16T22:41:15Z</time>
      </trkpt>
      <trkpt lat="39.8722124" lon="116.6750266">
        <ele>24.45838</ele>
        <time>2026-09-16T22:41:19.146000Z</time>
      </trkpt>
      <trkpt lat="39.8723039" lon="116.6751113">
        <ele>24.4017</ele>
        <time>2026-09-16T22:41:24.123000Z</time>
      </trkpt>
      <trkpt lat="39.872409" lon="116.6751152">
        <ele>24.37812</ele>
        <time>2026-09-16T22:41:28.104000Z</time>
      </trkpt>
      <trkpt lat="39.8725152" lon="116.67511">
        <ele>24.34715</ele>
        <time>2026-09-16T22:41:32.084000Z</time>
      </trkpt>
      <trkpt lat="39.8726092" lon="116.6751194">
        <ele>24.2992</ele>
        <time>2026-09-16T22:41:36.065000Z</time>
      </trkpt>
      <trkpt lat="39.8726402" lon="116.67524">
        <ele>24.25646</ele>
        <time>2026-09-16T22:41:42.037000Z</time>
      </trkpt>
      <trkpt lat="39.8725826" lon="116.6753574">
        <ele>24.30115</ele>
        <time>2026-09-16T22:41:46.018000Z</time>
      </trkpt>
      <trkpt lat="39.8725232" lon="116.6754629">
        <ele>24.37416</ele>
        <time>2026-09-16T22:41:49.999000Z</time>
      </trkpt>
      <trkpt lat="39.8724615" lon="116.6755779">
        <ele>24.44894</ele>
        <time>2026-09-16T22:41:53.980000Z</time>
      </trkpt>
      <trkpt lat="39.8724003" lon="116.6756928">
        <ele>24.50011</ele>
        <time>2026-09-16T22:41:57.961000Z</time>
      </trkpt>
      <trkpt lat="39.8723411" lon="116.6758102">
        <ele>24.50513</ele>
        <time>2026-09-16T22:42:01.941000Z</time>
      </trkpt>
      <trkpt lat="39.8722812" lon="116.6759289">
        <ele>24.46794</ele>
        <time>2026-09-16T22:42:05.922000Z</time>
      </trkpt>
      <trkpt lat="39.8722209" lon="116.6760471">
        <ele>24.42094</ele>
        <time>2026-09-16T22:42:09.903000Z</time>
      </trkpt>
      <trkpt lat="39.8721609" lon="116.6761632">
        <ele>24.40602</ele>
        <time>2026-09-16T22:42:13.884000Z</time>
      </trkpt>
      <trkpt lat="39.8721001" lon="116.6762792">
        <ele>24.42525</ele>
        <time>2026-09-16T22:42:17.865000Z</time>
      </trkpt>
      <trkpt lat="39.8720433" lon="116.6763993">
        <ele>24.45363</ele>
        <time>2026-09-16T22:42:21.846000Z</time>
      </trkpt>
      <trkpt lat="39.8719898" lon="116.6765169">
        <ele>24.47696</ele>
        <time>2026-09-16T22:42:25.827000Z</time>
      </trkpt>
      <trkpt lat="39.8719367" lon="116.6766351">
        <ele>24.49747</ele>
        <time>2026-09-16T22:42:29.808000Z</time>
      </trkpt>
      <trkpt lat="39.8718863" lon="116.6767561">
        <ele>24.48348</ele>
        <time>2026-09-16T22:42:33.789000Z</time>
      </trkpt>
      <trkpt lat="39.8718393" lon="116.6768794">
        <ele>24.42207</ele>
        <time>2026-09-16T22:42:37.770000Z</time>
      </trkpt>
      <trkpt lat="39.8717932" lon="116.6770065">
        <ele>24.34154</ele>
        <time>2026-09-16T22:42:41.751000Z</time>
      </trkpt>
      <trkpt lat="39.8717485" lon="116.6771306">
        <ele>24.28011</ele>
        <time>2026-09-16T22:42:45.732000Z</time>
      </trkpt>
      <trkpt lat="39.8717037" lon="116.6772528">
        <ele>24.22207</ele>
        <time>2026-09-16T22:42:49.712000Z</time>
      </trkpt>
      <trkpt lat="39.8716569" lon="116.6773774">
        <ele>24.1667</ele>
        <time>2026-09-16T22:42:53.693000Z</time>
      </trkpt>
      <trkpt lat="39.8716097" lon="116.6774998">
        <ele>24.13771</ele>
        <time>2026-09-16T22:42:57.674000Z</time>
      </trkpt>
      <trkpt lat="39.8715689" lon="116.6776283">
        <ele>24.11475</ele>
        <time>2026-09-16T22:43:01.655000Z</time>
      </trkpt>
      <trkpt lat="39.8715333" lon="116.6777581">
        <ele>24.05654</ele>
        <time>2026-09-16T22:43:05.636000Z</time>
      </trkpt>
      <trkpt lat="39.8714954" lon="116.677889">
        <ele>23.98943</ele>
        <time>2026-09-16T22:43:09.617000Z</time>
      </trkpt>
      <trkpt lat="39.8714594" lon="116.6780219">
        <ele>23.97185</ele>
        <time>2026-09-16T22:43:13.598000Z</time>
      </trkpt>
      <trkpt lat="39.8714266" lon="116.6781549">
        <ele>24.02172</ele>
        <time>2026-09-16T22:43:17.579000Z</time>
      </trkpt>
      <trkpt lat="39.8713945" lon="116.6782867">
        <ele>24.12396</ele>
        <time>2026-09-16T22:43:21.560000Z</time>
      </trkpt>
      <trkpt lat="39.8713628" lon="116.6784188">
        <ele>24.28186</ele>
        <time>2026-09-16T22:43:25.541000Z</time>
      </trkpt>
      <trkpt lat="39.8713304" lon="116.6785499">
        <ele>24.46087</ele>
        <time>2026-09-16T22:43:29.522000Z</time>
      </trkpt>
      <trkpt lat="39.8712973" lon="116.6786823">
        <ele>24.57677</ele>
        <time>2026-09-16T22:43:33.502000Z</time>
      </trkpt>
      <trkpt lat="39.8712635" lon="116.6788128">
        <ele>24.59144</ele>
        <time>2026-09-16T22:43:37.483000Z</time>
      </trkpt>
      <trkpt lat="39.8712313" lon="116.6789453">
        <ele>24.54142</ele>
        <time>2026-09-16T22:43:41.464000Z</time>
      </trkpt>
      <trkpt lat="39.8711978" lon="116.6790785">
        <ele>24.48461</ele>
        <time>2026-09-16T22:43:45.445000Z</time>
      </trkpt>
      <trkpt lat="39.8711608" lon="116.6792098">
        <ele>24.47455</ele>
        <time>2026-09-16T22:43:49.426000Z</time>
      </trkpt>
      <trkpt lat="39.8711254" lon="116.6793375">
        <ele>24.536</ele>
        <time>2026-09-16T22:43:53.407000Z</time>
      </trkpt>
      <trkpt lat="39.8710931" lon="116.6794631">
        <ele>24.64974</ele>
        <time>2026-09-16T22:43:57.388000Z</time>
      </trkpt>
      <trkpt lat="39.8710605" lon="116.6795879">
        <ele>24.73882</ele>
        <time>2026-09-16T22:44:01.369000Z</time>
      </trkpt>
      <trkpt lat="39.8710269" lon="116.6797116">
        <ele>24.71989</ele>
        <time>2026-09-16T22:44:05.350000Z</time>
      </trkpt>
      <trkpt lat="39.8709948" lon="116.6798406">
        <ele>24.5828</ele>
        <time>2026-09-16T22:44:09.330000Z</time>
      </trkpt>
      <trkpt lat="39.870964" lon="116.6799711">
        <ele>24.44043</ele>
        <time>2026-09-16T22:44:13.311000Z</time>
      </trkpt>
      <trkpt lat="39.8709313" lon="116.6801026">
        <ele>24.35738</ele>
        <time>2026-09-16T22:44:17.292000Z</time>
      </trkpt>
      <trkpt lat="39.870897" lon="116.6802411">
        <ele>24.31284</ele>
        <time>2026-09-16T22:44:21.273000Z</time>
      </trkpt>
      <trkpt lat="39.8708621" lon="116.680381">
        <ele>24.24727</ele>
        <time>2026-09-16T22:44:25.254000Z</time>
      </trkpt>
      <trkpt lat="39.8708285" lon="116.6805214">
        <ele>24.1807</ele>
        <time>2026-09-16T22:44:29.235000Z</time>
      </trkpt>
      <trkpt lat="39.8707954" lon="116.6806589">
        <ele>24.10374</ele>
        <time>2026-09-16T22:44:33.216000Z</time>
      </trkpt>
      <trkpt lat="39.8707586" lon="116.6807979">
        <ele>24.02281</ele>
        <time>2026-09-16T22:44:37.197000Z</time>
      </trkpt>
      <trkpt lat="39.8707219" lon="116.6809341">
        <ele>24.00235</ele>
        <time>2026-09-16T22:44:41.178000Z</time>
      </trkpt>
      <trkpt lat="39.8706853" lon="116.6810704">
        <ele>24.0274</ele>
        <time>2026-09-16T22:44:45.159000Z</time>
      </trkpt>
      <trkpt lat="39.8706479" lon="116.6812061">
        <ele>24.03945</ele>
        <time>2026-09-16T22:44:49.139000Z</time>
      </trkpt>
      <trkpt lat="39.8706097" lon="116.6813449">
        <ele>24.01936</ele>
        <time>2026-09-16T22:44:53.120000Z</time>
      </trkpt>
      <trkpt lat="39.8705723" lon="116.6814794">
        <ele>23.96478</ele>
        <time>2026-09-16T22:44:57.101000Z</time>
      </trkpt>
      <trkpt lat="39.8705333" lon="116.6816185">
        <ele>23.84411</ele>
        <time>2026-09-16T22:45:01.082000Z</time>
      </trkpt>
      <trkpt lat="39.8704922" lon="116.6817574">
        <ele>23.66676</ele>
        <time>2026-09-16T22:45:05.063000Z</time>
      </trkpt>
      <trkpt lat="39.8704539" lon="116.6818983">
        <ele>23.4747</ele>
        <time>2026-09-16T22:45:09.044000Z</time>
      </trkpt>
      <trkpt lat="39.8704234" lon="116.6820329">
        <ele>23.29123</ele>
        <time>2026-09-16T22:45:13.025000Z</time>
      </trkpt>
      <trkpt lat="39.8703952" lon="116.682169">
        <ele>23.10817</ele>
        <time>2026-09-16T22:45:17.006000Z</time>
      </trkpt>
      <trkpt lat="39.8703565" lon="116.6823007">
        <ele>22.85781</ele>
        <time>2026-09-16T22:45:20.986000Z</time>
      </trkpt>
      <trkpt lat="39.8703145" lon="116.6824308">
        <ele>22.60914</ele>
        <time>2026-09-16T22:45:24.967000Z</time>
      </trkpt>
      <trkpt lat="39.8702723" lon="116.6825603">
        <ele>22.4494</ele>
        <time>2026-09-16T22:45:28.948000Z</time>
      </trkpt>
      <trkpt lat="39.8702347" lon="116.6826909">
        <ele>22.36654</ele>
        <time>2026-09-16T22:45:32.929000Z</time>
      </trkpt>
      <trkpt lat="39.8701991" lon="116.6828197">
        <ele>22.31495</ele>
        <time>2026-09-16T22:45:36.910000Z</time>
      </trkpt>
      <trkpt lat="39.8701667" lon="116.6829472">
        <ele>22.27004</ele>
        <time>2026-09-16T22:45:40.891000Z</time>
      </trkpt>
      <trkpt lat="39.8701317" lon="116.6830774">
        <ele>22.24777</ele>
        <time>2026-09-16T22:45:44.872000Z</time>
      </trkpt>
      <trkpt lat="39.8700918" lon="116.6832073">
        <ele>22.25056</ele>
        <time>2026-09-16T22:45:48.853000Z</time>
      </trkpt>
      <trkpt lat="39.8700535" lon="116.6833364">
        <ele>22.26097</ele>
        <time>2026-09-16T22:45:52.834000Z</time>
      </trkpt>
      <trkpt lat="39.8700154" lon="116.6834645">
        <ele>22.25631</ele>
        <time>2026-09-16T22:45:56.814000Z</time>
      </trkpt>
      <trkpt lat="39.8699769" lon="116.6836">
        <ele>22.23685</ele>
        <time>2026-09-16T22:46:00.795000Z</time>
      </trkpt>
      <trkpt lat="39.8699384" lon="116.6837325">
        <ele>22.2344</ele>
        <time>2026-09-16T22:46:04.776000Z</time>
      </trkpt>
      <trkpt lat="39.8698978" lon="116.6838682">
        <ele>22.29696</ele>
        <time>2026-09-16T22:46:08.757000Z</time>
      </trkpt>
      <trkpt lat="39.8698584" lon="116.6840017">
        <ele>22.41701</ele>
        <time>2026-09-16T22:46:12.738000Z</time>
      </trkpt>
      <trkpt lat="39.8698221" lon="116.6841353">
        <ele>22.55854</ele>
        <time>2026-09-16T22:46:16.719000Z</time>
      </trkpt>
      <trkpt lat="39.8697844" lon="116.6842683">
        <ele>22.68656</ele>
        <time>2026-09-16T22:46:20.700000Z</time>
      </trkpt>
      <trkpt lat="39.8697482" lon="116.6843978">
        <ele>22.76249</ele>
        <time>2026-09-16T22:46:24.681000Z</time>
      </trkpt>
      <trkpt lat="39.8697193" lon="116.6845304">
        <ele>22.78702</ele>
        <time>2026-09-16T22:46:28.662000Z</time>
      </trkpt>
      <trkpt lat="39.8696892" lon="116.684668">
        <ele>22.77998</ele>
        <time>2026-09-16T22:46:32.642000Z</time>
      </trkpt>
      <trkpt lat="39.8696575" lon="116.6848033">
        <ele>22.76018</ele>
        <time>2026-09-16T22:46:36.623000Z</time>
      </trkpt>
      <trkpt lat="39.8696237" lon="116.684938">
        <ele>22.74521</ele>
        <time>2026-09-16T22:46:40.604000Z</time>
      </trkpt>
      <trkpt lat="39.8695896" lon="116.6850698">
        <ele>22.76869</ele>
        <time>2026-09-16T22:46:44.585000Z</time>
      </trkpt>
      <trkpt lat="39.8695538" lon="116.6852054">
        <ele>22.83633</ele>
        <time>2026-09-16T22:46:48.566000Z</time>
      </trkpt>
      <trkpt lat="39.8695187" lon="116.6853415">
        <ele>22.93758</ele>
        <time>2026-09-16T22:46:52.547000Z</time>
      </trkpt>
      <trkpt lat="39.8694857" lon="116.6854784">
        <ele>23.03974</ele>
        <time>2026-09-16T22:46:56.528000Z</time>
      </trkpt>
      <trkpt lat="39.8694502" lon="116.6856121">
        <ele>23.11431</ele>
        <time>2026-09-16T22:47:00.509000Z</time>
      </trkpt>
      <trkpt lat="39.8694137" lon="116.6857439">
        <ele>23.13505</ele>
        <time>2026-09-16T22:47:04.490000Z</time>
      </trkpt>
      <trkpt lat="39.8693815" lon="116.6858766">
        <ele>23.09802</ele>
        <time>2026-09-16T22:47:08.471000Z</time>
      </trkpt>
      <trkpt lat="39.8693508" lon="116.6860072">
        <ele>23.01007</ele>
        <time>2026-09-16T22:47:12.451000Z</time>
      </trkpt>
      <trkpt lat="39.8693216" lon="116.6861387">
        <ele>22.90078</ele>
        <time>2026-09-16T22:47:16.432000Z</time>
      </trkpt>
      <trkpt lat="39.8692899" lon="116.6862731">
        <ele>22.79766</ele>
        <time>2026-09-16T22:47:20.413000Z</time>
      </trkpt>
      <trkpt lat="39.8692561" lon="116.6864038">
        <ele>22.7356</ele>
        <time>2026-09-16T22:47:24.394000Z</time>
      </trkpt>
      <trkpt lat="39.8692226" lon="116.6865395">
        <ele>22.69478</ele>
        <time>2026-09-16T22:47:28.375000Z</time>
      </trkpt>
      <trkpt lat="39.8691851" lon="116.6866759">
        <ele>22.65241</ele>
        <time>2026-09-16T22:47:32.356000Z</time>
      </trkpt>
      <trkpt lat="39.8691449" lon="116.6868128">
        <ele>22.63987</ele>
        <time>2026-09-16T22:47:36.337000Z</time>
      </trkpt>
      <trkpt lat="39.8691095" lon="116.6869469">
        <ele>22.64876</ele>
        <time>2026-09-16T22:47:40.318000Z</time>
      </trkpt>
      <trkpt lat="39.869077" lon="116.6870822">
        <ele>22.65751</ele>
        <time>2026-09-16T22:47:44.299000Z</time>
      </trkpt>
      <trkpt lat="39.8690432" lon="116.6872201">
        <ele>22.68342</ele>
        <time>2026-09-16T22:47:48.280000Z</time>
      </trkpt>
      <trkpt lat="39.8690112" lon="116.6873574">
        <ele>22.73175</ele>
        <time>2026-09-16T22:47:52.260000Z</time>
      </trkpt>
      <trkpt lat="39.8689771" lon="116.6874927">
        <ele>22.77762</ele>
        <time>2026-09-16T22:47:56.241000Z</time>
      </trkpt>
      <trkpt lat="39.8689395" lon="116.6876284">
        <ele>22.78739</ele>
        <time>2026-09-16T22:48:00.222000Z</time>
      </trkpt>
      <trkpt lat="39.8689015" lon="116.6877611">
        <ele>22.76375</ele>
        <time>2026-09-16T22:48:04.203000Z</time>
      </trkpt>
      <trkpt lat="39.8688649" lon="116.6878925">
        <ele>22.75547</ele>
        <time>2026-09-16T22:48:08.184000Z</time>
      </trkpt>
      <trkpt lat="39.8688306" lon="116.6880257">
        <ele>22.80149</ele>
        <time>2026-09-16T22:48:12.165000Z</time>
      </trkpt>
      <trkpt lat="39.8687981" lon="116.6881599">
        <ele>22.91036</ele>
        <time>2026-09-16T22:48:16.146000Z</time>
      </trkpt>
      <trkpt lat="39.8687812" lon="116.6882908">
        <ele>23.06323</ele>
        <time>2026-09-16T22:48:20.127000Z</time>
      </trkpt>
      <trkpt lat="39.8687625" lon="116.6884152">
        <ele>23.20371</ele>
        <time>2026-09-16T22:48:24Z</time>
      </trkpt>
      <trkpt lat="39.8687326" lon="116.6885474">
        <ele>23.24889</ele>
        <time>2026-09-16T22:48:28Z</time>
      </trkpt>
      <trkpt lat="39.8686986" lon="116.6886799">
        <ele>23.1922</ele>
        <time>2026-09-16T22:48:32Z</time>
      </trkpt>
      <trkpt lat="39.868652" lon="116.688807">
        <ele>23.14468</ele>
        <time>2026-09-16T22:48:36Z</time>
      </trkpt>
      <trkpt lat="39.8685692" lon="116.6888986">
        <ele>23.17526</ele>
        <time>2026-09-16T22:48:40Z</time>
      </trkpt>
      <trkpt lat="39.8684545" lon="116.6889216">
        <ele>23.20263</ele>
        <time>2026-09-16T22:48:44Z</time>
      </trkpt>
      <trkpt lat="39.8683647" lon="116.6889064">
        <ele>23.13936</ele>
        <time>2026-09-16T22:48:46.998000Z</time>
      </trkpt>
      <trkpt lat="39.868247" lon="116.6888824">
        <ele>22.9906</ele>
        <time>2026-09-16T22:48:50.979000Z</time>
      </trkpt>
      <trkpt lat="39.8681338" lon="116.6888622">
        <ele>22.85024</ele>
        <time>2026-09-16T22:48:54.960000Z</time>
      </trkpt>
      <trkpt lat="39.8680238" lon="116.6888553">
        <ele>22.73076</ele>
        <time>2026-09-16T22:48:58.941000Z</time>
      </trkpt>
      <trkpt lat="39.8679113" lon="116.6888612">
        <ele>22.62011</ele>
        <time>2026-09-16T22:49:02.921000Z</time>
      </trkpt>
      <trkpt lat="39.8677994" lon="116.6888704">
        <ele>22.51102</ele>
        <time>2026-09-16T22:49:06.902000Z</time>
      </trkpt>
      <trkpt lat="39.8676891" lon="116.6888839">
        <ele>22.40087</ele>
        <time>2026-09-16T22:49:10.883000Z</time>
      </trkpt>
      <trkpt lat="39.8675807" lon="116.6889036">
        <ele>22.29415</ele>
        <time>2026-09-16T22:49:14.864000Z</time>
      </trkpt>
      <trkpt lat="39.8674733" lon="116.6889274">
        <ele>22.20018</ele>
        <time>2026-09-16T22:49:18.845000Z</time>
      </trkpt>
      <trkpt lat="39.8673659" lon="116.6889538">
        <ele>22.12664</ele>
        <time>2026-09-16T22:49:22.826000Z</time>
      </trkpt>
      <trkpt lat="39.8672593" lon="116.6889819">
        <ele>22.09874</ele>
        <time>2026-09-16T22:49:26.807000Z</time>
      </trkpt>
      <trkpt lat="39.867156" lon="116.6890139">
        <ele>22.12882</ele>
        <time>2026-09-16T22:49:30.788000Z</time>
      </trkpt>
      <trkpt lat="39.8670517" lon="116.6890496">
        <ele>22.20586</ele>
        <time>2026-09-16T22:49:34.768000Z</time>
      </trkpt>
      <trkpt lat="39.8669458" lon="116.6890851">
        <ele>22.3255</ele>
        <time>2026-09-16T22:49:38.749000Z</time>
      </trkpt>
      <trkpt lat="39.8668394" lon="116.6891231">
        <ele>22.44577</ele>
        <time>2026-09-16T22:49:42.730000Z</time>
      </trkpt>
      <trkpt lat="39.8667351" lon="116.6891612">
        <ele>22.52355</ele>
        <time>2026-09-16T22:49:46.711000Z</time>
      </trkpt>
      <trkpt lat="39.8666317" lon="116.6891973">
        <ele>22.57127</ele>
        <time>2026-09-16T22:49:50.692000Z</time>
      </trkpt>
      <trkpt lat="39.8665268" lon="116.6892359">
        <ele>22.59711</ele>
        <time>2026-09-16T22:49:54.673000Z</time>
      </trkpt>
      <trkpt lat="39.8664243" lon="116.6892757">
        <ele>22.59298</ele>
        <time>2026-09-16T22:49:58.654000Z</time>
      </trkpt>
      <trkpt lat="39.8663248" lon="116.6893215">
        <ele>22.55529</ele>
        <time>2026-09-16T22:50:02.634000Z</time>
      </trkpt>
      <trkpt lat="39.86623" lon="116.6893781">
        <ele>22.4795</ele>
        <time>2026-09-16T22:50:06.615000Z</time>
      </trkpt>
      <trkpt lat="39.8661312" lon="116.689434">
        <ele>22.40608</ele>
        <time>2026-09-16T22:50:10.596000Z</time>
      </trkpt>
      <trkpt lat="39.8660458" lon="116.6894763">
        <ele>22.3654</ele>
        <time>2026-09-16T22:50:14.577000Z</time>
      </trkpt>
      <trkpt lat="39.8659467" lon="116.6895248">
        <ele>22.35993</ele>
        <time>2026-09-16T22:50:19.553000Z</time>
      </trkpt>
      <trkpt lat="39.8658449" lon="116.6895703">
        <ele>22.40062</ele>
        <time>2026-09-16T22:50:23.534000Z</time>
      </trkpt>
      <trkpt lat="39.865741" lon="116.689618">
        <ele>22.45494</ele>
        <time>2026-09-16T22:50:27.515000Z</time>
      </trkpt>
      <trkpt lat="39.8656316" lon="116.6896706">
        <ele>22.43509</ele>
        <time>2026-09-16T22:50:31.496000Z</time>
      </trkpt>
      <trkpt lat="39.8655233" lon="116.6897213">
        <ele>22.31476</ele>
        <time>2026-09-16T22:50:35.477000Z</time>
      </trkpt>
      <trkpt lat="39.8654159" lon="116.6897749">
        <ele>22.14345</ele>
        <time>2026-09-16T22:50:39.458000Z</time>
      </trkpt>
      <trkpt lat="39.8653103" lon="116.6898256">
        <ele>21.98408</ele>
        <time>2026-09-16T22:50:43.438000Z</time>
      </trkpt>
      <trkpt lat="39.8652021" lon="116.6898763">
        <ele>21.85358</ele>
        <time>2026-09-16T22:50:47.419000Z</time>
      </trkpt>
      <trkpt lat="39.8650941" lon="116.6899263">
        <ele>21.73692</ele>
        <time>2026-09-16T22:50:51.400000Z</time>
      </trkpt>
      <trkpt lat="39.8649917" lon="116.689973">
        <ele>21.63152</ele>
        <time>2026-09-16T22:50:55.381000Z</time>
      </trkpt>
      <trkpt lat="39.8648897" lon="116.6900217">
        <ele>21.53626</ele>
        <time>2026-09-16T22:50:59.362000Z</time>
      </trkpt>
      <trkpt lat="39.8647857" lon="116.6900684">
        <ele>21.43193</ele>
        <time>2026-09-16T22:51:03.343000Z</time>
      </trkpt>
      <trkpt lat="39.864677" lon="116.6901114">
        <ele>21.33833</ele>
        <time>2026-09-16T22:51:07.324000Z</time>
      </trkpt>
      <trkpt lat="39.8645682" lon="116.6901627">
        <ele>21.28035</ele>
        <time>2026-09-16T22:51:11.305000Z</time>
      </trkpt>
      <trkpt lat="39.8644608" lon="116.6902153">
        <ele>21.27234</ele>
        <time>2026-09-16T22:51:15.285000Z</time>
      </trkpt>
      <trkpt lat="39.8643551" lon="116.690263">
        <ele>21.28518</ele>
        <time>2026-09-16T22:51:19.266000Z</time>
      </trkpt>
      <trkpt lat="39.8642505" lon="116.6903097">
        <ele>21.29025</ele>
        <time>2026-09-16T22:51:23.247000Z</time>
      </trkpt>
      <trkpt lat="39.8641486" lon="116.6903569">
        <ele>21.27085</ele>
        <time>2026-09-16T22:51:27.228000Z</time>
      </trkpt>
      <trkpt lat="39.8640449" lon="116.690405">
        <ele>21.22685</ele>
        <time>2026-09-16T22:51:31.209000Z</time>
      </trkpt>
      <trkpt lat="39.8639469" lon="116.6904497">
        <ele>21.17827</ele>
        <time>2026-09-16T22:51:35Z</time>
      </trkpt>
      <trkpt lat="39.8638441" lon="116.6904968">
        <ele>21.15748</ele>
        <time>2026-09-16T22:51:39Z</time>
      </trkpt>
      <trkpt lat="39.8637435" lon="116.6905463">
        <ele>21.15057</ele>
        <time>2026-09-16T22:51:43Z</time>
      </trkpt>
      <trkpt lat="39.8636446" lon="116.6905996">
        <ele>21.13196</ele>
        <time>2026-09-16T22:51:47Z</time>
      </trkpt>
      <trkpt lat="39.8635424" lon="116.6906475">
        <ele>21.12725</ele>
        <time>2026-09-16T22:51:51Z</time>
      </trkpt>
      <trkpt lat="39.8634384" lon="116.6906957">
        <ele>21.16266</ele>
        <time>2026-09-16T22:51:55Z</time>
      </trkpt>
      <trkpt lat="39.8633375" lon="116.6907467">
        <ele>21.27086</ele>
        <time>2026-09-16T22:51:59.075000Z</time>
      </trkpt>
      <trkpt lat="39.8632406" lon="116.6907995">
        <ele>21.40047</ele>
        <time>2026-09-16T22:52:03.056000Z</time>
      </trkpt>
      <trkpt lat="39.8631412" lon="116.6908487">
        <ele>21.51736</ele>
        <time>2026-09-16T22:52:07.037000Z</time>
      </trkpt>
      <trkpt lat="39.8630401" lon="116.6908911">
        <ele>21.61143</ele>
        <time>2026-09-16T22:52:11.018000Z</time>
      </trkpt>
      <trkpt lat="39.862938" lon="116.6909335">
        <ele>21.6708</ele>
        <time>2026-09-16T22:52:14.999000Z</time>
      </trkpt>
      <trkpt lat="39.8628355" lon="116.690953">
        <ele>21.70975</ele>
        <time>2026-09-16T22:52:18.979000Z</time>
      </trkpt>
      <trkpt lat="39.8627404" lon="116.6908936">
        <ele>21.73868</ele>
        <time>2026-09-16T22:52:22.960000Z</time>
      </trkpt>
      <trkpt lat="39.8626809" lon="116.6907716">
        <ele>21.73659</ele>
        <time>2026-09-16T22:52:26.941000Z</time>
      </trkpt>
      <trkpt lat="39.8626346" lon="116.6906397">
        <ele>21.7032</ele>
        <time>2026-09-16T22:52:30.922000Z</time>
      </trkpt>
      <trkpt lat="39.8625887" lon="116.690504">
        <ele>21.66767</ele>
        <time>2026-09-16T22:52:34.903000Z</time>
      </trkpt>
      <trkpt lat="39.8625404" lon="116.6903658">
        <ele>21.65673</ele>
        <time>2026-09-16T22:52:38.884000Z</time>
      </trkpt>
      <trkpt lat="39.8624927" lon="116.6902251">
        <ele>21.68956</ele>
        <time>2026-09-16T22:52:42.865000Z</time>
      </trkpt>
      <trkpt lat="39.8624507" lon="116.6900889">
        <ele>21.72512</ele>
        <time>2026-09-16T22:52:46.846000Z</time>
      </trkpt>
      <trkpt lat="39.8624124" lon="116.6899582">
        <ele>21.70798</ele>
        <time>2026-09-16T22:52:50.826000Z</time>
      </trkpt>
      <trkpt lat="39.8623742" lon="116.6898257">
        <ele>21.6437</ele>
        <time>2026-09-16T22:52:54.807000Z</time>
      </trkpt>
      <trkpt lat="39.8623308" lon="116.6896936">
        <ele>21.55736</ele>
        <time>2026-09-16T22:52:58.788000Z</time>
      </trkpt>
      <trkpt lat="39.8622827" lon="116.689565">
        <ele>21.51155</ele>
        <time>2026-09-16T22:53:02.769000Z</time>
      </trkpt>
      <trkpt lat="39.8622299" lon="116.6894386">
        <ele>21.54975</ele>
        <time>2026-09-16T22:53:06.750000Z</time>
      </trkpt>
      <trkpt lat="39.8621867" lon="116.6893131">
        <ele>21.6305</ele>
        <time>2026-09-16T22:53:10.731000Z</time>
      </trkpt>
      <trkpt lat="39.8621497" lon="116.689183">
        <ele>21.68704</ele>
        <time>2026-09-16T22:53:14.712000Z</time>
      </trkpt>
      <trkpt lat="39.8621142" lon="116.6890521">
        <ele>21.67686</ele>
        <time>2026-09-16T22:53:18.693000Z</time>
      </trkpt>
      <trkpt lat="39.8620799" lon="116.6889229">
        <ele>21.60895</ele>
        <time>2026-09-16T22:53:22.674000Z</time>
      </trkpt>
      <trkpt lat="39.8620417" lon="116.6887957">
        <ele>21.53583</ele>
        <time>2026-09-16T22:53:26.654000Z</time>
      </trkpt>
      <trkpt lat="39.86199" lon="116.6886837">
        <ele>21.50277</ele>
        <time>2026-09-16T22:53:30.635000Z</time>
      </trkpt>
      <trkpt lat="39.861945" lon="116.6885604">
        <ele>21.52636</ele>
        <time>2026-09-16T22:53:34.616000Z</time>
      </trkpt>
      <trkpt lat="39.8619096" lon="116.6884287">
        <ele>21.57431</ele>
        <time>2026-09-16T22:53:38.597000Z</time>
      </trkpt>
      <trkpt lat="39.8618778" lon="116.6882933">
        <ele>21.60631</ele>
        <time>2026-09-16T22:53:42.578000Z</time>
      </trkpt>
      <trkpt lat="39.8618468" lon="116.6881597">
        <ele>21.60284</ele>
        <time>2026-09-16T22:53:46.559000Z</time>
      </trkpt>
      <trkpt lat="39.8618112" lon="116.6880274">
        <ele>21.56814</ele>
        <time>2026-09-16T22:53:50.540000Z</time>
      </trkpt>
      <trkpt lat="39.8617769" lon="116.6878955">
        <ele>21.52596</ele>
        <time>2026-09-16T22:53:54.521000Z</time>
      </trkpt>
      <trkpt lat="39.8617427" lon="116.6877602">
        <ele>21.49224</ele>
        <time>2026-09-16T22:53:58.502000Z</time>
      </trkpt>
      <trkpt lat="39.8617081" lon="116.6876247">
        <ele>21.49966</ele>
        <time>2026-09-16T22:54:02.482000Z</time>
      </trkpt>
      <trkpt lat="39.8616605" lon="116.6874976">
        <ele>21.56075</ele>
        <time>2026-09-16T22:54:06.463000Z</time>
      </trkpt>
      <trkpt lat="39.8615772" lon="116.6874157">
        <ele>21.69361</ele>
        <time>2026-09-16T22:54:10.444000Z</time>
      </trkpt>
      <trkpt lat="39.861461" lon="116.687396">
        <ele>21.90207</ele>
        <time>2026-09-16T22:54:14.425000Z</time>
      </trkpt>
      <trkpt lat="39.8613515" lon="116.6873829">
        <ele>22.1209</ele>
        <time>2026-09-16T22:54:18.406000Z</time>
      </trkpt>
      <trkpt lat="39.8612411" lon="116.687347">
        <ele>22.30239</ele>
        <time>2026-09-16T22:54:22.387000Z</time>
      </trkpt>
      <trkpt lat="39.8611347" lon="116.6873149">
        <ele>22.44403</ele>
        <time>2026-09-16T22:54:26.368000Z</time>
      </trkpt>
      <trkpt lat="39.8610263" lon="116.6872987">
        <ele>22.51076</ele>
        <time>2026-09-16T22:54:30.349000Z</time>
      </trkpt>
      <trkpt lat="39.860916" lon="116.6872934">
        <ele>22.49878</ele>
        <time>2026-09-16T22:54:34.329000Z</time>
      </trkpt>
      <trkpt lat="39.8608053" lon="116.6872928">
        <ele>22.44982</ele>
        <time>2026-09-16T22:54:38.310000Z</time>
      </trkpt>
      <trkpt lat="39.8606968" lon="116.6872948">
        <ele>22.39866</ele>
        <time>2026-09-16T22:54:42.291000Z</time>
      </trkpt>
      <trkpt lat="39.860591" lon="116.6872934">
        <ele>22.35291</ele>
        <time>2026-09-16T22:54:46.272000Z</time>
      </trkpt>
      <trkpt lat="39.8604849" lon="116.6872927">
        <ele>22.29522</ele>
        <time>2026-09-16T22:54:50.253000Z</time>
      </trkpt>
      <trkpt lat="39.86038" lon="116.6872848">
        <ele>22.24515</ele>
        <time>2026-09-16T22:54:54.234000Z</time>
      </trkpt>
      <trkpt lat="39.8602763" lon="116.6872771">
        <ele>22.23842</ele>
        <time>2026-09-16T22:54:58.215000Z</time>
      </trkpt>
      <trkpt lat="39.860181" lon="116.6873089">
        <ele>22.26083</ele>
        <time>2026-09-16T22:55:02.195000Z</time>
      </trkpt>
      <trkpt lat="39.8600799" lon="116.6873255">
        <ele>22.28392</ele>
        <time>2026-09-16T22:55:06.176000Z</time>
      </trkpt>
      <trkpt lat="39.8599758" lon="116.6873287">
        <ele>22.31346</ele>
        <time>2026-09-16T22:55:10.157000Z</time>
      </trkpt>
      <trkpt lat="39.8598705" lon="116.6873256">
        <ele>22.35907</ele>
        <time>2026-09-16T22:55:14.138000Z</time>
      </trkpt>
      <trkpt lat="39.8597632" lon="116.6873234">
        <ele>22.43494</ele>
        <time>2026-09-16T22:55:18.119000Z</time>
      </trkpt>
      <trkpt lat="39.8596562" lon="116.6873236">
        <ele>22.55264</ele>
        <time>2026-09-16T22:55:22.100000Z</time>
      </trkpt>
      <trkpt lat="39.8595512" lon="116.6873209">
        <ele>22.70969</ele>
        <time>2026-09-16T22:55:26.081000Z</time>
      </trkpt>
      <trkpt lat="39.8594428" lon="116.6873187">
        <ele>22.87967</ele>
        <time>2026-09-16T22:55:30.062000Z</time>
      </trkpt>
      <trkpt lat="39.8593365" lon="116.6873177">
        <ele>23.05246</ele>
        <time>2026-09-16T22:55:34.042000Z</time>
      </trkpt>
      <trkpt lat="39.8592296" lon="116.6873146">
        <ele>23.21222</ele>
        <time>2026-09-16T22:55:38.023000Z</time>
      </trkpt>
      <trkpt lat="39.8591236" lon="116.6872977">
        <ele>23.31256</ele>
        <time>2026-09-16T22:55:42.004000Z</time>
      </trkpt>
      <trkpt lat="39.8590313" lon="116.6872361">
        <ele>23.2218</ele>
        <time>2026-09-16T22:55:45.985000Z</time>
      </trkpt>
      <trkpt lat="39.8589645" lon="116.6871116">
        <ele>23.05878</ele>
        <time>2026-09-16T22:55:49.966000Z</time>
      </trkpt>
      <trkpt lat="39.8589216" lon="116.6869703">
        <ele>22.96026</ele>
        <time>2026-09-16T22:55:53.947000Z</time>
      </trkpt>
      <trkpt lat="39.8588906" lon="116.6868318">
        <ele>22.93435</ele>
        <time>2026-09-16T22:55:57.928000Z</time>
      </trkpt>
      <trkpt lat="39.8588556" lon="116.6866904">
        <ele>22.9468</ele>
        <time>2026-09-16T22:56:01.908000Z</time>
      </trkpt>
      <trkpt lat="39.8588219" lon="116.6865477">
        <ele>22.99419</ele>
        <time>2026-09-16T22:56:05.889000Z</time>
      </trkpt>
      <trkpt lat="39.858793" lon="116.686407">
        <ele>23.07985</ele>
        <time>2026-09-16T22:56:09.870000Z</time>
      </trkpt>
      <trkpt lat="39.8587651" lon="116.6862664">
        <ele>23.1941</ele>
        <time>2026-09-16T22:56:13.851000Z</time>
      </trkpt>
      <trkpt lat="39.8587372" lon="116.6861211">
        <ele>23.32616</ele>
        <time>2026-09-16T22:56:17.832000Z</time>
      </trkpt>
      <trkpt lat="39.8587102" lon="116.6859782">
        <ele>23.45645</ele>
        <time>2026-09-16T22:56:21.813000Z</time>
      </trkpt>
      <trkpt lat="39.8586875" lon="116.6858362">
        <ele>23.59049</ele>
        <time>2026-09-16T22:56:25.793000Z</time>
      </trkpt>
      <trkpt lat="39.8586756" lon="116.685694">
        <ele>23.7142</ele>
        <time>2026-09-16T22:56:29.774000Z</time>
      </trkpt>
      <trkpt lat="39.8586665" lon="116.685546">
        <ele>23.79824</ele>
        <time>2026-09-16T22:56:33.755000Z</time>
      </trkpt>
      <trkpt lat="39.8586571" lon="116.6854014">
        <ele>23.82012</ele>
        <time>2026-09-16T22:56:37.736000Z</time>
      </trkpt>
      <trkpt lat="39.8586488" lon="116.6852543">
        <ele>23.76263</ele>
        <time>2026-09-16T22:56:41.717000Z</time>
      </trkpt>
      <trkpt lat="39.8586459" lon="116.6851109">
        <ele>23.63415</ele>
        <time>2026-09-16T22:56:45.698000Z</time>
      </trkpt>
      <trkpt lat="39.8586434" lon="116.6849683">
        <ele>23.44902</ele>
        <time>2026-09-16T22:56:49.679000Z</time>
      </trkpt>
      <trkpt lat="39.8586349" lon="116.6848296">
        <ele>23.24122</ele>
        <time>2026-09-16T22:56:53.659000Z</time>
      </trkpt>
      <trkpt lat="39.8586481" lon="116.6846935">
        <ele>23.04774</ele>
        <time>2026-09-16T22:56:57.640000Z</time>
      </trkpt>
      <trkpt lat="39.8586708" lon="116.6845605">
        <ele>22.86942</ele>
        <time>2026-09-16T22:57:01.621000Z</time>
      </trkpt>
      <trkpt lat="39.8586963" lon="116.6844258">
        <ele>22.70877</ele>
        <time>2026-09-16T22:57:05.602000Z</time>
      </trkpt>
      <trkpt lat="39.8587213" lon="116.6842926">
        <ele>22.57868</ele>
        <time>2026-09-16T22:57:09.583000Z</time>
      </trkpt>
      <trkpt lat="39.8587503" lon="116.6841608">
        <ele>22.50945</ele>
        <time>2026-09-16T22:57:13.564000Z</time>
      </trkpt>
      <trkpt lat="39.8587848" lon="116.6840289">
        <ele>22.52279</ele>
        <time>2026-09-16T22:57:17.545000Z</time>
      </trkpt>
      <trkpt lat="39.8588236" lon="116.6838957">
        <ele>22.60929</ele>
        <time>2026-09-16T22:57:21.525000Z</time>
      </trkpt>
      <trkpt lat="39.8588912" lon="116.6837815">
        <ele>22.72093</ele>
        <time>2026-09-16T22:57:25.506000Z</time>
      </trkpt>
      <trkpt lat="39.8589677" lon="116.6836779">
        <ele>22.82616</ele>
        <time>2026-09-16T22:57:29.487000Z</time>
      </trkpt>
      <trkpt lat="39.8590022" lon="116.6835475">
        <ele>22.91774</ele>
        <time>2026-09-16T22:57:33.468000Z</time>
      </trkpt>
      <trkpt lat="39.8590198" lon="116.6834001">
        <ele>22.98767</ele>
        <time>2026-09-16T22:57:37.449000Z</time>
      </trkpt>
      <trkpt lat="39.8590223" lon="116.683281">
        <ele>22.99964</ele>
        <time>2026-09-16T22:57:40.434000Z</time>
      </trkpt>
      <trkpt lat="39.8590109" lon="116.683164">
        <ele>22.97307</ele>
        <time>2026-09-16T22:57:43.420000Z</time>
      </trkpt>
      <trkpt lat="39.8589991" lon="116.6830155">
        <ele>22.91086</ele>
        <time>2026-09-16T22:57:47.401000Z</time>
      </trkpt>
      <trkpt lat="39.859" lon="116.6828712">
        <ele>22.84214</ele>
        <time>2026-09-16T22:57:51.382000Z</time>
      </trkpt>
      <trkpt lat="39.8590046" lon="116.6827303">
        <ele>22.76585</ele>
        <time>2026-09-16T22:57:55.363000Z</time>
      </trkpt>
      <trkpt lat="39.8590098" lon="116.6825907">
        <ele>22.67868</ele>
        <time>2026-09-16T22:57:59.344000Z</time>
      </trkpt>
      <trkpt lat="39.8590137" lon="116.6824515">
        <ele>22.58215</ele>
        <time>2026-09-16T22:58:03.324000Z</time>
      </trkpt>
      <trkpt lat="39.8590116" lon="116.6823183">
        <ele>22.48911</ele>
        <time>2026-09-16T22:58:07.305000Z</time>
      </trkpt>
      <trkpt lat="39.8589939" lon="116.6821842">
        <ele>22.45554</ele>
        <time>2026-09-16T22:58:11.286000Z</time>
      </trkpt>
      <trkpt lat="39.858986" lon="116.6820476">
        <ele>22.53155</ele>
        <time>2026-09-16T22:58:15.267000Z</time>
      </trkpt>
      <trkpt lat="39.8589887" lon="116.6819098">
        <ele>22.69188</ele>
        <time>2026-09-16T22:58:19.248000Z</time>
      </trkpt>
      <trkpt lat="39.8589945" lon="116.6817741">
        <ele>22.88411</ele>
        <time>2026-09-16T22:58:23.229000Z</time>
      </trkpt>
      <trkpt lat="39.8589964" lon="116.6816406">
        <ele>23.06416</ele>
        <time>2026-09-16T22:58:27.210000Z</time>
      </trkpt>
      <trkpt lat="39.8589963" lon="116.6815033">
        <ele>23.23609</ele>
        <time>2026-09-16T22:58:31.190000Z</time>
      </trkpt>
      <trkpt lat="39.8589962" lon="116.6813673">
        <ele>23.39639</ele>
        <time>2026-09-16T22:58:35.171000Z</time>
      </trkpt>
      <trkpt lat="39.8589937" lon="116.6812309">
        <ele>23.53434</ele>
        <time>2026-09-16T22:58:39.152000Z</time>
      </trkpt>
      <trkpt lat="39.8589932" lon="116.6810941">
        <ele>23.64486</ele>
        <time>2026-09-16T22:58:43.133000Z</time>
      </trkpt>
      <trkpt lat="39.8589951" lon="116.6809587">
        <ele>23.72247</ele>
        <time>2026-09-16T22:58:47.114000Z</time>
      </trkpt>
      <trkpt lat="39.8589969" lon="116.6808257">
        <ele>23.79104</ele>
        <time>2026-09-16T22:58:51.095000Z</time>
      </trkpt>
      <trkpt lat="39.8589952" lon="116.6806878">
        <ele>23.87036</ele>
        <time>2026-09-16T22:58:55.076000Z</time>
      </trkpt>
      <trkpt lat="39.8589904" lon="116.6805516">
        <ele>23.94073</ele>
        <time>2026-09-16T22:58:59Z</time>
      </trkpt>
      <trkpt lat="39.8589846" lon="116.6804133">
        <ele>23.98354</ele>
        <time>2026-09-16T22:59:03Z</time>
      </trkpt>
      <trkpt lat="39.8589806" lon="116.6802742">
        <ele>23.95225</ele>
        <time>2026-09-16T22:59:07Z</time>
      </trkpt>
      <trkpt lat="39.8589778" lon="116.6801368">
        <ele>23.74304</ele>
        <time>2026-09-16T22:59:10.999000Z</time>
      </trkpt>
      <trkpt lat="39.8589743" lon="116.6799988">
        <ele>23.37534</ele>
        <time>2026-09-16T22:59:14.980000Z</time>
      </trkpt>
      <trkpt lat="39.858973" lon="116.6798596">
        <ele>23.05741</ele>
        <time>2026-09-16T22:59:18.961000Z</time>
      </trkpt>
      <trkpt lat="39.8589718" lon="116.6797227">
        <ele>22.86169</ele>
        <time>2026-09-16T22:59:22.942000Z</time>
      </trkpt>
      <trkpt lat="39.8589732" lon="116.6795765">
        <ele>22.78187</ele>
        <time>2026-09-16T22:59:26.923000Z</time>
      </trkpt>
      <trkpt lat="39.858977" lon="116.6794222">
        <ele>22.78269</ele>
        <time>2026-09-16T22:59:30.903000Z</time>
      </trkpt>
      <trkpt lat="39.8589766" lon="116.6792748">
        <ele>22.82121</ele>
        <time>2026-09-16T22:59:34.884000Z</time>
      </trkpt>
      <trkpt lat="39.8589715" lon="116.6791302">
        <ele>22.89459</ele>
        <time>2026-09-16T22:59:38.865000Z</time>
      </trkpt>
      <trkpt lat="39.8589658" lon="116.6789875">
        <ele>23.00739</ele>
        <time>2026-09-16T22:59:42.846000Z</time>
      </trkpt>
      <trkpt lat="39.858958" lon="116.6788451">
        <ele>23.16106</ele>
        <time>2026-09-16T22:59:46.827000Z</time>
      </trkpt>
      <trkpt lat="39.8589388" lon="116.6787145">
        <ele>23.32784</ele>
        <time>2026-09-16T22:59:50.808000Z</time>
      </trkpt>
      <trkpt lat="39.858928" lon="116.6785748">
        <ele>23.46448</ele>
        <time>2026-09-16T22:59:54.789000Z</time>
      </trkpt>
      <trkpt lat="39.8589251" lon="116.6784356">
        <ele>23.54312</ele>
        <time>2026-09-16T22:59:58.770000Z</time>
      </trkpt>
      <trkpt lat="39.8589227" lon="116.6782913">
        <ele>23.57405</ele>
        <time>2026-09-16T23:00:02.751000Z</time>
      </trkpt>
      <trkpt lat="39.8589201" lon="116.6781446">
        <ele>23.5632</ele>
        <time>2026-09-16T23:00:06.731000Z</time>
      </trkpt>
      <trkpt lat="39.8589221" lon="116.6779975">
        <ele>23.52708</ele>
        <time>2026-09-16T23:00:10.712000Z</time>
      </trkpt>
      <trkpt lat="39.8589255" lon="116.677852">
        <ele>23.51459</ele>
        <time>2026-09-16T23:00:14.693000Z</time>
      </trkpt>
      <trkpt lat="39.8589313" lon="116.6777067">
        <ele>23.54455</ele>
        <time>2026-09-16T23:00:18.674000Z</time>
      </trkpt>
      <trkpt lat="39.8589371" lon="116.6775597">
        <ele>23.55215</ele>
        <time>2026-09-16T23:00:22.655000Z</time>
      </trkpt>
      <trkpt lat="39.8589441" lon="116.6774166">
        <ele>23.49756</ele>
        <time>2026-09-16T23:00:26.636000Z</time>
      </trkpt>
      <trkpt lat="39.8589543" lon="116.6772708">
        <ele>23.38064</ele>
        <time>2026-09-16T23:00:30.617000Z</time>
      </trkpt>
      <trkpt lat="39.8589646" lon="116.6771217">
        <ele>23.25269</ele>
        <time>2026-09-16T23:00:34.598000Z</time>
      </trkpt>
      <trkpt lat="39.8589722" lon="116.6769782">
        <ele>23.15325</ele>
        <time>2026-09-16T23:00:38.579000Z</time>
      </trkpt>
      <trkpt lat="39.8589797" lon="116.6768342">
        <ele>23.11338</ele>
        <time>2026-09-16T23:00:42.560000Z</time>
      </trkpt>
      <trkpt lat="39.8589841" lon="116.6766902">
        <ele>23.11721</ele>
        <time>2026-09-16T23:00:46.540000Z</time>
      </trkpt>
      <trkpt lat="39.858986" lon="116.676549">
        <ele>23.14763</ele>
        <time>2026-09-16T23:00:50.521000Z</time>
      </trkpt>
      <trkpt lat="39.8589879" lon="116.6764108">
        <ele>23.19031</ele>
        <time>2026-09-16T23:00:54.502000Z</time>
      </trkpt>
      <trkpt lat="39.8589859" lon="116.6762709">
        <ele>23.25319</ele>
        <time>2026-09-16T23:00:58.483000Z</time>
      </trkpt>
      <trkpt lat="39.8589829" lon="116.6761277">
        <ele>23.33484</ele>
        <time>2026-09-16T23:01:02.464000Z</time>
      </trkpt>
      <trkpt lat="39.8589809" lon="116.6759882">
        <ele>23.42653</ele>
        <time>2026-09-16T23:01:06.445000Z</time>
      </trkpt>
      <trkpt lat="39.8589851" lon="116.6758496">
        <ele>23.5177</ele>
        <time>2026-09-16T23:01:10.426000Z</time>
      </trkpt>
      <trkpt lat="39.8589871" lon="116.6757056">
        <ele>23.57509</ele>
        <time>2026-09-16T23:01:14.407000Z</time>
      </trkpt>
      <trkpt lat="39.8589903" lon="116.6755584">
        <ele>23.59059</ele>
        <time>2026-09-16T23:01:18.388000Z</time>
      </trkpt>
      <trkpt lat="39.8589941" lon="116.6754104">
        <ele>23.55745</ele>
        <time>2026-09-16T23:01:22.369000Z</time>
      </trkpt>
      <trkpt lat="39.8589996" lon="116.6752637">
        <ele>23.46997</ele>
        <time>2026-09-16T23:01:26.350000Z</time>
      </trkpt>
      <trkpt lat="39.8590039" lon="116.6751119">
        <ele>23.33355</ele>
        <time>2026-09-16T23:01:30.331000Z</time>
      </trkpt>
      <trkpt lat="39.8590063" lon="116.674963">
        <ele>23.16825</ele>
        <time>2026-09-16T23:01:34.312000Z</time>
      </trkpt>
      <trkpt lat="39.8590078" lon="116.674814">
        <ele>23.01178</ele>
        <time>2026-09-16T23:01:38.292000Z</time>
      </trkpt>
      <trkpt lat="39.8590109" lon="116.6746648">
        <ele>22.91202</ele>
        <time>2026-09-16T23:01:42.273000Z</time>
      </trkpt>
      <trkpt lat="39.8590153" lon="116.6745165">
        <ele>22.90663</ele>
        <time>2026-09-16T23:01:46.254000Z</time>
      </trkpt>
      <trkpt lat="39.85902" lon="116.6743735">
        <ele>23.01252</ele>
        <time>2026-09-16T23:01:50.235000Z</time>
      </trkpt>
      <trkpt lat="39.8590245" lon="116.6742263">
        <ele>23.23881</ele>
        <time>2026-09-16T23:01:54.216000Z</time>
      </trkpt>
      <trkpt lat="39.8590272" lon="116.6740801">
        <ele>23.54619</ele>
        <time>2026-09-16T23:01:58.197000Z</time>
      </trkpt>
      <trkpt lat="39.8590207" lon="116.6739431">
        <ele>23.78299</ele>
        <time>2026-09-16T23:02:02Z</time>
      </trkpt>
      <trkpt lat="39.8590132" lon="116.6738023">
        <ele>23.90746</ele>
        <time>2026-09-16T23:02:06Z</time>
      </trkpt>
      <trkpt lat="39.8590111" lon="116.673659">
        <ele>23.9795</ele>
        <time>2026-09-16T23:02:10Z</time>
      </trkpt>
      <trkpt lat="39.8590111" lon="116.6735134">
        <ele>24.03273</ele>
        <time>2026-09-16T23:02:14Z</time>
      </trkpt>
      <trkpt lat="39.8590092" lon="116.6733724">
        <ele>24.06836</ele>
        <time>2026-09-16T23:02:18Z</time>
      </trkpt>
      <trkpt lat="39.8590094" lon="116.6732263">
        <ele>24.08035</ele>
        <time>2026-09-16T23:02:22Z</time>
      </trkpt>
      <trkpt lat="39.8590104" lon="116.6730766">
        <ele>24.0969</ele>
        <time>2026-09-16T23:02:26Z</time>
      </trkpt>
      <trkpt lat="39.8590111" lon="116.6729327">
        <ele>24.15557</ele>
        <time>2026-09-16T23:02:30Z</time>
      </trkpt>
      <trkpt lat="39.8590149" lon="116.6727869">
        <ele>24.18973</ele>
        <time>2026-09-16T23:02:34Z</time>
      </trkpt>
      <trkpt lat="39.8590205" lon="116.6726393">
        <ele>24.02502</ele>
        <time>2026-09-16T23:02:38Z</time>
      </trkpt>
      <trkpt lat="39.8590263" lon="116.6724943">
        <ele>23.59791</ele>
        <time>2026-09-16T23:02:41.988000Z</time>
      </trkpt>
      <trkpt lat="39.859027" lon="116.6723463">
        <ele>23.18949</ele>
        <time>2026-09-16T23:02:45.969000Z</time>
      </trkpt>
      <trkpt lat="39.8590218" lon="116.6721948">
        <ele>22.91881</ele>
        <time>2026-09-16T23:02:49.950000Z</time>
      </trkpt>
      <trkpt lat="39.8590154" lon="116.6720402">
        <ele>22.7647</ele>
        <time>2026-09-16T23:02:53.931000Z</time>
      </trkpt>
      <trkpt lat="39.8590062" lon="116.6718898">
        <ele>22.6809</ele>
        <time>2026-09-16T23:02:57.911000Z</time>
      </trkpt>
      <trkpt lat="39.8589969" lon="116.6717421">
        <ele>22.64501</ele>
        <time>2026-09-16T23:03:01.892000Z</time>
      </trkpt>
      <trkpt lat="39.8589927" lon="116.6715936">
        <ele>22.64023</ele>
        <time>2026-09-16T23:03:05.873000Z</time>
      </trkpt>
      <trkpt lat="39.8589926" lon="116.6714439">
        <ele>22.65193</ele>
        <time>2026-09-16T23:03:09.854000Z</time>
      </trkpt>
      <trkpt lat="39.8589907" lon="116.6713">
        <ele>22.63456</ele>
        <time>2026-09-16T23:03:13.835000Z</time>
      </trkpt>
      <trkpt lat="39.8589861" lon="116.6711552">
        <ele>22.57219</ele>
        <time>2026-09-16T23:03:17.816000Z</time>
      </trkpt>
      <trkpt lat="39.8589765" lon="116.6710104">
        <ele>22.49674</ele>
        <time>2026-09-16T23:03:21.797000Z</time>
      </trkpt>
      <trkpt lat="39.8589687" lon="116.6708646">
        <ele>22.44499</ele>
        <time>2026-09-16T23:03:25.778000Z</time>
      </trkpt>
      <trkpt lat="39.8589639" lon="116.6707168">
        <ele>22.41539</ele>
        <time>2026-09-16T23:03:29.759000Z</time>
      </trkpt>
      <trkpt lat="39.8589598" lon="116.670564">
        <ele>22.37882</ele>
        <time>2026-09-16T23:03:33.740000Z</time>
      </trkpt>
      <trkpt lat="39.858964" lon="116.6704105">
        <ele>22.33996</ele>
        <time>2026-09-16T23:03:37.721000Z</time>
      </trkpt>
      <trkpt lat="39.858974" lon="116.670256">
        <ele>22.30589</ele>
        <time>2026-09-16T23:03:41.702000Z</time>
      </trkpt>
      <trkpt lat="39.858982" lon="116.6701045">
        <ele>22.29417</ele>
        <time>2026-09-16T23:03:45.683000Z</time>
      </trkpt>
      <trkpt lat="39.8589886" lon="116.6699577">
        <ele>22.32172</ele>
        <time>2026-09-16T23:03:49.664000Z</time>
      </trkpt>
      <trkpt lat="39.8589923" lon="116.6698139">
        <ele>22.37203</ele>
        <time>2026-09-16T23:03:53.645000Z</time>
      </trkpt>
      <trkpt lat="39.8589921" lon="116.669676">
        <ele>22.41348</ele>
        <time>2026-09-16T23:03:57.626000Z</time>
      </trkpt>
      <trkpt lat="39.8589926" lon="116.6695393">
        <ele>22.4556</ele>
        <time>2026-09-16T23:04:01.607000Z</time>
      </trkpt>
      <trkpt lat="39.8589939" lon="116.6693993">
        <ele>22.52098</ele>
        <time>2026-09-16T23:04:05.588000Z</time>
      </trkpt>
      <trkpt lat="39.8589977" lon="116.6692592">
        <ele>22.59359</ele>
        <time>2026-09-16T23:04:09.569000Z</time>
      </trkpt>
      <trkpt lat="39.859005" lon="116.6691154">
        <ele>22.64706</ele>
        <time>2026-09-16T23:04:13.550000Z</time>
      </trkpt>
      <trkpt lat="39.85901" lon="116.6689723">
        <ele>22.67787</ele>
        <time>2026-09-16T23:04:17.531000Z</time>
      </trkpt>
      <trkpt lat="39.8590123" lon="116.6688322">
        <ele>22.67617</ele>
        <time>2026-09-16T23:04:21.512000Z</time>
      </trkpt>
      <trkpt lat="39.8590139" lon="116.6686892">
        <ele>22.6544</ele>
        <time>2026-09-16T23:04:25.493000Z</time>
      </trkpt>
      <trkpt lat="39.8590162" lon="116.6685457">
        <ele>22.6265</ele>
        <time>2026-09-16T23:04:29.474000Z</time>
      </trkpt>
      <trkpt lat="39.8590171" lon="116.6684023">
        <ele>22.6084</ele>
        <time>2026-09-16T23:04:33.455000Z</time>
      </trkpt>
      <trkpt lat="39.8590172" lon="116.6682575">
        <ele>22.61168</ele>
        <time>2026-09-16T23:04:37.436000Z</time>
      </trkpt>
      <trkpt lat="39.8590161" lon="116.6681101">
        <ele>22.61583</ele>
        <time>2026-09-16T23:04:41.417000Z</time>
      </trkpt>
      <trkpt lat="39.8590144" lon="116.6679601">
        <ele>22.59814</ele>
        <time>2026-09-16T23:04:45.398000Z</time>
      </trkpt>
      <trkpt lat="39.8590137" lon="116.6678042">
        <ele>22.56621</ele>
        <time>2026-09-16T23:04:49.379000Z</time>
      </trkpt>
      <trkpt lat="39.859018" lon="116.6676537">
        <ele>22.53962</ele>
        <time>2026-09-16T23:04:53.360000Z</time>
      </trkpt>
      <trkpt lat="39.859018" lon="116.6675053">
        <ele>22.50977</ele>
        <time>2026-09-16T23:04:57.341000Z</time>
      </trkpt>
      <trkpt lat="39.8590161" lon="116.6673569">
        <ele>22.45672</ele>
        <time>2026-09-16T23:05:01.322000Z</time>
      </trkpt>
      <trkpt lat="39.859016" lon="116.6672033">
        <ele>22.39206</ele>
        <time>2026-09-16T23:05:05.303000Z</time>
      </trkpt>
      <trkpt lat="39.8590163" lon="116.6670537">
        <ele>22.3195</ele>
        <time>2026-09-16T23:05:09.284000Z</time>
      </trkpt>
      <trkpt lat="39.8590213" lon="116.6669099">
        <ele>22.24339</ele>
        <time>2026-09-16T23:05:13.265000Z</time>
      </trkpt>
      <trkpt lat="39.859029" lon="116.6667649">
        <ele>22.20141</ele>
        <time>2026-09-16T23:05:17.246000Z</time>
      </trkpt>
      <trkpt lat="39.8590331" lon="116.6666196">
        <ele>22.24525</ele>
        <time>2026-09-16T23:05:21.227000Z</time>
      </trkpt>
      <trkpt lat="39.8590346" lon="116.6664727">
        <ele>22.40475</ele>
        <time>2026-09-16T23:05:25.208000Z</time>
      </trkpt>
      <trkpt lat="39.8590365" lon="116.6663254">
        <ele>22.70705</ele>
        <time>2026-09-16T23:05:29.189000Z</time>
      </trkpt>
      <trkpt lat="39.8590382" lon="116.6661808">
        <ele>23.13111</ele>
        <time>2026-09-16T23:05:33.170000Z</time>
      </trkpt>
      <trkpt lat="39.8590347" lon="116.6660419">
        <ele>23.49609</ele>
        <time>2026-09-16T23:05:37Z</time>
      </trkpt>
      <trkpt lat="39.8590143" lon="116.6659012">
        <ele>23.45695</ele>
        <time>2026-09-16T23:05:41.132000Z</time>
      </trkpt>
      <trkpt lat="39.8589995" lon="116.6657625">
        <ele>23.20722</ele>
        <time>2026-09-16T23:05:45.113000Z</time>
      </trkpt>
      <trkpt lat="39.8589975" lon="116.6656216">
        <ele>23.04205</ele>
        <time>2026-09-16T23:05:49.094000Z</time>
      </trkpt>
      <trkpt lat="39.8589981" lon="116.6654806">
        <ele>22.97408</ele>
        <time>2026-09-16T23:05:53.075000Z</time>
      </trkpt>
      <trkpt lat="39.8589992" lon="116.6653365">
        <ele>22.99126</ele>
        <time>2026-09-16T23:05:57.056000Z</time>
      </trkpt>
      <trkpt lat="39.8590041" lon="116.6651894">
        <ele>23.12802</ele>
        <time>2026-09-16T23:06:01.037000Z</time>
      </trkpt>
      <trkpt lat="39.8590124" lon="116.6650425">
        <ele>23.3988</ele>
        <time>2026-09-16T23:06:05.018000Z</time>
      </trkpt>
      <trkpt lat="39.8590171" lon="116.6648992">
        <ele>23.71659</ele>
        <time>2026-09-16T23:06:08.999000Z</time>
      </trkpt>
      <trkpt lat="39.8590171" lon="116.664756">
        <ele>23.96931</ele>
        <time>2026-09-16T23:06:12.980000Z</time>
      </trkpt>
      <trkpt lat="39.8590221" lon="116.6646106">
        <ele>24.19802</ele>
        <time>2026-09-16T23:06:16.961000Z</time>
      </trkpt>
      <trkpt lat="39.8590248" lon="116.6644734">
        <ele>24.39915</ele>
        <time>2026-09-16T23:06:20.942000Z</time>
      </trkpt>
      <trkpt lat="39.8590272" lon="116.6643399">
        <ele>24.56457</ele>
        <time>2026-09-16T23:06:24.923000Z</time>
      </trkpt>
      <trkpt lat="39.8590294" lon="116.6642017">
        <ele>24.68534</ele>
        <time>2026-09-16T23:06:28.904000Z</time>
      </trkpt>
      <trkpt lat="39.8590301" lon="116.6640646">
        <ele>24.75103</ele>
        <time>2026-09-16T23:06:32.885000Z</time>
      </trkpt>
      <trkpt lat="39.8590317" lon="116.6639261">
        <ele>24.7775</ele>
        <time>2026-09-16T23:06:36.866000Z</time>
      </trkpt>
      <trkpt lat="39.8590367" lon="116.6637867">
        <ele>24.79464</ele>
        <time>2026-09-16T23:06:40.847000Z</time>
      </trkpt>
      <trkpt lat="39.8590396" lon="116.6636447">
        <ele>24.82746</ele>
        <time>2026-09-16T23:06:44.828000Z</time>
      </trkpt>
      <trkpt lat="39.8590412" lon="116.6635054">
        <ele>24.87417</ele>
        <time>2026-09-16T23:06:48.809000Z</time>
      </trkpt>
      <trkpt lat="39.8590424" lon="116.6633626">
        <ele>24.93551</ele>
        <time>2026-09-16T23:06:52.790000Z</time>
      </trkpt>
      <trkpt lat="39.8590473" lon="116.6632156">
        <ele>25.0125</ele>
        <time>2026-09-16T23:06:56.771000Z</time>
      </trkpt>
      <trkpt lat="39.8590462" lon="116.6630765">
        <ele>25.0964</ele>
        <time>2026-09-16T23:07:00.752000Z</time>
      </trkpt>
      <trkpt lat="39.8590454" lon="116.6629392">
        <ele>25.19169</ele>
        <time>2026-09-16T23:07:04.733000Z</time>
      </trkpt>
      <trkpt lat="39.8590364" lon="116.6627963">
        <ele>25.29454</ele>
        <time>2026-09-16T23:07:08.714000Z</time>
      </trkpt>
      <trkpt lat="39.8590318" lon="116.6626535">
        <ele>25.37062</ele>
        <time>2026-09-16T23:07:12.695000Z</time>
      </trkpt>
      <trkpt lat="39.85903" lon="116.6625151">
        <ele>25.38912</ele>
        <time>2026-09-16T23:07:16.676000Z</time>
      </trkpt>
      <trkpt lat="39.8590239" lon="116.662378">
        <ele>25.36982</ele>
        <time>2026-09-16T23:07:20.657000Z</time>
      </trkpt>
      <trkpt lat="39.8590195" lon="116.6622383">
        <ele>25.35876</ele>
        <time>2026-09-16T23:07:24.638000Z</time>
      </trkpt>
      <trkpt lat="39.8590206" lon="116.6620997">
        <ele>25.36707</ele>
        <time>2026-09-16T23:07:28.619000Z</time>
      </trkpt>
      <trkpt lat="39.8590216" lon="116.6619559">
        <ele>25.39853</ele>
        <time>2026-09-16T23:07:32.600000Z</time>
      </trkpt>
      <trkpt lat="39.8590256" lon="116.6618144">
        <ele>25.44855</ele>
        <time>2026-09-16T23:07:36.581000Z</time>
      </trkpt>
      <trkpt lat="39.8590302" lon="116.6616748">
        <ele>25.50225</ele>
        <time>2026-09-16T23:07:40.562000Z</time>
      </trkpt>
      <trkpt lat="39.8590333" lon="116.6615334">
        <ele>25.54755</ele>
        <time>2026-09-16T23:07:44.543000Z</time>
      </trkpt>
      <trkpt lat="39.8590401" lon="116.6613923">
        <ele>25.57866</ele>
        <time>2026-09-16T23:07:48.524000Z</time>
      </trkpt>
      <trkpt lat="39.8590477" lon="116.6612501">
        <ele>25.60994</ele>
        <time>2026-09-16T23:07:52.505000Z</time>
      </trkpt>
      <trkpt lat="39.859051" lon="116.6611062">
        <ele>25.6721</ele>
        <time>2026-09-16T23:07:56.486000Z</time>
      </trkpt>
      <trkpt lat="39.8590511" lon="116.6609644">
        <ele>25.75561</ele>
        <time>2026-09-16T23:08:00.467000Z</time>
      </trkpt>
      <trkpt lat="39.859048" lon="116.6608207">
        <ele>25.81618</ele>
        <time>2026-09-16T23:08:04.448000Z</time>
      </trkpt>
      <trkpt lat="39.8590443" lon="116.6606753">
        <ele>25.81832</ele>
        <time>2026-09-16T23:08:08.429000Z</time>
      </trkpt>
      <trkpt lat="39.8590386" lon="116.6605305">
        <ele>25.75565</ele>
        <time>2026-09-16T23:08:12.410000Z</time>
      </trkpt>
      <trkpt lat="39.8590314" lon="116.6603855">
        <ele>25.65293</ele>
        <time>2026-09-16T23:08:16.391000Z</time>
      </trkpt>
      <trkpt lat="39.8590301" lon="116.6602367">
        <ele>25.55109</ele>
        <time>2026-09-16T23:08:20.372000Z</time>
      </trkpt>
      <trkpt lat="39.859033" lon="116.6600848">
        <ele>25.47514</ele>
        <time>2026-09-16T23:08:24.353000Z</time>
      </trkpt>
      <trkpt lat="39.8590378" lon="116.6599321">
        <ele>25.39867</ele>
        <time>2026-09-16T23:08:28.334000Z</time>
      </trkpt>
      <trkpt lat="39.8590389" lon="116.6598072">
        <ele>25.33269</ele>
        <time>2026-09-16T23:08:31.320000Z</time>
      </trkpt>
      <trkpt lat="39.8590389" lon="116.6596856">
        <ele>25.2584</ele>
        <time>2026-09-16T23:08:34.306000Z</time>
      </trkpt>
      <trkpt lat="39.8590379" lon="116.659533">
        <ele>25.13554</ele>
        <time>2026-09-16T23:08:38.287000Z</time>
      </trkpt>
      <trkpt lat="39.8590276" lon="116.659393">
        <ele>24.97057</ele>
        <time>2026-09-16T23:08:42.268000Z</time>
      </trkpt>
      <trkpt lat="39.8590099" lon="116.6592537">
        <ele>24.77791</ele>
        <time>2026-09-16T23:08:46.249000Z</time>
      </trkpt>
      <trkpt lat="39.859006" lon="116.6591113">
        <ele>24.57121</ele>
        <time>2026-09-16T23:08:50.230000Z</time>
      </trkpt>
      <trkpt lat="39.8590084" lon="116.6589712">
        <ele>24.36663</ele>
        <time>2026-09-16T23:08:54.211000Z</time>
      </trkpt>
      <trkpt lat="39.8590124" lon="116.6588284">
        <ele>24.20303</ele>
        <time>2026-09-16T23:08:58.192000Z</time>
      </trkpt>
      <trkpt lat="39.8590133" lon="116.6586834">
        <ele>24.11768</ele>
        <time>2026-09-16T23:09:02.173000Z</time>
      </trkpt>
      <trkpt lat="39.8590112" lon="116.6585415">
        <ele>24.12032</ele>
        <time>2026-09-16T23:09:06.154000Z</time>
      </trkpt>
      <trkpt lat="39.8590106" lon="116.6583986">
        <ele>24.18898</ele>
        <time>2026-09-16T23:09:10.135000Z</time>
      </trkpt>
      <trkpt lat="39.8590129" lon="116.6582526">
        <ele>24.28534</ele>
        <time>2026-09-16T23:09:14.116000Z</time>
      </trkpt>
      <trkpt lat="39.8590148" lon="116.6581041">
        <ele>24.37975</ele>
        <time>2026-09-16T23:09:18.097000Z</time>
      </trkpt>
      <trkpt lat="39.8590174" lon="116.657953">
        <ele>24.4617</ele>
        <time>2026-09-16T23:09:22.078000Z</time>
      </trkpt>
      <trkpt lat="39.8590228" lon="116.6578361">
        <ele>24.50308</ele>
        <time>2026-09-16T23:09:25.064000Z</time>
      </trkpt>
      <trkpt lat="39.8590325" lon="116.6576873">
        <ele>24.49551</ele>
        <time>2026-09-16T23:09:29.045000Z</time>
      </trkpt>
      <trkpt lat="39.8590426" lon="116.6575383">
        <ele>24.42547</ele>
        <time>2026-09-16T23:09:33.026000Z</time>
      </trkpt>
      <trkpt lat="39.8590511" lon="116.6573882">
        <ele>24.4187</ele>
        <time>2026-09-16T23:09:37Z</time>
      </trkpt>
      <trkpt lat="39.8590499" lon="116.6572454">
        <ele>24.68938</ele>
        <time>2026-09-16T23:09:40.988000Z</time>
      </trkpt>
      <trkpt lat="39.8590524" lon="116.6571032">
        <ele>25.0323</ele>
        <time>2026-09-16T23:09:44.969000Z</time>
      </trkpt>
      <trkpt lat="39.8590596" lon="116.6569612">
        <ele>25.28622</ele>
        <time>2026-09-16T23:09:48.950000Z</time>
      </trkpt>
      <trkpt lat="39.8590644" lon="116.6568238">
        <ele>25.41376</ele>
        <time>2026-09-16T23:09:52.931000Z</time>
      </trkpt>
      <trkpt lat="39.8590712" lon="116.6566892">
        <ele>25.44595</ele>
        <time>2026-09-16T23:09:56.912000Z</time>
      </trkpt>
      <trkpt lat="39.859075" lon="116.6565543">
        <ele>25.40749</ele>
        <time>2026-09-16T23:10:00.893000Z</time>
      </trkpt>
      <trkpt lat="39.859072" lon="116.6564232">
        <ele>25.31109</ele>
        <time>2026-09-16T23:10:04.874000Z</time>
      </trkpt>
      <trkpt lat="39.8590768" lon="116.656296">
        <ele>25.17795</ele>
        <time>2026-09-16T23:10:08.855000Z</time>
      </trkpt>
      <trkpt lat="39.8590827" lon="116.6561694">
        <ele>25.02191</ele>
        <time>2026-09-16T23:10:12.836000Z</time>
      </trkpt>
      <trkpt lat="39.8590894" lon="116.6560352">
        <ele>24.86448</ele>
        <time>2026-09-16T23:10:16.817000Z</time>
      </trkpt>
      <trkpt lat="39.8590927" lon="116.6558952">
        <ele>24.73051</ele>
        <time>2026-09-16T23:10:20.799000Z</time>
      </trkpt>
      <trkpt lat="39.8590921" lon="116.6557529">
        <ele>24.62696</ele>
        <time>2026-09-16T23:10:24.780000Z</time>
      </trkpt>
      <trkpt lat="39.8590881" lon="116.6556107">
        <ele>24.56139</ele>
        <time>2026-09-16T23:10:28.761000Z</time>
      </trkpt>
      <trkpt lat="39.8590911" lon="116.6554661">
        <ele>24.53176</ele>
        <time>2026-09-16T23:10:32.742000Z</time>
      </trkpt>
      <trkpt lat="39.8590979" lon="116.6553228">
        <ele>24.51146</ele>
        <time>2026-09-16T23:10:36.723000Z</time>
      </trkpt>
      <trkpt lat="39.8590989" lon="116.6551786">
        <ele>24.47392</ele>
        <time>2026-09-16T23:10:40.704000Z</time>
      </trkpt>
      <trkpt lat="39.8590962" lon="116.6550356">
        <ele>24.39829</ele>
        <time>2026-09-16T23:10:44.685000Z</time>
      </trkpt>
      <trkpt lat="39.8590927" lon="116.65489">
        <ele>24.27668</ele>
        <time>2026-09-16T23:10:48.666000Z</time>
      </trkpt>
      <trkpt lat="39.8590927" lon="116.6547393">
        <ele>24.11276</ele>
        <time>2026-09-16T23:10:52.647000Z</time>
      </trkpt>
      <trkpt lat="39.8590961" lon="116.6546206">
        <ele>23.99586</ele>
        <time>2026-09-16T23:10:55.633000Z</time>
      </trkpt>
      <trkpt lat="39.8591003" lon="116.654501">
        <ele>23.92355</ele>
        <time>2026-09-16T23:10:58.618000Z</time>
      </trkpt>
      <trkpt lat="39.8590987" lon="116.654348">
        <ele>23.92186</ele>
        <time>2026-09-16T23:11:02.599000Z</time>
      </trkpt>
      <trkpt lat="39.8590901" lon="116.654199">
        <ele>24.00561</ele>
        <time>2026-09-16T23:11:06.580000Z</time>
      </trkpt>
      <trkpt lat="39.8590801" lon="116.6540512">
        <ele>24.15006</ele>
        <time>2026-09-16T23:11:10.562000Z</time>
      </trkpt>
      <trkpt lat="39.859071" lon="116.6539039">
        <ele>24.30264</ele>
        <time>2026-09-16T23:11:14.543000Z</time>
      </trkpt>
      <trkpt lat="39.8590689" lon="116.6537606">
        <ele>24.39849</ele>
        <time>2026-09-16T23:11:18.524000Z</time>
      </trkpt>
      <trkpt lat="39.8590654" lon="116.6536154">
        <ele>24.44406</ele>
        <time>2026-09-16T23:11:22.505000Z</time>
      </trkpt>
      <trkpt lat="39.8590616" lon="116.6534644">
        <ele>24.48539</ele>
        <time>2026-09-16T23:11:26.486000Z</time>
      </trkpt>
      <trkpt lat="39.8590584" lon="116.6533144">
        <ele>24.53597</ele>
        <time>2026-09-16T23:11:30.467000Z</time>
      </trkpt>
      <trkpt lat="39.8590571" lon="116.6531635">
        <ele>24.5967</ele>
        <time>2026-09-16T23:11:34.448000Z</time>
      </trkpt>
      <trkpt lat="39.8590561" lon="116.6530169">
        <ele>24.62479</ele>
        <time>2026-09-16T23:11:38.429000Z</time>
      </trkpt>
      <trkpt lat="39.8590571" lon="116.6528669">
        <ele>24.61007</ele>
        <time>2026-09-16T23:11:42.410000Z</time>
      </trkpt>
      <trkpt lat="39.8590583" lon="116.6527162">
        <ele>24.58174</ele>
        <time>2026-09-16T23:11:46.391000Z</time>
      </trkpt>
      <trkpt lat="39.8590576" lon="116.6525704">
        <ele>24.58218</ele>
        <time>2026-09-16T23:11:50.372000Z</time>
      </trkpt>
      <trkpt lat="39.8590591" lon="116.65242">
        <ele>24.63187</ele>
        <time>2026-09-16T23:11:54.353000Z</time>
      </trkpt>
      <trkpt lat="39.8590602" lon="116.6522724">
        <ele>24.71383</ele>
        <time>2026-09-16T23:11:58.334000Z</time>
      </trkpt>
      <trkpt lat="39.859065" lon="116.6521242">
        <ele>24.79204</ele>
        <time>2026-09-16T23:12:02.315000Z</time>
      </trkpt>
      <trkpt lat="39.8590922" lon="116.6519793">
        <ele>24.87495</ele>
        <time>2026-09-16T23:12:06.296000Z</time>
      </trkpt>
      <trkpt lat="39.8591691" lon="116.651877">
        <ele>24.98499</ele>
        <time>2026-09-16T23:12:10.277000Z</time>
      </trkpt>
      <trkpt lat="39.8592769" lon="116.651844">
        <ele>25.1035</ele>
        <time>2026-09-16T23:12:14.258000Z</time>
      </trkpt>
      <trkpt lat="39.8593876" lon="116.6518488">
        <ele>25.18673</ele>
        <time>2026-09-16T23:12:18.239000Z</time>
      </trkpt>
      <trkpt lat="39.8594986" lon="116.6518532">
        <ele>25.1814</ele>
        <time>2026-09-16T23:12:22.220000Z</time>
      </trkpt>
      <trkpt lat="39.8596083" lon="116.6518574">
        <ele>25.07551</ele>
        <time>2026-09-16T23:12:26.201000Z</time>
      </trkpt>
      <trkpt lat="39.8597172" lon="116.6518583">
        <ele>24.97331</ele>
        <time>2026-09-16T23:12:30.182000Z</time>
      </trkpt>
      <trkpt lat="39.8598226" lon="116.6518568">
        <ele>24.90487</ele>
        <time>2026-09-16T23:12:34.163000Z</time>
      </trkpt>
      <trkpt lat="39.8599263" lon="116.6518517">
        <ele>24.834</ele>
        <time>2026-09-16T23:12:38Z</time>
      </trkpt>
      <trkpt lat="39.8600336" lon="116.6518419">
        <ele>24.765</ele>
        <time>2026-09-16T23:12:42Z</time>
      </trkpt>
      <trkpt lat="39.8601456" lon="116.6518349">
        <ele>24.72809</ele>
        <time>2026-09-16T23:12:46Z</time>
      </trkpt>
      <trkpt lat="39.860256" lon="116.6518349">
        <ele>24.70441</ele>
        <time>2026-09-16T23:12:50Z</time>
      </trkpt>
      <trkpt lat="39.8603646" lon="116.6518345">
        <ele>24.72622</ele>
        <time>2026-09-16T23:12:54Z</time>
      </trkpt>
      <trkpt lat="39.8604783" lon="116.651834">
        <ele>24.80433</ele>
        <time>2026-09-16T23:12:58Z</time>
      </trkpt>
      <trkpt lat="39.8605968" lon="116.6518289">
        <ele>24.92591</ele>
        <time>2026-09-16T23:13:02.030000Z</time>
      </trkpt>
      <trkpt lat="39.8607096" lon="116.6518238">
        <ele>24.99464</ele>
        <time>2026-09-16T23:13:06.011000Z</time>
      </trkpt>
      <trkpt lat="39.860823" lon="116.6518219">
        <ele>24.98749</ele>
        <time>2026-09-16T23:13:09.992000Z</time>
      </trkpt>
      <trkpt lat="39.8609334" lon="116.6518192">
        <ele>24.92345</ele>
        <time>2026-09-16T23:13:13.973000Z</time>
      </trkpt>
      <trkpt lat="39.8610385" lon="116.6517979">
        <ele>24.83459</ele>
        <time>2026-09-16T23:13:17.954000Z</time>
      </trkpt>
      <trkpt lat="39.8611401" lon="116.6517724">
        <ele>24.77665</ele>
        <time>2026-09-16T23:13:21.935000Z</time>
      </trkpt>
      <trkpt lat="39.8612478" lon="116.6517714">
        <ele>24.77994</ele>
        <time>2026-09-16T23:13:25.916000Z</time>
      </trkpt>
      <trkpt lat="39.8613572" lon="116.6517811">
        <ele>24.81708</ele>
        <time>2026-09-16T23:13:29.897000Z</time>
      </trkpt>
      <trkpt lat="39.8614661" lon="116.6517964">
        <ele>24.85697</ele>
        <time>2026-09-16T23:13:33.878000Z</time>
      </trkpt>
      <trkpt lat="39.8615759" lon="116.6518046">
        <ele>24.87903</ele>
        <time>2026-09-16T23:13:37.859000Z</time>
      </trkpt>
      <trkpt lat="39.8616889" lon="116.6518089">
        <ele>24.88703</ele>
        <time>2026-09-16T23:13:41.840000Z</time>
      </trkpt>
      <trkpt lat="39.8618019" lon="116.6518219">
        <ele>24.88704</ele>
        <time>2026-09-16T23:13:45.821000Z</time>
      </trkpt>
      <trkpt lat="39.861914" lon="116.6518535">
        <ele>24.85261</ele>
        <time>2026-09-16T23:13:49.802000Z</time>
      </trkpt>
      <trkpt lat="39.8620227" lon="116.6519004">
        <ele>24.79957</ele>
        <time>2026-09-16T23:13:53.783000Z</time>
      </trkpt>
      <trkpt lat="39.8620986" lon="116.6519969">
        <ele>24.76155</ele>
        <time>2026-09-16T23:13:57.764000Z</time>
      </trkpt>
      <trkpt lat="39.8621231" lon="116.6521468">
        <ele>24.7171</ele>
        <time>2026-09-16T23:14:01.745000Z</time>
      </trkpt>
      <trkpt lat="39.8621318" lon="116.6522964">
        <ele>24.66894</ele>
        <time>2026-09-16T23:14:05.726000Z</time>
      </trkpt>
      <trkpt lat="39.8621353" lon="116.652443">
        <ele>24.66489</ele>
        <time>2026-09-16T23:14:09.707000Z</time>
      </trkpt>
      <trkpt lat="39.8621356" lon="116.6525871">
        <ele>24.73851</ele>
        <time>2026-09-16T23:14:13.688000Z</time>
      </trkpt>
      <trkpt lat="39.8621324" lon="116.6527283">
        <ele>24.86566</ele>
        <time>2026-09-16T23:14:17.669000Z</time>
      </trkpt>
      <trkpt lat="39.8621341" lon="116.6528728">
        <ele>24.99988</ele>
        <time>2026-09-16T23:14:21.649000Z</time>
      </trkpt>
      <trkpt lat="39.8621382" lon="116.6530178">
        <ele>25.11047</ele>
        <time>2026-09-16T23:14:25.630000Z</time>
      </trkpt>
      <trkpt lat="39.8621411" lon="116.6531603">
        <ele>25.19327</ele>
        <time>2026-09-16T23:14:29.611000Z</time>
      </trkpt>
      <trkpt lat="39.8621402" lon="116.6533017">
        <ele>25.24618</ele>
        <time>2026-09-16T23:14:33.592000Z</time>
      </trkpt>
      <trkpt lat="39.8621378" lon="116.653442">
        <ele>25.28636</ele>
        <time>2026-09-16T23:14:37.573000Z</time>
      </trkpt>
      <trkpt lat="39.8621403" lon="116.6535791">
        <ele>25.33033</ele>
        <time>2026-09-16T23:14:41.554000Z</time>
      </trkpt>
      <trkpt lat="39.8621419" lon="116.6537108">
        <ele>25.35707</ele>
        <time>2026-09-16T23:14:45.535000Z</time>
      </trkpt>
      <trkpt lat="39.8621435" lon="116.6538341">
        <ele>25.34516</ele>
        <time>2026-09-16T23:14:49.516000Z</time>
      </trkpt>
      <trkpt lat="39.8621427" lon="116.6539563">
        <ele>25.33214</ele>
        <time>2026-09-16T23:14:53.497000Z</time>
      </trkpt>
      <trkpt lat="39.862136" lon="116.6540815">
        <ele>25.35221</ele>
        <time>2026-09-16T23:14:57.478000Z</time>
      </trkpt>
      <trkpt lat="39.8621276" lon="116.6542061">
        <ele>25.40255</ele>
        <time>2026-09-16T23:15:01.459000Z</time>
      </trkpt>
      <trkpt lat="39.862117" lon="116.654335">
        <ele>25.45649</ele>
        <time>2026-09-16T23:15:05.440000Z</time>
      </trkpt>
      <trkpt lat="39.8621111" lon="116.6544649">
        <ele>25.48028</ele>
        <time>2026-09-16T23:15:09.421000Z</time>
      </trkpt>
      <trkpt lat="39.8621107" lon="116.6545971">
        <ele>25.46982</ele>
        <time>2026-09-16T23:15:13.402000Z</time>
      </trkpt>
      <trkpt lat="39.8621227" lon="116.6547251">
        <ele>25.43488</ele>
        <time>2026-09-16T23:15:17.383000Z</time>
      </trkpt>
      <trkpt lat="39.8621749" lon="116.6548237">
        <ele>25.38055</ele>
        <time>2026-09-16T23:15:21.364000Z</time>
      </trkpt>
      <trkpt lat="39.8622718" lon="116.6548531">
        <ele>25.31352</ele>
        <time>2026-09-16T23:15:25.344000Z</time>
      </trkpt>
      <trkpt lat="39.8623713" lon="116.6548619">
        <ele>25.21277</ele>
        <time>2026-09-16T23:15:29.325000Z</time>
      </trkpt>
      <trkpt lat="39.8624793" lon="116.6548505">
        <ele>25.02295</ele>
        <time>2026-09-16T23:15:34.302000Z</time>
      </trkpt>
      <trkpt lat="39.8625461" lon="116.6547366">
        <ele>24.91175</ele>
        <time>2026-09-16T23:15:38.282000Z</time>
      </trkpt>
      <trkpt lat="39.8625571" lon="116.6546175">
        <ele>24.88229</ele>
        <time>2026-09-16T23:15:41.268000Z</time>
      </trkpt>
      <trkpt lat="39.8625559" lon="116.6544668">
        <ele>24.86508</ele>
        <time>2026-09-16T23:15:45.249000Z</time>
      </trkpt>
      <trkpt lat="39.8625535" lon="116.6543187">
        <ele>24.80348</ele>
        <time>2026-09-16T23:15:49.230000Z</time>
      </trkpt>
      <trkpt lat="39.8625557" lon="116.6541698">
        <ele>24.66797</ele>
        <time>2026-09-16T23:15:53.211000Z</time>
      </trkpt>
      <trkpt lat="39.8625587" lon="116.6540311">
        <ele>24.53307</ele>
        <time>2026-09-16T23:15:57Z</time>
      </trkpt>
      <trkpt lat="39.8625574" lon="116.6538788">
        <ele>24.55625</ele>
        <time>2026-09-16T23:16:01.173000Z</time>
      </trkpt>
      <trkpt lat="39.862554" lon="116.6537354">
        <ele>24.66813</ele>
        <time>2026-09-16T23:16:05.154000Z</time>
      </trkpt>
      <trkpt lat="39.8625529" lon="116.6535922">
        <ele>24.785</ele>
        <time>2026-09-16T23:16:09.134000Z</time>
      </trkpt>
      <trkpt lat="39.8625364" lon="116.6534525">
        <ele>24.86795</ele>
        <time>2026-09-16T23:16:13.114000Z</time>
      </trkpt>
      <trkpt lat="39.8625147" lon="116.6533147">
        <ele>24.90261</ele>
        <time>2026-09-16T23:16:17.094000Z</time>
      </trkpt>
      <trkpt lat="39.8625179" lon="116.6531689">
        <ele>24.89199</ele>
        <time>2026-09-16T23:16:21.075000Z</time>
      </trkpt>
      <trkpt lat="39.8625254" lon="116.6530236">
        <ele>24.81975</ele>
        <time>2026-09-16T23:16:25.055000Z</time>
      </trkpt>
      <trkpt lat="39.8625243" lon="116.6528767">
        <ele>24.70061</ele>
        <time>2026-09-16T23:16:29.036000Z</time>
      </trkpt>
      <trkpt lat="39.8625202" lon="116.6527316">
        <ele>24.57814</ele>
        <time>2026-09-16T23:16:33.017000Z</time>
      </trkpt>
      <trkpt lat="39.862521" lon="116.6525845">
        <ele>24.49168</ele>
        <time>2026-09-16T23:16:36.997000Z</time>
      </trkpt>
      <trkpt lat="39.8625275" lon="116.6524378">
        <ele>24.44164</ele>
        <time>2026-09-16T23:16:40.978000Z</time>
      </trkpt>
      <trkpt lat="39.8625392" lon="116.6522928">
        <ele>24.42201</ele>
        <time>2026-09-16T23:16:44.959000Z</time>
      </trkpt>
      <trkpt lat="39.8625656" lon="116.6521444">
        <ele>24.43147</ele>
        <time>2026-09-16T23:16:48.940000Z</time>
      </trkpt>
      <trkpt lat="39.8625849" lon="116.6519954">
        <ele>24.46248</ele>
        <time>2026-09-16T23:16:52.921000Z</time>
      </trkpt>
      <trkpt lat="39.8626174" lon="116.6518618">
        <ele>24.50845</ele>
        <time>2026-09-16T23:16:56.901000Z</time>
      </trkpt>
      <trkpt lat="39.8627046" lon="116.6517752">
        <ele>24.58573</ele>
        <time>2026-09-16T23:17:00.882000Z</time>
      </trkpt>
      <trkpt lat="39.8628177" lon="116.651746">
        <ele>24.70885</ele>
        <time>2026-09-16T23:17:04.863000Z</time>
      </trkpt>
      <trkpt lat="39.862931" lon="116.6517413">
        <ele>24.8783</ele>
        <time>2026-09-16T23:17:08.844000Z</time>
      </trkpt>
      <trkpt lat="39.8630433" lon="116.6517471">
        <ele>25.07491</ele>
        <time>2026-09-16T23:17:12.825000Z</time>
      </trkpt>
      <trkpt lat="39.8631546" lon="116.6517468">
        <ele>25.28197</ele>
        <time>2026-09-16T23:17:16.806000Z</time>
      </trkpt>
      <trkpt lat="39.8632612" lon="116.6517324">
        <ele>25.47227</ele>
        <time>2026-09-16T23:17:20.787000Z</time>
      </trkpt>
      <trkpt lat="39.8633649" lon="116.6517013">
        <ele>25.6128</ele>
        <time>2026-09-16T23:17:24.768000Z</time>
      </trkpt>
      <trkpt lat="39.8634712" lon="116.6516899">
        <ele>25.67284</ele>
        <time>2026-09-16T23:17:28.749000Z</time>
      </trkpt>
      <trkpt lat="39.8635783" lon="116.6516896">
        <ele>25.64894</ele>
        <time>2026-09-16T23:17:32.730000Z</time>
      </trkpt>
      <trkpt lat="39.8636867" lon="116.65169">
        <ele>25.56991</ele>
        <time>2026-09-16T23:17:36.711000Z</time>
      </trkpt>
      <trkpt lat="39.8637989" lon="116.6516919">
        <ele>25.48672</ele>
        <time>2026-09-16T23:17:40.692000Z</time>
      </trkpt>
      <trkpt lat="39.8639088" lon="116.6516905">
        <ele>25.43299</ele>
        <time>2026-09-16T23:17:44.673000Z</time>
      </trkpt>
      <trkpt lat="39.8640151" lon="116.6516777">
        <ele>25.42203</ele>
        <time>2026-09-16T23:17:48.654000Z</time>
      </trkpt>
      <trkpt lat="39.8641212" lon="116.6516605">
        <ele>25.46401</ele>
        <time>2026-09-16T23:17:52.635000Z</time>
      </trkpt>
      <trkpt lat="39.8642308" lon="116.6516533">
        <ele>25.55324</ele>
        <time>2026-09-16T23:17:56.616000Z</time>
      </trkpt>
      <trkpt lat="39.8643399" lon="116.651656">
        <ele>25.65077</ele>
        <time>2026-09-16T23:18:00.597000Z</time>
      </trkpt>
      <trkpt lat="39.8644479" lon="116.6516656">
        <ele>25.72308</ele>
        <time>2026-09-16T23:18:04.578000Z</time>
      </trkpt>
      <trkpt lat="39.864558" lon="116.6516767">
        <ele>25.76994</ele>
        <time>2026-09-16T23:18:08.560000Z</time>
      </trkpt>
      <trkpt lat="39.8646681" lon="116.6516882">
        <ele>25.82056</ele>
        <time>2026-09-16T23:18:12.542000Z</time>
      </trkpt>
      <trkpt lat="39.8647743" lon="116.6516979">
        <ele>25.87443</ele>
        <time>2026-09-16T23:18:16.524000Z</time>
      </trkpt>
      <trkpt lat="39.8648787" lon="116.6517154">
        <ele>25.91682</ele>
        <time>2026-09-16T23:18:20.505000Z</time>
      </trkpt>
      <trkpt lat="39.8649865" lon="116.6517313">
        <ele>25.94919</ele>
        <time>2026-09-16T23:18:24.486000Z</time>
      </trkpt>
      <trkpt lat="39.865094" lon="116.6517408">
        <ele>25.99734</ele>
        <time>2026-09-16T23:18:28.468000Z</time>
      </trkpt>
      <trkpt lat="39.8652055" lon="116.6517494">
        <ele>26.07094</ele>
        <time>2026-09-16T23:18:32.449000Z</time>
      </trkpt>
      <trkpt lat="39.8653198" lon="116.6517487">
        <ele>26.179</ele>
        <time>2026-09-16T23:18:36.430000Z</time>
      </trkpt>
      <trkpt lat="39.8654313" lon="116.6517433">
        <ele>26.32009</ele>
        <time>2026-09-16T23:18:40.411000Z</time>
      </trkpt>
      <trkpt lat="39.8655391" lon="116.6517396">
        <ele>26.46909</ele>
        <time>2026-09-16T23:18:44.392000Z</time>
      </trkpt>
      <trkpt lat="39.8656465" lon="116.6517356">
        <ele>26.5846</ele>
        <time>2026-09-16T23:18:48.373000Z</time>
      </trkpt>
      <trkpt lat="39.8657557" lon="116.65173">
        <ele>26.66638</ele>
        <time>2026-09-16T23:18:52.354000Z</time>
      </trkpt>
      <trkpt lat="39.8658645" lon="116.6517356">
        <ele>26.69797</ele>
        <time>2026-09-16T23:18:56.335000Z</time>
      </trkpt>
      <trkpt lat="39.865975" lon="116.6517446">
        <ele>26.64931</ele>
        <time>2026-09-16T23:19:00.316000Z</time>
      </trkpt>
      <trkpt lat="39.8660847" lon="116.6517476">
        <ele>26.59055</ele>
        <time>2026-09-16T23:19:04.297000Z</time>
      </trkpt>
      <trkpt lat="39.866197" lon="116.651746">
        <ele>26.58347</ele>
        <time>2026-09-16T23:19:08.278000Z</time>
      </trkpt>
      <trkpt lat="39.8663092" lon="116.6517478">
        <ele>26.59885</ele>
        <time>2026-09-16T23:19:12.259000Z</time>
      </trkpt>
      <trkpt lat="39.8664226" lon="116.6517512">
        <ele>26.55407</ele>
        <time>2026-09-16T23:19:16.240000Z</time>
      </trkpt>
      <trkpt lat="39.8665344" lon="116.6517587">
        <ele>26.39025</ele>
        <time>2026-09-16T23:19:20.221000Z</time>
      </trkpt>
      <trkpt lat="39.8666418" lon="116.651764">
        <ele>26.05203</ele>
        <time>2026-09-16T23:19:24.202000Z</time>
      </trkpt>
      <trkpt lat="39.8667471" lon="116.6517717">
        <ele>25.48363</ele>
        <time>2026-09-16T23:19:28.183000Z</time>
      </trkpt>
      <trkpt lat="39.866851" lon="116.6517713">
        <ele>24.70522</ele>
        <time>2026-09-16T23:19:32.164000Z</time>
      </trkpt>
      <trkpt lat="39.8669465" lon="116.6517581">
        <ele>24.10094</ele>
        <time>2026-09-16T23:19:36Z</time>
      </trkpt>
      <trkpt lat="39.8670475" lon="116.6517575">
        <ele>24.28901</ele>
        <time>2026-09-16T23:19:40.126000Z</time>
      </trkpt>
      <trkpt lat="39.8671461" lon="116.6517438">
        <ele>24.76719</ele>
        <time>2026-09-16T23:19:44.107000Z</time>
      </trkpt>
      <trkpt lat="39.8672446" lon="116.6517293">
        <ele>25.02013</ele>
        <time>2026-09-16T23:19:48.088000Z</time>
      </trkpt>
      <trkpt lat="39.8673517" lon="116.6517358">
        <ele>24.9561</ele>
        <time>2026-09-16T23:19:52.069000Z</time>
      </trkpt>
      <trkpt lat="39.8674556" lon="116.6517444">
        <ele>24.57801</ele>
        <time>2026-09-16T23:19:56.050000Z</time>
      </trkpt>
      <trkpt lat="39.8675578" lon="116.6517538">
        <ele>24.00097</ele>
        <time>2026-09-16T23:20:00Z</time>
      </trkpt>
      <trkpt lat="39.867664" lon="116.6517621">
        <ele>23.78792</ele>
        <time>2026-09-16T23:20:04Z</time>
      </trkpt>
      <trkpt lat="39.8677713" lon="116.651766">
        <ele>24.2092</ele>
        <time>2026-09-16T23:20:07.993000Z</time>
      </trkpt>
      <trkpt lat="39.8678814" lon="116.6517625">
        <ele>24.76973</ele>
        <time>2026-09-16T23:20:11.974000Z</time>
      </trkpt>
      <trkpt lat="39.8679915" lon="116.6517595">
        <ele>25.13905</ele>
        <time>2026-09-16T23:20:15.955000Z</time>
      </trkpt>
      <trkpt lat="39.868104" lon="116.6517595">
        <ele>25.31371</ele>
        <time>2026-09-16T23:20:19.936000Z</time>
      </trkpt>
      <trkpt lat="39.8682139" lon="116.6517565">
        <ele>25.34549</ele>
        <time>2026-09-16T23:20:23.917000Z</time>
      </trkpt>
      <trkpt lat="39.8683211" lon="116.651751">
        <ele>25.25322</ele>
        <time>2026-09-16T23:20:27.898000Z</time>
      </trkpt>
      <trkpt lat="39.868423" lon="116.6517472">
        <ele>25.08686</ele>
        <time>2026-09-16T23:20:31.879000Z</time>
      </trkpt>
      <trkpt lat="39.8685192" lon="116.6517385">
        <ele>24.93151</ele>
        <time>2026-09-16T23:20:35.860000Z</time>
      </trkpt>
      <trkpt lat="39.868619" lon="116.6517154">
        <ele>24.8529</ele>
        <time>2026-09-16T23:20:39.841000Z</time>
      </trkpt>
      <trkpt lat="39.8687277" lon="116.6517047">
        <ele>24.85476</ele>
        <time>2026-09-16T23:20:43.822000Z</time>
      </trkpt>
      <trkpt lat="39.8688367" lon="116.6517034">
        <ele>24.92292</ele>
        <time>2026-09-16T23:20:47.803000Z</time>
      </trkpt>
      <trkpt lat="39.8689488" lon="116.6516998">
        <ele>25.03152</ele>
        <time>2026-09-16T23:20:51.784000Z</time>
      </trkpt>
      <trkpt lat="39.8690608" lon="116.6517016">
        <ele>25.11698</ele>
        <time>2026-09-16T23:20:55.766000Z</time>
      </trkpt>
      <trkpt lat="39.8691718" lon="116.6517131">
        <ele>25.11937</ele>
        <time>2026-09-16T23:20:59.747000Z</time>
      </trkpt>
      <trkpt lat="39.8692814" lon="116.6517224">
        <ele>25.05193</ele>
        <time>2026-09-16T23:21:03.728000Z</time>
      </trkpt>
      <trkpt lat="39.8693918" lon="116.6517207">
        <ele>24.93967</ele>
        <time>2026-09-16T23:21:07.709000Z</time>
      </trkpt>
      <trkpt lat="39.869505" lon="116.6517174">
        <ele>24.80723</ele>
        <time>2026-09-16T23:21:11.690000Z</time>
      </trkpt>
      <trkpt lat="39.8696189" lon="116.6517144">
        <ele>24.68602</ele>
        <time>2026-09-16T23:21:15.671000Z</time>
      </trkpt>
      <trkpt lat="39.8697305" lon="116.6517098">
        <ele>24.59696</ele>
        <time>2026-09-16T23:21:19.652000Z</time>
      </trkpt>
      <trkpt lat="39.8698407" lon="116.651707">
        <ele>24.56307</ele>
        <time>2026-09-16T23:21:23.633000Z</time>
      </trkpt>
      <trkpt lat="39.8699501" lon="116.6517181">
        <ele>24.56721</ele>
        <time>2026-09-16T23:21:27.614000Z</time>
      </trkpt>
      <trkpt lat="39.8700593" lon="116.651743">
        <ele>24.62872</ele>
        <time>2026-09-16T23:21:31.595000Z</time>
      </trkpt>
      <trkpt lat="39.8701611" lon="116.651766">
        <ele>24.72718</ele>
        <time>2026-09-16T23:21:35.576000Z</time>
      </trkpt>
      <trkpt lat="39.8702702" lon="116.6517724">
        <ele>24.81435</ele>
        <time>2026-09-16T23:21:39.557000Z</time>
      </trkpt>
      <trkpt lat="39.8703842" lon="116.6517738">
        <ele>24.88791</ele>
        <time>2026-09-16T23:21:43.538000Z</time>
      </trkpt>
      <trkpt lat="39.8704965" lon="116.6517758">
        <ele>24.95417</ele>
        <time>2026-09-16T23:21:47.519000Z</time>
      </trkpt>
      <trkpt lat="39.8706073" lon="116.6517741">
        <ele>25.00349</ele>
        <time>2026-09-16T23:21:51.500000Z</time>
      </trkpt>
      <trkpt lat="39.8707162" lon="116.651777">
        <ele>25.03648</ele>
        <time>2026-09-16T23:21:55.481000Z</time>
      </trkpt>
      <trkpt lat="39.870828" lon="116.6517779">
        <ele>25.03429</ele>
        <time>2026-09-16T23:21:59.462000Z</time>
      </trkpt>
      <trkpt lat="39.870941" lon="116.6517722">
        <ele>24.99507</ele>
        <time>2026-09-16T23:22:03.443000Z</time>
      </trkpt>
      <trkpt lat="39.8710553" lon="116.6517643">
        <ele>24.95135</ele>
        <time>2026-09-16T23:22:07.424000Z</time>
      </trkpt>
      <trkpt lat="39.8711701" lon="116.6517579">
        <ele>24.93485</ele>
        <time>2026-09-16T23:22:11.405000Z</time>
      </trkpt>
      <trkpt lat="39.8712854" lon="116.6517513">
        <ele>24.94769</ele>
        <time>2026-09-16T23:22:15.386000Z</time>
      </trkpt>
      <trkpt lat="39.8713997" lon="116.6517488">
        <ele>24.98719</ele>
        <time>2026-09-16T23:22:19.367000Z</time>
      </trkpt>
      <trkpt lat="39.8715124" lon="116.6517346">
        <ele>25.04287</ele>
        <time>2026-09-16T23:22:23.348000Z</time>
      </trkpt>
      <trkpt lat="39.871625" lon="116.6517124">
        <ele>25.11538</ele>
        <time>2026-09-16T23:22:27.329000Z</time>
      </trkpt>
      <trkpt lat="39.8717373" lon="116.651715">
        <ele>25.22488</ele>
        <time>2026-09-16T23:22:31.310000Z</time>
      </trkpt>
      <trkpt lat="39.8718497" lon="116.6517248">
        <ele>25.33475</ele>
        <time>2026-09-16T23:22:35.291000Z</time>
      </trkpt>
      <trkpt lat="39.8719621" lon="116.6517347">
        <ele>25.38457</ele>
        <time>2026-09-16T23:22:39.272000Z</time>
      </trkpt>
      <trkpt lat="39.8720746" lon="116.6517419">
        <ele>25.3708</ele>
        <time>2026-09-16T23:22:43.253000Z</time>
      </trkpt>
      <trkpt lat="39.8721891" lon="116.6517504">
        <ele>25.23949</ele>
        <time>2026-09-16T23:22:47.234000Z</time>
      </trkpt>
      <trkpt lat="39.8723006" lon="116.6517608">
        <ele>24.96682</ele>
        <time>2026-09-16T23:22:51.215000Z</time>
      </trkpt>
      <trkpt lat="39.8724083" lon="116.6517603">
        <ele>24.48835</ele>
        <time>2026-09-16T23:22:55.196000Z</time>
      </trkpt>
      <trkpt lat="39.8725194" lon="116.6517676">
        <ele>23.91977</ele>
        <time>2026-09-16T23:22:59.177000Z</time>
      </trkpt>
      <trkpt lat="39.8726278" lon="116.6517698">
        <ele>23.53703</ele>
        <time>2026-09-16T23:23:03Z</time>
      </trkpt>
      <trkpt lat="39.8727381" lon="116.6517659">
        <ele>23.35695</ele>
        <time>2026-09-16T23:23:07Z</time>
      </trkpt>
      <trkpt lat="39.8728484" lon="116.6517625">
        <ele>23.27522</ele>
        <time>2026-09-16T23:23:11Z</time>
      </trkpt>
      <trkpt lat="39.8729543" lon="116.651762">
        <ele>23.26417</ele>
        <time>2026-09-16T23:23:15Z</time>
      </trkpt>
      <trkpt lat="39.8730652" lon="116.6517601">
        <ele>23.29679</ele>
        <time>2026-09-16T23:23:19Z</time>
      </trkpt>
      <trkpt lat="39.8731774" lon="116.6517574">
        <ele>23.34178</ele>
        <time>2026-09-16T23:23:23Z</time>
      </trkpt>
      <trkpt lat="39.873291" lon="116.651759">
        <ele>23.41243</ele>
        <time>2026-09-16T23:23:27Z</time>
      </trkpt>
      <trkpt lat="39.8734035" lon="116.6517663">
        <ele>23.56224</ele>
        <time>2026-09-16T23:23:31Z</time>
      </trkpt>
      <trkpt lat="39.8735137" lon="116.6517725">
        <ele>23.84794</ele>
        <time>2026-09-16T23:23:35.006000Z</time>
      </trkpt>
      <trkpt lat="39.8736251" lon="116.6517757">
        <ele>24.12898</ele>
        <time>2026-09-16T23:23:38.987000Z</time>
      </trkpt>
      <trkpt lat="39.8737366" lon="116.6517871">
        <ele>24.292</ele>
        <time>2026-09-16T23:23:42.968000Z</time>
      </trkpt>
      <trkpt lat="39.8738497" lon="116.6518004">
        <ele>24.36278</ele>
        <time>2026-09-16T23:23:46.949000Z</time>
      </trkpt>
      <trkpt lat="39.87396" lon="116.6518065">
        <ele>24.43185</ele>
        <time>2026-09-16T23:23:50.930000Z</time>
      </trkpt>
      <trkpt lat="39.87407" lon="116.6518128">
        <ele>24.55292</ele>
        <time>2026-09-16T23:23:54.911000Z</time>
      </trkpt>
      <trkpt lat="39.8741725" lon="116.6518471">
        <ele>24.69893</ele>
        <time>2026-09-16T23:23:58.892000Z</time>
      </trkpt>
      <trkpt lat="39.8742478" lon="116.6519376">
        <ele>24.81895</ele>
        <time>2026-09-16T23:24:02.873000Z</time>
      </trkpt>
      <trkpt lat="39.8742817" lon="116.6520731">
        <ele>24.88365</ele>
        <time>2026-09-16T23:24:06.854000Z</time>
      </trkpt>
      <trkpt lat="39.8742871" lon="116.6522132">
        <ele>24.88629</ele>
        <time>2026-09-16T23:24:10.835000Z</time>
      </trkpt>
      <trkpt lat="39.8742989" lon="116.6523545">
        <ele>24.83597</ele>
        <time>2026-09-16T23:24:14.816000Z</time>
      </trkpt>
      <trkpt lat="39.8743074" lon="116.652497">
        <ele>24.76391</ele>
        <time>2026-09-16T23:24:18.797000Z</time>
      </trkpt>
      <trkpt lat="39.8743061" lon="116.652638">
        <ele>24.6796</ele>
        <time>2026-09-16T23:24:22.778000Z</time>
      </trkpt>
      <trkpt lat="39.8743014" lon="116.6527826">
        <ele>24.59876</ele>
        <time>2026-09-16T23:24:26.758000Z</time>
      </trkpt>
      <trkpt lat="39.8742963" lon="116.6529292">
        <ele>24.55417</ele>
        <time>2026-09-16T23:24:30.739000Z</time>
      </trkpt>
      <trkpt lat="39.874292" lon="116.6530789">
        <ele>24.57424</ele>
        <time>2026-09-16T23:24:34.720000Z</time>
      </trkpt>
      <trkpt lat="39.8742888" lon="116.6532312">
        <ele>24.6357</ele>
        <time>2026-09-16T23:24:38.701000Z</time>
      </trkpt>
      <trkpt lat="39.8742881" lon="116.653384">
        <ele>24.71377</ele>
        <time>2026-09-16T23:24:42.682000Z</time>
      </trkpt>
      <trkpt lat="39.8742833" lon="116.6535386">
        <ele>24.78764</ele>
        <time>2026-09-16T23:24:46.663000Z</time>
      </trkpt>
      <trkpt lat="39.874271" lon="116.6536572">
        <ele>24.82074</ele>
        <time>2026-09-16T23:24:49.649000Z</time>
      </trkpt>
      <trkpt lat="39.8742598" lon="116.6538086">
        <ele>24.84113</ele>
        <time>2026-09-16T23:24:53.630000Z</time>
      </trkpt>
      <trkpt lat="39.8742584" lon="116.6539546">
        <ele>24.85761</ele>
        <time>2026-09-16T23:24:57.611000Z</time>
      </trkpt>
      <trkpt lat="39.8742609" lon="116.6541023">
        <ele>24.85901</ele>
        <time>2026-09-16T23:25:01.592000Z</time>
      </trkpt>
      <trkpt lat="39.8742645" lon="116.6542548">
        <ele>24.86297</ele>
        <time>2026-09-16T23:25:05.573000Z</time>
      </trkpt>
      <trkpt lat="39.8742628" lon="116.6544049">
        <ele>24.8803</ele>
        <time>2026-09-16T23:25:09.554000Z</time>
      </trkpt>
      <trkpt lat="39.8742595" lon="116.6545586">
        <ele>24.88586</ele>
        <time>2026-09-16T23:25:13.535000Z</time>
      </trkpt>
      <trkpt lat="39.8742574" lon="116.6547062">
        <ele>24.87635</ele>
        <time>2026-09-16T23:25:17.516000Z</time>
      </trkpt>
      <trkpt lat="39.8742531" lon="116.6548549">
        <ele>24.85444</ele>
        <time>2026-09-16T23:25:21.497000Z</time>
      </trkpt>
      <trkpt lat="39.8742491" lon="116.6550009">
        <ele>24.83964</ele>
        <time>2026-09-16T23:25:25.478000Z</time>
      </trkpt>
      <trkpt lat="39.8742636" lon="116.6551416">
        <ele>24.85653</ele>
        <time>2026-09-16T23:25:29.459000Z</time>
      </trkpt>
      <trkpt lat="39.8742802" lon="116.6552828">
        <ele>24.89187</ele>
        <time>2026-09-16T23:25:33.440000Z</time>
      </trkpt>
      <trkpt lat="39.8742849" lon="116.655432">
        <ele>24.94974</ele>
        <time>2026-09-16T23:25:37.421000Z</time>
      </trkpt>
      <trkpt lat="39.8742883" lon="116.6555791">
        <ele>25.04385</ele>
        <time>2026-09-16T23:25:41.402000Z</time>
      </trkpt>
      <trkpt lat="39.8742907" lon="116.6557278">
        <ele>25.1672</ele>
        <time>2026-09-16T23:25:45.382000Z</time>
      </trkpt>
      <trkpt lat="39.8742892" lon="116.655876">
        <ele>25.31993</ele>
        <time>2026-09-16T23:25:49.363000Z</time>
      </trkpt>
      <trkpt lat="39.8742882" lon="116.6560209">
        <ele>25.5101</ele>
        <time>2026-09-16T23:25:53.344000Z</time>
      </trkpt>
      <trkpt lat="39.8742908" lon="116.6561717">
        <ele>25.6967</ele>
        <time>2026-09-16T23:25:57.325000Z</time>
      </trkpt>
      <trkpt lat="39.8742999" lon="116.6563268">
        <ele>25.81415</ele>
        <time>2026-09-16T23:26:01.306000Z</time>
      </trkpt>
      <trkpt lat="39.8743081" lon="116.6564459">
        <ele>25.84946</ele>
        <time>2026-09-16T23:26:04.292000Z</time>
      </trkpt>
      <trkpt lat="39.8743165" lon="116.6565985">
        <ele>25.84887</ele>
        <time>2026-09-16T23:26:08.273000Z</time>
      </trkpt>
      <trkpt lat="39.8743276" lon="116.6567473">
        <ele>25.81616</ele>
        <time>2026-09-16T23:26:12.254000Z</time>
      </trkpt>
      <trkpt lat="39.8743447" lon="116.6568997">
        <ele>25.76667</ele>
        <time>2026-09-16T23:26:16.235000Z</time>
      </trkpt>
      <trkpt lat="39.8743626" lon="116.6570532">
        <ele>25.67821</ele>
        <time>2026-09-16T23:26:20.216000Z</time>
      </trkpt>
      <trkpt lat="39.8743758" lon="116.6572049">
        <ele>25.52126</ele>
        <time>2026-09-16T23:26:24.197000Z</time>
      </trkpt>
      <trkpt lat="39.8743877" lon="116.6573536">
        <ele>25.32391</ele>
        <time>2026-09-16T23:26:28.178000Z</time>
      </trkpt>
      <trkpt lat="39.8744046" lon="116.6575035">
        <ele>25.12437</ele>
        <time>2026-09-16T23:26:32.159000Z</time>
      </trkpt>
      <trkpt lat="39.8744119" lon="116.6576506">
        <ele>24.94987</ele>
        <time>2026-09-16T23:26:36.140000Z</time>
      </trkpt>
      <trkpt lat="39.8744083" lon="116.6577911">
        <ele>24.83383</ele>
        <time>2026-09-16T23:26:40.121000Z</time>
      </trkpt>
      <trkpt lat="39.8744077" lon="116.6579306">
        <ele>24.7445</ele>
        <time>2026-09-16T23:26:44.101000Z</time>
      </trkpt>
      <trkpt lat="39.8744076" lon="116.6580738">
        <ele>24.65327</ele>
        <time>2026-09-16T23:26:48.082000Z</time>
      </trkpt>
      <trkpt lat="39.8744053" lon="116.6582101">
        <ele>24.5477</ele>
        <time>2026-09-16T23:26:52.063000Z</time>
      </trkpt>
      <trkpt lat="39.8744009" lon="116.6583398">
        <ele>24.42594</ele>
        <time>2026-09-16T23:26:56.044000Z</time>
      </trkpt>
      <trkpt lat="39.8743921" lon="116.658462">
        <ele>24.31236</ele>
        <time>2026-09-16T23:27:00.025000Z</time>
      </trkpt>
      <trkpt lat="39.8743859" lon="116.6585849">
        <ele>24.20631</ele>
        <time>2026-09-16T23:27:04.006000Z</time>
      </trkpt>
      <trkpt lat="39.8743805" lon="116.6587159">
        <ele>24.12458</ele>
        <time>2026-09-16T23:27:07.987000Z</time>
      </trkpt>
      <trkpt lat="39.8743745" lon="116.6588585">
        <ele>24.11675</ele>
        <time>2026-09-16T23:27:11.968000Z</time>
      </trkpt>
      <trkpt lat="39.8743678" lon="116.6590062">
        <ele>24.16928</ele>
        <time>2026-09-16T23:27:15.949000Z</time>
      </trkpt>
      <trkpt lat="39.8743592" lon="116.6591581">
        <ele>24.23051</ele>
        <time>2026-09-16T23:27:19.930000Z</time>
      </trkpt>
      <trkpt lat="39.8743576" lon="116.6593089">
        <ele>24.29139</ele>
        <time>2026-09-16T23:27:23.911000Z</time>
      </trkpt>
      <trkpt lat="39.8743544" lon="116.6594574">
        <ele>24.34573</ele>
        <time>2026-09-16T23:27:27.892000Z</time>
      </trkpt>
      <trkpt lat="39.8743434" lon="116.6595995">
        <ele>24.36622</ele>
        <time>2026-09-16T23:27:31.872000Z</time>
      </trkpt>
      <trkpt lat="39.8743348" lon="116.6597435">
        <ele>24.40807</ele>
        <time>2026-09-16T23:27:35.853000Z</time>
      </trkpt>
      <trkpt lat="39.8743347" lon="116.6598936">
        <ele>24.52444</ele>
        <time>2026-09-16T23:27:39.834000Z</time>
      </trkpt>
      <trkpt lat="39.8743222" lon="116.6600419">
        <ele>24.65931</ele>
        <time>2026-09-16T23:27:43.815000Z</time>
      </trkpt>
      <trkpt lat="39.8743073" lon="116.6601929">
        <ele>24.7422</ele>
        <time>2026-09-16T23:27:47.806000Z</time>
      </trkpt>
      <trkpt lat="39.8743" lon="116.6603445">
        <ele>24.75778</ele>
        <time>2026-09-16T23:27:51.806000Z</time>
      </trkpt>
      <trkpt lat="39.874295" lon="116.6604948">
        <ele>24.72597</ele>
        <time>2026-09-16T23:27:55.806000Z</time>
      </trkpt>
      <trkpt lat="39.8742904" lon="116.6606423">
        <ele>24.69232</ele>
        <time>2026-09-16T23:27:59.806000Z</time>
      </trkpt>
    </trkseg>
  </trk>
</gpx>