<?xml version="1.0" encoding="UTF-8"?>
<gpx xmlns="http://www.topografix.com/GPX/1/1" xmlns:gpxtpx="http://www.garmin.com/xmlschemas/TrackPointExtension/v1" xmlns:xsi="http://www.w3.org/2001/XMLSchema-instance" xsi:schemaLocation="http://www.topografix.com/GPX/1/1 http://www.topografix.com/GPX/1/1/gpx.xsd" version="1.1" creator="gpx.py -- https://github.com/tkrajina/gpxpy">
  <trk>
    <name>gpx from codoon</name>
    <type>Run</type>
    <trkseg>
      <trkpt lat="39.8686311" lon="116.7136613">
        <ele>24.98377</ele>
        <time>2026-09-18T22:08:21Z</time>
      </trkpt>
      <trkpt lat="39.8685613" lon="116.7137415">
        <ele>23.79595</ele>
        <time>2026-09-18T22:08:25Z</time>
      </trkpt>
      <trkpt lat="39.8684861" lon="116.7138405">
        <ele>23.52215</ele>
        <time>2026-09-18T22:08:29Z</time>
      </trkpt>
      <trkpt lat="39.8684155" lon="116.7139592">
        <ele>23.54724</ele>
        <time>2026-09-18T22:08:33Z</time>
      </trkpt>
      <trkpt lat="39.8683521" lon="116.7140831">
        <ele>23.60536</ele>
        <time>2026-09-18T22:08:37Z</time>
      </trkpt>
      <trkpt lat="39.8682984" lon="116.7142147">
        <ele>23.6557</ele>
        <time>2026-09-18T22:08:41Z</time>
      </trkpt>
      <trkpt lat="39.8682532" lon="116.7143472">
        <ele>23.69549</ele>
        <time>2026-09-18T22:08:45Z</time>
      </trkpt>
      <trkpt lat="39.8682095" lon="116.7144813">
        <ele>23.72973</ele>
        <time>2026-09-18T22:08:49Z</time>
      </trkpt>
      <trkpt lat="39.8681847" lon="116.7146256">
        <ele>23.7618</ele>
        <time>2026-09-18T22:08:53Z</time>
      </trkpt>
      <trkpt lat="39.8681927" lon="116.7147578">
        <ele>23.77622</ele>
        <time>2026-09-18T22:08:57Z</time>
      </trkpt>
      <trkpt lat="39.8681928" lon="116.7148844">
        <ele>23.78282</ele>
        <time>2026-09-18T22:09:01Z</time>
      </trkpt>
      <trkpt lat="39.8681961" lon="116.715006">
        <ele>23.80219</ele>
        <time>2026-09-18T22:09:05Z</time>
      </trkpt>
      <trkpt lat="39.8682014" lon="116.71513">
        <ele>23.8161</ele>
        <time>2026-09-18T22:09:09Z</time>
      </trkpt>
      <trkpt lat="39.8682174" lon="116.7152533">
        <ele>23.81716</ele>
        <time>2026-09-18T22:09:13Z</time>
      </trkpt>
      <trkpt lat="39.8682453" lon="116.7153832">
        <ele>23.82087</ele>
        <time>2026-09-18T22:09:17Z</time>
      </trkpt>
      <trkpt lat="39.8682785" lon="116.7155125">
        <ele>23.85335</ele>
        <time>2026-09-18T22:09:21Z</time>
      </trkpt>
      <trkpt lat="39.8683171" lon="116.7156405">
        <ele>23.91062</ele>
        <time>2026-09-18T22:09:25Z</time>
      </trkpt>
      <trkpt lat="39.8683582" lon="116.7157678">
        <ele>23.94035</ele>
        <time>2026-09-18T22:09:29Z</time>
      </trkpt>
      <trkpt lat="39.8684056" lon="116.7159021">
        <ele>23.92985</ele>
        <time>2026-09-18T22:09:33Z</time>
      </trkpt>
      <trkpt lat="39.8684461" lon="116.7160242">
        <ele>23.92899</ele>
        <time>2026-09-18T22:09:37Z</time>
      </trkpt>
      <trkpt lat="39.8684927" lon="116.7161388">
        <ele>23.96161</ele>
        <time>2026-09-18T22:09:41Z</time>
      </trkpt>
      <trkpt lat="39.8685486" lon="116.7162491">
        <ele>23.9981</ele>
        <time>2026-09-18T22:09:45Z</time>
      </trkpt>
      <trkpt lat="39.8686101" lon="116.7163531">
        <ele>24.03124</ele>
        <time>2026-09-18T22:09:49Z</time>
      </trkpt>
      <trkpt lat="39.868676" lon="116.7164648">
        <ele>24.06883</ele>
        <time>2026-09-18T22:09:53Z</time>
      </trkpt>
      <trkpt lat="39.8687447" lon="116.7165781">
        <ele>24.09556</ele>
        <time>2026-09-18T22:09:57Z</time>
      </trkpt>
      <trkpt lat="39.8688204" lon="116.716674">
        <ele>24.10702</ele>
        <time>2026-09-18T22:10:01Z</time>
      </trkpt>
      <trkpt lat="39.8688947" lon="116.7167797">
        <ele>24.11509</ele>
        <time>2026-09-18T22:10:05Z</time>
      </trkpt>
      <trkpt lat="39.8689672" lon="116.7168929">
        <ele>24.1281</ele>
        <time>2026-09-18T22:10:09Z</time>
      </trkpt>
      <trkpt lat="39.8690418" lon="116.7170103">
        <ele>24.1393</ele>
        <time>2026-09-18T22:10:13Z</time>
      </trkpt>
      <trkpt lat="39.869117" lon="116.7171149">
        <ele>24.14355</ele>
        <time>2026-09-18T22:10:17Z</time>
      </trkpt>
      <trkpt lat="39.8691866" lon="116.7172212">
        <ele>24.14407</ele>
        <time>2026-09-18T22:10:21Z</time>
      </trkpt>
      <trkpt lat="39.8692511" lon="116.7173278">
        <ele>24.15475</ele>
        <time>2026-09-18T22:10:25Z</time>
      </trkpt>
      <trkpt lat="39.8693127" lon="116.7174406">
        <ele>24.17622</ele>
        <time>2026-09-18T22:10:29Z</time>
      </trkpt>
      <trkpt lat="39.8693694" lon="116.7175618">
        <ele>24.20264</ele>
        <time>2026-09-18T22:10:33Z</time>
      </trkpt>
      <trkpt lat="39.8694181" lon="116.7176866">
        <ele>24.25566</ele>
        <time>2026-09-18T22:10:37Z</time>
      </trkpt>
      <trkpt lat="39.869463" lon="116.717816">
        <ele>24.34142</ele>
        <time>2026-09-18T22:10:41Z</time>
      </trkpt>
      <trkpt lat="39.8695062" lon="116.717948">
        <ele>24.43725</ele>
        <time>2026-09-18T22:10:45Z</time>
      </trkpt>
      <trkpt lat="39.8695414" lon="116.7180832">
        <ele>24.53317</ele>
        <time>2026-09-18T22:10:49Z</time>
      </trkpt>
      <trkpt lat="39.8695762" lon="116.718224">
        <ele>24.62527</ele>
        <time>2026-09-18T22:10:53Z</time>
      </trkpt>
      <trkpt lat="39.8696055" lon="116.7183659">
        <ele>24.70234</ele>
        <time>2026-09-18T22:10:57Z</time>
      </trkpt>
      <trkpt lat="39.8696296" lon="116.7185119">
        <ele>24.76412</ele>
        <time>2026-09-18T22:11:01Z</time>
      </trkpt>
      <trkpt lat="39.8696431" lon="116.7186554">
        <ele>24.80615</ele>
        <time>2026-09-18T22:11:05Z</time>
      </trkpt>
      <trkpt lat="39.8696515" lon="116.718792">
        <ele>24.82293</ele>
        <time>2026-09-18T22:11:09Z</time>
      </trkpt>
      <trkpt lat="39.8696648" lon="116.718935">
        <ele>24.83626</ele>
        <time>2026-09-18T22:11:13Z</time>
      </trkpt>
      <trkpt lat="39.8696724" lon="116.7190776">
        <ele>24.85866</ele>
        <time>2026-09-18T22:11:17Z</time>
      </trkpt>
      <trkpt lat="39.8696771" lon="116.7192217">
        <ele>24.88265</ele>
        <time>2026-09-18T22:11:21Z</time>
      </trkpt>
      <trkpt lat="39.8696719" lon="116.7193651">
        <ele>24.90553</ele>
        <time>2026-09-18T22:11:25Z</time>
      </trkpt>
      <trkpt lat="39.8696635" lon="116.7195095">
        <ele>24.92637</ele>
        <time>2026-09-18T22:11:29Z</time>
      </trkpt>
      <trkpt lat="39.8696479" lon="116.7196545">
        <ele>24.94838</ele>
        <time>2026-09-18T22:11:33Z</time>
      </trkpt>
      <trkpt lat="39.869619" lon="116.7197972">
        <ele>24.96883</ele>
        <time>2026-09-18T22:11:37Z</time>
      </trkpt>
      <trkpt lat="39.8695886" lon="116.7199257">
        <ele>24.98767</ele>
        <time>2026-09-18T22:11:41Z</time>
      </trkpt>
      <trkpt lat="39.8695598" lon="116.7200564">
        <ele>25.01506</ele>
        <time>2026-09-18T22:11:45Z</time>
      </trkpt>
      <trkpt lat="39.8695278" lon="116.7201906">
        <ele>25.0583</ele>
        <time>2026-09-18T22:11:49Z</time>
      </trkpt>
      <trkpt lat="39.8694886" lon="116.7203169">
        <ele>25.10747</ele>
        <time>2026-09-18T22:11:53Z</time>
      </trkpt>
      <trkpt lat="39.8694431" lon="116.7204406">
        <ele>25.15452</ele>
        <time>2026-09-18T22:11:57Z</time>
      </trkpt>
      <trkpt lat="39.8693912" lon="116.7205607">
        <ele>25.17564</ele>
        <time>2026-09-18T22:12:01Z</time>
      </trkpt>
      <trkpt lat="39.8693289" lon="116.720673">
        <ele>25.18397</ele>
        <time>2026-09-18T22:12:05Z</time>
      </trkpt>
      <trkpt lat="39.8692637" lon="116.7207811">
        <ele>25.1912</ele>
        <time>2026-09-18T22:12:09Z</time>
      </trkpt>
      <trkpt lat="39.8691915" lon="116.7208886">
        <ele>25.18682</ele>
        <time>2026-09-18T22:12:13Z</time>
      </trkpt>
      <trkpt lat="39.8691184" lon="116.7209942">
        <ele>25.15719</ele>
        <time>2026-09-18T22:12:17Z</time>
      </trkpt>
      <trkpt lat="39.8690503" lon="116.7211062">
        <ele>25.11035</ele>
        <time>2026-09-18T22:12:21Z</time>
      </trkpt>
      <trkpt lat="39.8689839" lon="116.7212239">
        <ele>25.0605</ele>
        <time>2026-09-18T22:12:25Z</time>
      </trkpt>
      <trkpt lat="39.8689165" lon="116.7213336">
        <ele>25.0157</ele>
        <time>2026-09-18T22:12:29Z</time>
      </trkpt>
      <trkpt lat="39.868841" lon="116.7214437">
        <ele>24.9715</ele>
        <time>2026-09-18T22:12:33Z</time>
      </trkpt>
      <trkpt lat="39.8687617" lon="116.7215556">
        <ele>24.9059</ele>
        <time>2026-09-18T22:12:37Z</time>
      </trkpt>
      <trkpt lat="39.8686869" lon="116.7216589">
        <ele>24.79992</ele>
        <time>2026-09-18T22:12:41Z</time>
      </trkpt>
      <trkpt lat="39.8686102" lon="116.7217605">
        <ele>24.65123</ele>
        <time>2026-09-18T22:12:45Z</time>
      </trkpt>
      <trkpt lat="39.8685355" lon="116.7218638">
        <ele>24.4656</ele>
        <time>2026-09-18T22:12:49Z</time>
      </trkpt>
      <trkpt lat="39.8684654" lon="116.7219744">
        <ele>24.27543</ele>
        <time>2026-09-18T22:12:53Z</time>
      </trkpt>
      <trkpt lat="39.8684017" lon="116.722083">
        <ele>24.10949</ele>
        <time>2026-09-18T22:12:57Z</time>
      </trkpt>
      <trkpt lat="39.8683409" lon="116.7221928">
        <ele>23.99192</ele>
        <time>2026-09-18T22:13:01Z</time>
      </trkpt>
      <trkpt lat="39.8682803" lon="116.7223039">
        <ele>23.91742</ele>
        <time>2026-09-18T22:13:05Z</time>
      </trkpt>
      <trkpt lat="39.8682127" lon="116.7224113">
        <ele>23.87111</ele>
        <time>2026-09-18T22:13:09Z</time>
      </trkpt>
      <trkpt lat="39.8681528" lon="116.7225226">
        <ele>23.8369</ele>
        <time>2026-09-18T22:13:13Z</time>
      </trkpt>
      <trkpt lat="39.8680964" lon="116.7226417">
        <ele>23.8049</ele>
        <time>2026-09-18T22:13:17Z</time>
      </trkpt>
      <trkpt lat="39.8680449" lon="116.7227659">
        <ele>23.77476</ele>
        <time>2026-09-18T22:13:21Z</time>
      </trkpt>
      <trkpt lat="39.8680001" lon="116.7228935">
        <ele>23.75126</ele>
        <time>2026-09-18T22:13:25Z</time>
      </trkpt>
      <trkpt lat="39.8679564" lon="116.7230238">
        <ele>23.73265</ele>
        <time>2026-09-18T22:13:29Z</time>
      </trkpt>
      <trkpt lat="39.8679134" lon="116.7231578">
        <ele>23.72024</ele>
        <time>2026-09-18T22:13:33Z</time>
      </trkpt>
      <trkpt lat="39.8678727" lon="116.7232927">
        <ele>23.71021</ele>
        <time>2026-09-18T22:13:37Z</time>
      </trkpt>
      <trkpt lat="39.8678418" lon="116.7234261">
        <ele>23.69893</ele>
        <time>2026-09-18T22:13:41Z</time>
      </trkpt>
      <trkpt lat="39.8678212" lon="116.7235613">
        <ele>23.70191</ele>
        <time>2026-09-18T22:13:45Z</time>
      </trkpt>
      <trkpt lat="39.8678059" lon="116.7236993">
        <ele>23.70714</ele>
        <time>2026-09-18T22:13:49Z</time>
      </trkpt>
      <trkpt lat="39.8677959" lon="116.7238361">
        <ele>23.70744</ele>
        <time>2026-09-18T22:13:53Z</time>
      </trkpt>
      <trkpt lat="39.8677923" lon="116.7239775">
        <ele>23.70309</ele>
        <time>2026-09-18T22:13:57Z</time>
      </trkpt>
      <trkpt lat="39.8677909" lon="116.724116">
        <ele>23.7031</ele>
        <time>2026-09-18T22:14:01Z</time>
      </trkpt>
      <trkpt lat="39.8678041" lon="116.7242576">
        <ele>23.71427</ele>
        <time>2026-09-18T22:14:05Z</time>
      </trkpt>
      <trkpt lat="39.8678249" lon="116.7243969">
        <ele>23.725</ele>
        <time>2026-09-18T22:14:09Z</time>
      </trkpt>
      <trkpt lat="39.8678513" lon="116.724536">
        <ele>23.72412</ele>
        <time>2026-09-18T22:14:13Z</time>
      </trkpt>
      <trkpt lat="39.8678757" lon="116.7246697">
        <ele>23.73333</ele>
        <time>2026-09-18T22:14:17.001000Z</time>
      </trkpt>
      <trkpt lat="39.8679039" lon="116.7248038">
        <ele>23.75798</ele>
        <time>2026-09-18T22:14:21.001000Z</time>
      </trkpt>
      <trkpt lat="39.867944" lon="116.7249335">
        <ele>23.77919</ele>
        <time>2026-09-18T22:14:25.001000Z</time>
      </trkpt>
      <trkpt lat="39.8679924" lon="116.7250587">
        <ele>23.79022</ele>
        <time>2026-09-18T22:14:29Z</time>
      </trkpt>
      <trkpt lat="39.8680491" lon="116.7251752">
        <ele>23.79917</ele>
        <time>2026-09-18T22:14:33Z</time>
      </trkpt>
      <trkpt lat="39.8681077" lon="116.7252851">
        <ele>23.82501</ele>
        <time>2026-09-18T22:14:37Z</time>
      </trkpt>
      <trkpt lat="39.8681795" lon="116.7253867">
        <ele>23.85275</ele>
        <time>2026-09-18T22:14:41Z</time>
      </trkpt>
      <trkpt lat="39.868254" lon="116.7254805">
        <ele>23.87201</ele>
        <time>2026-09-18T22:14:45Z</time>
      </trkpt>
      <trkpt lat="39.8683256" lon="116.7255623">
        <ele>23.88722</ele>
        <time>2026-09-18T22:14:49.001000Z</time>
      </trkpt>
      <trkpt lat="39.8684096" lon="116.7256438">
        <ele>23.89884</ele>
        <time>2026-09-18T22:14:53.001000Z</time>
      </trkpt>
      <trkpt lat="39.8684987" lon="116.7257089">
        <ele>23.90819</ele>
        <time>2026-09-18T22:14:57.001000Z</time>
      </trkpt>
      <trkpt lat="39.8685922" lon="116.7257621">
        <ele>23.92193</ele>
        <time>2026-09-18T22:15:01.001000Z</time>
      </trkpt>
      <trkpt lat="39.8686825" lon="116.7258089">
        <ele>23.93792</ele>
        <time>2026-09-18T22:15:05.001000Z</time>
      </trkpt>
      <trkpt lat="39.8687759" lon="116.7258552">
        <ele>23.95008</ele>
        <time>2026-09-18T22:15:09.001000Z</time>
      </trkpt>
      <trkpt lat="39.8688753" lon="116.7258963">
        <ele>23.9543</ele>
        <time>2026-09-18T22:15:13.001000Z</time>
      </trkpt>
      <trkpt lat="39.8689714" lon="116.7259216">
        <ele>23.95719</ele>
        <time>2026-09-18T22:15:17.001000Z</time>
      </trkpt>
      <trkpt lat="39.8690761" lon="116.7259494">
        <ele>23.96679</ele>
        <time>2026-09-18T22:15:21.001000Z</time>
      </trkpt>
      <trkpt lat="39.8691828" lon="116.7259714">
        <ele>23.98261</ele>
        <time>2026-09-18T22:15:25.001000Z</time>
      </trkpt>
      <trkpt lat="39.8692854" lon="116.7259738">
        <ele>23.99552</ele>
        <time>2026-09-18T22:15:29.001000Z</time>
      </trkpt>
      <trkpt lat="39.8693921" lon="116.7259609">
        <ele>23.99241</ele>
        <time>2026-09-18T22:15:33.001000Z</time>
      </trkpt>
      <trkpt lat="39.8694957" lon="116.725937">
        <ele>23.97505</ele>
        <time>2026-09-18T22:15:37.001000Z</time>
      </trkpt>
      <trkpt lat="39.8695997" lon="116.7259098">
        <ele>23.96454</ele>
        <time>2026-09-18T22:15:41.001000Z</time>
      </trkpt>
      <trkpt lat="39.8696989" lon="116.7258817">
        <ele>23.97763</ele>
        <time>2026-09-18T22:15:45.001000Z</time>
      </trkpt>
      <trkpt lat="39.8697985" lon="116.7258547">
        <ele>24.0093</ele>
        <time>2026-09-18T22:15:49.001000Z</time>
      </trkpt>
      <trkpt lat="39.8699078" lon="116.7258244">
        <ele>24.05001</ele>
        <time>2026-09-18T22:15:53.001000Z</time>
      </trkpt>
      <trkpt lat="39.8700142" lon="116.7257876">
        <ele>24.09269</ele>
        <time>2026-09-18T22:15:57.001000Z</time>
      </trkpt>
      <trkpt lat="39.8701227" lon="116.7257545">
        <ele>24.13147</ele>
        <time>2026-09-18T22:16:01.001000Z</time>
      </trkpt>
      <trkpt lat="39.8702261" lon="116.7257229">
        <ele>24.16101</ele>
        <time>2026-09-18T22:16:05.001000Z</time>
      </trkpt>
      <trkpt lat="39.8703343" lon="116.7256902">
        <ele>24.20207</ele>
        <time>2026-09-18T22:16:09.001000Z</time>
      </trkpt>
      <trkpt lat="39.8704368" lon="116.7256493">
        <ele>24.24533</ele>
        <time>2026-09-18T22:16:13.001000Z</time>
      </trkpt>
      <trkpt lat="39.8705349" lon="116.7255967">
        <ele>24.26089</ele>
        <time>2026-09-18T22:16:17.001000Z</time>
      </trkpt>
      <trkpt lat="39.8706304" lon="116.7255384">
        <ele>24.24991</ele>
        <time>2026-09-18T22:16:21.001000Z</time>
      </trkpt>
      <trkpt lat="39.8707253" lon="116.7254738">
        <ele>24.2245</ele>
        <time>2026-09-18T22:16:25.001000Z</time>
      </trkpt>
      <trkpt lat="39.8708219" lon="116.7254132">
        <ele>24.20274</ele>
        <time>2026-09-18T22:16:29.001000Z</time>
      </trkpt>
      <trkpt lat="39.8709229" lon="116.7253684">
        <ele>24.19094</ele>
        <time>2026-09-18T22:16:33.001000Z</time>
      </trkpt>
      <trkpt lat="39.8710275" lon="116.7253342">
        <ele>24.17969</ele>
        <time>2026-09-18T22:16:37.001000Z</time>
      </trkpt>
      <trkpt lat="39.8711332" lon="116.7253061">
        <ele>24.17054</ele>
        <time>2026-09-18T22:16:41.001000Z</time>
      </trkpt>
      <trkpt lat="39.8712393" lon="116.7252732">
        <ele>24.166</ele>
        <time>2026-09-18T22:16:45.001000Z</time>
      </trkpt>
      <trkpt lat="39.8713497" lon="116.7252498">
        <ele>24.16398</ele>
        <time>2026-09-18T22:16:49.001000Z</time>
      </trkpt>
      <trkpt lat="39.8714593" lon="116.7252308">
        <ele>24.17972</ele>
        <time>2026-09-18T22:16:53.001000Z</time>
      </trkpt>
      <trkpt lat="39.8715691" lon="116.7252214">
        <ele>24.22086</ele>
        <time>2026-09-18T22:16:57.001000Z</time>
      </trkpt>
      <trkpt lat="39.8716839" lon="116.7252203">
        <ele>24.28267</ele>
        <time>2026-09-18T22:17:01Z</time>
      </trkpt>
      <trkpt lat="39.8717881" lon="116.7252204">
        <ele>24.38316</ele>
        <time>2026-09-18T22:17:05Z</time>
      </trkpt>
      <trkpt lat="39.871894" lon="116.7252276">
        <ele>24.57162</ele>
        <time>2026-09-18T22:17:09Z</time>
      </trkpt>
      <trkpt lat="39.8720072" lon="116.7252519">
        <ele>24.85639</ele>
        <time>2026-09-18T22:17:13Z</time>
      </trkpt>
      <trkpt lat="39.8721166" lon="116.725291">
        <ele>25.22457</ele>
        <time>2026-09-18T22:17:17Z</time>
      </trkpt>
      <trkpt lat="39.8722277" lon="116.725335">
        <ele>25.70118</ele>
        <time>2026-09-18T22:17:21Z</time>
      </trkpt>
      <trkpt lat="39.872333" lon="116.7253835">
        <ele>26.25936</ele>
        <time>2026-09-18T22:17:25Z</time>
      </trkpt>
      <trkpt lat="39.8724389" lon="116.7254441">
        <ele>26.83985</ele>
        <time>2026-09-18T22:17:29Z</time>
      </trkpt>
      <trkpt lat="39.8725468" lon="116.7255088">
        <ele>27.37617</ele>
        <time>2026-09-18T22:17:33Z</time>
      </trkpt>
      <trkpt lat="39.8726277" lon="116.7255604">
        <ele>27.71895</ele>
        <time>2026-09-18T22:17:36Z</time>
      </trkpt>
      <trkpt lat="39.8727086" lon="116.7256154">
        <ele>27.99367</ele>
        <time>2026-09-18T22:17:39Z</time>
      </trkpt>
      <trkpt lat="39.8728061" lon="116.7257009">
        <ele>28.19729</ele>
        <time>2026-09-18T22:17:43Z</time>
      </trkpt>
      <trkpt lat="39.8728902" lon="116.7257823">
        <ele>28.22373</ele>
        <time>2026-09-18T22:17:47Z</time>
      </trkpt>
      <trkpt lat="39.8729819" lon="116.7258724">
        <ele>28.16025</ele>
        <time>2026-09-18T22:17:51Z</time>
      </trkpt>
      <trkpt lat="39.8730697" lon="116.725972">
        <ele>28.0508</ele>
        <time>2026-09-18T22:17:55Z</time>
      </trkpt>
      <trkpt lat="39.8731486" lon="116.7260784">
        <ele>27.89943</ele>
        <time>2026-09-18T22:17:59Z</time>
      </trkpt>
      <trkpt lat="39.8732249" lon="116.7261847">
        <ele>27.71564</ele>
        <time>2026-09-18T22:18:03Z</time>
      </trkpt>
      <trkpt lat="39.8733001" lon="116.7262959">
        <ele>27.54182</ele>
        <time>2026-09-18T22:18:07Z</time>
      </trkpt>
      <trkpt lat="39.873369" lon="116.7264124">
        <ele>27.40314</ele>
        <time>2026-09-18T22:18:11Z</time>
      </trkpt>
      <trkpt lat="39.8734338" lon="116.7265334">
        <ele>27.2729</ele>
        <time>2026-09-18T22:18:15Z</time>
      </trkpt>
      <trkpt lat="39.8734952" lon="116.7266588">
        <ele>27.11605</ele>
        <time>2026-09-18T22:18:19Z</time>
      </trkpt>
      <trkpt lat="39.8735455" lon="116.7267908">
        <ele>26.90525</ele>
        <time>2026-09-18T22:18:23Z</time>
      </trkpt>
      <trkpt lat="39.8735944" lon="116.7269243">
        <ele>26.64887</ele>
        <time>2026-09-18T22:18:27Z</time>
      </trkpt>
      <trkpt lat="39.8736432" lon="116.7270585">
        <ele>26.38549</ele>
        <time>2026-09-18T22:18:31Z</time>
      </trkpt>
      <trkpt lat="39.8736983" lon="116.7271837">
        <ele>26.16161</ele>
        <time>2026-09-18T22:18:35Z</time>
      </trkpt>
      <trkpt lat="39.8737498" lon="116.7273084">
        <ele>25.98574</ele>
        <time>2026-09-18T22:18:39Z</time>
      </trkpt>
      <trkpt lat="39.8738029" lon="116.727426">
        <ele>25.84582</ele>
        <time>2026-09-18T22:18:42.999000Z</time>
      </trkpt>
      <trkpt lat="39.8738631" lon="116.7275342">
        <ele>25.74384</ele>
        <time>2026-09-18T22:18:46.999000Z</time>
      </trkpt>
      <trkpt lat="39.8739314" lon="116.7276253">
        <ele>25.67553</ele>
        <time>2026-09-18T22:18:50.999000Z</time>
      </trkpt>
      <trkpt lat="39.8740086" lon="116.7277046">
        <ele>25.62327</ele>
        <time>2026-09-18T22:18:54.999000Z</time>
      </trkpt>
      <trkpt lat="39.874091" lon="116.7277752">
        <ele>25.5725</ele>
        <time>2026-09-18T22:18:58.999000Z</time>
      </trkpt>
      <trkpt lat="39.8741823" lon="116.7278372">
        <ele>25.52876</ele>
        <time>2026-09-18T22:19:02.999000Z</time>
      </trkpt>
      <trkpt lat="39.8742786" lon="116.7278874">
        <ele>25.49776</ele>
        <time>2026-09-18T22:19:06.999000Z</time>
      </trkpt>
      <trkpt lat="39.8743795" lon="116.7279243">
        <ele>25.46717</ele>
        <time>2026-09-18T22:19:10.999000Z</time>
      </trkpt>
      <trkpt lat="39.8744811" lon="116.7279551">
        <ele>25.43751</ele>
        <time>2026-09-18T22:19:14.999000Z</time>
      </trkpt>
      <trkpt lat="39.8745821" lon="116.7279802">
        <ele>25.41974</ele>
        <time>2026-09-18T22:19:18.999000Z</time>
      </trkpt>
      <trkpt lat="39.8746842" lon="116.7279979">
        <ele>25.4053</ele>
        <time>2026-09-18T22:19:22.999000Z</time>
      </trkpt>
      <trkpt lat="39.8747919" lon="116.7280145">
        <ele>25.38725</ele>
        <time>2026-09-18T22:19:26.999000Z</time>
      </trkpt>
      <trkpt lat="39.8748973" lon="116.728019">
        <ele>25.35413</ele>
        <time>2026-09-18T22:19:30.999000Z</time>
      </trkpt>
      <trkpt lat="39.8750065" lon="116.7280088">
        <ele>25.30652</ele>
        <time>2026-09-18T22:19:34.999000Z</time>
      </trkpt>
      <trkpt lat="39.8751083" lon="116.7279792">
        <ele>25.25674</ele>
        <time>2026-09-18T22:19:38.999000Z</time>
      </trkpt>
      <trkpt lat="39.8752069" lon="116.7279327">
        <ele>25.21865</ele>
        <time>2026-09-18T22:19:42.999000Z</time>
      </trkpt>
      <trkpt lat="39.8753056" lon="116.7278759">
        <ele>25.20016</ele>
        <time>2026-09-18T22:19:46.999000Z</time>
      </trkpt>
      <trkpt lat="39.8754005" lon="116.7278122">
        <ele>25.21357</ele>
        <time>2026-09-18T22:19:50.999000Z</time>
      </trkpt>
      <trkpt lat="39.8754934" lon="116.7277415">
        <ele>25.2543</ele>
        <time>2026-09-18T22:19:54.999000Z</time>
      </trkpt>
      <trkpt lat="39.8755859" lon="116.7276749">
        <ele>25.3117</ele>
        <time>2026-09-18T22:19:58.999000Z</time>
      </trkpt>
      <trkpt lat="39.875682" lon="116.7276101">
        <ele>25.37507</ele>
        <time>2026-09-18T22:20:02.999000Z</time>
      </trkpt>
      <trkpt lat="39.8757737" lon="116.7275446">
        <ele>25.44852</ele>
        <time>2026-09-18T22:20:06.999000Z</time>
      </trkpt>
      <trkpt lat="39.8758576" lon="116.7274711">
        <ele>25.54062</ele>
        <time>2026-09-18T22:20:10.999000Z</time>
      </trkpt>
      <trkpt lat="39.8759416" lon="116.7273925">
        <ele>25.6441</ele>
        <time>2026-09-18T22:20:14.999000Z</time>
      </trkpt>
      <trkpt lat="39.8760258" lon="116.7273083">
        <ele>25.73364</ele>
        <time>2026-09-18T22:20:18.999000Z</time>
      </trkpt>
      <trkpt lat="39.876104" lon="116.7272247">
        <ele>25.82906</ele>
        <time>2026-09-18T22:20:22.999000Z</time>
      </trkpt>
      <trkpt lat="39.8761831" lon="116.7271381">
        <ele>25.97932</ele>
        <time>2026-09-18T22:20:26.999000Z</time>
      </trkpt>
      <trkpt lat="39.8762585" lon="116.7270474">
        <ele>26.1679</ele>
        <time>2026-09-18T22:20:30.999000Z</time>
      </trkpt>
      <trkpt lat="39.8763325" lon="116.7269549">
        <ele>26.35662</ele>
        <time>2026-09-18T22:20:34.999000Z</time>
      </trkpt>
      <trkpt lat="39.8764078" lon="116.7268548">
        <ele>26.54338</ele>
        <time>2026-09-18T22:20:38.999000Z</time>
      </trkpt>
      <trkpt lat="39.8764823" lon="116.7267549">
        <ele>26.74253</ele>
        <time>2026-09-18T22:20:42.999000Z</time>
      </trkpt>
      <trkpt lat="39.8765483" lon="116.7266481">
        <ele>26.94694</ele>
        <time>2026-09-18T22:20:46.999000Z</time>
      </trkpt>
      <trkpt lat="39.8766131" lon="116.7265407">
        <ele>27.14392</ele>
        <time>2026-09-18T22:20:50.999000Z</time>
      </trkpt>
      <trkpt lat="39.8766704" lon="116.7264334">
        <ele>27.34355</ele>
        <time>2026-09-18T22:20:55Z</time>
      </trkpt>
      <trkpt lat="39.8767201" lon="116.7263099">
        <ele>27.53446</ele>
        <time>2026-09-18T22:20:59Z</time>
      </trkpt>
      <trkpt lat="39.8767679" lon="116.7261847">
        <ele>27.66946</ele>
        <time>2026-09-18T22:21:03Z</time>
      </trkpt>
      <trkpt lat="39.8768117" lon="116.7260575">
        <ele>27.69979</ele>
        <time>2026-09-18T22:21:07Z</time>
      </trkpt>
      <trkpt lat="39.8768516" lon="116.7259298">
        <ele>27.64436</ele>
        <time>2026-09-18T22:21:11Z</time>
      </trkpt>
      <trkpt lat="39.8768883" lon="116.725801">
        <ele>27.55624</ele>
        <time>2026-09-18T22:21:15Z</time>
      </trkpt>
      <trkpt lat="39.8769172" lon="116.7256775">
        <ele>27.48995</ele>
        <time>2026-09-18T22:21:19Z</time>
      </trkpt>
      <trkpt lat="39.8769381" lon="116.725546">
        <ele>27.45537</ele>
        <time>2026-09-18T22:21:23Z</time>
      </trkpt>
      <trkpt lat="39.8769574" lon="116.7254049">
        <ele>27.39948</ele>
        <time>2026-09-18T22:21:27Z</time>
      </trkpt>
      <trkpt lat="39.8769795" lon="116.7252574">
        <ele>27.26362</ele>
        <time>2026-09-18T22:21:31Z</time>
      </trkpt>
      <trkpt lat="39.8770016" lon="116.7251102">
        <ele>27.06681</ele>
        <time>2026-09-18T22:21:35Z</time>
      </trkpt>
      <trkpt lat="39.8770112" lon="116.7249664">
        <ele>26.89133</ele>
        <time>2026-09-18T22:21:39Z</time>
      </trkpt>
      <trkpt lat="39.8770173" lon="116.7248214">
        <ele>26.78047</ele>
        <time>2026-09-18T22:21:43Z</time>
      </trkpt>
      <trkpt lat="39.8770136" lon="116.7246774">
        <ele>26.69657</ele>
        <time>2026-09-18T22:21:47Z</time>
      </trkpt>
      <trkpt lat="39.8770104" lon="116.7245303">
        <ele>26.60327</ele>
        <time>2026-09-18T22:21:51Z</time>
      </trkpt>
      <trkpt lat="39.8770043" lon="116.724385">
        <ele>26.51276</ele>
        <time>2026-09-18T22:21:55Z</time>
      </trkpt>
      <trkpt lat="39.8769944" lon="116.7242379">
        <ele>26.43594</ele>
        <time>2026-09-18T22:21:59Z</time>
      </trkpt>
      <trkpt lat="39.8769762" lon="116.7240959">
        <ele>26.33818</ele>
        <time>2026-09-18T22:22:03Z</time>
      </trkpt>
      <trkpt lat="39.8769541" lon="116.7239639">
        <ele>26.21631</ele>
        <time>2026-09-18T22:22:07Z</time>
      </trkpt>
      <trkpt lat="39.8769291" lon="116.7238297">
        <ele>26.09726</ele>
        <time>2026-09-18T22:22:11Z</time>
      </trkpt>
      <trkpt lat="39.8769158" lon="116.7236904">
        <ele>25.97734</ele>
        <time>2026-09-18T22:22:15Z</time>
      </trkpt>
      <trkpt lat="39.876911" lon="116.7235436">
        <ele>25.84123</ele>
        <time>2026-09-18T22:22:19Z</time>
      </trkpt>
      <trkpt lat="39.8769131" lon="116.7233994">
        <ele>25.7034</ele>
        <time>2026-09-18T22:22:23Z</time>
      </trkpt>
      <trkpt lat="39.8769179" lon="116.7232512">
        <ele>25.59072</ele>
        <time>2026-09-18T22:22:27Z</time>
      </trkpt>
      <trkpt lat="39.8769264" lon="116.7230971">
        <ele>25.49273</ele>
        <time>2026-09-18T22:22:31Z</time>
      </trkpt>
      <trkpt lat="39.8769383" lon="116.7229502">
        <ele>25.3973</ele>
        <time>2026-09-18T22:22:35Z</time>
      </trkpt>
      <trkpt lat="39.8769541" lon="116.722822">
        <ele>25.3043</ele>
        <time>2026-09-18T22:22:39Z</time>
      </trkpt>
      <trkpt lat="39.8769792" lon="116.7226875">
        <ele>25.20712</ele>
        <time>2026-09-18T22:22:43Z</time>
      </trkpt>
      <trkpt lat="39.8770152" lon="116.7225487">
        <ele>25.0847</ele>
        <time>2026-09-18T22:22:47Z</time>
      </trkpt>
      <trkpt lat="39.8770559" lon="116.7224145">
        <ele>24.92574</ele>
        <time>2026-09-18T22:22:51Z</time>
      </trkpt>
      <trkpt lat="39.8770996" lon="116.7222768">
        <ele>24.74796</ele>
        <time>2026-09-18T22:22:55Z</time>
      </trkpt>
      <trkpt lat="39.8771594" lon="116.7221533">
        <ele>24.58137</ele>
        <time>2026-09-18T22:22:59Z</time>
      </trkpt>
      <trkpt lat="39.8772308" lon="116.7220451">
        <ele>24.44103</ele>
        <time>2026-09-18T22:23:03Z</time>
      </trkpt>
      <trkpt lat="39.8773048" lon="116.7219342">
        <ele>24.32958</ele>
        <time>2026-09-18T22:23:07Z</time>
      </trkpt>
      <trkpt lat="39.8773829" lon="116.7218333">
        <ele>24.24719</ele>
        <time>2026-09-18T22:23:11Z</time>
      </trkpt>
      <trkpt lat="39.8774691" lon="116.7217412">
        <ele>24.16702</ele>
        <time>2026-09-18T22:23:15Z</time>
      </trkpt>
      <trkpt lat="39.877555" lon="116.7216494">
        <ele>24.07753</ele>
        <time>2026-09-18T22:23:19Z</time>
      </trkpt>
      <trkpt lat="39.8776469" lon="116.7215744">
        <ele>23.99398</ele>
        <time>2026-09-18T22:23:23Z</time>
      </trkpt>
      <trkpt lat="39.8777442" lon="116.7214995">
        <ele>23.90618</ele>
        <time>2026-09-18T22:23:27Z</time>
      </trkpt>
      <trkpt lat="39.8778408" lon="116.7214298">
        <ele>23.7845</ele>
        <time>2026-09-18T22:23:31Z</time>
      </trkpt>
      <trkpt lat="39.8779397" lon="116.7213683">
        <ele>23.63432</ele>
        <time>2026-09-18T22:23:35Z</time>
      </trkpt>
      <trkpt lat="39.878046" lon="116.7213193">
        <ele>23.47001</ele>
        <time>2026-09-18T22:23:39Z</time>
      </trkpt>
      <trkpt lat="39.8781528" lon="116.7212745">
        <ele>23.30882</ele>
        <time>2026-09-18T22:23:43Z</time>
      </trkpt>
      <trkpt lat="39.8782595" lon="116.7212354">
        <ele>23.1747</ele>
        <time>2026-09-18T22:23:47Z</time>
      </trkpt>
      <trkpt lat="39.87837" lon="116.7212081">
        <ele>23.07249</ele>
        <time>2026-09-18T22:23:51Z</time>
      </trkpt>
      <trkpt lat="39.8784858" lon="116.7211902">
        <ele>22.99653</ele>
        <time>2026-09-18T22:23:55Z</time>
      </trkpt>
      <trkpt lat="39.8785997" lon="116.7211908">
        <ele>22.91684</ele>
        <time>2026-09-18T22:23:59Z</time>
      </trkpt>
      <trkpt lat="39.8787159" lon="116.7211994">
        <ele>22.84058</ele>
        <time>2026-09-18T22:24:03Z</time>
      </trkpt>
      <trkpt lat="39.8788308" lon="116.7212269">
        <ele>22.78366</ele>
        <time>2026-09-18T22:24:07Z</time>
      </trkpt>
      <trkpt lat="39.8789469" lon="116.7212621">
        <ele>22.72588</ele>
        <time>2026-09-18T22:24:11Z</time>
      </trkpt>
      <trkpt lat="39.8790645" lon="116.7212879">
        <ele>22.66697</ele>
        <time>2026-09-18T22:24:15Z</time>
      </trkpt>
      <trkpt lat="39.879172" lon="116.7213004">
        <ele>22.62297</ele>
        <time>2026-09-18T22:24:19Z</time>
      </trkpt>
      <trkpt lat="39.8792822" lon="116.7213141">
        <ele>22.58663</ele>
        <time>2026-09-18T22:24:23Z</time>
      </trkpt>
      <trkpt lat="39.8793919" lon="116.7213168">
        <ele>22.56075</ele>
        <time>2026-09-18T22:24:27Z</time>
      </trkpt>
      <trkpt lat="39.8795071" lon="116.7213092">
        <ele>22.53969</ele>
        <time>2026-09-18T22:24:31Z</time>
      </trkpt>
      <trkpt lat="39.8796142" lon="116.7212891">
        <ele>22.50501</ele>
        <time>2026-09-18T22:24:35Z</time>
      </trkpt>
      <trkpt lat="39.8797221" lon="116.7212705">
        <ele>22.46797</ele>
        <time>2026-09-18T22:24:39Z</time>
      </trkpt>
      <trkpt lat="39.8798313" lon="116.7212448">
        <ele>22.43503</ele>
        <time>2026-09-18T22:24:43Z</time>
      </trkpt>
      <trkpt lat="39.8799364" lon="116.7212207">
        <ele>22.3998</ele>
        <time>2026-09-18T22:24:47Z</time>
      </trkpt>
      <trkpt lat="39.8800371" lon="116.7211864">
        <ele>22.37357</ele>
        <time>2026-09-18T22:24:51Z</time>
      </trkpt>
      <trkpt lat="39.8801385" lon="116.7211521">
        <ele>22.35164</ele>
        <time>2026-09-18T22:24:55Z</time>
      </trkpt>
      <trkpt lat="39.8802362" lon="116.7211113">
        <ele>22.32902</ele>
        <time>2026-09-18T22:24:59Z</time>
      </trkpt>
      <trkpt lat="39.8803352" lon="116.7210642">
        <ele>22.32391</ele>
        <time>2026-09-18T22:25:03Z</time>
      </trkpt>
      <trkpt lat="39.880436" lon="116.7210203">
        <ele>22.3286</ele>
        <time>2026-09-18T22:25:07Z</time>
      </trkpt>
      <trkpt lat="39.8805399" lon="116.7209678">
        <ele>22.30885</ele>
        <time>2026-09-18T22:25:11Z</time>
      </trkpt>
      <trkpt lat="39.8806401" lon="116.7209104">
        <ele>22.27556</ele>
        <time>2026-09-18T22:25:15Z</time>
      </trkpt>
      <trkpt lat="39.8807369" lon="116.7208405">
        <ele>22.24781</ele>
        <time>2026-09-18T22:25:19Z</time>
      </trkpt>
      <trkpt lat="39.8808274" lon="116.7207698">
        <ele>22.22098</ele>
        <time>2026-09-18T22:25:23Z</time>
      </trkpt>
      <trkpt lat="39.8809174" lon="116.7206982">
        <ele>22.20715</ele>
        <time>2026-09-18T22:25:27Z</time>
      </trkpt>
      <trkpt lat="39.8810048" lon="116.720619">
        <ele>22.22005</ele>
        <time>2026-09-18T22:25:31Z</time>
      </trkpt>
      <trkpt lat="39.8810946" lon="116.7205454">
        <ele>22.25915</ele>
        <time>2026-09-18T22:25:35Z</time>
      </trkpt>
      <trkpt lat="39.8811798" lon="116.7204572">
        <ele>22.32431</ele>
        <time>2026-09-18T22:25:39Z</time>
      </trkpt>
      <trkpt lat="39.8812661" lon="116.7203741">
        <ele>22.39771</ele>
        <time>2026-09-18T22:25:43Z</time>
      </trkpt>
      <trkpt lat="39.8813446" lon="116.7202739">
        <ele>22.4463</ele>
        <time>2026-09-18T22:25:47Z</time>
      </trkpt>
      <trkpt lat="39.8814288" lon="116.7201714">
        <ele>22.48379</ele>
        <time>2026-09-18T22:25:51Z</time>
      </trkpt>
      <trkpt lat="39.8815074" lon="116.7200698">
        <ele>22.52927</ele>
        <time>2026-09-18T22:25:55Z</time>
      </trkpt>
      <trkpt lat="39.8815802" lon="116.7199723">
        <ele>22.56902</ele>
        <time>2026-09-18T22:25:59Z</time>
      </trkpt>
      <trkpt lat="39.8816502" lon="116.7198669">
        <ele>22.59483</ele>
        <time>2026-09-18T22:26:03Z</time>
      </trkpt>
      <trkpt lat="39.8817238" lon="116.7197696">
        <ele>22.62088</ele>
        <time>2026-09-18T22:26:07Z</time>
      </trkpt>
      <trkpt lat="39.8817983" lon="116.7196722">
        <ele>22.64073</ele>
        <time>2026-09-18T22:26:11Z</time>
      </trkpt>
      <trkpt lat="39.8818698" lon="116.7195722">
        <ele>22.63128</ele>
        <time>2026-09-18T22:26:15Z</time>
      </trkpt>
      <trkpt lat="39.8819373" lon="116.7194679">
        <ele>22.61206</ele>
        <time>2026-09-18T22:26:19Z</time>
      </trkpt>
      <trkpt lat="39.8820002" lon="116.7193578">
        <ele>22.60415</ele>
        <time>2026-09-18T22:26:23Z</time>
      </trkpt>
      <trkpt lat="39.8820496" lon="116.7192374">
        <ele>22.58759</ele>
        <time>2026-09-18T22:26:27Z</time>
      </trkpt>
      <trkpt lat="39.882095" lon="116.7191157">
        <ele>22.55716</ele>
        <time>2026-09-18T22:26:31Z</time>
      </trkpt>
      <trkpt lat="39.8821297" lon="116.7189969">
        <ele>22.52568</ele>
        <time>2026-09-18T22:26:35Z</time>
      </trkpt>
      <trkpt lat="39.882158" lon="116.7188688">
        <ele>22.49949</ele>
        <time>2026-09-18T22:26:39Z</time>
      </trkpt>
      <trkpt lat="39.8821877" lon="116.7187397">
        <ele>22.47627</ele>
        <time>2026-09-18T22:26:43Z</time>
      </trkpt>
      <trkpt lat="39.8822075" lon="116.7186034">
        <ele>22.46596</ele>
        <time>2026-09-18T22:26:47Z</time>
      </trkpt>
      <trkpt lat="39.8822212" lon="116.7184717">
        <ele>22.48334</ele>
        <time>2026-09-18T22:26:51Z</time>
      </trkpt>
      <trkpt lat="39.8822275" lon="116.7183341">
        <ele>22.51749</ele>
        <time>2026-09-18T22:26:55Z</time>
      </trkpt>
      <trkpt lat="39.882226" lon="116.7181965">
        <ele>22.55664</ele>
        <time>2026-09-18T22:26:59Z</time>
      </trkpt>
      <trkpt lat="39.8822212" lon="116.7180613">
        <ele>22.60759</ele>
        <time>2026-09-18T22:27:03Z</time>
      </trkpt>
      <trkpt lat="39.8822116" lon="116.7179254">
        <ele>22.67185</ele>
        <time>2026-09-18T22:27:07Z</time>
      </trkpt>
      <trkpt lat="39.8821948" lon="116.7177927">
        <ele>22.72627</ele>
        <time>2026-09-18T22:27:11Z</time>
      </trkpt>
      <trkpt lat="39.8821651" lon="116.7176652">
        <ele>22.77993</ele>
        <time>2026-09-18T22:27:15Z</time>
      </trkpt>
      <trkpt lat="39.8821285" lon="116.7175402">
        <ele>22.82133</ele>
        <time>2026-09-18T22:27:19Z</time>
      </trkpt>
      <trkpt lat="39.8820816" lon="116.7174172">
        <ele>22.82248</ele>
        <time>2026-09-18T22:27:23Z</time>
      </trkpt>
      <trkpt lat="39.8820236" lon="116.7173014">
        <ele>22.804</ele>
        <time>2026-09-18T22:27:27Z</time>
      </trkpt>
      <trkpt lat="39.8819644" lon="116.7171872">
        <ele>22.79061</ele>
        <time>2026-09-18T22:27:31Z</time>
      </trkpt>
      <trkpt lat="39.8819064" lon="116.7170713">
        <ele>22.80128</ele>
        <time>2026-09-18T22:27:35Z</time>
      </trkpt>
      <trkpt lat="39.8818453" lon="116.7169542">
        <ele>22.84566</ele>
        <time>2026-09-18T22:27:39Z</time>
      </trkpt>
      <trkpt lat="39.8817778" lon="116.7168464">
        <ele>22.89333</ele>
        <time>2026-09-18T22:27:43Z</time>
      </trkpt>
      <trkpt lat="39.8817017" lon="116.7167481">
        <ele>22.93097</ele>
        <time>2026-09-18T22:27:47Z</time>
      </trkpt>
      <trkpt lat="39.8816265" lon="116.7166561">
        <ele>22.96146</ele>
        <time>2026-09-18T22:27:51Z</time>
      </trkpt>
      <trkpt lat="39.8815501" lon="116.7165694">
        <ele>22.9811</ele>
        <time>2026-09-18T22:27:55Z</time>
      </trkpt>
      <trkpt lat="39.8814764" lon="116.7164729">
        <ele>22.98716</ele>
        <time>2026-09-18T22:27:59Z</time>
      </trkpt>
      <trkpt lat="39.8813918" lon="116.7163823">
        <ele>22.97748</ele>
        <time>2026-09-18T22:28:03Z</time>
      </trkpt>
      <trkpt lat="39.881315" lon="116.7162895">
        <ele>22.95291</ele>
        <time>2026-09-18T22:28:07Z</time>
      </trkpt>
      <trkpt lat="39.8812341" lon="116.7162007">
        <ele>22.92822</ele>
        <time>2026-09-18T22:28:11Z</time>
      </trkpt>
      <trkpt lat="39.8811548" lon="116.7161089">
        <ele>22.90676</ele>
        <time>2026-09-18T22:28:15Z</time>
      </trkpt>
      <trkpt lat="39.8810706" lon="116.7160212">
        <ele>22.87558</ele>
        <time>2026-09-18T22:28:19Z</time>
      </trkpt>
      <trkpt lat="39.8809822" lon="116.7159417">
        <ele>22.83998</ele>
        <time>2026-09-18T22:28:23Z</time>
      </trkpt>
      <trkpt lat="39.880896" lon="116.7158642">
        <ele>22.82466</ele>
        <time>2026-09-18T22:28:27Z</time>
      </trkpt>
      <trkpt lat="39.8808096" lon="116.7157886">
        <ele>22.81648</ele>
        <time>2026-09-18T22:28:31Z</time>
      </trkpt>
      <trkpt lat="39.8807186" lon="116.715714">
        <ele>22.79745</ele>
        <time>2026-09-18T22:28:35Z</time>
      </trkpt>
      <trkpt lat="39.8806278" lon="116.7156505">
        <ele>22.76574</ele>
        <time>2026-09-18T22:28:39Z</time>
      </trkpt>
      <trkpt lat="39.8805347" lon="116.7156009">
        <ele>22.73876</ele>
        <time>2026-09-18T22:28:43Z</time>
      </trkpt>
      <trkpt lat="39.8804314" lon="116.7155559">
        <ele>22.72253</ele>
        <time>2026-09-18T22:28:47Z</time>
      </trkpt>
      <trkpt lat="39.8803262" lon="116.7154994">
        <ele>22.71853</ele>
        <time>2026-09-18T22:28:51Z</time>
      </trkpt>
      <trkpt lat="39.8802197" lon="116.7154364">
        <ele>22.74602</ele>
        <time>2026-09-18T22:28:55Z</time>
      </trkpt>
      <trkpt lat="39.8801227" lon="116.715379">
        <ele>22.79293</ele>
        <time>2026-09-18T22:28:59Z</time>
      </trkpt>
      <trkpt lat="39.8800207" lon="116.7153283">
        <ele>22.8463</ele>
        <time>2026-09-18T22:29:03Z</time>
      </trkpt>
      <trkpt lat="39.8799145" lon="116.7152859">
        <ele>22.90053</ele>
        <time>2026-09-18T22:29:07Z</time>
      </trkpt>
      <trkpt lat="39.8798096" lon="116.7152425">
        <ele>22.93236</ele>
        <time>2026-09-18T22:29:11Z</time>
      </trkpt>
      <trkpt lat="39.8797045" lon="116.7152085">
        <ele>22.92519</ele>
        <time>2026-09-18T22:29:15Z</time>
      </trkpt>
      <trkpt lat="39.8795974" lon="116.7151875">
        <ele>22.89753</ele>
        <time>2026-09-18T22:29:19Z</time>
      </trkpt>
      <trkpt lat="39.8794872" lon="116.7151654">
        <ele>22.86841</ele>
        <time>2026-09-18T22:29:23Z</time>
      </trkpt>
      <trkpt lat="39.8793755" lon="116.7151451">
        <ele>22.83538</ele>
        <time>2026-09-18T22:29:27Z</time>
      </trkpt>
      <trkpt lat="39.8792659" lon="116.7151325">
        <ele>22.80378</ele>
        <time>2026-09-18T22:29:31Z</time>
      </trkpt>
      <trkpt lat="39.8791541" lon="116.7151301">
        <ele>22.79406</ele>
        <time>2026-09-18T22:29:35Z</time>
      </trkpt>
      <trkpt lat="39.8790467" lon="116.7151214">
        <ele>22.81058</ele>
        <time>2026-09-18T22:29:39Z</time>
      </trkpt>
      <trkpt lat="39.8789399" lon="116.7151084">
        <ele>22.84137</ele>
        <time>2026-09-18T22:29:43Z</time>
      </trkpt>
      <trkpt lat="39.8788325" lon="116.7150877">
        <ele>22.87641</ele>
        <time>2026-09-18T22:29:47Z</time>
      </trkpt>
      <trkpt lat="39.8787301" lon="116.7150805">
        <ele>22.90723</ele>
        <time>2026-09-18T22:29:51Z</time>
      </trkpt>
      <trkpt lat="39.8786228" lon="116.7150847">
        <ele>22.91222</ele>
        <time>2026-09-18T22:29:55Z</time>
      </trkpt>
      <trkpt lat="39.8785136" lon="116.7150856">
        <ele>22.8803</ele>
        <time>2026-09-18T22:29:59Z</time>
      </trkpt>
      <trkpt lat="39.8784049" lon="116.7150788">
        <ele>22.83604</ele>
        <time>2026-09-18T22:30:03Z</time>
      </trkpt>
      <trkpt lat="39.8782958" lon="116.7150624">
        <ele>22.80048</ele>
        <time>2026-09-18T22:30:07Z</time>
      </trkpt>
      <trkpt lat="39.8781855" lon="116.7150329">
        <ele>22.77879</ele>
        <time>2026-09-18T22:30:11Z</time>
      </trkpt>
      <trkpt lat="39.8780784" lon="116.7150003">
        <ele>22.75319</ele>
        <time>2026-09-18T22:30:15Z</time>
      </trkpt>
      <trkpt lat="39.8779685" lon="116.7149641">
        <ele>22.71991</ele>
        <time>2026-09-18T22:30:19Z</time>
      </trkpt>
      <trkpt lat="39.8778662" lon="116.7149146">
        <ele>22.68524</ele>
        <time>2026-09-18T22:30:23Z</time>
      </trkpt>
      <trkpt lat="39.8777705" lon="116.7148527">
        <ele>22.64782</ele>
        <time>2026-09-18T22:30:27Z</time>
      </trkpt>
      <trkpt lat="39.8776658" lon="116.7147957">
        <ele>22.61495</ele>
        <time>2026-09-18T22:30:31Z</time>
      </trkpt>
      <trkpt lat="39.8775641" lon="116.7147123">
        <ele>22.58555</ele>
        <time>2026-09-18T22:30:35Z</time>
      </trkpt>
      <trkpt lat="39.8774676" lon="116.7146286">
        <ele>22.54334</ele>
        <time>2026-09-18T22:30:39Z</time>
      </trkpt>
      <trkpt lat="39.8773713" lon="116.7145494">
        <ele>22.48905</ele>
        <time>2026-09-18T22:30:43Z</time>
      </trkpt>
      <trkpt lat="39.8772787" lon="116.7144631">
        <ele>22.43587</ele>
        <time>2026-09-18T22:30:47Z</time>
      </trkpt>
      <trkpt lat="39.8771872" lon="116.7143746">
        <ele>22.40492</ele>
        <time>2026-09-18T22:30:51Z</time>
      </trkpt>
      <trkpt lat="39.8771059" lon="116.7142803">
        <ele>22.41134</ele>
        <time>2026-09-18T22:30:55Z</time>
      </trkpt>
      <trkpt lat="39.8770329" lon="116.7141786">
        <ele>22.44685</ele>
        <time>2026-09-18T22:30:59Z</time>
      </trkpt>
      <trkpt lat="39.8769563" lon="116.7140836">
        <ele>22.47678</ele>
        <time>2026-09-18T22:31:03Z</time>
      </trkpt>
      <trkpt lat="39.8768836" lon="116.7139852">
        <ele>22.50047</ele>
        <time>2026-09-18T22:31:07Z</time>
      </trkpt>
      <trkpt lat="39.8768167" lon="116.7138856">
        <ele>22.54271</ele>
        <time>2026-09-18T22:31:11Z</time>
      </trkpt>
      <trkpt lat="39.8767519" lon="116.713777">
        <ele>22.58625</ele>
        <time>2026-09-18T22:31:15Z</time>
      </trkpt>
      <trkpt lat="39.8766906" lon="116.7136571">
        <ele>22.6115</ele>
        <time>2026-09-18T22:31:19Z</time>
      </trkpt>
      <trkpt lat="39.8766256" lon="116.7135376">
        <ele>22.64216</ele>
        <time>2026-09-18T22:31:23Z</time>
      </trkpt>
      <trkpt lat="39.8765629" lon="116.7134208">
        <ele>22.68079</ele>
        <time>2026-09-18T22:31:27Z</time>
      </trkpt>
      <trkpt lat="39.8765145" lon="116.7132924">
        <ele>22.71229</ele>
        <time>2026-09-18T22:31:31Z</time>
      </trkpt>
      <trkpt lat="39.8764789" lon="116.7131583">
        <ele>22.73988</ele>
        <time>2026-09-18T22:31:35Z</time>
      </trkpt>
      <trkpt lat="39.8764419" lon="116.7130144">
        <ele>22.77183</ele>
        <time>2026-09-18T22:31:39Z</time>
      </trkpt>
      <trkpt lat="39.8764088" lon="116.7128736">
        <ele>22.81294</ele>
        <time>2026-09-18T22:31:43Z</time>
      </trkpt>
      <trkpt lat="39.8763804" lon="116.7127351">
        <ele>22.85262</ele>
        <time>2026-09-18T22:31:47Z</time>
      </trkpt>
      <trkpt lat="39.8763548" lon="116.7126035">
        <ele>22.87076</ele>
        <time>2026-09-18T22:31:51Z</time>
      </trkpt>
      <trkpt lat="39.8763256" lon="116.7124693">
        <ele>22.88549</ele>
        <time>2026-09-18T22:31:55Z</time>
      </trkpt>
      <trkpt lat="39.8763044" lon="116.7123278">
        <ele>22.91461</ele>
        <time>2026-09-18T22:31:59Z</time>
      </trkpt>
      <trkpt lat="39.8762981" lon="116.7121807">
        <ele>22.95549</ele>
        <time>2026-09-18T22:32:03Z</time>
      </trkpt>
      <trkpt lat="39.8762832" lon="116.712037">
        <ele>23.0008</ele>
        <time>2026-09-18T22:32:07Z</time>
      </trkpt>
      <trkpt lat="39.8762624" lon="116.7118983">
        <ele>23.01877</ele>
        <time>2026-09-18T22:32:11Z</time>
      </trkpt>
      <trkpt lat="39.8762367" lon="116.7117752">
        <ele>22.99579</ele>
        <time>2026-09-18T22:32:15Z</time>
      </trkpt>
      <trkpt lat="39.876205" lon="116.7116494">
        <ele>22.95975</ele>
        <time>2026-09-18T22:32:19Z</time>
      </trkpt>
      <trkpt lat="39.8761689" lon="116.7115184">
        <ele>22.9343</ele>
        <time>2026-09-18T22:32:23Z</time>
      </trkpt>
      <trkpt lat="39.8761325" lon="116.7113877">
        <ele>22.92159</ele>
        <time>2026-09-18T22:32:27Z</time>
      </trkpt>
      <trkpt lat="39.8760879" lon="116.7112598">
        <ele>22.89945</ele>
        <time>2026-09-18T22:32:31Z</time>
      </trkpt>
      <trkpt lat="39.8760395" lon="116.711132">
        <ele>22.86041</ele>
        <time>2026-09-18T22:32:35Z</time>
      </trkpt>
      <trkpt lat="39.8759811" lon="116.7110039">
        <ele>22.82353</ele>
        <time>2026-09-18T22:32:39Z</time>
      </trkpt>
      <trkpt lat="39.8759249" lon="116.7108821">
        <ele>22.80107</ele>
        <time>2026-09-18T22:32:43Z</time>
      </trkpt>
      <trkpt lat="39.8758683" lon="116.7107612">
        <ele>22.79896</ele>
        <time>2026-09-18T22:32:47Z</time>
      </trkpt>
      <trkpt lat="39.8757872" lon="116.7106571">
        <ele>22.79017</ele>
        <time>2026-09-18T22:32:51Z</time>
      </trkpt>
      <trkpt lat="39.8757063" lon="116.7105575">
        <ele>22.75421</ele>
        <time>2026-09-18T22:32:55Z</time>
      </trkpt>
      <trkpt lat="39.8756287" lon="116.7104596">
        <ele>22.70787</ele>
        <time>2026-09-18T22:32:59Z</time>
      </trkpt>
      <trkpt lat="39.8755503" lon="116.7103701">
        <ele>22.66041</ele>
        <time>2026-09-18T22:33:03Z</time>
      </trkpt>
      <trkpt lat="39.8754648" lon="116.7102795">
        <ele>22.61532</ele>
        <time>2026-09-18T22:33:07Z</time>
      </trkpt>
      <trkpt lat="39.8753786" lon="116.7102008">
        <ele>22.57749</ele>
        <time>2026-09-18T22:33:11Z</time>
      </trkpt>
      <trkpt lat="39.8752873" lon="116.7101269">
        <ele>22.54183</ele>
        <time>2026-09-18T22:33:15Z</time>
      </trkpt>
      <trkpt lat="39.8751931" lon="116.7100698">
        <ele>22.5117</ele>
        <time>2026-09-18T22:33:19Z</time>
      </trkpt>
      <trkpt lat="39.8750916" lon="116.7100184">
        <ele>22.50531</ele>
        <time>2026-09-18T22:33:23Z</time>
      </trkpt>
      <trkpt lat="39.8749876" lon="116.7099629">
        <ele>22.52184</ele>
        <time>2026-09-18T22:33:27Z</time>
      </trkpt>
      <trkpt lat="39.8748764" lon="116.7099195">
        <ele>22.54231</ele>
        <time>2026-09-18T22:33:31Z</time>
      </trkpt>
      <trkpt lat="39.8747651" lon="116.7098901">
        <ele>22.55131</ele>
        <time>2026-09-18T22:33:35Z</time>
      </trkpt>
      <trkpt lat="39.8746545" lon="116.709865">
        <ele>22.56386</ele>
        <time>2026-09-18T22:33:39Z</time>
      </trkpt>
      <trkpt lat="39.8745452" lon="116.709846">
        <ele>22.60013</ele>
        <time>2026-09-18T22:33:43Z</time>
      </trkpt>
      <trkpt lat="39.8744346" lon="116.709834">
        <ele>22.66561</ele>
        <time>2026-09-18T22:33:47Z</time>
      </trkpt>
      <trkpt lat="39.8743249" lon="116.7098248">
        <ele>22.7359</ele>
        <time>2026-09-18T22:33:51Z</time>
      </trkpt>
      <trkpt lat="39.8742167" lon="116.7098279">
        <ele>22.7913</ele>
        <time>2026-09-18T22:33:55Z</time>
      </trkpt>
      <trkpt lat="39.8741069" lon="116.7098369">
        <ele>22.83781</ele>
        <time>2026-09-18T22:33:59Z</time>
      </trkpt>
      <trkpt lat="39.8739997" lon="116.7098531">
        <ele>22.88918</ele>
        <time>2026-09-18T22:34:03Z</time>
      </trkpt>
      <trkpt lat="39.8738899" lon="116.709876">
        <ele>22.94842</ele>
        <time>2026-09-18T22:34:07Z</time>
      </trkpt>
      <trkpt lat="39.8737863" lon="116.709917">
        <ele>23.00914</ele>
        <time>2026-09-18T22:34:11Z</time>
      </trkpt>
      <trkpt lat="39.8736836" lon="116.709973">
        <ele>23.06747</ele>
        <time>2026-09-18T22:34:15Z</time>
      </trkpt>
      <trkpt lat="39.8735768" lon="116.7100261">
        <ele>23.10123</ele>
        <time>2026-09-18T22:34:19Z</time>
      </trkpt>
      <trkpt lat="39.873475" lon="116.710075">
        <ele>23.11258</ele>
        <time>2026-09-18T22:34:23Z</time>
      </trkpt>
      <trkpt lat="39.8733847" lon="116.7101402">
        <ele>23.12594</ele>
        <time>2026-09-18T22:34:27Z</time>
      </trkpt>
      <trkpt lat="39.8732904" lon="116.7102079">
        <ele>23.13384</ele>
        <time>2026-09-18T22:34:31Z</time>
      </trkpt>
      <trkpt lat="39.8731953" lon="116.7102728">
        <ele>23.13432</ele>
        <time>2026-09-18T22:34:35Z</time>
      </trkpt>
      <trkpt lat="39.873103" lon="116.710362">
        <ele>23.15298</ele>
        <time>2026-09-18T22:34:39Z</time>
      </trkpt>
      <trkpt lat="39.8730187" lon="116.7104482">
        <ele>23.17581</ele>
        <time>2026-09-18T22:34:43Z</time>
      </trkpt>
      <trkpt lat="39.8729406" lon="116.7105491">
        <ele>23.19108</ele>
        <time>2026-09-18T22:34:47Z</time>
      </trkpt>
      <trkpt lat="39.8728712" lon="116.7106536">
        <ele>23.21954</ele>
        <time>2026-09-18T22:34:51Z</time>
      </trkpt>
      <trkpt lat="39.8727973" lon="116.7107626">
        <ele>23.25104</ele>
        <time>2026-09-18T22:34:55Z</time>
      </trkpt>
      <trkpt lat="39.8727355" lon="116.7108797">
        <ele>23.25013</ele>
        <time>2026-09-18T22:34:59Z</time>
      </trkpt>
      <trkpt lat="39.8726752" lon="116.7110022">
        <ele>23.1943</ele>
        <time>2026-09-18T22:35:03Z</time>
      </trkpt>
      <trkpt lat="39.8726263" lon="116.7111296">
        <ele>23.09327</ele>
        <time>2026-09-18T22:35:07Z</time>
      </trkpt>
      <trkpt lat="39.8725753" lon="116.7112526">
        <ele>22.98717</ele>
        <time>2026-09-18T22:35:11Z</time>
      </trkpt>
      <trkpt lat="39.8725278" lon="116.7113772">
        <ele>22.91232</ele>
        <time>2026-09-18T22:35:15Z</time>
      </trkpt>
      <trkpt lat="39.8724745" lon="116.711497">
        <ele>22.88743</ele>
        <time>2026-09-18T22:35:19Z</time>
      </trkpt>
      <trkpt lat="39.8724158" lon="116.7116154">
        <ele>22.8996</ele>
        <time>2026-09-18T22:35:23Z</time>
      </trkpt>
      <trkpt lat="39.8723597" lon="116.7117321">
        <ele>22.93353</ele>
        <time>2026-09-18T22:35:27Z</time>
      </trkpt>
      <trkpt lat="39.8722995" lon="116.7118475">
        <ele>22.97908</ele>
        <time>2026-09-18T22:35:31Z</time>
      </trkpt>
      <trkpt lat="39.8722309" lon="116.7119495">
        <ele>23.01939</ele>
        <time>2026-09-18T22:35:35Z</time>
      </trkpt>
      <trkpt lat="39.872156" lon="116.7120541">
        <ele>23.04714</ele>
        <time>2026-09-18T22:35:39Z</time>
      </trkpt>
      <trkpt lat="39.8720771" lon="116.7121559">
        <ele>23.07888</ele>
        <time>2026-09-18T22:35:43Z</time>
      </trkpt>
      <trkpt lat="39.8719916" lon="116.7122524">
        <ele>23.10841</ele>
        <time>2026-09-18T22:35:47Z</time>
      </trkpt>
      <trkpt lat="39.8718973" lon="116.7123359">
        <ele>23.10103</ele>
        <time>2026-09-18T22:35:51Z</time>
      </trkpt>
      <trkpt lat="39.8717976" lon="116.7124127">
        <ele>23.04098</ele>
        <time>2026-09-18T22:35:55Z</time>
      </trkpt>
      <trkpt lat="39.8716939" lon="116.7124722">
        <ele>22.936</ele>
        <time>2026-09-18T22:35:59Z</time>
      </trkpt>
      <trkpt lat="39.8715913" lon="116.7125326">
        <ele>22.80767</ele>
        <time>2026-09-18T22:36:03Z</time>
      </trkpt>
      <trkpt lat="39.8714849" lon="116.7126021">
        <ele>22.67864</ele>
        <time>2026-09-18T22:36:07Z</time>
      </trkpt>
      <trkpt lat="39.871375" lon="116.7126559">
        <ele>22.55974</ele>
        <time>2026-09-18T22:36:11Z</time>
      </trkpt>
      <trkpt lat="39.8712626" lon="116.7126899">
        <ele>22.44656</ele>
        <time>2026-09-18T22:36:15Z</time>
      </trkpt>
      <trkpt lat="39.8711596" lon="116.7127257">
        <ele>22.33023</ele>
        <time>2026-09-18T22:36:19Z</time>
      </trkpt>
      <trkpt lat="39.8710544" lon="116.7127647">
        <ele>22.21369</ele>
        <time>2026-09-18T22:36:23Z</time>
      </trkpt>
      <trkpt lat="39.8709423" lon="116.7127896">
        <ele>22.127</ele>
        <time>2026-09-18T22:36:27Z</time>
      </trkpt>
      <trkpt lat="39.8708282" lon="116.7128077">
        <ele>22.07042</ele>
        <time>2026-09-18T22:36:31Z</time>
      </trkpt>
      <trkpt lat="39.870717" lon="116.7128293">
        <ele>22.02714</ele>
        <time>2026-09-18T22:36:35Z</time>
      </trkpt>
      <trkpt lat="39.870603" lon="116.7128505">
        <ele>22.00538</ele>
        <time>2026-09-18T22:36:39Z</time>
      </trkpt>
      <trkpt lat="39.8704935" lon="116.712866">
        <ele>22.01527</ele>
        <time>2026-09-18T22:36:43Z</time>
      </trkpt>
      <trkpt lat="39.8703786" lon="116.7128719">
        <ele>22.05358</ele>
        <time>2026-09-18T22:36:47Z</time>
      </trkpt>
      <trkpt lat="39.8702669" lon="116.7128831">
        <ele>22.0953</ele>
        <time>2026-09-18T22:36:51Z</time>
      </trkpt>
      <trkpt lat="39.8701595" lon="116.7128962">
        <ele>22.12141</ele>
        <time>2026-09-18T22:36:55Z</time>
      </trkpt>
      <trkpt lat="39.8700521" lon="116.7129178">
        <ele>22.15042</ele>
        <time>2026-09-18T22:36:59Z</time>
      </trkpt>
      <trkpt lat="39.8699479" lon="116.7129398">
        <ele>22.1895</ele>
        <time>2026-09-18T22:37:03Z</time>
      </trkpt>
      <trkpt lat="39.8698458" lon="116.7129605">
        <ele>22.22119</ele>
        <time>2026-09-18T22:37:07Z</time>
      </trkpt>
      <trkpt lat="39.8697401" lon="116.7129892">
        <ele>22.23291</ele>
        <time>2026-09-18T22:37:11Z</time>
      </trkpt>
      <trkpt lat="39.869632" lon="116.7130235">
        <ele>22.24045</ele>
        <time>2026-09-18T22:37:15Z</time>
      </trkpt>
      <trkpt lat="39.8695231" lon="116.7130586">
        <ele>22.26882</ele>
        <time>2026-09-18T22:37:19Z</time>
      </trkpt>
      <trkpt lat="39.8694145" lon="116.7131016">
        <ele>22.29697</ele>
        <time>2026-09-18T22:37:23Z</time>
      </trkpt>
      <trkpt lat="39.8693028" lon="116.713148">
        <ele>22.28112</ele>
        <time>2026-09-18T22:37:27Z</time>
      </trkpt>
      <trkpt lat="39.8691935" lon="116.7131971">
        <ele>22.21744</ele>
        <time>2026-09-18T22:37:31Z</time>
      </trkpt>
      <trkpt lat="39.8690928" lon="116.7132534">
        <ele>22.13131</ele>
        <time>2026-09-18T22:37:35Z</time>
      </trkpt>
      <trkpt lat="39.8689907" lon="116.7133137">
        <ele>22.0642</ele>
        <time>2026-09-18T22:37:39Z</time>
      </trkpt>
      <trkpt lat="39.8688928" lon="116.7133857">
        <ele>22.02385</ele>
        <time>2026-09-18T22:37:43Z</time>
      </trkpt>
      <trkpt lat="39.8688004" lon="116.713472">
        <ele>21.96414</ele>
        <time>2026-09-18T22:37:47Z</time>
      </trkpt>
      <trkpt lat="39.8687167" lon="116.7135618">
        <ele>21.88593</ele>
        <time>2026-09-18T22:37:51Z</time>
      </trkpt>
      <trkpt lat="39.8686347" lon="116.713657">
        <ele>21.8292</ele>
        <time>2026-09-18T22:37:55Z</time>
      </trkpt>
      <trkpt lat="39.868561" lon="116.7137631">
        <ele>21.81637</ele>
        <time>2026-09-18T22:37:59Z</time>
      </trkpt>
      <trkpt lat="39.8684901" lon="116.7138661">
        <ele>21.8324</ele>
        <time>2026-09-18T22:38:03Z</time>
      </trkpt>
      <trkpt lat="39.8684237" lon="116.7139809">
        <ele>21.8639</ele>
        <time>2026-09-18T22:38:07Z</time>
      </trkpt>
      <trkpt lat="39.8683579" lon="116.7140927">
        <ele>21.9028</ele>
        <time>2026-09-18T22:38:11Z</time>
      </trkpt>
      <trkpt lat="39.8683058" lon="116.7142171">
        <ele>21.94765</ele>
        <time>2026-09-18T22:38:15Z</time>
      </trkpt>
      <trkpt lat="39.8682533" lon="116.7143463">
        <ele>21.98293</ele>
        <time>2026-09-18T22:38:19Z</time>
      </trkpt>
      <trkpt lat="39.8682091" lon="116.7144775">
        <ele>22.00766</ele>
        <time>2026-09-18T22:38:23Z</time>
      </trkpt>
      <trkpt lat="39.8681764" lon="116.7146167">
        <ele>22.0399</ele>
        <time>2026-09-18T22:38:27Z</time>
      </trkpt>
      <trkpt lat="39.8681758" lon="116.7147602">
        <ele>22.0775</ele>
        <time>2026-09-18T22:38:31Z</time>
      </trkpt>
      <trkpt lat="39.8681848" lon="116.7149008">
        <ele>22.09125</ele>
        <time>2026-09-18T22:38:35Z</time>
      </trkpt>
      <trkpt lat="39.8681933" lon="116.7150385">
        <ele>22.07451</ele>
        <time>2026-09-18T22:38:39Z</time>
      </trkpt>
      <trkpt lat="39.8682059" lon="116.7151763">
        <ele>22.06404</ele>
        <time>2026-09-18T22:38:43Z</time>
      </trkpt>
      <trkpt lat="39.8682378" lon="116.7153145">
        <ele>22.07087</ele>
        <time>2026-09-18T22:38:47Z</time>
      </trkpt>
      <trkpt lat="39.8682789" lon="116.7154518">
        <ele>22.09289</ele>
        <time>2026-09-18T22:38:51Z</time>
      </trkpt>
      <trkpt lat="39.8683245" lon="116.7155866">
        <ele>22.1254</ele>
        <time>2026-09-18T22:38:55Z</time>
      </trkpt>
      <trkpt lat="39.8683733" lon="116.7157177">
        <ele>22.13736</ele>
        <time>2026-09-18T22:38:59Z</time>
      </trkpt>
      <trkpt lat="39.8684173" lon="116.715855">
        <ele>22.11831</ele>
        <time>2026-09-18T22:39:03Z</time>
      </trkpt>
      <trkpt lat="39.8684605" lon="116.7159823">
        <ele>22.09658</ele>
        <time>2026-09-18T22:39:07Z</time>
      </trkpt>
      <trkpt lat="39.8685101" lon="116.7161071">
        <ele>22.10993</ele>
        <time>2026-09-18T22:39:11Z</time>
      </trkpt>
      <trkpt lat="39.8685681" lon="116.7162251">
        <ele>22.14175</ele>
        <time>2026-09-18T22:39:15Z</time>
      </trkpt>
      <trkpt lat="39.8686208" lon="116.716344">
        <ele>22.16974</ele>
        <time>2026-09-18T22:39:19Z</time>
      </trkpt>
      <trkpt lat="39.8686808" lon="116.7164583">
        <ele>22.19078</ele>
        <time>2026-09-18T22:39:23Z</time>
      </trkpt>
      <trkpt lat="39.8687476" lon="116.7165709">
        <ele>22.2021</ele>
        <time>2026-09-18T22:39:27Z</time>
      </trkpt>
      <trkpt lat="39.8688189" lon="116.716675">
        <ele>22.21051</ele>
        <time>2026-09-18T22:39:31Z</time>
      </trkpt>
      <trkpt lat="39.8688895" lon="116.7167815">
        <ele>22.22783</ele>
        <time>2026-09-18T22:39:35Z</time>
      </trkpt>
      <trkpt lat="39.8689646" lon="116.7168902">
        <ele>22.24705</ele>
        <time>2026-09-18T22:39:39Z</time>
      </trkpt>
      <trkpt lat="39.8690356" lon="116.7170081">
        <ele>22.25007</ele>
        <time>2026-09-18T22:39:43Z</time>
      </trkpt>
      <trkpt lat="39.8691092" lon="116.7171156">
        <ele>22.24189</ele>
        <time>2026-09-18T22:39:47Z</time>
      </trkpt>
      <trkpt lat="39.8691821" lon="116.7172278">
        <ele>22.24396</ele>
        <time>2026-09-18T22:39:51Z</time>
      </trkpt>
      <trkpt lat="39.8692536" lon="116.7173453">
        <ele>22.25028</ele>
        <time>2026-09-18T22:39:55Z</time>
      </trkpt>
      <trkpt lat="39.8693174" lon="116.7174672">
        <ele>22.25419</ele>
        <time>2026-09-18T22:39:59Z</time>
      </trkpt>
      <trkpt lat="39.8693778" lon="116.7175924">
        <ele>22.27882</ele>
        <time>2026-09-18T22:40:03Z</time>
      </trkpt>
      <trkpt lat="39.8694261" lon="116.7177185">
        <ele>22.34567</ele>
        <time>2026-09-18T22:40:07Z</time>
      </trkpt>
      <trkpt lat="39.8694708" lon="116.7178552">
        <ele>22.43802</ele>
        <time>2026-09-18T22:40:11Z</time>
      </trkpt>
      <trkpt lat="39.8695083" lon="116.7179974">
        <ele>22.52434</ele>
        <time>2026-09-18T22:40:15Z</time>
      </trkpt>
      <trkpt lat="39.8695443" lon="116.718132">
        <ele>22.61817</ele>
        <time>2026-09-18T22:40:19Z</time>
      </trkpt>
      <trkpt lat="39.8695713" lon="116.7182752">
        <ele>22.72068</ele>
        <time>2026-09-18T22:40:23Z</time>
      </trkpt>
      <trkpt lat="39.8695977" lon="116.7184217">
        <ele>22.80824</ele>
        <time>2026-09-18T22:40:27Z</time>
      </trkpt>
      <trkpt lat="39.8696237" lon="116.7185688">
        <ele>22.85978</ele>
        <time>2026-09-18T22:40:31Z</time>
      </trkpt>
      <trkpt lat="39.8696437" lon="116.7187131">
        <ele>22.87649</ele>
        <time>2026-09-18T22:40:35Z</time>
      </trkpt>
      <trkpt lat="39.8696619" lon="116.7188548">
        <ele>22.89528</ele>
        <time>2026-09-18T22:40:39Z</time>
      </trkpt>
      <trkpt lat="39.8696794" lon="116.7189966">
        <ele>22.92341</ele>
        <time>2026-09-18T22:40:43Z</time>
      </trkpt>
      <trkpt lat="39.8696808" lon="116.7191407">
        <ele>22.94822</ele>
        <time>2026-09-18T22:40:47Z</time>
      </trkpt>
      <trkpt lat="39.869675" lon="116.7192857">
        <ele>22.96286</ele>
        <time>2026-09-18T22:40:51Z</time>
      </trkpt>
      <trkpt lat="39.8696606" lon="116.7194279">
        <ele>22.97036</ele>
        <time>2026-09-18T22:40:55Z</time>
      </trkpt>
      <trkpt lat="39.8696491" lon="116.7195699">
        <ele>22.97771</ele>
        <time>2026-09-18T22:40:59Z</time>
      </trkpt>
      <trkpt lat="39.8696266" lon="116.7197167">
        <ele>22.99671</ele>
        <time>2026-09-18T22:41:03Z</time>
      </trkpt>
      <trkpt lat="39.8696005" lon="116.7198665">
        <ele>23.02934</ele>
        <time>2026-09-18T22:41:07Z</time>
      </trkpt>
      <trkpt lat="39.8695663" lon="116.7200092">
        <ele>23.06868</ele>
        <time>2026-09-18T22:41:11Z</time>
      </trkpt>
      <trkpt lat="39.8695271" lon="116.7201436">
        <ele>23.10551</ele>
        <time>2026-09-18T22:41:15Z</time>
      </trkpt>
      <trkpt lat="39.8694869" lon="116.7202706">
        <ele>23.13495</ele>
        <time>2026-09-18T22:41:19Z</time>
      </trkpt>
      <trkpt lat="39.8694467" lon="116.7203987">
        <ele>23.16443</ele>
        <time>2026-09-18T22:41:23Z</time>
      </trkpt>
      <trkpt lat="39.8693904" lon="116.7205285">
        <ele>23.20198</ele>
        <time>2026-09-18T22:41:27Z</time>
      </trkpt>
      <trkpt lat="39.8693233" lon="116.7206528">
        <ele>23.23784</ele>
        <time>2026-09-18T22:41:31Z</time>
      </trkpt>
      <trkpt lat="39.8692557" lon="116.7207647">
        <ele>23.261</ele>
        <time>2026-09-18T22:41:35Z</time>
      </trkpt>
      <trkpt lat="39.8691949" lon="116.7208768">
        <ele>23.27129</ele>
        <time>2026-09-18T22:41:39Z</time>
      </trkpt>
      <trkpt lat="39.8691308" lon="116.7209822">
        <ele>23.261</ele>
        <time>2026-09-18T22:41:43Z</time>
      </trkpt>
      <trkpt lat="39.8690611" lon="116.7210967">
        <ele>23.23117</ele>
        <time>2026-09-18T22:41:47Z</time>
      </trkpt>
      <trkpt lat="39.8689851" lon="116.7212052">
        <ele>23.19351</ele>
        <time>2026-09-18T22:41:51Z</time>
      </trkpt>
      <trkpt lat="39.8689106" lon="116.7213163">
        <ele>23.15433</ele>
        <time>2026-09-18T22:41:55Z</time>
      </trkpt>
      <trkpt lat="39.8688352" lon="116.7214259">
        <ele>23.11362</ele>
        <time>2026-09-18T22:41:59Z</time>
      </trkpt>
      <trkpt lat="39.8687635" lon="116.7215398">
        <ele>23.05163</ele>
        <time>2026-09-18T22:42:03Z</time>
      </trkpt>
      <trkpt lat="39.8686844" lon="116.7216459">
        <ele>22.94431</ele>
        <time>2026-09-18T22:42:07Z</time>
      </trkpt>
      <trkpt lat="39.8686052" lon="116.7217507">
        <ele>22.79565</ele>
        <time>2026-09-18T22:42:11Z</time>
      </trkpt>
      <trkpt lat="39.8685228" lon="116.7218585">
        <ele>22.6296</ele>
        <time>2026-09-18T22:42:15Z</time>
      </trkpt>
      <trkpt lat="39.8684501" lon="116.7219728">
        <ele>22.46599</ele>
        <time>2026-09-18T22:42:19Z</time>
      </trkpt>
      <trkpt lat="39.8683861" lon="116.7220985">
        <ele>22.3044</ele>
        <time>2026-09-18T22:42:23Z</time>
      </trkpt>
      <trkpt lat="39.8683225" lon="116.7222124">
        <ele>22.16219</ele>
        <time>2026-09-18T22:42:27Z</time>
      </trkpt>
      <trkpt lat="39.8682483" lon="116.7223233">
        <ele>22.0743</ele>
        <time>2026-09-18T22:42:31Z</time>
      </trkpt>
      <trkpt lat="39.8681755" lon="116.7224391">
        <ele>22.03738</ele>
        <time>2026-09-18T22:42:35Z</time>
      </trkpt>
      <trkpt lat="39.8681118" lon="116.7225608">
        <ele>22.02635</ele>
        <time>2026-09-18T22:42:39Z</time>
      </trkpt>
      <trkpt lat="39.8680537" lon="116.7226874">
        <ele>22.01908</ele>
        <time>2026-09-18T22:42:43Z</time>
      </trkpt>
      <trkpt lat="39.8680013" lon="116.7228149">
        <ele>21.99173</ele>
        <time>2026-09-18T22:42:47Z</time>
      </trkpt>
      <trkpt lat="39.867957" lon="116.72295">
        <ele>21.94769</ele>
        <time>2026-09-18T22:42:51Z</time>
      </trkpt>
      <trkpt lat="39.8679121" lon="116.7230844">
        <ele>21.9125</ele>
        <time>2026-09-18T22:42:55Z</time>
      </trkpt>
      <trkpt lat="39.8678661" lon="116.7232218">
        <ele>21.89024</ele>
        <time>2026-09-18T22:42:59Z</time>
      </trkpt>
      <trkpt lat="39.8678333" lon="116.7233307">
        <ele>21.87426</ele>
        <time>2026-09-18T22:43:02Z</time>
      </trkpt>
      <trkpt lat="39.8678041" lon="116.7234733">
        <ele>21.86818</ele>
        <time>2026-09-18T22:43:06Z</time>
      </trkpt>
      <trkpt lat="39.8677869" lon="116.7236085">
        <ele>21.87837</ele>
        <time>2026-09-18T22:43:10Z</time>
      </trkpt>
      <trkpt lat="39.8677745" lon="116.7237447">
        <ele>21.88418</ele>
        <time>2026-09-18T22:43:14Z</time>
      </trkpt>
      <trkpt lat="39.8677667" lon="116.7238832">
        <ele>21.87763</ele>
        <time>2026-09-18T22:43:18Z</time>
      </trkpt>
      <trkpt lat="39.8677641" lon="116.7240249">
        <ele>21.87492</ele>
        <time>2026-09-18T22:43:22Z</time>
      </trkpt>
      <trkpt lat="39.8677757" lon="116.7241663">
        <ele>21.88465</ele>
        <time>2026-09-18T22:43:26Z</time>
      </trkpt>
      <trkpt lat="39.867794" lon="116.7243076">
        <ele>21.89807</ele>
        <time>2026-09-18T22:43:30Z</time>
      </trkpt>
      <trkpt lat="39.8678193" lon="116.7244568">
        <ele>21.91241</ele>
        <time>2026-09-18T22:43:34Z</time>
      </trkpt>
      <trkpt lat="39.8678493" lon="116.7245697">
        <ele>21.92537</ele>
        <time>2026-09-18T22:43:37Z</time>
      </trkpt>
      <trkpt lat="39.867886" lon="116.7247153">
        <ele>21.94501</ele>
        <time>2026-09-18T22:43:41Z</time>
      </trkpt>
      <trkpt lat="39.8679178" lon="116.7248525">
        <ele>21.96929</ele>
        <time>2026-09-18T22:43:45Z</time>
      </trkpt>
      <trkpt lat="39.8679605" lon="116.7249876">
        <ele>21.99028</ele>
        <time>2026-09-18T22:43:49Z</time>
      </trkpt>
      <trkpt lat="39.8680094" lon="116.725115">
        <ele>22.01025</ele>
        <time>2026-09-18T22:43:53Z</time>
      </trkpt>
      <trkpt lat="39.8680649" lon="116.725232">
        <ele>22.03369</ele>
        <time>2026-09-18T22:43:57Z</time>
      </trkpt>
      <trkpt lat="39.8681339" lon="116.7253446">
        <ele>22.06701</ele>
        <time>2026-09-18T22:44:01Z</time>
      </trkpt>
      <trkpt lat="39.8682064" lon="116.7254496">
        <ele>22.10784</ele>
        <time>2026-09-18T22:44:05Z</time>
      </trkpt>
      <trkpt lat="39.8682923" lon="116.7255462">
        <ele>22.14275</ele>
        <time>2026-09-18T22:44:09Z</time>
      </trkpt>
      <trkpt lat="39.8683819" lon="116.7256368">
        <ele>22.16707</ele>
        <time>2026-09-18T22:44:13Z</time>
      </trkpt>
      <trkpt lat="39.868473" lon="116.7257226">
        <ele>22.18681</ele>
        <time>2026-09-18T22:44:17Z</time>
      </trkpt>
      <trkpt lat="39.8685691" lon="116.7257895">
        <ele>22.19705</ele>
        <time>2026-09-18T22:44:21Z</time>
      </trkpt>
      <trkpt lat="39.8686702" lon="116.7258402">
        <ele>22.20583</ele>
        <time>2026-09-18T22:44:25Z</time>
      </trkpt>
      <trkpt lat="39.8687746" lon="116.7258848">
        <ele>22.21622</ele>
        <time>2026-09-18T22:44:29Z</time>
      </trkpt>
      <trkpt lat="39.8688804" lon="116.7259244">
        <ele>22.2204</ele>
        <time>2026-09-18T22:44:33Z</time>
      </trkpt>
      <trkpt lat="39.8689868" lon="116.7259488">
        <ele>22.22686</ele>
        <time>2026-09-18T22:44:37Z</time>
      </trkpt>
      <trkpt lat="39.8690986" lon="116.7259681">
        <ele>22.25424</ele>
        <time>2026-09-18T22:44:41Z</time>
      </trkpt>
      <trkpt lat="39.8692077" lon="116.7259781">
        <ele>22.29267</ele>
        <time>2026-09-18T22:44:45Z</time>
      </trkpt>
      <trkpt lat="39.8693187" lon="116.7259724">
        <ele>22.32457</ele>
        <time>2026-09-18T22:44:49Z</time>
      </trkpt>
      <trkpt lat="39.8694303" lon="116.7259551">
        <ele>22.33622</ele>
        <time>2026-09-18T22:44:53Z</time>
      </trkpt>
      <trkpt lat="39.8695443" lon="116.7259312">
        <ele>22.3343</ele>
        <time>2026-09-18T22:44:57Z</time>
      </trkpt>
      <trkpt lat="39.8696611" lon="116.725918">
        <ele>22.33955</ele>
        <time>2026-09-18T22:45:01Z</time>
      </trkpt>
      <trkpt lat="39.8697732" lon="116.7258997">
        <ele>22.3661</ele>
        <time>2026-09-18T22:45:05Z</time>
      </trkpt>
      <trkpt lat="39.8698844" lon="116.7258761">
        <ele>22.41135</ele>
        <time>2026-09-18T22:45:09Z</time>
      </trkpt>
      <trkpt lat="39.8699871" lon="116.7258483">
        <ele>22.45013</ele>
        <time>2026-09-18T22:45:13Z</time>
      </trkpt>
      <trkpt lat="39.870093" lon="116.7258104">
        <ele>22.48159</ele>
        <time>2026-09-18T22:45:17Z</time>
      </trkpt>
      <trkpt lat="39.8701993" lon="116.7257636">
        <ele>22.52086</ele>
        <time>2026-09-18T22:45:21Z</time>
      </trkpt>
      <trkpt lat="39.870302" lon="116.7257112">
        <ele>22.56904</ele>
        <time>2026-09-18T22:45:25Z</time>
      </trkpt>
      <trkpt lat="39.8704047" lon="116.7256591">
        <ele>22.63121</ele>
        <time>2026-09-18T22:45:29Z</time>
      </trkpt>
      <trkpt lat="39.8705115" lon="116.7256059">
        <ele>22.69677</ele>
        <time>2026-09-18T22:45:33Z</time>
      </trkpt>
      <trkpt lat="39.8706178" lon="116.7255444">
        <ele>22.72495</ele>
        <time>2026-09-18T22:45:37Z</time>
      </trkpt>
      <trkpt lat="39.8707171" lon="116.7254863">
        <ele>22.70614</ele>
        <time>2026-09-18T22:45:41Z</time>
      </trkpt>
      <trkpt lat="39.8708203" lon="116.7254249">
        <ele>22.67401</ele>
        <time>2026-09-18T22:45:45Z</time>
      </trkpt>
      <trkpt lat="39.8709232" lon="116.725365">
        <ele>22.66595</ele>
        <time>2026-09-18T22:45:49Z</time>
      </trkpt>
      <trkpt lat="39.8710313" lon="116.7253148">
        <ele>22.68434</ele>
        <time>2026-09-18T22:45:53Z</time>
      </trkpt>
      <trkpt lat="39.8711382" lon="116.7252903">
        <ele>22.69559</ele>
        <time>2026-09-18T22:45:57Z</time>
      </trkpt>
      <trkpt lat="39.8712482" lon="116.7252616">
        <ele>22.68283</ele>
        <time>2026-09-18T22:46:01Z</time>
      </trkpt>
      <trkpt lat="39.8713656" lon="116.7252545">
        <ele>22.66284</ele>
        <time>2026-09-18T22:46:05Z</time>
      </trkpt>
      <trkpt lat="39.8714842" lon="116.7252448">
        <ele>22.66115</ele>
        <time>2026-09-18T22:46:09Z</time>
      </trkpt>
      <trkpt lat="39.871603" lon="116.7252399">
        <ele>22.70423</ele>
        <time>2026-09-18T22:46:13Z</time>
      </trkpt>
      <trkpt lat="39.8717183" lon="116.7252393">
        <ele>22.78965</ele>
        <time>2026-09-18T22:46:17Z</time>
      </trkpt>
      <trkpt lat="39.871832" lon="116.7252431">
        <ele>22.93371</ele>
        <time>2026-09-18T22:46:21Z</time>
      </trkpt>
      <trkpt lat="39.8719439" lon="116.7252592">
        <ele>23.16255</ele>
        <time>2026-09-18T22:46:25Z</time>
      </trkpt>
      <trkpt lat="39.8720543" lon="116.7252862">
        <ele>23.47846</ele>
        <time>2026-09-18T22:46:29Z</time>
      </trkpt>
      <trkpt lat="39.8721624" lon="116.7253165">
        <ele>23.87988</ele>
        <time>2026-09-18T22:46:33Z</time>
      </trkpt>
      <trkpt lat="39.8722669" lon="116.7253609">
        <ele>24.37247</ele>
        <time>2026-09-18T22:46:37Z</time>
      </trkpt>
      <trkpt lat="39.8723703" lon="116.7254107">
        <ele>24.938</ele>
        <time>2026-09-18T22:46:41Z</time>
      </trkpt>
      <trkpt lat="39.8724725" lon="116.7254651">
        <ele>25.5125</ele>
        <time>2026-09-18T22:46:45Z</time>
      </trkpt>
      <trkpt lat="39.8725714" lon="116.7255259">
        <ele>26.0469</ele>
        <time>2026-09-18T22:46:49Z</time>
      </trkpt>
      <trkpt lat="39.8726645" lon="116.7255936">
        <ele>26.47075</ele>
        <time>2026-09-18T22:46:53Z</time>
      </trkpt>
      <trkpt lat="39.8727591" lon="116.7256705">
        <ele>26.72162</ele>
        <time>2026-09-18T22:46:57Z</time>
      </trkpt>
      <trkpt lat="39.8728509" lon="116.7257531">
        <ele>26.80574</ele>
        <time>2026-09-18T22:47:01Z</time>
      </trkpt>
      <trkpt lat="39.8729396" lon="116.7258394">
        <ele>26.77424</ele>
        <time>2026-09-18T22:47:05Z</time>
      </trkpt>
      <trkpt lat="39.8730321" lon="116.725922">
        <ele>26.67964</ele>
        <time>2026-09-18T22:47:09Z</time>
      </trkpt>
      <trkpt lat="39.8731166" lon="116.7260212">
        <ele>26.54992</ele>
        <time>2026-09-18T22:47:13Z</time>
      </trkpt>
      <trkpt lat="39.8731948" lon="116.7261328">
        <ele>26.39558</ele>
        <time>2026-09-18T22:47:17Z</time>
      </trkpt>
      <trkpt lat="39.8732674" lon="116.7262483">
        <ele>26.22715</ele>
        <time>2026-09-18T22:47:21Z</time>
      </trkpt>
      <trkpt lat="39.8733334" lon="116.7263716">
        <ele>26.08638</ele>
        <time>2026-09-18T22:47:25Z</time>
      </trkpt>
      <trkpt lat="39.8733854" lon="116.7264682">
        <ele>26.00567</ele>
        <time>2026-09-18T22:47:28Z</time>
      </trkpt>
      <trkpt lat="39.8734471" lon="116.7265988">
        <ele>25.87843</ele>
        <time>2026-09-18T22:47:32Z</time>
      </trkpt>
      <trkpt lat="39.8735037" lon="116.726726">
        <ele>25.69125</ele>
        <time>2026-09-18T22:47:36Z</time>
      </trkpt>
      <trkpt lat="39.8735497" lon="116.7268662">
        <ele>25.45188</ele>
        <time>2026-09-18T22:47:40Z</time>
      </trkpt>
      <trkpt lat="39.8735966" lon="116.7270052">
        <ele>25.18438</ele>
        <time>2026-09-18T22:47:44Z</time>
      </trkpt>
      <trkpt lat="39.873653" lon="116.7271422">
        <ele>24.93601</ele>
        <time>2026-09-18T22:47:48Z</time>
      </trkpt>
      <trkpt lat="39.8736962" lon="116.7272448">
        <ele>24.77588</ele>
        <time>2026-09-18T22:47:51Z</time>
      </trkpt>
      <trkpt lat="39.8737427" lon="116.7273464">
        <ele>24.6442</ele>
        <time>2026-09-18T22:47:54Z</time>
      </trkpt>
      <trkpt lat="39.8738112" lon="116.727469">
        <ele>24.51281</ele>
        <time>2026-09-18T22:47:58Z</time>
      </trkpt>
      <trkpt lat="39.8738856" lon="116.7275786">
        <ele>24.41179</ele>
        <time>2026-09-18T22:48:02Z</time>
      </trkpt>
      <trkpt lat="39.8739687" lon="116.7276756">
        <ele>24.33674</ele>
        <time>2026-09-18T22:48:06Z</time>
      </trkpt>
      <trkpt lat="39.8740618" lon="116.7277599">
        <ele>24.29091</ele>
        <time>2026-09-18T22:48:09.999000Z</time>
      </trkpt>
      <trkpt lat="39.8741564" lon="116.727831">
        <ele>24.25005</ele>
        <time>2026-09-18T22:48:13.998000Z</time>
      </trkpt>
      <trkpt lat="39.8742521" lon="116.7278963">
        <ele>24.20651</ele>
        <time>2026-09-18T22:48:17.998000Z</time>
      </trkpt>
      <trkpt lat="39.874352" lon="116.72795">
        <ele>24.17312</ele>
        <time>2026-09-18T22:48:21.997000Z</time>
      </trkpt>
      <trkpt lat="39.8744585" lon="116.7279962">
        <ele>24.14653</ele>
        <time>2026-09-18T22:48:25.997000Z</time>
      </trkpt>
      <trkpt lat="39.8745684" lon="116.7280345">
        <ele>24.13408</ele>
        <time>2026-09-18T22:48:29.997000Z</time>
      </trkpt>
      <trkpt lat="39.8746817" lon="116.7280547">
        <ele>24.12575</ele>
        <time>2026-09-18T22:48:33.996000Z</time>
      </trkpt>
      <trkpt lat="39.8747918" lon="116.7280626">
        <ele>24.10545</ele>
        <time>2026-09-18T22:48:37.996000Z</time>
      </trkpt>
      <trkpt lat="39.8749031" lon="116.7280615">
        <ele>24.06801</ele>
        <time>2026-09-18T22:48:41.996000Z</time>
      </trkpt>
      <trkpt lat="39.8750122" lon="116.7280421">
        <ele>24.01929</ele>
        <time>2026-09-18T22:48:45.996000Z</time>
      </trkpt>
      <trkpt lat="39.8751215" lon="116.7280064">
        <ele>23.9738</ele>
        <time>2026-09-18T22:48:49.996000Z</time>
      </trkpt>
      <trkpt lat="39.8752227" lon="116.7279633">
        <ele>23.94659</ele>
        <time>2026-09-18T22:48:53.996000Z</time>
      </trkpt>
      <trkpt lat="39.8753259" lon="116.7279128">
        <ele>23.94182</ele>
        <time>2026-09-18T22:48:57.996000Z</time>
      </trkpt>
      <trkpt lat="39.8754244" lon="116.7278425">
        <ele>23.96005</ele>
        <time>2026-09-18T22:49:01.996000Z</time>
      </trkpt>
      <trkpt lat="39.8755262" lon="116.7277775">
        <ele>24.00139</ele>
        <time>2026-09-18T22:49:05.996000Z</time>
      </trkpt>
      <trkpt lat="39.8756271" lon="116.7277079">
        <ele>24.06187</ele>
        <time>2026-09-18T22:49:09.996000Z</time>
      </trkpt>
      <trkpt lat="39.8757254" lon="116.7276336">
        <ele>24.13701</ele>
        <time>2026-09-18T22:49:13.996000Z</time>
      </trkpt>
      <trkpt lat="39.8758133" lon="116.7275494">
        <ele>24.22546</ele>
        <time>2026-09-18T22:49:17.996000Z</time>
      </trkpt>
      <trkpt lat="39.8758982" lon="116.7274574">
        <ele>24.32717</ele>
        <time>2026-09-18T22:49:21.996000Z</time>
      </trkpt>
      <trkpt lat="39.8759838" lon="116.7273622">
        <ele>24.43739</ele>
        <time>2026-09-18T22:49:25.996000Z</time>
      </trkpt>
      <trkpt lat="39.8760747" lon="116.7272802">
        <ele>24.56435</ele>
        <time>2026-09-18T22:49:29.996000Z</time>
      </trkpt>
      <trkpt lat="39.8761588" lon="116.7272003">
        <ele>24.71656</ele>
        <time>2026-09-18T22:49:33.996000Z</time>
      </trkpt>
      <trkpt lat="39.8762373" lon="116.7271075">
        <ele>24.91261</ele>
        <time>2026-09-18T22:49:37.996000Z</time>
      </trkpt>
      <trkpt lat="39.8763161" lon="116.7270085">
        <ele>25.13152</ele>
        <time>2026-09-18T22:49:41.996000Z</time>
      </trkpt>
      <trkpt lat="39.8763924" lon="116.7269026">
        <ele>25.34448</ele>
        <time>2026-09-18T22:49:45.996000Z</time>
      </trkpt>
      <trkpt lat="39.8764608" lon="116.7267945">
        <ele>25.55506</ele>
        <time>2026-09-18T22:49:49.996000Z</time>
      </trkpt>
      <trkpt lat="39.8765232" lon="116.726676">
        <ele>25.775</ele>
        <time>2026-09-18T22:49:53.996000Z</time>
      </trkpt>
      <trkpt lat="39.8765885" lon="116.7265574">
        <ele>25.99602</ele>
        <time>2026-09-18T22:49:57.996000Z</time>
      </trkpt>
      <trkpt lat="39.8766519" lon="116.7264406">
        <ele>26.22353</ele>
        <time>2026-09-18T22:50:01.997000Z</time>
      </trkpt>
      <trkpt lat="39.8767094" lon="116.7263136">
        <ele>26.45283</ele>
        <time>2026-09-18T22:50:05.997000Z</time>
      </trkpt>
      <trkpt lat="39.8767607" lon="116.7261831">
        <ele>26.62503</ele>
        <time>2026-09-18T22:50:09.998000Z</time>
      </trkpt>
      <trkpt lat="39.876806" lon="116.7260562">
        <ele>26.68305</ele>
        <time>2026-09-18T22:50:13.999000Z</time>
      </trkpt>
      <trkpt lat="39.8768515" lon="116.7259239">
        <ele>26.63844</ele>
        <time>2026-09-18T22:50:17.999000Z</time>
      </trkpt>
      <trkpt lat="39.8768955" lon="116.7257931">
        <ele>26.56565</ele>
        <time>2026-09-18T22:50:21.999000Z</time>
      </trkpt>
      <trkpt lat="39.8769294" lon="116.7256575">
        <ele>26.52643</ele>
        <time>2026-09-18T22:50:25.999000Z</time>
      </trkpt>
      <trkpt lat="39.8769531" lon="116.7255163">
        <ele>26.52145</ele>
        <time>2026-09-18T22:50:30Z</time>
      </trkpt>
      <trkpt lat="39.8769776" lon="116.7253773">
        <ele>26.48431</ele>
        <time>2026-09-18T22:50:34Z</time>
      </trkpt>
      <trkpt lat="39.876996" lon="116.7252332">
        <ele>26.35148</ele>
        <time>2026-09-18T22:50:38Z</time>
      </trkpt>
      <trkpt lat="39.8770086" lon="116.7250875">
        <ele>26.15017</ele>
        <time>2026-09-18T22:50:42Z</time>
      </trkpt>
      <trkpt lat="39.8770195" lon="116.7249441">
        <ele>25.97889</ele>
        <time>2026-09-18T22:50:46Z</time>
      </trkpt>
      <trkpt lat="39.8770197" lon="116.7247919">
        <ele>25.89275</ele>
        <time>2026-09-18T22:50:50Z</time>
      </trkpt>
      <trkpt lat="39.8770151" lon="116.7246439">
        <ele>25.83686</ele>
        <time>2026-09-18T22:50:54Z</time>
      </trkpt>
      <trkpt lat="39.8770117" lon="116.7244965">
        <ele>25.75962</ele>
        <time>2026-09-18T22:50:58Z</time>
      </trkpt>
      <trkpt lat="39.8769989" lon="116.7243444">
        <ele>25.67685</ele>
        <time>2026-09-18T22:51:02Z</time>
      </trkpt>
      <trkpt lat="39.8769771" lon="116.7242025">
        <ele>25.6031</ele>
        <time>2026-09-18T22:51:06Z</time>
      </trkpt>
      <trkpt lat="39.8769472" lon="116.7240624">
        <ele>25.52216</ele>
        <time>2026-09-18T22:51:10Z</time>
      </trkpt>
      <trkpt lat="39.8769217" lon="116.7239261">
        <ele>25.4241</ele>
        <time>2026-09-18T22:51:14Z</time>
      </trkpt>
      <trkpt lat="39.8769034" lon="116.7238091">
        <ele>25.34388</ele>
        <time>2026-09-18T22:51:17Z</time>
      </trkpt>
      <trkpt lat="39.8768908" lon="116.7236928">
        <ele>25.25781</ele>
        <time>2026-09-18T22:51:20Z</time>
      </trkpt>
      <trkpt lat="39.8768893" lon="116.7235431">
        <ele>25.12931</ele>
        <time>2026-09-18T22:51:24Z</time>
      </trkpt>
      <trkpt lat="39.8768958" lon="116.7233921">
        <ele>25.00302</ele>
        <time>2026-09-18T22:51:28Z</time>
      </trkpt>
      <trkpt lat="39.8768993" lon="116.723241">
        <ele>24.90324</ele>
        <time>2026-09-18T22:51:32Z</time>
      </trkpt>
      <trkpt lat="39.8769045" lon="116.7230878">
        <ele>24.81968</ele>
        <time>2026-09-18T22:51:36Z</time>
      </trkpt>
      <trkpt lat="39.8769208" lon="116.7229411">
        <ele>24.73555</ele>
        <time>2026-09-18T22:51:40Z</time>
      </trkpt>
      <trkpt lat="39.8769486" lon="116.7227986">
        <ele>24.65747</ele>
        <time>2026-09-18T22:51:44Z</time>
      </trkpt>
      <trkpt lat="39.8769757" lon="116.7226493">
        <ele>24.57797</ele>
        <time>2026-09-18T22:51:48Z</time>
      </trkpt>
      <trkpt lat="39.8770057" lon="116.7225364">
        <ele>24.50272</ele>
        <time>2026-09-18T22:51:51Z</time>
      </trkpt>
      <trkpt lat="39.8770537" lon="116.7223942">
        <ele>24.37226</ele>
        <time>2026-09-18T22:51:55Z</time>
      </trkpt>
      <trkpt lat="39.8771045" lon="116.7222549">
        <ele>24.21716</ele>
        <time>2026-09-18T22:51:59Z</time>
      </trkpt>
      <trkpt lat="39.8771685" lon="116.722129">
        <ele>24.06256</ele>
        <time>2026-09-18T22:52:03Z</time>
      </trkpt>
      <trkpt lat="39.87724" lon="116.7220108">
        <ele>23.92712</ele>
        <time>2026-09-18T22:52:07Z</time>
      </trkpt>
      <trkpt lat="39.8773138" lon="116.7218956">
        <ele>23.83215</ele>
        <time>2026-09-18T22:52:11Z</time>
      </trkpt>
      <trkpt lat="39.8773988" lon="116.7217865">
        <ele>23.76807</ele>
        <time>2026-09-18T22:52:15Z</time>
      </trkpt>
      <trkpt lat="39.8774934" lon="116.7216937">
        <ele>23.69361</ele>
        <time>2026-09-18T22:52:19Z</time>
      </trkpt>
      <trkpt lat="39.8775903" lon="116.7216047">
        <ele>23.60878</ele>
        <time>2026-09-18T22:52:23Z</time>
      </trkpt>
      <trkpt lat="39.8776886" lon="116.7215243">
        <ele>23.5185</ele>
        <time>2026-09-18T22:52:27Z</time>
      </trkpt>
      <trkpt lat="39.8777936" lon="116.7214579">
        <ele>23.42014</ele>
        <time>2026-09-18T22:52:31Z</time>
      </trkpt>
      <trkpt lat="39.8779035" lon="116.7214011">
        <ele>23.29578</ele>
        <time>2026-09-18T22:52:35Z</time>
      </trkpt>
      <trkpt lat="39.8780143" lon="116.7213504">
        <ele>23.14563</ele>
        <time>2026-09-18T22:52:39Z</time>
      </trkpt>
      <trkpt lat="39.8781248" lon="116.7213059">
        <ele>23.00571</ele>
        <time>2026-09-18T22:52:43Z</time>
      </trkpt>
      <trkpt lat="39.8782127" lon="116.7212756">
        <ele>22.91239</ele>
        <time>2026-09-18T22:52:46Z</time>
      </trkpt>
      <trkpt lat="39.8783274" lon="116.7212403">
        <ele>22.79114</ele>
        <time>2026-09-18T22:52:50Z</time>
      </trkpt>
      <trkpt lat="39.8784371" lon="116.7212184">
        <ele>22.69188</ele>
        <time>2026-09-18T22:52:54Z</time>
      </trkpt>
      <trkpt lat="39.8785568" lon="116.7212069">
        <ele>22.60748</ele>
        <time>2026-09-18T22:52:58Z</time>
      </trkpt>
      <trkpt lat="39.8786764" lon="116.7212138">
        <ele>22.51726</ele>
        <time>2026-09-18T22:53:02Z</time>
      </trkpt>
      <trkpt lat="39.8787921" lon="116.7212294">
        <ele>22.41509</ele>
        <time>2026-09-18T22:53:06Z</time>
      </trkpt>
      <trkpt lat="39.8789082" lon="116.7212525">
        <ele>22.33372</ele>
        <time>2026-09-18T22:53:10Z</time>
      </trkpt>
      <trkpt lat="39.879022" lon="116.7212801">
        <ele>22.28874</ele>
        <time>2026-09-18T22:53:14Z</time>
      </trkpt>
      <trkpt lat="39.8791363" lon="116.7213003">
        <ele>22.25311</ele>
        <time>2026-09-18T22:53:18Z</time>
      </trkpt>
      <trkpt lat="39.8792478" lon="116.7213104">
        <ele>22.21405</ele>
        <time>2026-09-18T22:53:22Z</time>
      </trkpt>
      <trkpt lat="39.8793573" lon="116.7213134">
        <ele>22.18317</ele>
        <time>2026-09-18T22:53:26Z</time>
      </trkpt>
      <trkpt lat="39.8794699" lon="116.7213121">
        <ele>22.17152</ele>
        <time>2026-09-18T22:53:30Z</time>
      </trkpt>
      <trkpt lat="39.8795813" lon="116.7213081">
        <ele>22.1605</ele>
        <time>2026-09-18T22:53:34Z</time>
      </trkpt>
      <trkpt lat="39.8796954" lon="116.721296">
        <ele>22.13473</ele>
        <time>2026-09-18T22:53:38Z</time>
      </trkpt>
      <trkpt lat="39.8798075" lon="116.7212817">
        <ele>22.0956</ele>
        <time>2026-09-18T22:53:42Z</time>
      </trkpt>
      <trkpt lat="39.8799201" lon="116.721258">
        <ele>22.05416</ele>
        <time>2026-09-18T22:53:46Z</time>
      </trkpt>
      <trkpt lat="39.8800285" lon="116.7212281">
        <ele>22.01688</ele>
        <time>2026-09-18T22:53:50Z</time>
      </trkpt>
      <trkpt lat="39.8801317" lon="116.7211872">
        <ele>21.9838</ele>
        <time>2026-09-18T22:53:54Z</time>
      </trkpt>
      <trkpt lat="39.8802367" lon="116.7211352">
        <ele>21.95804</ele>
        <time>2026-09-18T22:53:58Z</time>
      </trkpt>
      <trkpt lat="39.8803375" lon="116.7210737">
        <ele>21.94484</ele>
        <time>2026-09-18T22:54:02Z</time>
      </trkpt>
      <trkpt lat="39.8804433" lon="116.7210111">
        <ele>21.92173</ele>
        <time>2026-09-18T22:54:06Z</time>
      </trkpt>
      <trkpt lat="39.8805471" lon="116.7209537">
        <ele>21.88495</ele>
        <time>2026-09-18T22:54:10Z</time>
      </trkpt>
      <trkpt lat="39.8806539" lon="116.7209032">
        <ele>21.84611</ele>
        <time>2026-09-18T22:54:14Z</time>
      </trkpt>
      <trkpt lat="39.8807577" lon="116.7208414">
        <ele>21.80993</ele>
        <time>2026-09-18T22:54:18Z</time>
      </trkpt>
      <trkpt lat="39.8808558" lon="116.7207667">
        <ele>21.77576</ele>
        <time>2026-09-18T22:54:22Z</time>
      </trkpt>
      <trkpt lat="39.8809471" lon="116.7206873">
        <ele>21.76127</ele>
        <time>2026-09-18T22:54:25.999000Z</time>
      </trkpt>
      <trkpt lat="39.8810348" lon="116.7206108">
        <ele>21.78813</ele>
        <time>2026-09-18T22:54:29.999000Z</time>
      </trkpt>
      <trkpt lat="39.8811226" lon="116.720535">
        <ele>21.84182</ele>
        <time>2026-09-18T22:54:33.998000Z</time>
      </trkpt>
      <trkpt lat="39.8812144" lon="116.720456">
        <ele>21.90048</ele>
        <time>2026-09-18T22:54:37.998000Z</time>
      </trkpt>
      <trkpt lat="39.8813016" lon="116.7203816">
        <ele>21.94095</ele>
        <time>2026-09-18T22:54:41.998000Z</time>
      </trkpt>
      <trkpt lat="39.8813878" lon="116.7202836">
        <ele>21.95879</ele>
        <time>2026-09-18T22:54:45.997000Z</time>
      </trkpt>
      <trkpt lat="39.8814664" lon="116.7201885">
        <ele>21.97959</ele>
        <time>2026-09-18T22:54:49.997000Z</time>
      </trkpt>
      <trkpt lat="39.8815434" lon="116.7200825">
        <ele>22.02124</ele>
        <time>2026-09-18T22:54:53.997000Z</time>
      </trkpt>
      <trkpt lat="39.8816201" lon="116.7199778">
        <ele>22.07164</ele>
        <time>2026-09-18T22:54:57.997000Z</time>
      </trkpt>
      <trkpt lat="39.8816946" lon="116.7198778">
        <ele>22.1103</ele>
        <time>2026-09-18T22:55:01.997000Z</time>
      </trkpt>
      <trkpt lat="39.8817674" lon="116.7197682">
        <ele>22.11731</ele>
        <time>2026-09-18T22:55:05.997000Z</time>
      </trkpt>
      <trkpt lat="39.8818423" lon="116.7196522">
        <ele>22.08912</ele>
        <time>2026-09-18T22:55:09.997000Z</time>
      </trkpt>
      <trkpt lat="39.8819123" lon="116.7195361">
        <ele>22.06042</ele>
        <time>2026-09-18T22:55:13.997000Z</time>
      </trkpt>
      <trkpt lat="39.881969" lon="116.7194148">
        <ele>22.03864</ele>
        <time>2026-09-18T22:55:17.997000Z</time>
      </trkpt>
      <trkpt lat="39.8820214" lon="116.7192834">
        <ele>22.01045</ele>
        <time>2026-09-18T22:55:21.997000Z</time>
      </trkpt>
      <trkpt lat="39.8820685" lon="116.7191552">
        <ele>21.96973</ele>
        <time>2026-09-18T22:55:25.997000Z</time>
      </trkpt>
      <trkpt lat="39.8821148" lon="116.7190292">
        <ele>21.92646</ele>
        <time>2026-09-18T22:55:29.997000Z</time>
      </trkpt>
      <trkpt lat="39.8821486" lon="116.7188863">
        <ele>21.89208</ele>
        <time>2026-09-18T22:55:33.997000Z</time>
      </trkpt>
      <trkpt lat="39.8821742" lon="116.7187459">
        <ele>21.86778</ele>
        <time>2026-09-18T22:55:37.997000Z</time>
      </trkpt>
      <trkpt lat="39.8821916" lon="116.7185981">
        <ele>21.85153</ele>
        <time>2026-09-18T22:55:41.997000Z</time>
      </trkpt>
      <trkpt lat="39.8821988" lon="116.7184561">
        <ele>21.84184</ele>
        <time>2026-09-18T22:55:45.997000Z</time>
      </trkpt>
      <trkpt lat="39.882209" lon="116.718314">
        <ele>21.83964</ele>
        <time>2026-09-18T22:55:49.997000Z</time>
      </trkpt>
      <trkpt lat="39.8822136" lon="116.7181722">
        <ele>21.8647</ele>
        <time>2026-09-18T22:55:53.997000Z</time>
      </trkpt>
      <trkpt lat="39.8822032" lon="116.7180305">
        <ele>21.91018</ele>
        <time>2026-09-18T22:55:57.997000Z</time>
      </trkpt>
      <trkpt lat="39.8821852" lon="116.7178955">
        <ele>21.95804</ele>
        <time>2026-09-18T22:56:01.997000Z</time>
      </trkpt>
      <trkpt lat="39.8821595" lon="116.7177563">
        <ele>22.00819</ele>
        <time>2026-09-18T22:56:05.997000Z</time>
      </trkpt>
      <trkpt lat="39.8821291" lon="116.7176156">
        <ele>22.0609</ele>
        <time>2026-09-18T22:56:09.997000Z</time>
      </trkpt>
      <trkpt lat="39.8820895" lon="116.717477">
        <ele>22.08643</ele>
        <time>2026-09-18T22:56:13.997000Z</time>
      </trkpt>
      <trkpt lat="39.8820413" lon="116.7173488">
        <ele>22.05439</ele>
        <time>2026-09-18T22:56:17.997000Z</time>
      </trkpt>
      <trkpt lat="39.881986" lon="116.7172207">
        <ele>22.00674</ele>
        <time>2026-09-18T22:56:21.998000Z</time>
      </trkpt>
      <trkpt lat="39.8819226" lon="116.7170948">
        <ele>21.98696</ele>
        <time>2026-09-18T22:56:25.998000Z</time>
      </trkpt>
      <trkpt lat="39.8818527" lon="116.7169752">
        <ele>21.99677</ele>
        <time>2026-09-18T22:56:29.999000Z</time>
      </trkpt>
      <trkpt lat="39.881779" lon="116.7168751">
        <ele>22.017</ele>
        <time>2026-09-18T22:56:33.999000Z</time>
      </trkpt>
      <trkpt lat="39.8817101" lon="116.7167694">
        <ele>22.03829</ele>
        <time>2026-09-18T22:56:37.999000Z</time>
      </trkpt>
      <trkpt lat="39.8816422" lon="116.7166596">
        <ele>22.07266</ele>
        <time>2026-09-18T22:56:42Z</time>
      </trkpt>
      <trkpt lat="39.8815677" lon="116.7165491">
        <ele>22.11408</ele>
        <time>2026-09-18T22:56:46Z</time>
      </trkpt>
      <trkpt lat="39.8814927" lon="116.7164416">
        <ele>22.14356</ele>
        <time>2026-09-18T22:56:50Z</time>
      </trkpt>
      <trkpt lat="39.8814095" lon="116.7163392">
        <ele>22.14716</ele>
        <time>2026-09-18T22:56:54Z</time>
      </trkpt>
      <trkpt lat="39.881318" lon="116.7162463">
        <ele>22.12534</ele>
        <time>2026-09-18T22:56:58Z</time>
      </trkpt>
      <trkpt lat="39.8812449" lon="116.7161763">
        <ele>22.10369</ele>
        <time>2026-09-18T22:57:01Z</time>
      </trkpt>
      <trkpt lat="39.8811467" lon="116.7160929">
        <ele>22.06857</ele>
        <time>2026-09-18T22:57:05Z</time>
      </trkpt>
      <trkpt lat="39.881058" lon="116.7160065">
        <ele>22.01206</ele>
        <time>2026-09-18T22:57:09Z</time>
      </trkpt>
      <trkpt lat="39.8809674" lon="116.7159247">
        <ele>21.95453</ele>
        <time>2026-09-18T22:57:13Z</time>
      </trkpt>
      <trkpt lat="39.8808828" lon="116.7158334">
        <ele>21.92727</ele>
        <time>2026-09-18T22:57:17Z</time>
      </trkpt>
      <trkpt lat="39.8807901" lon="116.715746">
        <ele>21.92752</ele>
        <time>2026-09-18T22:57:21Z</time>
      </trkpt>
      <trkpt lat="39.8806969" lon="116.7156752">
        <ele>21.92026</ele>
        <time>2026-09-18T22:57:25Z</time>
      </trkpt>
      <trkpt lat="39.8805968" lon="116.7156139">
        <ele>21.88766</ele>
        <time>2026-09-18T22:57:29Z</time>
      </trkpt>
      <trkpt lat="39.880497" lon="116.7155611">
        <ele>21.84654</ele>
        <time>2026-09-18T22:57:33Z</time>
      </trkpt>
      <trkpt lat="39.8803878" lon="116.7154982">
        <ele>21.81863</ele>
        <time>2026-09-18T22:57:37Z</time>
      </trkpt>
      <trkpt lat="39.8802837" lon="116.7154406">
        <ele>21.81549</ele>
        <time>2026-09-18T22:57:41Z</time>
      </trkpt>
      <trkpt lat="39.8801783" lon="116.715395">
        <ele>21.83938</ele>
        <time>2026-09-18T22:57:45Z</time>
      </trkpt>
      <trkpt lat="39.880071" lon="116.7153527">
        <ele>21.87359</ele>
        <time>2026-09-18T22:57:49Z</time>
      </trkpt>
      <trkpt lat="39.8799688" lon="116.715306">
        <ele>21.90952</ele>
        <time>2026-09-18T22:57:53Z</time>
      </trkpt>
      <trkpt lat="39.8798638" lon="116.7152565">
        <ele>21.94719</ele>
        <time>2026-09-18T22:57:57Z</time>
      </trkpt>
      <trkpt lat="39.8797517" lon="116.7152286">
        <ele>21.97285</ele>
        <time>2026-09-18T22:58:01Z</time>
      </trkpt>
      <trkpt lat="39.8796413" lon="116.7151952">
        <ele>21.95979</ele>
        <time>2026-09-18T22:58:05Z</time>
      </trkpt>
      <trkpt lat="39.8795251" lon="116.7151703">
        <ele>21.90483</ele>
        <time>2026-09-18T22:58:09Z</time>
      </trkpt>
      <trkpt lat="39.8794141" lon="116.715156">
        <ele>21.84435</ele>
        <time>2026-09-18T22:58:13Z</time>
      </trkpt>
      <trkpt lat="39.8793028" lon="116.7151365">
        <ele>21.80814</ele>
        <time>2026-09-18T22:58:17Z</time>
      </trkpt>
      <trkpt lat="39.8791944" lon="116.7151261">
        <ele>21.81607</ele>
        <time>2026-09-18T22:58:21Z</time>
      </trkpt>
      <trkpt lat="39.8790814" lon="116.7151074">
        <ele>21.85108</ele>
        <time>2026-09-18T22:58:25Z</time>
      </trkpt>
      <trkpt lat="39.8789678" lon="116.7150937">
        <ele>21.88024</ele>
        <time>2026-09-18T22:58:29Z</time>
      </trkpt>
      <trkpt lat="39.8788509" lon="116.7150864">
        <ele>21.90349</ele>
        <time>2026-09-18T22:58:33Z</time>
      </trkpt>
      <trkpt lat="39.8787602" lon="116.7150815">
        <ele>21.91837</ele>
        <time>2026-09-18T22:58:36Z</time>
      </trkpt>
      <trkpt lat="39.8786675" lon="116.7150771">
        <ele>21.92565</ele>
        <time>2026-09-18T22:58:39Z</time>
      </trkpt>
      <trkpt lat="39.8785528" lon="116.7150734">
        <ele>21.91242</ele>
        <time>2026-09-18T22:58:43Z</time>
      </trkpt>
      <trkpt lat="39.8784338" lon="116.7150636">
        <ele>21.86706</ele>
        <time>2026-09-18T22:58:47Z</time>
      </trkpt>
      <trkpt lat="39.8783168" lon="116.7150491">
        <ele>21.81734</ele>
        <time>2026-09-18T22:58:51Z</time>
      </trkpt>
      <trkpt lat="39.8782007" lon="116.7150246">
        <ele>21.77529</ele>
        <time>2026-09-18T22:58:55Z</time>
      </trkpt>
      <trkpt lat="39.8780864" lon="116.7149901">
        <ele>21.73781</ele>
        <time>2026-09-18T22:58:59Z</time>
      </trkpt>
      <trkpt lat="39.877976" lon="116.7149425">
        <ele>21.70919</ele>
        <time>2026-09-18T22:59:03Z</time>
      </trkpt>
      <trkpt lat="39.8778714" lon="116.714882">
        <ele>21.67981</ele>
        <time>2026-09-18T22:59:07Z</time>
      </trkpt>
      <trkpt lat="39.8777615" lon="116.7148247">
        <ele>21.64263</ele>
        <time>2026-09-18T22:59:11Z</time>
      </trkpt>
      <trkpt lat="39.8776779" lon="116.7147781">
        <ele>21.60906</ele>
        <time>2026-09-18T22:59:14Z</time>
      </trkpt>
      <trkpt lat="39.8775739" lon="116.714715">
        <ele>21.54421</ele>
        <time>2026-09-18T22:59:18Z</time>
      </trkpt>
      <trkpt lat="39.8774763" lon="116.7146467">
        <ele>21.4817</ele>
        <time>2026-09-18T22:59:22Z</time>
      </trkpt>
      <trkpt lat="39.8773811" lon="116.7145703">
        <ele>21.4361</ele>
        <time>2026-09-18T22:59:26Z</time>
      </trkpt>
      <trkpt lat="39.8772837" lon="116.7144855">
        <ele>21.38908</ele>
        <time>2026-09-18T22:59:30Z</time>
      </trkpt>
      <trkpt lat="39.8771935" lon="116.7143933">
        <ele>21.35426</ele>
        <time>2026-09-18T22:59:34Z</time>
      </trkpt>
      <trkpt lat="39.8771071" lon="116.7142967">
        <ele>21.36282</ele>
        <time>2026-09-18T22:59:38Z</time>
      </trkpt>
      <trkpt lat="39.8770175" lon="116.7142077">
        <ele>21.39804</ele>
        <time>2026-09-18T22:59:42Z</time>
      </trkpt>
      <trkpt lat="39.8769334" lon="116.7141176">
        <ele>21.42524</ele>
        <time>2026-09-18T22:59:46Z</time>
      </trkpt>
      <trkpt lat="39.8768558" lon="116.7140026">
        <ele>21.4513</ele>
        <time>2026-09-18T22:59:50Z</time>
      </trkpt>
      <trkpt lat="39.8768041" lon="116.7139039">
        <ele>21.47524</ele>
        <time>2026-09-18T22:59:53Z</time>
      </trkpt>
      <trkpt lat="39.8767387" lon="116.7137736">
        <ele>21.50391</ele>
        <time>2026-09-18T22:59:57Z</time>
      </trkpt>
      <trkpt lat="39.8766887" lon="116.7136764">
        <ele>21.51599</ele>
        <time>2026-09-18T23:00:00Z</time>
      </trkpt>
      <trkpt lat="39.8766284" lon="116.7135534">
        <ele>21.53501</ele>
        <time>2026-09-18T23:00:04Z</time>
      </trkpt>
      <trkpt lat="39.8765684" lon="116.7134332">
        <ele>21.56902</ele>
        <time>2026-09-18T23:00:08Z</time>
      </trkpt>
      <trkpt lat="39.8765107" lon="116.7133098">
        <ele>21.60333</ele>
        <time>2026-09-18T23:00:12Z</time>
      </trkpt>
      <trkpt lat="39.8764612" lon="116.7131826">
        <ele>21.63937</ele>
        <time>2026-09-18T23:00:16Z</time>
      </trkpt>
      <trkpt lat="39.8764155" lon="116.7130502">
        <ele>21.69143</ele>
        <time>2026-09-18T23:00:20Z</time>
      </trkpt>
      <trkpt lat="39.8763843" lon="116.712901">
        <ele>21.74131</ele>
        <time>2026-09-18T23:00:24Z</time>
      </trkpt>
      <trkpt lat="39.8763611" lon="116.7127552">
        <ele>21.77156</ele>
        <time>2026-09-18T23:00:28Z</time>
      </trkpt>
      <trkpt lat="39.8763411" lon="116.7126076">
        <ele>21.80507</ele>
        <time>2026-09-18T23:00:32Z</time>
      </trkpt>
      <trkpt lat="39.8763224" lon="116.7124609">
        <ele>21.84517</ele>
        <time>2026-09-18T23:00:36Z</time>
      </trkpt>
      <trkpt lat="39.8763054" lon="116.7123144">
        <ele>21.87488</ele>
        <time>2026-09-18T23:00:40Z</time>
      </trkpt>
      <trkpt lat="39.8762905" lon="116.7121629">
        <ele>21.90065</ele>
        <time>2026-09-18T23:00:44Z</time>
      </trkpt>
      <trkpt lat="39.8762715" lon="116.7120122">
        <ele>21.92007</ele>
        <time>2026-09-18T23:00:48Z</time>
      </trkpt>
      <trkpt lat="39.8762446" lon="116.711874">
        <ele>21.93743</ele>
        <time>2026-09-18T23:00:52Z</time>
      </trkpt>
      <trkpt lat="39.8762162" lon="116.7117293">
        <ele>21.94259</ele>
        <time>2026-09-18T23:00:56Z</time>
      </trkpt>
      <trkpt lat="39.8761841" lon="116.711585">
        <ele>21.91865</ele>
        <time>2026-09-18T23:01:00Z</time>
      </trkpt>
      <trkpt lat="39.8761453" lon="116.7114387">
        <ele>21.86863</ele>
        <time>2026-09-18T23:01:04Z</time>
      </trkpt>
      <trkpt lat="39.8761013" lon="116.7113012">
        <ele>21.81741</ele>
        <time>2026-09-18T23:01:08Z</time>
      </trkpt>
      <trkpt lat="39.8760473" lon="116.7111766">
        <ele>21.77198</ele>
        <time>2026-09-18T23:01:12Z</time>
      </trkpt>
      <trkpt lat="39.875984" lon="116.7110445">
        <ele>21.7255</ele>
        <time>2026-09-18T23:01:16Z</time>
      </trkpt>
      <trkpt lat="39.8759257" lon="116.7109127">
        <ele>21.69451</ele>
        <time>2026-09-18T23:01:20Z</time>
      </trkpt>
      <trkpt lat="39.8758684" lon="116.7107832">
        <ele>21.68299</ele>
        <time>2026-09-18T23:01:24Z</time>
      </trkpt>
      <trkpt lat="39.8758195" lon="116.7106819">
        <ele>21.67038</ele>
        <time>2026-09-18T23:01:27Z</time>
      </trkpt>
      <trkpt lat="39.8757595" lon="116.7105929">
        <ele>21.64594</ele>
        <time>2026-09-18T23:01:30Z</time>
      </trkpt>
      <trkpt lat="39.8756959" lon="116.710509">
        <ele>21.6147</ele>
        <time>2026-09-18T23:01:33Z</time>
      </trkpt>
      <trkpt lat="39.8756116" lon="116.7104093">
        <ele>21.58253</ele>
        <time>2026-09-18T23:01:37Z</time>
      </trkpt>
      <trkpt lat="39.875525" lon="116.7103192">
        <ele>21.55317</ele>
        <time>2026-09-18T23:01:41Z</time>
      </trkpt>
      <trkpt lat="39.8754342" lon="116.7102278">
        <ele>21.51939</ele>
        <time>2026-09-18T23:01:45Z</time>
      </trkpt>
      <trkpt lat="39.8753347" lon="116.7101576">
        <ele>21.49352</ele>
        <time>2026-09-18T23:01:49Z</time>
      </trkpt>
      <trkpt lat="39.8752393" lon="116.710091">
        <ele>21.46818</ele>
        <time>2026-09-18T23:01:53Z</time>
      </trkpt>
      <trkpt lat="39.875136" lon="116.7100285">
        <ele>21.43564</ele>
        <time>2026-09-18T23:01:57Z</time>
      </trkpt>
      <trkpt lat="39.8750316" lon="116.7099717">
        <ele>21.41221</ele>
        <time>2026-09-18T23:02:01Z</time>
      </trkpt>
      <trkpt lat="39.874923" lon="116.7099225">
        <ele>21.40454</ele>
        <time>2026-09-18T23:02:05Z</time>
      </trkpt>
      <trkpt lat="39.874815" lon="116.7098825">
        <ele>21.39862</ele>
        <time>2026-09-18T23:02:09Z</time>
      </trkpt>
      <trkpt lat="39.8747071" lon="116.7098433">
        <ele>21.40153</ele>
        <time>2026-09-18T23:02:13Z</time>
      </trkpt>
      <trkpt lat="39.8745939" lon="116.7098046">
        <ele>21.425</ele>
        <time>2026-09-18T23:02:17Z</time>
      </trkpt>
      <trkpt lat="39.8744835" lon="116.7097945">
        <ele>21.46206</ele>
        <time>2026-09-18T23:02:21Z</time>
      </trkpt>
      <trkpt lat="39.8743731" lon="116.7098004">
        <ele>21.51232</ele>
        <time>2026-09-18T23:02:25Z</time>
      </trkpt>
      <trkpt lat="39.8742599" lon="116.7097961">
        <ele>21.57098</ele>
        <time>2026-09-18T23:02:29Z</time>
      </trkpt>
      <trkpt lat="39.8741486" lon="116.7097997">
        <ele>21.62577</ele>
        <time>2026-09-18T23:02:33Z</time>
      </trkpt>
      <trkpt lat="39.8740347" lon="116.7098244">
        <ele>21.67658</ele>
        <time>2026-09-18T23:02:37Z</time>
      </trkpt>
      <trkpt lat="39.8739219" lon="116.7098567">
        <ele>21.72211</ele>
        <time>2026-09-18T23:02:41Z</time>
      </trkpt>
      <trkpt lat="39.8738113" lon="116.7099046">
        <ele>21.78345</ele>
        <time>2026-09-18T23:02:45Z</time>
      </trkpt>
      <trkpt lat="39.8737025" lon="116.7099526">
        <ele>21.86606</ele>
        <time>2026-09-18T23:02:49Z</time>
      </trkpt>
      <trkpt lat="39.873594" lon="116.7100068">
        <ele>21.93067</ele>
        <time>2026-09-18T23:02:53Z</time>
      </trkpt>
      <trkpt lat="39.8734896" lon="116.7100603">
        <ele>21.95676</ele>
        <time>2026-09-18T23:02:57Z</time>
      </trkpt>
      <trkpt lat="39.8733866" lon="116.710121">
        <ele>21.96633</ele>
        <time>2026-09-18T23:03:01Z</time>
      </trkpt>
      <trkpt lat="39.873287" lon="116.7101937">
        <ele>21.97925</ele>
        <time>2026-09-18T23:03:05Z</time>
      </trkpt>
      <trkpt lat="39.8731946" lon="116.7102807">
        <ele>21.99347</ele>
        <time>2026-09-18T23:03:09Z</time>
      </trkpt>
      <trkpt lat="39.8731121" lon="116.7103723">
        <ele>22.00783</ele>
        <time>2026-09-18T23:03:13Z</time>
      </trkpt>
      <trkpt lat="39.8730257" lon="116.7104676">
        <ele>22.01865</ele>
        <time>2026-09-18T23:03:17Z</time>
      </trkpt>
      <trkpt lat="39.8729453" lon="116.7105777">
        <ele>22.02967</ele>
        <time>2026-09-18T23:03:21Z</time>
      </trkpt>
      <trkpt lat="39.8728822" lon="116.710665">
        <ele>22.05286</ele>
        <time>2026-09-18T23:03:24Z</time>
      </trkpt>
      <trkpt lat="39.8728041" lon="116.7107814">
        <ele>22.08528</ele>
        <time>2026-09-18T23:03:28Z</time>
      </trkpt>
      <trkpt lat="39.8727322" lon="116.7109036">
        <ele>22.08334</ele>
        <time>2026-09-18T23:03:32Z</time>
      </trkpt>
      <trkpt lat="39.8726679" lon="116.7110302">
        <ele>22.02853</ele>
        <time>2026-09-18T23:03:36Z</time>
      </trkpt>
      <trkpt lat="39.8726079" lon="116.7111642">
        <ele>21.93337</ele>
        <time>2026-09-18T23:03:40Z</time>
      </trkpt>
      <trkpt lat="39.8725552" lon="116.7112999">
        <ele>21.83426</ele>
        <time>2026-09-18T23:03:44Z</time>
      </trkpt>
      <trkpt lat="39.8724991" lon="116.7114307">
        <ele>21.75799</ele>
        <time>2026-09-18T23:03:48Z</time>
      </trkpt>
      <trkpt lat="39.8724396" lon="116.7115575">
        <ele>21.72251</ele>
        <time>2026-09-18T23:03:52Z</time>
      </trkpt>
      <trkpt lat="39.8723844" lon="116.7116817">
        <ele>21.73376</ele>
        <time>2026-09-18T23:03:56Z</time>
      </trkpt>
      <trkpt lat="39.872325" lon="116.7118055">
        <ele>21.77459</ele>
        <time>2026-09-18T23:04:00Z</time>
      </trkpt>
      <trkpt lat="39.8722571" lon="116.7119238">
        <ele>21.82962</ele>
        <time>2026-09-18T23:04:04Z</time>
      </trkpt>
      <trkpt lat="39.8721769" lon="116.7120301">
        <ele>21.89505</ele>
        <time>2026-09-18T23:04:08Z</time>
      </trkpt>
      <trkpt lat="39.872095" lon="116.7121282">
        <ele>21.95531</ele>
        <time>2026-09-18T23:04:12Z</time>
      </trkpt>
      <trkpt lat="39.8720072" lon="116.7122295">
        <ele>22.00904</ele>
        <time>2026-09-18T23:04:16Z</time>
      </trkpt>
      <trkpt lat="39.8719131" lon="116.7123185">
        <ele>22.0365</ele>
        <time>2026-09-18T23:04:20Z</time>
      </trkpt>
      <trkpt lat="39.8718376" lon="116.7123829">
        <ele>22.01664</ele>
        <time>2026-09-18T23:04:23Z</time>
      </trkpt>
      <trkpt lat="39.871759" lon="116.7124431">
        <ele>21.95017</ele>
        <time>2026-09-18T23:04:26Z</time>
      </trkpt>
      <trkpt lat="39.8716731" lon="116.7124954">
        <ele>21.83749</ele>
        <time>2026-09-18T23:04:29Z</time>
      </trkpt>
      <trkpt lat="39.8715873" lon="116.7125475">
        <ele>21.70209</ele>
        <time>2026-09-18T23:04:32Z</time>
      </trkpt>
      <trkpt lat="39.8715035" lon="116.7125945">
        <ele>21.5741</ele>
        <time>2026-09-18T23:04:35Z</time>
      </trkpt>
      <trkpt lat="39.8713913" lon="116.7126465">
        <ele>21.43036</ele>
        <time>2026-09-18T23:04:39Z</time>
      </trkpt>
      <trkpt lat="39.8712772" lon="116.7126909">
        <ele>21.31393</ele>
        <time>2026-09-18T23:04:43Z</time>
      </trkpt>
      <trkpt lat="39.8711888" lon="116.7127186">
        <ele>21.2346</ele>
        <time>2026-09-18T23:04:46Z</time>
      </trkpt>
      <trkpt lat="39.8710992" lon="116.7127431">
        <ele>21.15675</ele>
        <time>2026-09-18T23:04:49Z</time>
      </trkpt>
      <trkpt lat="39.8710093" lon="116.7127602">
        <ele>21.09088</ele>
        <time>2026-09-18T23:04:52Z</time>
      </trkpt>
      <trkpt lat="39.870894" lon="116.7127805">
        <ele>21.02525</ele>
        <time>2026-09-18T23:04:56Z</time>
      </trkpt>
      <trkpt lat="39.870782" lon="116.7127988">
        <ele>20.96045</ele>
        <time>2026-09-18T23:05:00Z</time>
      </trkpt>
      <trkpt lat="39.8706688" lon="116.7128242">
        <ele>20.91164</ele>
        <time>2026-09-18T23:05:04Z</time>
      </trkpt>
      <trkpt lat="39.8705489" lon="116.7128357">
        <ele>20.90861</ele>
        <time>2026-09-18T23:05:08Z</time>
      </trkpt>
      <trkpt lat="39.8704554" lon="116.7128458">
        <ele>20.94063</ele>
        <time>2026-09-18T23:05:11Z</time>
      </trkpt>
      <trkpt lat="39.8703369" lon="116.7128566">
        <ele>21.01049</ele>
        <time>2026-09-18T23:05:15Z</time>
      </trkpt>
      <trkpt lat="39.8702265" lon="116.7128643">
        <ele>21.10728</ele>
        <time>2026-09-18T23:05:19Z</time>
      </trkpt>
      <trkpt lat="39.8701191" lon="116.7128828">
        <ele>21.3576</ele>
        <time>2026-09-18T23:05:23Z</time>
      </trkpt>
      <trkpt lat="39.8700136" lon="116.7129052">
        <ele>21.63928</ele>
        <time>2026-09-18T23:05:27Z</time>
      </trkpt>
      <trkpt lat="39.8699053" lon="116.7129295">
        <ele>21.84539</ele>
        <time>2026-09-18T23:05:31Z</time>
      </trkpt>
      <trkpt lat="39.8697958" lon="116.7129601">
        <ele>21.88666</ele>
        <time>2026-09-18T23:05:35Z</time>
      </trkpt>
      <trkpt lat="39.8696815" lon="116.7129927">
        <ele>21.76028</ele>
        <time>2026-09-18T23:05:39Z</time>
      </trkpt>
      <trkpt lat="39.8695674" lon="116.7130359">
        <ele>21.57074</ele>
        <time>2026-09-18T23:05:43Z</time>
      </trkpt>
      <trkpt lat="39.8694541" lon="116.7130777">
        <ele>21.3135</ele>
        <time>2026-09-18T23:05:47Z</time>
      </trkpt>
      <trkpt lat="39.8693398" lon="116.7131238">
        <ele>21.15559</ele>
        <time>2026-09-18T23:05:51Z</time>
      </trkpt>
      <trkpt lat="39.8692357" lon="116.7131841">
        <ele>21.18854</ele>
        <time>2026-09-18T23:05:55Z</time>
      </trkpt>
      <trkpt lat="39.8691425" lon="116.7132545">
        <ele>21.37337</ele>
        <time>2026-09-18T23:05:59Z</time>
      </trkpt>
      <trkpt lat="39.8690459" lon="116.7133253">
        <ele>21.66963</ele>
        <time>2026-09-18T23:06:03Z</time>
      </trkpt>
      <trkpt lat="39.868944" lon="116.7133883">
        <ele>22.01306</ele>
        <time>2026-09-18T23:06:07Z</time>
      </trkpt>
      <trkpt lat="39.8688502" lon="116.7134508">
        <ele>22.35367</ele>
        <time>2026-09-18T23:06:11Z</time>
      </trkpt>
      <trkpt lat="39.8687655" lon="116.713535">
        <ele>22.3978</ele>
        <time>2026-09-18T23:06:16Z</time>
      </trkpt>
      <trkpt lat="39.8686349" lon="116.7136442">
        <ele>24.37776</ele>
        <time>2026-09-18T23:08:28Z</time>
      </trkpt>
      <trkpt lat="39.8685722" lon="116.7137322">
        <ele>22.49701</ele>
        <time>2026-09-18T23:08:34Z</time>
      </trkpt>
      <trkpt lat="39.8685012" lon="116.7138209">
        <ele>22.26643</ele>
        <time>2026-09-18T23:08:38Z</time>
      </trkpt>
      <trkpt lat="39.8684344" lon="116.7139367">
        <ele>22.29588</ele>
        <time>2026-09-18T23:08:42Z</time>
      </trkpt>
      <trkpt lat="39.8683682" lon="116.7140597">
        <ele>22.36757</ele>
        <time>2026-09-18T23:08:46Z</time>
      </trkpt>
      <trkpt lat="39.8683075" lon="116.7141876">
        <ele>22.43354</ele>
        <time>2026-09-18T23:08:50Z</time>
      </trkpt>
      <trkpt lat="39.8682601" lon="116.7143205">
        <ele>22.48624</ele>
        <time>2026-09-18T23:08:54Z</time>
      </trkpt>
      <trkpt lat="39.8682168" lon="116.714453">
        <ele>22.53517</ele>
        <time>2026-09-18T23:08:58Z</time>
      </trkpt>
      <trkpt lat="39.8681905" lon="116.7145908">
        <ele>22.56449</ele>
        <time>2026-09-18T23:09:02Z</time>
      </trkpt>
      <trkpt lat="39.8681817" lon="116.7147295">
        <ele>22.57132</ele>
        <time>2026-09-18T23:09:06Z</time>
      </trkpt>
      <trkpt lat="39.8681764" lon="116.7148632">
        <ele>22.56538</ele>
        <time>2026-09-18T23:09:10Z</time>
      </trkpt>
      <trkpt lat="39.8681802" lon="116.7149891">
        <ele>22.5659</ele>
        <time>2026-09-18T23:09:14Z</time>
      </trkpt>
      <trkpt lat="39.8681949" lon="116.7151209">
        <ele>22.58948</ele>
        <time>2026-09-18T23:09:18Z</time>
      </trkpt>
      <trkpt lat="39.868209" lon="116.7152599">
        <ele>22.6207</ele>
        <time>2026-09-18T23:09:22Z</time>
      </trkpt>
      <trkpt lat="39.8682371" lon="116.715395">
        <ele>22.64646</ele>
        <time>2026-09-18T23:09:26Z</time>
      </trkpt>
      <trkpt lat="39.8682718" lon="116.7155282">
        <ele>22.67437</ele>
        <time>2026-09-18T23:09:30Z</time>
      </trkpt>
      <trkpt lat="39.8683141" lon="116.7156603">
        <ele>22.68527</ele>
        <time>2026-09-18T23:09:34Z</time>
      </trkpt>
      <trkpt lat="39.8683574" lon="116.7157931">
        <ele>22.68162</ele>
        <time>2026-09-18T23:09:38Z</time>
      </trkpt>
      <trkpt lat="39.8684083" lon="116.715927">
        <ele>22.67223</ele>
        <time>2026-09-18T23:09:42Z</time>
      </trkpt>
      <trkpt lat="39.8684675" lon="116.7160518">
        <ele>22.68508</ele>
        <time>2026-09-18T23:09:46Z</time>
      </trkpt>
      <trkpt lat="39.8685293" lon="116.7161773">
        <ele>22.73126</ele>
        <time>2026-09-18T23:09:50Z</time>
      </trkpt>
      <trkpt lat="39.8685907" lon="116.7163014">
        <ele>22.77623</ele>
        <time>2026-09-18T23:09:54Z</time>
      </trkpt>
      <trkpt lat="39.8686565" lon="116.7164244">
        <ele>22.80969</ele>
        <time>2026-09-18T23:09:58Z</time>
      </trkpt>
      <trkpt lat="39.868729" lon="116.7165422">
        <ele>22.84194</ele>
        <time>2026-09-18T23:10:02Z</time>
      </trkpt>
      <trkpt lat="39.8688022" lon="116.7166546">
        <ele>22.87433</ele>
        <time>2026-09-18T23:10:06Z</time>
      </trkpt>
      <trkpt lat="39.868877" lon="116.7167655">
        <ele>22.90738</ele>
        <time>2026-09-18T23:10:10Z</time>
      </trkpt>
      <trkpt lat="39.8689471" lon="116.7168811">
        <ele>22.94022</ele>
        <time>2026-09-18T23:10:14Z</time>
      </trkpt>
      <trkpt lat="39.8690194" lon="116.7170001">
        <ele>22.95492</ele>
        <time>2026-09-18T23:10:18Z</time>
      </trkpt>
      <trkpt lat="39.8690974" lon="116.7171123">
        <ele>22.94085</ele>
        <time>2026-09-18T23:10:22Z</time>
      </trkpt>
      <trkpt lat="39.8691761" lon="116.7172254">
        <ele>22.9312</ele>
        <time>2026-09-18T23:10:26Z</time>
      </trkpt>
      <trkpt lat="39.869252" lon="116.7173392">
        <ele>22.95464</ele>
        <time>2026-09-18T23:10:30Z</time>
      </trkpt>
      <trkpt lat="39.8693175" lon="116.7174654">
        <ele>22.98384</ele>
        <time>2026-09-18T23:10:34Z</time>
      </trkpt>
      <trkpt lat="39.8693799" lon="116.7175906">
        <ele>23.02427</ele>
        <time>2026-09-18T23:10:38Z</time>
      </trkpt>
      <trkpt lat="39.8694325" lon="116.717726">
        <ele>23.09252</ele>
        <time>2026-09-18T23:10:42Z</time>
      </trkpt>
      <trkpt lat="39.8694746" lon="116.7178653">
        <ele>23.17697</ele>
        <time>2026-09-18T23:10:46Z</time>
      </trkpt>
      <trkpt lat="39.8695133" lon="116.7180039">
        <ele>23.25953</ele>
        <time>2026-09-18T23:10:50Z</time>
      </trkpt>
      <trkpt lat="39.8695479" lon="116.7181397">
        <ele>23.33454</ele>
        <time>2026-09-18T23:10:54Z</time>
      </trkpt>
      <trkpt lat="39.8695767" lon="116.7182796">
        <ele>23.40755</ele>
        <time>2026-09-18T23:10:58Z</time>
      </trkpt>
      <trkpt lat="39.8696054" lon="116.7184285">
        <ele>23.48878</ele>
        <time>2026-09-18T23:11:02Z</time>
      </trkpt>
      <trkpt lat="39.869622" lon="116.7185475">
        <ele>23.54771</ele>
        <time>2026-09-18T23:11:05Z</time>
      </trkpt>
      <trkpt lat="39.8696329" lon="116.718667">
        <ele>23.59087</ele>
        <time>2026-09-18T23:11:08Z</time>
      </trkpt>
      <trkpt lat="39.8696526" lon="116.7188199">
        <ele>23.61357</ele>
        <time>2026-09-18T23:11:12Z</time>
      </trkpt>
      <trkpt lat="39.8696692" lon="116.7189711">
        <ele>23.62259</ele>
        <time>2026-09-18T23:11:16Z</time>
      </trkpt>
      <trkpt lat="39.8696757" lon="116.7191251">
        <ele>23.63739</ele>
        <time>2026-09-18T23:11:20Z</time>
      </trkpt>
      <trkpt lat="39.8696775" lon="116.7192436">
        <ele>23.64974</ele>
        <time>2026-09-18T23:11:23Z</time>
      </trkpt>
      <trkpt lat="39.8696736" lon="116.7193613">
        <ele>23.67322</ele>
        <time>2026-09-18T23:11:26Z</time>
      </trkpt>
      <trkpt lat="39.8696655" lon="116.7195172">
        <ele>23.71022</ele>
        <time>2026-09-18T23:11:30Z</time>
      </trkpt>
      <trkpt lat="39.8696561" lon="116.719667">
        <ele>23.72081</ele>
        <time>2026-09-18T23:11:34Z</time>
      </trkpt>
      <trkpt lat="39.8696313" lon="116.719814">
        <ele>23.71959</ele>
        <time>2026-09-18T23:11:38Z</time>
      </trkpt>
      <trkpt lat="39.8696041" lon="116.7199608">
        <ele>23.74293</ele>
        <time>2026-09-18T23:11:42Z</time>
      </trkpt>
      <trkpt lat="39.8695725" lon="116.7201083">
        <ele>23.78462</ele>
        <time>2026-09-18T23:11:46Z</time>
      </trkpt>
      <trkpt lat="39.8695408" lon="116.7202182">
        <ele>23.81317</ele>
        <time>2026-09-18T23:11:49Z</time>
      </trkpt>
      <trkpt lat="39.8695003" lon="116.7203231">
        <ele>23.84299</ele>
        <time>2026-09-18T23:11:52Z</time>
      </trkpt>
      <trkpt lat="39.8694537" lon="116.7204249">
        <ele>23.87481</ele>
        <time>2026-09-18T23:11:55Z</time>
      </trkpt>
      <trkpt lat="39.8693898" lon="116.7205568">
        <ele>23.90664</ele>
        <time>2026-09-18T23:11:59Z</time>
      </trkpt>
      <trkpt lat="39.8693396" lon="116.7206551">
        <ele>23.9261</ele>
        <time>2026-09-18T23:12:02Z</time>
      </trkpt>
      <trkpt lat="39.8692701" lon="116.7207781">
        <ele>23.96066</ele>
        <time>2026-09-18T23:12:06Z</time>
      </trkpt>
      <trkpt lat="39.8692085" lon="116.7208721">
        <ele>23.99055</ele>
        <time>2026-09-18T23:12:09Z</time>
      </trkpt>
      <trkpt lat="39.8691445" lon="116.7209637">
        <ele>23.99894</ele>
        <time>2026-09-18T23:12:12Z</time>
      </trkpt>
      <trkpt lat="39.8690861" lon="116.7210562">
        <ele>23.9698</ele>
        <time>2026-09-18T23:12:15Z</time>
      </trkpt>
      <trkpt lat="39.869033" lon="116.7211513">
        <ele>23.91854</ele>
        <time>2026-09-18T23:12:18Z</time>
      </trkpt>
      <trkpt lat="39.8689577" lon="116.7212693">
        <ele>23.86219</ele>
        <time>2026-09-18T23:12:22Z</time>
      </trkpt>
      <trkpt lat="39.8688875" lon="116.7213874">
        <ele>23.80584</ele>
        <time>2026-09-18T23:12:26Z</time>
      </trkpt>
      <trkpt lat="39.8688258" lon="116.7214796">
        <ele>23.7398</ele>
        <time>2026-09-18T23:12:29Z</time>
      </trkpt>
      <trkpt lat="39.8687659" lon="116.721576">
        <ele>23.66303</ele>
        <time>2026-09-18T23:12:32Z</time>
      </trkpt>
      <trkpt lat="39.8686829" lon="116.7216898">
        <ele>23.54062</ele>
        <time>2026-09-18T23:12:36Z</time>
      </trkpt>
      <trkpt lat="39.8686145" lon="116.7217736">
        <ele>23.42144</ele>
        <time>2026-09-18T23:12:39Z</time>
      </trkpt>
      <trkpt lat="39.8685495" lon="116.7218659">
        <ele>23.28371</ele>
        <time>2026-09-18T23:12:42Z</time>
      </trkpt>
      <trkpt lat="39.8684901" lon="116.7219578">
        <ele>23.13877</ele>
        <time>2026-09-18T23:12:45Z</time>
      </trkpt>
      <trkpt lat="39.8684148" lon="116.7220766">
        <ele>22.95416</ele>
        <time>2026-09-18T23:12:49Z</time>
      </trkpt>
      <trkpt lat="39.8683552" lon="116.7221704">
        <ele>22.83567</ele>
        <time>2026-09-18T23:12:52Z</time>
      </trkpt>
      <trkpt lat="39.8682963" lon="116.7222682">
        <ele>22.75196</ele>
        <time>2026-09-18T23:12:55Z</time>
      </trkpt>
      <trkpt lat="39.8682406" lon="116.7223612">
        <ele>22.69896</ele>
        <time>2026-09-18T23:12:58Z</time>
      </trkpt>
      <trkpt lat="39.8681844" lon="116.7224528">
        <ele>22.6541</ele>
        <time>2026-09-18T23:13:01Z</time>
      </trkpt>
      <trkpt lat="39.8681255" lon="116.7225787">
        <ele>22.60031</ele>
        <time>2026-09-18T23:13:05Z</time>
      </trkpt>
      <trkpt lat="39.8680626" lon="116.7227111">
        <ele>22.56331</ele>
        <time>2026-09-18T23:13:09Z</time>
      </trkpt>
      <trkpt lat="39.8680162" lon="116.7228186">
        <ele>22.53574</ele>
        <time>2026-09-18T23:13:12Z</time>
      </trkpt>
      <trkpt lat="39.8679778" lon="116.7229305">
        <ele>22.51053</ele>
        <time>2026-09-18T23:13:15Z</time>
      </trkpt>
      <trkpt lat="39.8679382" lon="116.723042">
        <ele>22.49209</ele>
        <time>2026-09-18T23:13:18Z</time>
      </trkpt>
      <trkpt lat="39.8678981" lon="116.7231573">
        <ele>22.47421</ele>
        <time>2026-09-18T23:13:21Z</time>
      </trkpt>
      <trkpt lat="39.8678625" lon="116.7232786">
        <ele>22.44432</ele>
        <time>2026-09-18T23:13:24Z</time>
      </trkpt>
      <trkpt lat="39.8678271" lon="116.7233917">
        <ele>22.41096</ele>
        <time>2026-09-18T23:13:27Z</time>
      </trkpt>
      <trkpt lat="39.8677995" lon="116.7235353">
        <ele>22.39555</ele>
        <time>2026-09-18T23:13:31Z</time>
      </trkpt>
      <trkpt lat="39.8677935" lon="116.7236861">
        <ele>22.39985</ele>
        <time>2026-09-18T23:13:35Z</time>
      </trkpt>
      <trkpt lat="39.8677918" lon="116.7238381">
        <ele>22.3804</ele>
        <time>2026-09-18T23:13:39Z</time>
      </trkpt>
      <trkpt lat="39.8677933" lon="116.7239561">
        <ele>22.35984</ele>
        <time>2026-09-18T23:13:42Z</time>
      </trkpt>
      <trkpt lat="39.8678032" lon="116.72411">
        <ele>22.34574</ele>
        <time>2026-09-18T23:13:46Z</time>
      </trkpt>
      <trkpt lat="39.8678152" lon="116.7242581">
        <ele>22.34816</ele>
        <time>2026-09-18T23:13:50Z</time>
      </trkpt>
      <trkpt lat="39.8678325" lon="116.7244008">
        <ele>22.36609</ele>
        <time>2026-09-18T23:13:54Z</time>
      </trkpt>
      <trkpt lat="39.8678542" lon="116.7245458">
        <ele>22.38875</ele>
        <time>2026-09-18T23:13:58Z</time>
      </trkpt>
      <trkpt lat="39.8678815" lon="116.7246901">
        <ele>22.41184</ele>
        <time>2026-09-18T23:14:02Z</time>
      </trkpt>
      <trkpt lat="39.8679049" lon="116.7248031">
        <ele>22.43332</ele>
        <time>2026-09-18T23:14:05Z</time>
      </trkpt>
      <trkpt lat="39.8679429" lon="116.7249452">
        <ele>22.46289</ele>
        <time>2026-09-18T23:14:09Z</time>
      </trkpt>
      <trkpt lat="39.8679817" lon="116.7250508">
        <ele>22.48611</ele>
        <time>2026-09-18T23:14:12Z</time>
      </trkpt>
      <trkpt lat="39.8680306" lon="116.7251526">
        <ele>22.50407</ele>
        <time>2026-09-18T23:14:15Z</time>
      </trkpt>
      <trkpt lat="39.8681049" lon="116.7252743">
        <ele>22.51548</ele>
        <time>2026-09-18T23:14:19Z</time>
      </trkpt>
      <trkpt lat="39.8681831" lon="116.7253889">
        <ele>22.53096</ele>
        <time>2026-09-18T23:14:23Z</time>
      </trkpt>
      <trkpt lat="39.8682678" lon="116.7254937">
        <ele>22.55774</ele>
        <time>2026-09-18T23:14:27Z</time>
      </trkpt>
      <trkpt lat="39.8683378" lon="116.7255674">
        <ele>22.58098</ele>
        <time>2026-09-18T23:14:30Z</time>
      </trkpt>
      <trkpt lat="39.868429" lon="116.7256627">
        <ele>22.608</ele>
        <time>2026-09-18T23:14:34Z</time>
      </trkpt>
      <trkpt lat="39.8685242" lon="116.7257365">
        <ele>22.62186</ele>
        <time>2026-09-18T23:14:38Z</time>
      </trkpt>
      <trkpt lat="39.868626" lon="116.7257851">
        <ele>22.63541</ele>
        <time>2026-09-18T23:14:42Z</time>
      </trkpt>
      <trkpt lat="39.8687312" lon="116.7258306">
        <ele>22.65354</ele>
        <time>2026-09-18T23:14:46Z</time>
      </trkpt>
      <trkpt lat="39.8688414" lon="116.7258734">
        <ele>22.67908</ele>
        <time>2026-09-18T23:14:50Z</time>
      </trkpt>
      <trkpt lat="39.8689569" lon="116.72591">
        <ele>22.7198</ele>
        <time>2026-09-18T23:14:54Z</time>
      </trkpt>
      <trkpt lat="39.8690711" lon="116.7259348">
        <ele>22.7747</ele>
        <time>2026-09-18T23:14:58Z</time>
      </trkpt>
      <trkpt lat="39.8691859" lon="116.7259549">
        <ele>22.82381</ele>
        <time>2026-09-18T23:15:02Z</time>
      </trkpt>
      <trkpt lat="39.8693028" lon="116.7259509">
        <ele>22.84574</ele>
        <time>2026-09-18T23:15:06Z</time>
      </trkpt>
      <trkpt lat="39.8694173" lon="116.725938">
        <ele>22.84245</ele>
        <time>2026-09-18T23:15:10Z</time>
      </trkpt>
      <trkpt lat="39.8695359" lon="116.7259295">
        <ele>22.82755</ele>
        <time>2026-09-18T23:15:14Z</time>
      </trkpt>
      <trkpt lat="39.8696531" lon="116.7259133">
        <ele>22.82756</ele>
        <time>2026-09-18T23:15:18Z</time>
      </trkpt>
      <trkpt lat="39.8697659" lon="116.7258952">
        <ele>22.87208</ele>
        <time>2026-09-18T23:15:22Z</time>
      </trkpt>
      <trkpt lat="39.8698826" lon="116.7258762">
        <ele>22.92741</ele>
        <time>2026-09-18T23:15:26Z</time>
      </trkpt>
      <trkpt lat="39.8699736" lon="116.725857">
        <ele>22.96062</ele>
        <time>2026-09-18T23:15:29Z</time>
      </trkpt>
      <trkpt lat="39.8700896" lon="116.7258215">
        <ele>23.00687</ele>
        <time>2026-09-18T23:15:33Z</time>
      </trkpt>
      <trkpt lat="39.8701771" lon="116.725787">
        <ele>23.04236</ele>
        <time>2026-09-18T23:15:36Z</time>
      </trkpt>
      <trkpt lat="39.8702653" lon="116.7257488">
        <ele>23.07997</ele>
        <time>2026-09-18T23:15:39Z</time>
      </trkpt>
      <trkpt lat="39.8703513" lon="116.7257054">
        <ele>23.12942</ele>
        <time>2026-09-18T23:15:42Z</time>
      </trkpt>
      <trkpt lat="39.8704355" lon="116.7256578">
        <ele>23.18594</ele>
        <time>2026-09-18T23:15:45Z</time>
      </trkpt>
      <trkpt lat="39.87054" lon="116.7256015">
        <ele>23.24527</ele>
        <time>2026-09-18T23:15:49Z</time>
      </trkpt>
      <trkpt lat="39.8706427" lon="116.7255442">
        <ele>23.26869</ele>
        <time>2026-09-18T23:15:53Z</time>
      </trkpt>
      <trkpt lat="39.8707471" lon="116.7254803">
        <ele>23.26731</ele>
        <time>2026-09-18T23:15:57Z</time>
      </trkpt>
      <trkpt lat="39.8708308" lon="116.7254349">
        <ele>23.25712</ele>
        <time>2026-09-18T23:16:00Z</time>
      </trkpt>
      <trkpt lat="39.8709172" lon="116.7253937">
        <ele>23.2488</ele>
        <time>2026-09-18T23:16:03Z</time>
      </trkpt>
      <trkpt lat="39.8710275" lon="116.725348">
        <ele>23.23861</ele>
        <time>2026-09-18T23:16:07Z</time>
      </trkpt>
      <trkpt lat="39.8711384" lon="116.7253108">
        <ele>23.23398</ele>
        <time>2026-09-18T23:16:11Z</time>
      </trkpt>
      <trkpt lat="39.8712531" lon="116.7252751">
        <ele>23.24674</ele>
        <time>2026-09-18T23:16:15Z</time>
      </trkpt>
      <trkpt lat="39.8713683" lon="116.7252504">
        <ele>23.26858</ele>
        <time>2026-09-18T23:16:19Z</time>
      </trkpt>
      <trkpt lat="39.8714854" lon="116.7252325">
        <ele>23.30814</ele>
        <time>2026-09-18T23:16:23Z</time>
      </trkpt>
      <trkpt lat="39.8716002" lon="116.7252241">
        <ele>23.37199</ele>
        <time>2026-09-18T23:16:27Z</time>
      </trkpt>
      <trkpt lat="39.8717159" lon="116.7252327">
        <ele>23.45914</ele>
        <time>2026-09-18T23:16:31Z</time>
      </trkpt>
      <trkpt lat="39.8718343" lon="116.7252493">
        <ele>23.59654</ele>
        <time>2026-09-18T23:16:35Z</time>
      </trkpt>
      <trkpt lat="39.871923" lon="116.7252699">
        <ele>23.75776</ele>
        <time>2026-09-18T23:16:38Z</time>
      </trkpt>
      <trkpt lat="39.8720383" lon="116.7252928">
        <ele>24.06226</ele>
        <time>2026-09-18T23:16:42Z</time>
      </trkpt>
      <trkpt lat="39.87215" lon="116.7253357">
        <ele>24.46347</ele>
        <time>2026-09-18T23:16:46Z</time>
      </trkpt>
      <trkpt lat="39.8722624" lon="116.7253792">
        <ele>24.97148</ele>
        <time>2026-09-18T23:16:50Z</time>
      </trkpt>
      <trkpt lat="39.8723696" lon="116.7254267">
        <ele>25.55076</ele>
        <time>2026-09-18T23:16:54Z</time>
      </trkpt>
      <trkpt lat="39.8724739" lon="116.7254885">
        <ele>26.15748</ele>
        <time>2026-09-18T23:16:58Z</time>
      </trkpt>
      <trkpt lat="39.8725805" lon="116.7255551">
        <ele>26.71929</ele>
        <time>2026-09-18T23:17:02Z</time>
      </trkpt>
      <trkpt lat="39.872685" lon="116.7256228">
        <ele>27.1439</ele>
        <time>2026-09-18T23:17:06Z</time>
      </trkpt>
      <trkpt lat="39.8727848" lon="116.7256937">
        <ele>27.35938</ele>
        <time>2026-09-18T23:17:10Z</time>
      </trkpt>
      <trkpt lat="39.8728822" lon="116.7257738">
        <ele>27.39766</ele>
        <time>2026-09-18T23:17:14Z</time>
      </trkpt>
      <trkpt lat="39.8729715" lon="116.7258692">
        <ele>27.35071</ele>
        <time>2026-09-18T23:17:18Z</time>
      </trkpt>
      <trkpt lat="39.873056" lon="116.7259748">
        <ele>27.24576</ele>
        <time>2026-09-18T23:17:22Z</time>
      </trkpt>
      <trkpt lat="39.8731219" lon="116.726066">
        <ele>27.14608</ele>
        <time>2026-09-18T23:17:25Z</time>
      </trkpt>
      <trkpt lat="39.8731872" lon="116.7261554">
        <ele>27.03994</ele>
        <time>2026-09-18T23:17:28Z</time>
      </trkpt>
      <trkpt lat="39.8732523" lon="116.726243">
        <ele>26.93008</ele>
        <time>2026-09-18T23:17:31Z</time>
      </trkpt>
      <trkpt lat="39.8733279" lon="116.7263605">
        <ele>26.78391</ele>
        <time>2026-09-18T23:17:35Z</time>
      </trkpt>
      <trkpt lat="39.8733897" lon="116.7264894">
        <ele>26.6571</ele>
        <time>2026-09-18T23:17:39Z</time>
      </trkpt>
      <trkpt lat="39.8734482" lon="116.7266203">
        <ele>26.52385</ele>
        <time>2026-09-18T23:17:43Z</time>
      </trkpt>
      <trkpt lat="39.8735074" lon="116.7267535">
        <ele>26.3645</ele>
        <time>2026-09-18T23:17:47Z</time>
      </trkpt>
      <trkpt lat="39.873558" lon="116.7268901">
        <ele>26.1637</ele>
        <time>2026-09-18T23:17:51Z</time>
      </trkpt>
      <trkpt lat="39.8736074" lon="116.7270245">
        <ele>25.92245</ele>
        <time>2026-09-18T23:17:55Z</time>
      </trkpt>
      <trkpt lat="39.8736628" lon="116.7271615">
        <ele>25.68087</ele>
        <time>2026-09-18T23:17:59Z</time>
      </trkpt>
      <trkpt lat="39.8737204" lon="116.7272903">
        <ele>25.46611</ele>
        <time>2026-09-18T23:18:03Z</time>
      </trkpt>
      <trkpt lat="39.8737809" lon="116.7274097">
        <ele>25.30598</ele>
        <time>2026-09-18T23:18:07Z</time>
      </trkpt>
      <trkpt lat="39.8738494" lon="116.7275207">
        <ele>25.22327</ele>
        <time>2026-09-18T23:18:11Z</time>
      </trkpt>
      <trkpt lat="39.8739255" lon="116.7276262">
        <ele>25.18919</ele>
        <time>2026-09-18T23:18:15Z</time>
      </trkpt>
      <trkpt lat="39.8740126" lon="116.7277203">
        <ele>25.14074</ele>
        <time>2026-09-18T23:18:19Z</time>
      </trkpt>
      <trkpt lat="39.8741058" lon="116.7277924">
        <ele>25.0799</ele>
        <time>2026-09-18T23:18:23Z</time>
      </trkpt>
      <trkpt lat="39.8742064" lon="116.7278547">
        <ele>25.05757</ele>
        <time>2026-09-18T23:18:27Z</time>
      </trkpt>
      <trkpt lat="39.8743057" lon="116.7279189">
        <ele>25.04141</ele>
        <time>2026-09-18T23:18:31Z</time>
      </trkpt>
      <trkpt lat="39.874409" lon="116.7279782">
        <ele>24.99447</ele>
        <time>2026-09-18T23:18:35Z</time>
      </trkpt>
      <trkpt lat="39.8745133" lon="116.7280112">
        <ele>24.94453</ele>
        <time>2026-09-18T23:18:39Z</time>
      </trkpt>
      <trkpt lat="39.8746271" lon="116.7280369">
        <ele>24.93076</ele>
        <time>2026-09-18T23:18:43Z</time>
      </trkpt>
      <trkpt lat="39.8747171" lon="116.7280442">
        <ele>24.94384</ele>
        <time>2026-09-18T23:18:46Z</time>
      </trkpt>
      <trkpt lat="39.8748083" lon="116.7280484">
        <ele>24.95507</ele>
        <time>2026-09-18T23:18:49Z</time>
      </trkpt>
      <trkpt lat="39.874899" lon="116.7280474">
        <ele>24.94035</ele>
        <time>2026-09-18T23:18:52Z</time>
      </trkpt>
      <trkpt lat="39.8750143" lon="116.7280349">
        <ele>24.88033</ele>
        <time>2026-09-18T23:18:56Z</time>
      </trkpt>
      <trkpt lat="39.8751267" lon="116.7279961">
        <ele>24.8358</ele>
        <time>2026-09-18T23:19:00Z</time>
      </trkpt>
      <trkpt lat="39.8752343" lon="116.7279439">
        <ele>24.82217</ele>
        <time>2026-09-18T23:19:04Z</time>
      </trkpt>
      <trkpt lat="39.8753349" lon="116.7278728">
        <ele>24.81484</ele>
        <time>2026-09-18T23:19:08Z</time>
      </trkpt>
      <trkpt lat="39.8754335" lon="116.7277962">
        <ele>24.82867</ele>
        <time>2026-09-18T23:19:12Z</time>
      </trkpt>
      <trkpt lat="39.8755108" lon="116.7277331">
        <ele>24.86827</ele>
        <time>2026-09-18T23:19:15Z</time>
      </trkpt>
      <trkpt lat="39.8755896" lon="116.7276721">
        <ele>24.92875</ele>
        <time>2026-09-18T23:19:18Z</time>
      </trkpt>
      <trkpt lat="39.8756891" lon="116.7275944">
        <ele>25.01952</ele>
        <time>2026-09-18T23:19:22Z</time>
      </trkpt>
      <trkpt lat="39.8757834" lon="116.7275175">
        <ele>25.12757</ele>
        <time>2026-09-18T23:19:26Z</time>
      </trkpt>
      <trkpt lat="39.8758799" lon="116.7274357">
        <ele>25.25457</ele>
        <time>2026-09-18T23:19:30Z</time>
      </trkpt>
      <trkpt lat="39.8759607" lon="116.7273794">
        <ele>25.34127</ele>
        <time>2026-09-18T23:19:33Z</time>
      </trkpt>
      <trkpt lat="39.8760371" lon="116.727312">
        <ele>25.42016</ele>
        <time>2026-09-18T23:19:36Z</time>
      </trkpt>
      <trkpt lat="39.876129" lon="116.7272166">
        <ele>25.5554</ele>
        <time>2026-09-18T23:19:40Z</time>
      </trkpt>
      <trkpt lat="39.8762177" lon="116.7271151">
        <ele>25.76668</ele>
        <time>2026-09-18T23:19:44Z</time>
      </trkpt>
      <trkpt lat="39.8762791" lon="116.7270291">
        <ele>25.95061</ele>
        <time>2026-09-18T23:19:47Z</time>
      </trkpt>
      <trkpt lat="39.8763346" lon="116.7269353">
        <ele>26.12338</ele>
        <time>2026-09-18T23:19:50Z</time>
      </trkpt>
      <trkpt lat="39.8764093" lon="116.7268171">
        <ele>26.33861</ele>
        <time>2026-09-18T23:19:54Z</time>
      </trkpt>
      <trkpt lat="39.8764882" lon="116.726707">
        <ele>26.55242</ele>
        <time>2026-09-18T23:19:58Z</time>
      </trkpt>
      <trkpt lat="39.8765623" lon="116.7265907">
        <ele>26.75734</ele>
        <time>2026-09-18T23:20:02Z</time>
      </trkpt>
      <trkpt lat="39.8766295" lon="116.7264848">
        <ele>26.95862</ele>
        <time>2026-09-18T23:20:06Z</time>
      </trkpt>
      <trkpt lat="39.8766904" lon="116.7263661">
        <ele>27.17927</ele>
        <time>2026-09-18T23:20:10Z</time>
      </trkpt>
      <trkpt lat="39.8767485" lon="116.726242">
        <ele>27.39068</ele>
        <time>2026-09-18T23:20:14Z</time>
      </trkpt>
      <trkpt lat="39.8768007" lon="116.72611">
        <ele>27.48309</ele>
        <time>2026-09-18T23:20:18Z</time>
      </trkpt>
      <trkpt lat="39.8768453" lon="116.7259672">
        <ele>27.45152</ele>
        <time>2026-09-18T23:20:22Z</time>
      </trkpt>
      <trkpt lat="39.87688" lon="116.7258203">
        <ele>27.37582</ele>
        <time>2026-09-18T23:20:26Z</time>
      </trkpt>
      <trkpt lat="39.8769047" lon="116.7257072">
        <ele>27.33104</ele>
        <time>2026-09-18T23:20:29Z</time>
      </trkpt>
      <trkpt lat="39.8769348" lon="116.7255612">
        <ele>27.30832</ele>
        <time>2026-09-18T23:20:33Z</time>
      </trkpt>
      <trkpt lat="39.8769576" lon="116.7254164">
        <ele>27.28562</ele>
        <time>2026-09-18T23:20:37Z</time>
      </trkpt>
      <trkpt lat="39.8769754" lon="116.7252621">
        <ele>27.17488</ele>
        <time>2026-09-18T23:20:41Z</time>
      </trkpt>
      <trkpt lat="39.8769862" lon="116.7251096">
        <ele>26.96985</ele>
        <time>2026-09-18T23:20:45Z</time>
      </trkpt>
      <trkpt lat="39.876989" lon="116.7249581">
        <ele>26.75601</ele>
        <time>2026-09-18T23:20:49Z</time>
      </trkpt>
      <trkpt lat="39.8769976" lon="116.7248386">
        <ele>26.63627</ele>
        <time>2026-09-18T23:20:52Z</time>
      </trkpt>
      <trkpt lat="39.8770013" lon="116.7247152">
        <ele>26.54681</ele>
        <time>2026-09-18T23:20:55Z</time>
      </trkpt>
      <trkpt lat="39.8770033" lon="116.7245947">
        <ele>26.47206</ele>
        <time>2026-09-18T23:20:58Z</time>
      </trkpt>
      <trkpt lat="39.8770071" lon="116.7244774">
        <ele>26.40226</ele>
        <time>2026-09-18T23:21:01Z</time>
      </trkpt>
      <trkpt lat="39.877002" lon="116.7243597">
        <ele>26.33591</ele>
        <time>2026-09-18T23:21:04Z</time>
      </trkpt>
      <trkpt lat="39.876985" lon="116.7242072">
        <ele>26.25508</ele>
        <time>2026-09-18T23:21:08Z</time>
      </trkpt>
      <trkpt lat="39.8769655" lon="116.7240904">
        <ele>26.1919</ele>
        <time>2026-09-18T23:21:11Z</time>
      </trkpt>
      <trkpt lat="39.8769374" lon="116.7239414">
        <ele>26.09038</ele>
        <time>2026-09-18T23:21:15Z</time>
      </trkpt>
      <trkpt lat="39.8769194" lon="116.7238267">
        <ele>26.00847</ele>
        <time>2026-09-18T23:21:18Z</time>
      </trkpt>
      <trkpt lat="39.8769057" lon="116.7237089">
        <ele>25.91941</ele>
        <time>2026-09-18T23:21:21Z</time>
      </trkpt>
      <trkpt lat="39.8768949" lon="116.7235534">
        <ele>25.79233</ele>
        <time>2026-09-18T23:21:25Z</time>
      </trkpt>
      <trkpt lat="39.8768976" lon="116.7234319">
        <ele>25.6968</ele>
        <time>2026-09-18T23:21:28Z</time>
      </trkpt>
      <trkpt lat="39.8769027" lon="116.7233128">
        <ele>25.60921</ele>
        <time>2026-09-18T23:21:31Z</time>
      </trkpt>
      <trkpt lat="39.8769064" lon="116.7231934">
        <ele>25.54015</ele>
        <time>2026-09-18T23:21:34Z</time>
      </trkpt>
      <trkpt lat="39.8769163" lon="116.7230739">
        <ele>25.48009</ele>
        <time>2026-09-18T23:21:37Z</time>
      </trkpt>
      <trkpt lat="39.876928" lon="116.7229564">
        <ele>25.40834</ele>
        <time>2026-09-18T23:21:40Z</time>
      </trkpt>
      <trkpt lat="39.8769453" lon="116.7228385">
        <ele>25.32566</ele>
        <time>2026-09-18T23:21:43Z</time>
      </trkpt>
      <trkpt lat="39.8769771" lon="116.72269">
        <ele>25.21511</ele>
        <time>2026-09-18T23:21:47Z</time>
      </trkpt>
      <trkpt lat="39.8770101" lon="116.7225755">
        <ele>25.13098</ele>
        <time>2026-09-18T23:21:50Z</time>
      </trkpt>
      <trkpt lat="39.8770334" lon="116.7224587">
        <ele>25.04175</ele>
        <time>2026-09-18T23:21:53Z</time>
      </trkpt>
      <trkpt lat="39.877066" lon="116.7223449">
        <ele>24.94608</ele>
        <time>2026-09-18T23:21:56Z</time>
      </trkpt>
      <trkpt lat="39.8771051" lon="116.722235">
        <ele>24.84307</ele>
        <time>2026-09-18T23:21:59Z</time>
      </trkpt>
      <trkpt lat="39.8771592" lon="116.7221339">
        <ele>24.73704</ele>
        <time>2026-09-18T23:22:02Z</time>
      </trkpt>
      <trkpt lat="39.8772237" lon="116.7220353">
        <ele>24.64111</ele>
        <time>2026-09-18T23:22:05Z</time>
      </trkpt>
      <trkpt lat="39.8772844" lon="116.7219453">
        <ele>24.56102</ele>
        <time>2026-09-18T23:22:08Z</time>
      </trkpt>
      <trkpt lat="39.8773497" lon="116.7218565">
        <ele>24.48821</ele>
        <time>2026-09-18T23:22:11Z</time>
      </trkpt>
      <trkpt lat="39.8774231" lon="116.7217737">
        <ele>24.41509</ele>
        <time>2026-09-18T23:22:14Z</time>
      </trkpt>
      <trkpt lat="39.8775025" lon="116.7216973">
        <ele>24.33877</ele>
        <time>2026-09-18T23:22:17Z</time>
      </trkpt>
      <trkpt lat="39.8775832" lon="116.7216293">
        <ele>24.24919</ele>
        <time>2026-09-18T23:22:20Z</time>
      </trkpt>
      <trkpt lat="39.8776639" lon="116.7215638">
        <ele>24.14323</ele>
        <time>2026-09-18T23:22:23Z</time>
      </trkpt>
      <trkpt lat="39.877746" lon="116.7215049">
        <ele>24.03781</ele>
        <time>2026-09-18T23:22:26Z</time>
      </trkpt>
      <trkpt lat="39.8778332" lon="116.7214483">
        <ele>23.93936</ele>
        <time>2026-09-18T23:22:29Z</time>
      </trkpt>
      <trkpt lat="39.8779195" lon="116.7213974">
        <ele>23.82383</ele>
        <time>2026-09-18T23:22:32Z</time>
      </trkpt>
      <trkpt lat="39.8780078" lon="116.7213473">
        <ele>23.67724</ele>
        <time>2026-09-18T23:22:35Z</time>
      </trkpt>
      <trkpt lat="39.8781011" lon="116.7213065">
        <ele>23.52121</ele>
        <time>2026-09-18T23:22:38Z</time>
      </trkpt>
      <trkpt lat="39.8781971" lon="116.7212794">
        <ele>23.39513</ele>
        <time>2026-09-18T23:22:41Z</time>
      </trkpt>
      <trkpt lat="39.8782928" lon="116.721254">
        <ele>23.31011</ele>
        <time>2026-09-18T23:22:44Z</time>
      </trkpt>
      <trkpt lat="39.8783877" lon="116.7212374">
        <ele>23.23973</ele>
        <time>2026-09-18T23:22:47Z</time>
      </trkpt>
      <trkpt lat="39.8784833" lon="116.7212269">
        <ele>23.16123</ele>
        <time>2026-09-18T23:22:50Z</time>
      </trkpt>
      <trkpt lat="39.8785812" lon="116.7212184">
        <ele>23.08489</ele>
        <time>2026-09-18T23:22:53Z</time>
      </trkpt>
      <trkpt lat="39.8786758" lon="116.7212246">
        <ele>23.01824</ele>
        <time>2026-09-18T23:22:56Z</time>
      </trkpt>
      <trkpt lat="39.8787725" lon="116.7212368">
        <ele>22.95014</ele>
        <time>2026-09-18T23:22:59Z</time>
      </trkpt>
      <trkpt lat="39.8788728" lon="116.7212508">
        <ele>22.86207</ele>
        <time>2026-09-18T23:23:02Z</time>
      </trkpt>
      <trkpt lat="39.8789754" lon="116.7212665">
        <ele>22.76267</ele>
        <time>2026-09-18T23:23:05Z</time>
      </trkpt>
      <trkpt lat="39.8790752" lon="116.7212841">
        <ele>22.68149</ele>
        <time>2026-09-18T23:23:08Z</time>
      </trkpt>
      <trkpt lat="39.8791697" lon="116.7213006">
        <ele>22.63</ele>
        <time>2026-09-18T23:23:11Z</time>
      </trkpt>
      <trkpt lat="39.8792689" lon="116.7213128">
        <ele>22.604</ele>
        <time>2026-09-18T23:23:14Z</time>
      </trkpt>
      <trkpt lat="39.8793662" lon="116.7213226">
        <ele>22.59242</ele>
        <time>2026-09-18T23:23:17Z</time>
      </trkpt>
      <trkpt lat="39.8794634" lon="116.7213239">
        <ele>22.58099</ele>
        <time>2026-09-18T23:23:20Z</time>
      </trkpt>
      <trkpt lat="39.8795695" lon="116.7213146">
        <ele>22.56601</ele>
        <time>2026-09-18T23:23:23Z</time>
      </trkpt>
      <trkpt lat="39.8796671" lon="116.7212971">
        <ele>22.55241</ele>
        <time>2026-09-18T23:23:26Z</time>
      </trkpt>
      <trkpt lat="39.8797655" lon="116.7212699">
        <ele>22.54352</ele>
        <time>2026-09-18T23:23:29Z</time>
      </trkpt>
      <trkpt lat="39.8798671" lon="116.7212435">
        <ele>22.53506</ele>
        <time>2026-09-18T23:23:32Z</time>
      </trkpt>
      <trkpt lat="39.8799659" lon="116.7212158">
        <ele>22.51823</ele>
        <time>2026-09-18T23:23:35Z</time>
      </trkpt>
      <trkpt lat="39.8800626" lon="116.7211811">
        <ele>22.49277</ele>
        <time>2026-09-18T23:23:38Z</time>
      </trkpt>
      <trkpt lat="39.8801576" lon="116.721143">
        <ele>22.46395</ele>
        <time>2026-09-18T23:23:41Z</time>
      </trkpt>
      <trkpt lat="39.8802493" lon="116.7211053">
        <ele>22.43309</ele>
        <time>2026-09-18T23:23:44Z</time>
      </trkpt>
      <trkpt lat="39.8803415" lon="116.7210628">
        <ele>22.39627</ele>
        <time>2026-09-18T23:23:47Z</time>
      </trkpt>
      <trkpt lat="39.880433" lon="116.7210156">
        <ele>22.35575</ele>
        <time>2026-09-18T23:23:50Z</time>
      </trkpt>
      <trkpt lat="39.8805187" lon="116.7209654">
        <ele>22.31066</ele>
        <time>2026-09-18T23:23:53Z</time>
      </trkpt>
      <trkpt lat="39.8806051" lon="116.7209172">
        <ele>22.2648</ele>
        <time>2026-09-18T23:23:56Z</time>
      </trkpt>
      <trkpt lat="39.8806885" lon="116.7208579">
        <ele>22.22855</ele>
        <time>2026-09-18T23:23:59Z</time>
      </trkpt>
      <trkpt lat="39.8807651" lon="116.7207849">
        <ele>22.20846</ele>
        <time>2026-09-18T23:24:02Z</time>
      </trkpt>
      <trkpt lat="39.880844" lon="116.7207062">
        <ele>22.20363</ele>
        <time>2026-09-18T23:24:05Z</time>
      </trkpt>
      <trkpt lat="39.8809202" lon="116.7206313">
        <ele>22.21478</ele>
        <time>2026-09-18T23:24:08Z</time>
      </trkpt>
      <trkpt lat="39.8809993" lon="116.7205648">
        <ele>22.24719</ele>
        <time>2026-09-18T23:24:11Z</time>
      </trkpt>
      <trkpt lat="39.8810817" lon="116.7204987">
        <ele>22.29077</ele>
        <time>2026-09-18T23:24:14Z</time>
      </trkpt>
      <trkpt lat="39.8811627" lon="116.7204284">
        <ele>22.33208</ele>
        <time>2026-09-18T23:24:17Z</time>
      </trkpt>
      <trkpt lat="39.8812417" lon="116.7203563">
        <ele>22.36883</ele>
        <time>2026-09-18T23:24:20Z</time>
      </trkpt>
      <trkpt lat="39.8813172" lon="116.7202783">
        <ele>22.39798</ele>
        <time>2026-09-18T23:24:23Z</time>
      </trkpt>
      <trkpt lat="39.881389" lon="116.7201909">
        <ele>22.42269</ele>
        <time>2026-09-18T23:24:26Z</time>
      </trkpt>
      <trkpt lat="39.8814552" lon="116.7201024">
        <ele>22.44836</ele>
        <time>2026-09-18T23:24:29Z</time>
      </trkpt>
      <trkpt lat="39.8815199" lon="116.7200172">
        <ele>22.47677</ele>
        <time>2026-09-18T23:24:32Z</time>
      </trkpt>
      <trkpt lat="39.8815843" lon="116.719927">
        <ele>22.51188</ele>
        <time>2026-09-18T23:24:35Z</time>
      </trkpt>
      <trkpt lat="39.881654" lon="116.7198351">
        <ele>22.55277</ele>
        <time>2026-09-18T23:24:38Z</time>
      </trkpt>
      <trkpt lat="39.8817258" lon="116.7197467">
        <ele>22.59708</ele>
        <time>2026-09-18T23:24:41Z</time>
      </trkpt>
      <trkpt lat="39.8817986" lon="116.7196562">
        <ele>22.63279</ele>
        <time>2026-09-18T23:24:44Z</time>
      </trkpt>
      <trkpt lat="39.8818671" lon="116.7195685">
        <ele>22.63957</ele>
        <time>2026-09-18T23:24:47Z</time>
      </trkpt>
      <trkpt lat="39.8819316" lon="116.7194771">
        <ele>22.61638</ele>
        <time>2026-09-18T23:24:50Z</time>
      </trkpt>
      <trkpt lat="39.8819924" lon="116.7193785">
        <ele>22.58257</ele>
        <time>2026-09-18T23:24:53Z</time>
      </trkpt>
      <trkpt lat="39.8820365" lon="116.719275">
        <ele>22.55232</ele>
        <time>2026-09-18T23:24:56Z</time>
      </trkpt>
      <trkpt lat="39.8820722" lon="116.7191642">
        <ele>22.51683</ele>
        <time>2026-09-18T23:24:59Z</time>
      </trkpt>
      <trkpt lat="39.8821064" lon="116.7190463">
        <ele>22.47794</ele>
        <time>2026-09-18T23:25:02Z</time>
      </trkpt>
      <trkpt lat="39.8821279" lon="116.718928">
        <ele>22.44317</ele>
        <time>2026-09-18T23:25:05Z</time>
      </trkpt>
      <trkpt lat="39.8821439" lon="116.7188113">
        <ele>22.4112</ele>
        <time>2026-09-18T23:25:08Z</time>
      </trkpt>
      <trkpt lat="39.8821642" lon="116.718664">
        <ele>22.36309</ele>
        <time>2026-09-18T23:25:12Z</time>
      </trkpt>
      <trkpt lat="39.8821757" lon="116.718509">
        <ele>22.33232</ele>
        <time>2026-09-18T23:25:16Z</time>
      </trkpt>
      <trkpt lat="39.8821853" lon="116.7183872">
        <ele>22.33512</ele>
        <time>2026-09-18T23:25:19Z</time>
      </trkpt>
      <trkpt lat="39.8821996" lon="116.71827">
        <ele>22.36248</ele>
        <time>2026-09-18T23:25:22Z</time>
      </trkpt>
      <trkpt lat="39.8822021" lon="116.7181183">
        <ele>22.43141</ele>
        <time>2026-09-18T23:25:26Z</time>
      </trkpt>
      <trkpt lat="39.8821846" lon="116.7180022">
        <ele>22.49496</ele>
        <time>2026-09-18T23:25:29Z</time>
      </trkpt>
      <trkpt lat="39.8821613" lon="116.7178775">
        <ele>22.55695</ele>
        <time>2026-09-18T23:25:32Z</time>
      </trkpt>
      <trkpt lat="39.8821382" lon="116.717754">
        <ele>22.60953</ele>
        <time>2026-09-18T23:25:35Z</time>
      </trkpt>
      <trkpt lat="39.8821031" lon="116.717633">
        <ele>22.64805</ele>
        <time>2026-09-18T23:25:38Z</time>
      </trkpt>
      <trkpt lat="39.8820669" lon="116.7175151">
        <ele>22.65813</ele>
        <time>2026-09-18T23:25:41Z</time>
      </trkpt>
      <trkpt lat="39.8820342" lon="116.7174006">
        <ele>22.62947</ele>
        <time>2026-09-18T23:25:44Z</time>
      </trkpt>
      <trkpt lat="39.8819732" lon="116.7172664">
        <ele>22.55569</ele>
        <time>2026-09-18T23:25:48Z</time>
      </trkpt>
      <trkpt lat="39.8819084" lon="116.7171481">
        <ele>22.51521</ele>
        <time>2026-09-18T23:25:52Z</time>
      </trkpt>
      <trkpt lat="39.8818419" lon="116.7170326">
        <ele>22.5433</ele>
        <time>2026-09-18T23:25:56Z</time>
      </trkpt>
      <trkpt lat="39.8817733" lon="116.7169081">
        <ele>22.59051</ele>
        <time>2026-09-18T23:26:00Z</time>
      </trkpt>
      <trkpt lat="39.8817089" lon="116.7167845">
        <ele>22.63526</ele>
        <time>2026-09-18T23:26:04Z</time>
      </trkpt>
      <trkpt lat="39.8816348" lon="116.7166652">
        <ele>22.6914</ele>
        <time>2026-09-18T23:26:08Z</time>
      </trkpt>
      <trkpt lat="39.8815747" lon="116.7165775">
        <ele>22.72951</ele>
        <time>2026-09-18T23:26:11Z</time>
      </trkpt>
      <trkpt lat="39.8814974" lon="116.7164644">
        <ele>22.75946</ele>
        <time>2026-09-18T23:26:15Z</time>
      </trkpt>
      <trkpt lat="39.8814117" lon="116.7163754">
        <ele>22.76124</ele>
        <time>2026-09-18T23:26:19Z</time>
      </trkpt>
      <trkpt lat="39.8813138" lon="116.7162933">
        <ele>22.74703</ele>
        <time>2026-09-18T23:26:23Z</time>
      </trkpt>
      <trkpt lat="39.8812206" lon="116.716202">
        <ele>22.70833</ele>
        <time>2026-09-18T23:26:27Z</time>
      </trkpt>
      <trkpt lat="39.8811297" lon="116.7161047">
        <ele>22.62234</ele>
        <time>2026-09-18T23:26:31Z</time>
      </trkpt>
      <trkpt lat="39.881039" lon="116.7160113">
        <ele>22.54725</ele>
        <time>2026-09-18T23:26:35Z</time>
      </trkpt>
      <trkpt lat="39.8809436" lon="116.7159244">
        <ele>22.51204</ele>
        <time>2026-09-18T23:26:39Z</time>
      </trkpt>
      <trkpt lat="39.8808473" lon="116.7158379">
        <ele>22.48374</ele>
        <time>2026-09-18T23:26:43Z</time>
      </trkpt>
      <trkpt lat="39.8807474" lon="116.7157662">
        <ele>22.47323</ele>
        <time>2026-09-18T23:26:47Z</time>
      </trkpt>
      <trkpt lat="39.8806416" lon="116.7156975">
        <ele>22.47963</ele>
        <time>2026-09-18T23:26:51Z</time>
      </trkpt>
      <trkpt lat="39.8805361" lon="116.715628">
        <ele>22.47736</ele>
        <time>2026-09-18T23:26:55Z</time>
      </trkpt>
      <trkpt lat="39.8804538" lon="116.7155786">
        <ele>22.46464</ele>
        <time>2026-09-18T23:26:58Z</time>
      </trkpt>
      <trkpt lat="39.8803689" lon="116.715527">
        <ele>22.44648</ele>
        <time>2026-09-18T23:27:01Z</time>
      </trkpt>
      <trkpt lat="39.8802774" lon="116.7154772">
        <ele>22.44373</ele>
        <time>2026-09-18T23:27:04Z</time>
      </trkpt>
      <trkpt lat="39.8801823" lon="116.7154269">
        <ele>22.4758</ele>
        <time>2026-09-18T23:27:07Z</time>
      </trkpt>
      <trkpt lat="39.8800945" lon="116.7153711">
        <ele>22.53248</ele>
        <time>2026-09-18T23:27:10Z</time>
      </trkpt>
      <trkpt lat="39.8799831" lon="116.7153159">
        <ele>22.59883</ele>
        <time>2026-09-18T23:27:14Z</time>
      </trkpt>
      <trkpt lat="39.8798958" lon="116.7152846">
        <ele>22.62573</ele>
        <time>2026-09-18T23:27:17Z</time>
      </trkpt>
      <trkpt lat="39.8797816" lon="116.7152463">
        <ele>22.64866</ele>
        <time>2026-09-18T23:27:21Z</time>
      </trkpt>
      <trkpt lat="39.8796917" lon="116.7152336">
        <ele>22.66337</ele>
        <time>2026-09-18T23:27:24Z</time>
      </trkpt>
      <trkpt lat="39.8796" lon="116.7152214">
        <ele>22.65392</ele>
        <time>2026-09-18T23:27:27Z</time>
      </trkpt>
      <trkpt lat="39.8795067" lon="116.7152032">
        <ele>22.61197</ele>
        <time>2026-09-18T23:27:30Z</time>
      </trkpt>
      <trkpt lat="39.8794129" lon="116.7151854">
        <ele>22.55964</ele>
        <time>2026-09-18T23:27:33Z</time>
      </trkpt>
      <trkpt lat="39.8793184" lon="116.7151671">
        <ele>22.51277</ele>
        <time>2026-09-18T23:27:36Z</time>
      </trkpt>
      <trkpt lat="39.8792278" lon="116.715153">
        <ele>22.48264</ele>
        <time>2026-09-18T23:27:39Z</time>
      </trkpt>
      <trkpt lat="39.8791133" lon="116.7151319">
        <ele>22.48429</ele>
        <time>2026-09-18T23:27:43Z</time>
      </trkpt>
      <trkpt lat="39.8789993" lon="116.71513">
        <ele>22.51115</ele>
        <time>2026-09-18T23:27:47Z</time>
      </trkpt>
      <trkpt lat="39.8788889" lon="116.7151294">
        <ele>22.52683</ele>
        <time>2026-09-18T23:27:51Z</time>
      </trkpt>
      <trkpt lat="39.8787731" lon="116.7151215">
        <ele>22.54244</ele>
        <time>2026-09-18T23:27:55Z</time>
      </trkpt>
      <trkpt lat="39.8786815" lon="116.7151194">
        <ele>22.55015</ele>
        <time>2026-09-18T23:27:58Z</time>
      </trkpt>
      <trkpt lat="39.8785909" lon="116.7151189">
        <ele>22.54886</ele>
        <time>2026-09-18T23:28:01Z</time>
      </trkpt>
      <trkpt lat="39.8784723" lon="116.7151135">
        <ele>22.52688</ele>
        <time>2026-09-18T23:28:05Z</time>
      </trkpt>
      <trkpt lat="39.8783572" lon="116.7150942">
        <ele>22.48753</ele>
        <time>2026-09-18T23:28:09Z</time>
      </trkpt>
      <trkpt lat="39.8782662" lon="116.7150771">
        <ele>22.46271</ele>
        <time>2026-09-18T23:28:12Z</time>
      </trkpt>
      <trkpt lat="39.8781482" lon="116.7150559">
        <ele>22.43016</ele>
        <time>2026-09-18T23:28:16Z</time>
      </trkpt>
      <trkpt lat="39.8780597" lon="116.7150333">
        <ele>22.40498</ele>
        <time>2026-09-18T23:28:19Z</time>
      </trkpt>
      <trkpt lat="39.8779699" lon="116.7150022">
        <ele>22.38403</ele>
        <time>2026-09-18T23:28:22Z</time>
      </trkpt>
      <trkpt lat="39.8778814" lon="116.7149633">
        <ele>22.36366</ele>
        <time>2026-09-18T23:28:25Z</time>
      </trkpt>
      <trkpt lat="39.8777957" lon="116.7149108">
        <ele>22.33927</ele>
        <time>2026-09-18T23:28:28Z</time>
      </trkpt>
      <trkpt lat="39.8777142" lon="116.7148533">
        <ele>22.31317</ele>
        <time>2026-09-18T23:28:31Z</time>
      </trkpt>
      <trkpt lat="39.8776332" lon="116.7147936">
        <ele>22.28417</ele>
        <time>2026-09-18T23:28:34Z</time>
      </trkpt>
      <trkpt lat="39.8775531" lon="116.7147336">
        <ele>22.24706</ele>
        <time>2026-09-18T23:28:37Z</time>
      </trkpt>
      <trkpt lat="39.8774748" lon="116.7146743">
        <ele>22.2045</ele>
        <time>2026-09-18T23:28:40Z</time>
      </trkpt>
      <trkpt lat="39.877399" lon="116.7146065">
        <ele>22.16586</ele>
        <time>2026-09-18T23:28:43Z</time>
      </trkpt>
      <trkpt lat="39.8773245" lon="116.7145376">
        <ele>22.13347</ele>
        <time>2026-09-18T23:28:46Z</time>
      </trkpt>
      <trkpt lat="39.8772292" lon="116.7144463">
        <ele>22.09015</ele>
        <time>2026-09-18T23:28:50Z</time>
      </trkpt>
      <trkpt lat="39.8771581" lon="116.714373">
        <ele>22.06693</ele>
        <time>2026-09-18T23:28:53Z</time>
      </trkpt>
      <trkpt lat="39.8770704" lon="116.7142736">
        <ele>22.07611</ele>
        <time>2026-09-18T23:28:57Z</time>
      </trkpt>
      <trkpt lat="39.8769781" lon="116.7141726">
        <ele>22.12536</ele>
        <time>2026-09-18T23:29:01Z</time>
      </trkpt>
      <trkpt lat="39.8768914" lon="116.7140691">
        <ele>22.18088</ele>
        <time>2026-09-18T23:29:05Z</time>
      </trkpt>
      <trkpt lat="39.8768088" lon="116.7139598">
        <ele>22.22919</ele>
        <time>2026-09-18T23:29:09Z</time>
      </trkpt>
      <trkpt lat="39.8767518" lon="116.7138656">
        <ele>22.26455</ele>
        <time>2026-09-18T23:29:12Z</time>
      </trkpt>
      <trkpt lat="39.8766813" lon="116.7137429">
        <ele>22.29518</ele>
        <time>2026-09-18T23:29:16Z</time>
      </trkpt>
      <trkpt lat="39.8766151" lon="116.7136164">
        <ele>22.30664</ele>
        <time>2026-09-18T23:29:20Z</time>
      </trkpt>
      <trkpt lat="39.8765541" lon="116.7134892">
        <ele>22.33189</ele>
        <time>2026-09-18T23:29:24Z</time>
      </trkpt>
      <trkpt lat="39.8765135" lon="116.7133809">
        <ele>22.359</ele>
        <time>2026-09-18T23:29:27Z</time>
      </trkpt>
      <trkpt lat="39.8764756" lon="116.713272">
        <ele>22.38708</ele>
        <time>2026-09-18T23:29:30Z</time>
      </trkpt>
      <trkpt lat="39.8764288" lon="116.7131365">
        <ele>22.43795</ele>
        <time>2026-09-18T23:29:34Z</time>
      </trkpt>
      <trkpt lat="39.8763879" lon="116.7129979">
        <ele>22.49478</ele>
        <time>2026-09-18T23:29:38Z</time>
      </trkpt>
      <trkpt lat="39.8763533" lon="116.7128587">
        <ele>22.54493</ele>
        <time>2026-09-18T23:29:42Z</time>
      </trkpt>
      <trkpt lat="39.8763171" lon="116.7127144">
        <ele>22.58982</ele>
        <time>2026-09-18T23:29:46Z</time>
      </trkpt>
      <trkpt lat="39.8762843" lon="116.7125729">
        <ele>22.63718</ele>
        <time>2026-09-18T23:29:50Z</time>
      </trkpt>
      <trkpt lat="39.8762626" lon="116.7124274">
        <ele>22.68639</ele>
        <time>2026-09-18T23:29:54.001000Z</time>
      </trkpt>
      <trkpt lat="39.8762537" lon="116.7122777">
        <ele>22.7139</ele>
        <time>2026-09-18T23:29:58.001000Z</time>
      </trkpt>
      <trkpt lat="39.8762392" lon="116.712132">
        <ele>22.7394</ele>
        <time>2026-09-18T23:30:02.001000Z</time>
      </trkpt>
      <trkpt lat="39.8762175" lon="116.7119906">
        <ele>22.77554</ele>
        <time>2026-09-18T23:30:06.001000Z</time>
      </trkpt>
      <trkpt lat="39.8761873" lon="116.7118426">
        <ele>22.79953</ele>
        <time>2026-09-18T23:30:10Z</time>
      </trkpt>
      <trkpt lat="39.8761624" lon="116.7116904">
        <ele>22.80616</ele>
        <time>2026-09-18T23:30:14Z</time>
      </trkpt>
      <trkpt lat="39.87614" lon="116.7115412">
        <ele>22.77626</ele>
        <time>2026-09-18T23:30:18Z</time>
      </trkpt>
      <trkpt lat="39.876103" lon="116.711407">
        <ele>22.73214</ele>
        <time>2026-09-18T23:30:22Z</time>
      </trkpt>
      <trkpt lat="39.8760571" lon="116.7112797">
        <ele>22.71004</ele>
        <time>2026-09-18T23:30:26Z</time>
      </trkpt>
      <trkpt lat="39.8760101" lon="116.7111532">
        <ele>22.70331</ele>
        <time>2026-09-18T23:30:30Z</time>
      </trkpt>
      <trkpt lat="39.8759528" lon="116.7110244">
        <ele>22.6866</ele>
        <time>2026-09-18T23:30:34Z</time>
      </trkpt>
      <trkpt lat="39.8758933" lon="116.7108992">
        <ele>22.66451</ele>
        <time>2026-09-18T23:30:38Z</time>
      </trkpt>
      <trkpt lat="39.8758288" lon="116.7107821">
        <ele>22.65031</ele>
        <time>2026-09-18T23:30:42Z</time>
      </trkpt>
      <trkpt lat="39.8757529" lon="116.7106738">
        <ele>22.65029</ele>
        <time>2026-09-18T23:30:46Z</time>
      </trkpt>
      <trkpt lat="39.8756715" lon="116.7105725">
        <ele>22.63456</ele>
        <time>2026-09-18T23:30:50Z</time>
      </trkpt>
      <trkpt lat="39.8755893" lon="116.7104797">
        <ele>22.57418</ele>
        <time>2026-09-18T23:30:54Z</time>
      </trkpt>
      <trkpt lat="39.8755019" lon="116.7103937">
        <ele>22.51198</ele>
        <time>2026-09-18T23:30:58Z</time>
      </trkpt>
      <trkpt lat="39.8754115" lon="116.7103115">
        <ele>22.48908</ele>
        <time>2026-09-18T23:31:02Z</time>
      </trkpt>
      <trkpt lat="39.8753162" lon="116.7102403">
        <ele>22.47693</ele>
        <time>2026-09-18T23:31:06Z</time>
      </trkpt>
      <trkpt lat="39.8752172" lon="116.7101663">
        <ele>22.45214</ele>
        <time>2026-09-18T23:31:10Z</time>
      </trkpt>
      <trkpt lat="39.87512" lon="116.7100932">
        <ele>22.43952</ele>
        <time>2026-09-18T23:31:14Z</time>
      </trkpt>
      <trkpt lat="39.8750199" lon="116.7100428">
        <ele>22.43949</ele>
        <time>2026-09-18T23:31:18Z</time>
      </trkpt>
      <trkpt lat="39.8749145" lon="116.7099934">
        <ele>22.43312</ele>
        <time>2026-09-18T23:31:22Z</time>
      </trkpt>
      <trkpt lat="39.8748092" lon="116.709945">
        <ele>22.42789</ele>
        <time>2026-09-18T23:31:26Z</time>
      </trkpt>
      <trkpt lat="39.8747054" lon="116.709902">
        <ele>22.42825</ele>
        <time>2026-09-18T23:31:30Z</time>
      </trkpt>
      <trkpt lat="39.8745941" lon="116.7098757">
        <ele>22.4525</ele>
        <time>2026-09-18T23:31:34Z</time>
      </trkpt>
      <trkpt lat="39.8744797" lon="116.7098649">
        <ele>22.50809</ele>
        <time>2026-09-18T23:31:38Z</time>
      </trkpt>
      <trkpt lat="39.8743704" lon="116.7098655">
        <ele>22.59647</ele>
        <time>2026-09-18T23:31:42Z</time>
      </trkpt>
      <trkpt lat="39.8742565" lon="116.709876">
        <ele>22.70739</ele>
        <time>2026-09-18T23:31:46Z</time>
      </trkpt>
      <trkpt lat="39.8741405" lon="116.7098881">
        <ele>22.79706</ele>
        <time>2026-09-18T23:31:50Z</time>
      </trkpt>
      <trkpt lat="39.874033" lon="116.7099053">
        <ele>22.84967</ele>
        <time>2026-09-18T23:31:54Z</time>
      </trkpt>
      <trkpt lat="39.8739329" lon="116.7099301">
        <ele>22.90339</ele>
        <time>2026-09-18T23:31:58Z</time>
      </trkpt>
      <trkpt lat="39.8738283" lon="116.7099706">
        <ele>22.97895</ele>
        <time>2026-09-18T23:32:02Z</time>
      </trkpt>
      <trkpt lat="39.8737221" lon="116.710016">
        <ele>23.08153</ele>
        <time>2026-09-18T23:32:06.001000Z</time>
      </trkpt>
      <trkpt lat="39.8736161" lon="116.7100722">
        <ele>23.17678</ele>
        <time>2026-09-18T23:32:10.001000Z</time>
      </trkpt>
      <trkpt lat="39.873511" lon="116.7101228">
        <ele>23.20694</ele>
        <time>2026-09-18T23:32:14.001000Z</time>
      </trkpt>
      <trkpt lat="39.8734122" lon="116.7101732">
        <ele>23.19472</ele>
        <time>2026-09-18T23:32:18.001000Z</time>
      </trkpt>
      <trkpt lat="39.873317" lon="116.7102366">
        <ele>23.1829</ele>
        <time>2026-09-18T23:32:22.001000Z</time>
      </trkpt>
      <trkpt lat="39.8732236" lon="116.7103071">
        <ele>23.1777</ele>
        <time>2026-09-18T23:32:26.001000Z</time>
      </trkpt>
      <trkpt lat="39.8731367" lon="116.710391">
        <ele>23.16351</ele>
        <time>2026-09-18T23:32:30.001000Z</time>
      </trkpt>
      <trkpt lat="39.8730533" lon="116.710482">
        <ele>23.17246</ele>
        <time>2026-09-18T23:32:34.001000Z</time>
      </trkpt>
      <trkpt lat="39.8729729" lon="116.7105847">
        <ele>23.21245</ele>
        <time>2026-09-18T23:32:38.001000Z</time>
      </trkpt>
      <trkpt lat="39.8728934" lon="116.7106876">
        <ele>23.2533</ele>
        <time>2026-09-18T23:32:42.001000Z</time>
      </trkpt>
      <trkpt lat="39.8728155" lon="116.710798">
        <ele>23.28535</ele>
        <time>2026-09-18T23:32:46Z</time>
      </trkpt>
      <trkpt lat="39.87275" lon="116.7109259">
        <ele>23.28444</ele>
        <time>2026-09-18T23:32:50Z</time>
      </trkpt>
      <trkpt lat="39.8726911" lon="116.7110532">
        <ele>23.21945</ele>
        <time>2026-09-18T23:32:54Z</time>
      </trkpt>
      <trkpt lat="39.8726375" lon="116.7111789">
        <ele>23.12334</ele>
        <time>2026-09-18T23:32:58Z</time>
      </trkpt>
      <trkpt lat="39.8725848" lon="116.7113114">
        <ele>23.04901</ele>
        <time>2026-09-18T23:33:02Z</time>
      </trkpt>
      <trkpt lat="39.8725316" lon="116.7114433">
        <ele>23.00654</ele>
        <time>2026-09-18T23:33:06Z</time>
      </trkpt>
      <trkpt lat="39.872475" lon="116.7115737">
        <ele>22.98994</ele>
        <time>2026-09-18T23:33:10Z</time>
      </trkpt>
      <trkpt lat="39.8724116" lon="116.711703">
        <ele>23.01679</ele>
        <time>2026-09-18T23:33:14Z</time>
      </trkpt>
      <trkpt lat="39.8723401" lon="116.7118269">
        <ele>23.08058</ele>
        <time>2026-09-18T23:33:18Z</time>
      </trkpt>
      <trkpt lat="39.8722683" lon="116.7119374">
        <ele>23.13296</ele>
        <time>2026-09-18T23:33:22Z</time>
      </trkpt>
      <trkpt lat="39.8721964" lon="116.7120533">
        <ele>23.16255</ele>
        <time>2026-09-18T23:33:26Z</time>
      </trkpt>
      <trkpt lat="39.8721154" lon="116.7121476">
        <ele>23.20219</ele>
        <time>2026-09-18T23:33:30Z</time>
      </trkpt>
      <trkpt lat="39.8720424" lon="116.7122195">
        <ele>23.2386</ele>
        <time>2026-09-18T23:33:33Z</time>
      </trkpt>
      <trkpt lat="39.8719622" lon="116.7122885">
        <ele>23.26884</ele>
        <time>2026-09-18T23:33:36Z</time>
      </trkpt>
      <trkpt lat="39.871875" lon="116.7123553">
        <ele>23.27536</ele>
        <time>2026-09-18T23:33:39Z</time>
      </trkpt>
      <trkpt lat="39.8717883" lon="116.7124189">
        <ele>23.24443</ele>
        <time>2026-09-18T23:33:42Z</time>
      </trkpt>
      <trkpt lat="39.8717098" lon="116.7124837">
        <ele>23.17626</ele>
        <time>2026-09-18T23:33:45Z</time>
      </trkpt>
      <trkpt lat="39.8716304" lon="116.712547">
        <ele>23.07906</ele>
        <time>2026-09-18T23:33:48Z</time>
      </trkpt>
      <trkpt lat="39.8715209" lon="116.7126113">
        <ele>22.93531</ele>
        <time>2026-09-18T23:33:52Z</time>
      </trkpt>
      <trkpt lat="39.8714335" lon="116.7126517">
        <ele>22.83852</ele>
        <time>2026-09-18T23:33:55Z</time>
      </trkpt>
      <trkpt lat="39.8713466" lon="116.712693">
        <ele>22.74852</ele>
        <time>2026-09-18T23:33:58Z</time>
      </trkpt>
      <trkpt lat="39.8712604" lon="116.7127274">
        <ele>22.65471</ele>
        <time>2026-09-18T23:34:01Z</time>
      </trkpt>
      <trkpt lat="39.8711466" lon="116.7127661">
        <ele>22.52364</ele>
        <time>2026-09-18T23:34:05Z</time>
      </trkpt>
      <trkpt lat="39.8710392" lon="116.7127982">
        <ele>22.41389</ele>
        <time>2026-09-18T23:34:09Z</time>
      </trkpt>
      <trkpt lat="39.870924" lon="116.712817">
        <ele>22.33657</ele>
        <time>2026-09-18T23:34:13Z</time>
      </trkpt>
      <trkpt lat="39.8708347" lon="116.7128369">
        <ele>22.28926</ele>
        <time>2026-09-18T23:34:16Z</time>
      </trkpt>
      <trkpt lat="39.870745" lon="116.7128573">
        <ele>22.25932</ele>
        <time>2026-09-18T23:34:19Z</time>
      </trkpt>
      <trkpt lat="39.8706548" lon="116.7128704">
        <ele>22.25339</ele>
        <time>2026-09-18T23:34:22Z</time>
      </trkpt>
      <trkpt lat="39.8705391" lon="116.7128905">
        <ele>22.29027</ele>
        <time>2026-09-18T23:34:26Z</time>
      </trkpt>
      <trkpt lat="39.8704197" lon="116.7128972">
        <ele>22.3599</ele>
        <time>2026-09-18T23:34:30Z</time>
      </trkpt>
      <trkpt lat="39.8703037" lon="116.7129019">
        <ele>22.4155</ele>
        <time>2026-09-18T23:34:34Z</time>
      </trkpt>
      <trkpt lat="39.8701915" lon="116.7129185">
        <ele>22.4513</ele>
        <time>2026-09-18T23:34:38Z</time>
      </trkpt>
      <trkpt lat="39.8701015" lon="116.7129412">
        <ele>22.47845</ele>
        <time>2026-09-18T23:34:41Z</time>
      </trkpt>
      <trkpt lat="39.8699903" lon="116.7129692">
        <ele>22.52544</ele>
        <time>2026-09-18T23:34:45Z</time>
      </trkpt>
      <trkpt lat="39.8698797" lon="116.7130072">
        <ele>22.58388</ele>
        <time>2026-09-18T23:34:49Z</time>
      </trkpt>
      <trkpt lat="39.8697735" lon="116.7130265">
        <ele>22.42773</ele>
        <time>2026-09-18T23:34:53Z</time>
      </trkpt>
      <trkpt lat="39.8696666" lon="116.7130542">
        <ele>21.98183</ele>
        <time>2026-09-18T23:34:57Z</time>
      </trkpt>
      <trkpt lat="39.8695575" lon="116.7130862">
        <ele>21.56604</ele>
        <time>2026-09-18T23:35:01Z</time>
      </trkpt>
      <trkpt lat="39.8694466" lon="116.7131248">
        <ele>21.42799</ele>
        <time>2026-09-18T23:35:05Z</time>
      </trkpt>
      <trkpt lat="39.8693592" lon="116.7131622">
        <ele>21.48664</ele>
        <time>2026-09-18T23:35:08Z</time>
      </trkpt>
      <trkpt lat="39.8692465" lon="116.7132107">
        <ele>21.65799</ele>
        <time>2026-09-18T23:35:12Z</time>
      </trkpt>
      <trkpt lat="39.8691392" lon="116.7132624">
        <ele>21.83709</ele>
        <time>2026-09-18T23:35:16Z</time>
      </trkpt>
      <trkpt lat="39.8690407" lon="116.7133179">
        <ele>22.06433</ele>
        <time>2026-09-18T23:35:20Z</time>
      </trkpt>
      <trkpt lat="39.8689368" lon="116.7133901">
        <ele>22.40397</ele>
        <time>2026-09-18T23:35:24Z</time>
      </trkpt>
      <trkpt lat="39.8688526" lon="116.7134673">
        <ele>22.80528</ele>
        <time>2026-09-18T23:35:28Z</time>
      </trkpt>
      <trkpt lat="39.868774" lon="116.7135511">
        <ele>22.87926</ele>
        <time>2026-09-18T23:35:32Z</time>
      </trkpt>
      <trkpt lat="39.8686639" lon="116.7136117">
        <ele>24.37588</ele>
        <time>2026-09-18T23:43:17Z</time>
      </trkpt>
      <trkpt lat="39.8685969" lon="116.7137023">
        <ele>21.78232</ele>
        <time>2026-09-18T23:43:23Z</time>
      </trkpt>
      <trkpt lat="39.8685191" lon="116.7138083">
        <ele>21.34317</ele>
        <time>2026-09-18T23:43:27Z</time>
      </trkpt>
      <trkpt lat="39.8684573" lon="116.7139068">
        <ele>21.37419</ele>
        <time>2026-09-18T23:43:30Z</time>
      </trkpt>
      <trkpt lat="39.8683974" lon="116.7140118">
        <ele>21.46839</ele>
        <time>2026-09-18T23:43:33Z</time>
      </trkpt>
      <trkpt lat="39.8683447" lon="116.7141241">
        <ele>21.53842</ele>
        <time>2026-09-18T23:43:36Z</time>
      </trkpt>
      <trkpt lat="39.8683024" lon="116.7142407">
        <ele>21.58546</ele>
        <time>2026-09-18T23:43:39Z</time>
      </trkpt>
      <trkpt lat="39.8682641" lon="116.7143554">
        <ele>21.63531</ele>
        <time>2026-09-18T23:43:42Z</time>
      </trkpt>
      <trkpt lat="39.8682281" lon="116.7144713">
        <ele>21.69519</ele>
        <time>2026-09-18T23:43:45Z</time>
      </trkpt>
      <trkpt lat="39.8682016" lon="116.7145876">
        <ele>21.7571</ele>
        <time>2026-09-18T23:43:48Z</time>
      </trkpt>
      <trkpt lat="39.868189" lon="116.7147049">
        <ele>21.81589</ele>
        <time>2026-09-18T23:43:51Z</time>
      </trkpt>
      <trkpt lat="39.8681919" lon="116.7148311">
        <ele>21.8536</ele>
        <time>2026-09-18T23:43:54Z</time>
      </trkpt>
      <trkpt lat="39.8681951" lon="116.7149604">
        <ele>21.85586</ele>
        <time>2026-09-18T23:43:57Z</time>
      </trkpt>
      <trkpt lat="39.8682047" lon="116.7150824">
        <ele>21.83612</ele>
        <time>2026-09-18T23:44:00Z</time>
      </trkpt>
      <trkpt lat="39.8682204" lon="116.715201">
        <ele>21.80633</ele>
        <time>2026-09-18T23:44:03Z</time>
      </trkpt>
      <trkpt lat="39.8682374" lon="116.7153187">
        <ele>21.78655</ele>
        <time>2026-09-18T23:44:06Z</time>
      </trkpt>
      <trkpt lat="39.8682574" lon="116.7154362">
        <ele>21.79448</ele>
        <time>2026-09-18T23:44:09Z</time>
      </trkpt>
      <trkpt lat="39.8682846" lon="116.7155513">
        <ele>21.82279</ele>
        <time>2026-09-18T23:44:12Z</time>
      </trkpt>
      <trkpt lat="39.86832" lon="116.7156597">
        <ele>21.85188</ele>
        <time>2026-09-18T23:44:15Z</time>
      </trkpt>
      <trkpt lat="39.8683711" lon="116.7157975">
        <ele>21.84948</ele>
        <time>2026-09-18T23:44:19Z</time>
      </trkpt>
      <trkpt lat="39.8684259" lon="116.7159283">
        <ele>21.81259</ele>
        <time>2026-09-18T23:44:23Z</time>
      </trkpt>
      <trkpt lat="39.8684818" lon="116.7160563">
        <ele>21.82129</ele>
        <time>2026-09-18T23:44:27Z</time>
      </trkpt>
      <trkpt lat="39.8685379" lon="116.7161826">
        <ele>21.87399</ele>
        <time>2026-09-18T23:44:31Z</time>
      </trkpt>
      <trkpt lat="39.8686009" lon="116.7163049">
        <ele>21.9301</ele>
        <time>2026-09-18T23:44:35Z</time>
      </trkpt>
      <trkpt lat="39.8686755" lon="116.7164186">
        <ele>21.99085</ele>
        <time>2026-09-18T23:44:39Z</time>
      </trkpt>
      <trkpt lat="39.8687512" lon="116.7165305">
        <ele>22.04569</ele>
        <time>2026-09-18T23:44:43Z</time>
      </trkpt>
      <trkpt lat="39.8688286" lon="116.7166427">
        <ele>22.07014</ele>
        <time>2026-09-18T23:44:47Z</time>
      </trkpt>
      <trkpt lat="39.8688867" lon="116.7167353">
        <ele>22.08074</ele>
        <time>2026-09-18T23:44:50Z</time>
      </trkpt>
      <trkpt lat="39.8689554" lon="116.7168619">
        <ele>22.12368</ele>
        <time>2026-09-18T23:44:54Z</time>
      </trkpt>
      <trkpt lat="39.8690186" lon="116.7169484">
        <ele>22.16301</ele>
        <time>2026-09-18T23:44:57Z</time>
      </trkpt>
      <trkpt lat="39.8691045" lon="116.7170538">
        <ele>22.18942</ele>
        <time>2026-09-18T23:45:01Z</time>
      </trkpt>
      <trkpt lat="39.8691823" lon="116.7171639">
        <ele>22.19568</ele>
        <time>2026-09-18T23:45:05Z</time>
      </trkpt>
      <trkpt lat="39.8692564" lon="116.7172827">
        <ele>22.20793</ele>
        <time>2026-09-18T23:45:09Z</time>
      </trkpt>
      <trkpt lat="39.8693069" lon="116.7173797">
        <ele>22.23328</ele>
        <time>2026-09-18T23:45:12Z</time>
      </trkpt>
      <trkpt lat="39.8693542" lon="116.7174815">
        <ele>22.27137</ele>
        <time>2026-09-18T23:45:15Z</time>
      </trkpt>
      <trkpt lat="39.8694115" lon="116.7176176">
        <ele>22.33964</ele>
        <time>2026-09-18T23:45:19Z</time>
      </trkpt>
      <trkpt lat="39.8694493" lon="116.7177238">
        <ele>22.41362</ele>
        <time>2026-09-18T23:45:22Z</time>
      </trkpt>
      <trkpt lat="39.8694915" lon="116.7178658">
        <ele>22.53503</ele>
        <time>2026-09-18T23:45:26Z</time>
      </trkpt>
      <trkpt lat="39.8695353" lon="116.7180011">
        <ele>22.63917</ele>
        <time>2026-09-18T23:45:30Z</time>
      </trkpt>
      <trkpt lat="39.8695746" lon="116.7181441">
        <ele>22.73328</ele>
        <time>2026-09-18T23:45:34Z</time>
      </trkpt>
      <trkpt lat="39.8696008" lon="116.718294">
        <ele>22.8487</ele>
        <time>2026-09-18T23:45:38Z</time>
      </trkpt>
      <trkpt lat="39.8696205" lon="116.7184454">
        <ele>22.9479</ele>
        <time>2026-09-18T23:45:42Z</time>
      </trkpt>
      <trkpt lat="39.8696433" lon="116.718592">
        <ele>22.99212</ele>
        <time>2026-09-18T23:45:46Z</time>
      </trkpt>
      <trkpt lat="39.8696599" lon="116.7187087">
        <ele>23.00877</ele>
        <time>2026-09-18T23:45:49Z</time>
      </trkpt>
      <trkpt lat="39.8696719" lon="116.7188283">
        <ele>23.02423</ele>
        <time>2026-09-18T23:45:52Z</time>
      </trkpt>
      <trkpt lat="39.8696849" lon="116.7189462">
        <ele>23.03206</ele>
        <time>2026-09-18T23:45:55Z</time>
      </trkpt>
      <trkpt lat="39.8696949" lon="116.7190631">
        <ele>23.02949</ele>
        <time>2026-09-18T23:45:58Z</time>
      </trkpt>
      <trkpt lat="39.8696956" lon="116.7191828">
        <ele>23.03143</ele>
        <time>2026-09-18T23:46:01Z</time>
      </trkpt>
      <trkpt lat="39.8696951" lon="116.7193373">
        <ele>23.04402</ele>
        <time>2026-09-18T23:46:05Z</time>
      </trkpt>
      <trkpt lat="39.8696848" lon="116.7194567">
        <ele>23.05673</ele>
        <time>2026-09-18T23:46:08Z</time>
      </trkpt>
      <trkpt lat="39.8696755" lon="116.7195749">
        <ele>23.08069</ele>
        <time>2026-09-18T23:46:11Z</time>
      </trkpt>
      <trkpt lat="39.869659" lon="116.7197279">
        <ele>23.14397</ele>
        <time>2026-09-18T23:46:15Z</time>
      </trkpt>
      <trkpt lat="39.869638" lon="116.7198423">
        <ele>23.21239</ele>
        <time>2026-09-18T23:46:18Z</time>
      </trkpt>
      <trkpt lat="39.8696018" lon="116.7199906">
        <ele>23.30483</ele>
        <time>2026-09-18T23:46:22Z</time>
      </trkpt>
      <trkpt lat="39.8695662" lon="116.7201009">
        <ele>23.37186</ele>
        <time>2026-09-18T23:46:25Z</time>
      </trkpt>
      <trkpt lat="39.8695223" lon="116.7202446">
        <ele>23.43588</ele>
        <time>2026-09-18T23:46:29Z</time>
      </trkpt>
      <trkpt lat="39.8694766" lon="116.7203828">
        <ele>23.47063</ele>
        <time>2026-09-18T23:46:33Z</time>
      </trkpt>
      <trkpt lat="39.8694378" lon="116.7204893">
        <ele>23.491</ele>
        <time>2026-09-18T23:46:36Z</time>
      </trkpt>
      <trkpt lat="39.8693759" lon="116.7206197">
        <ele>23.54624</ele>
        <time>2026-09-18T23:46:40Z</time>
      </trkpt>
      <trkpt lat="39.8693222" lon="116.7207203">
        <ele>23.60115</ele>
        <time>2026-09-18T23:46:43Z</time>
      </trkpt>
      <trkpt lat="39.8692529" lon="116.7208441">
        <ele>23.64011</ele>
        <time>2026-09-18T23:46:47Z</time>
      </trkpt>
      <trkpt lat="39.8691805" lon="116.7209654">
        <ele>23.63504</ele>
        <time>2026-09-18T23:46:51Z</time>
      </trkpt>
      <trkpt lat="39.8691052" lon="116.7210799">
        <ele>23.63245</ele>
        <time>2026-09-18T23:46:55Z</time>
      </trkpt>
      <trkpt lat="39.8690312" lon="116.7211989">
        <ele>23.64316</ele>
        <time>2026-09-18T23:46:59Z</time>
      </trkpt>
      <trkpt lat="39.8689539" lon="116.7213097">
        <ele>23.63962</ele>
        <time>2026-09-18T23:47:03Z</time>
      </trkpt>
      <trkpt lat="39.8688821" lon="116.7214222">
        <ele>23.58302</ele>
        <time>2026-09-18T23:47:07Z</time>
      </trkpt>
      <trkpt lat="39.868805" lon="116.7215349">
        <ele>23.48003</ele>
        <time>2026-09-18T23:47:11Z</time>
      </trkpt>
      <trkpt lat="39.8687418" lon="116.7216218">
        <ele>23.37707</ele>
        <time>2026-09-18T23:47:14Z</time>
      </trkpt>
      <trkpt lat="39.8686754" lon="116.7217134">
        <ele>23.26799</ele>
        <time>2026-09-18T23:47:17Z</time>
      </trkpt>
      <trkpt lat="39.8686125" lon="116.7218041">
        <ele>23.16239</ele>
        <time>2026-09-18T23:47:20Z</time>
      </trkpt>
      <trkpt lat="39.8685321" lon="116.7219192">
        <ele>23.02464</ele>
        <time>2026-09-18T23:47:24Z</time>
      </trkpt>
      <trkpt lat="39.8684714" lon="116.7220061">
        <ele>22.91678</ele>
        <time>2026-09-18T23:47:27Z</time>
      </trkpt>
      <trkpt lat="39.8683959" lon="116.7221258">
        <ele>22.75286</ele>
        <time>2026-09-18T23:47:31Z</time>
      </trkpt>
      <trkpt lat="39.8683241" lon="116.7222494">
        <ele>22.59699</ele>
        <time>2026-09-18T23:47:35Z</time>
      </trkpt>
      <trkpt lat="39.8682691" lon="116.7223432">
        <ele>22.52082</ele>
        <time>2026-09-18T23:47:38Z</time>
      </trkpt>
      <trkpt lat="39.8682165" lon="116.7224381">
        <ele>22.48238</ele>
        <time>2026-09-18T23:47:41Z</time>
      </trkpt>
      <trkpt lat="39.8681515" lon="116.7225655">
        <ele>22.46437</ele>
        <time>2026-09-18T23:47:45Z</time>
      </trkpt>
      <trkpt lat="39.868091" lon="116.7226918">
        <ele>22.46095</ele>
        <time>2026-09-18T23:47:49Z</time>
      </trkpt>
      <trkpt lat="39.8680456" lon="116.7227965">
        <ele>22.45215</ele>
        <time>2026-09-18T23:47:52Z</time>
      </trkpt>
      <trkpt lat="39.8679971" lon="116.7229348">
        <ele>22.41349</ele>
        <time>2026-09-18T23:47:56Z</time>
      </trkpt>
      <trkpt lat="39.867962" lon="116.7230431">
        <ele>22.37891</ele>
        <time>2026-09-18T23:47:59Z</time>
      </trkpt>
      <trkpt lat="39.8679318" lon="116.7231559">
        <ele>22.33764</ele>
        <time>2026-09-18T23:48:02Z</time>
      </trkpt>
      <trkpt lat="39.867899" lon="116.7233011">
        <ele>22.26261</ele>
        <time>2026-09-18T23:48:06Z</time>
      </trkpt>
      <trkpt lat="39.8678708" lon="116.7234474">
        <ele>22.22937</ele>
        <time>2026-09-18T23:48:10Z</time>
      </trkpt>
      <trkpt lat="39.8678439" lon="116.7235934">
        <ele>22.27128</ele>
        <time>2026-09-18T23:48:14Z</time>
      </trkpt>
      <trkpt lat="39.8678296" lon="116.7237461">
        <ele>22.34301</ele>
        <time>2026-09-18T23:48:18Z</time>
      </trkpt>
      <trkpt lat="39.8678254" lon="116.7238944">
        <ele>22.38459</ele>
        <time>2026-09-18T23:48:22Z</time>
      </trkpt>
      <trkpt lat="39.8678204" lon="116.7240492">
        <ele>22.38587</ele>
        <time>2026-09-18T23:48:26Z</time>
      </trkpt>
      <trkpt lat="39.8678206" lon="116.7242018">
        <ele>22.36212</ele>
        <time>2026-09-18T23:48:30Z</time>
      </trkpt>
      <trkpt lat="39.8678298" lon="116.7243479">
        <ele>22.33781</ele>
        <time>2026-09-18T23:48:34Z</time>
      </trkpt>
      <trkpt lat="39.8678494" lon="116.7244927">
        <ele>22.33697</ele>
        <time>2026-09-18T23:48:38Z</time>
      </trkpt>
      <trkpt lat="39.8678788" lon="116.7246307">
        <ele>22.33919</ele>
        <time>2026-09-18T23:48:42Z</time>
      </trkpt>
      <trkpt lat="39.8679134" lon="116.7247656">
        <ele>22.34698</ele>
        <time>2026-09-18T23:48:46Z</time>
      </trkpt>
      <trkpt lat="39.8679557" lon="116.724903">
        <ele>22.37529</ele>
        <time>2026-09-18T23:48:50Z</time>
      </trkpt>
      <trkpt lat="39.8680075" lon="116.7250347">
        <ele>22.38966</ele>
        <time>2026-09-18T23:48:54Z</time>
      </trkpt>
      <trkpt lat="39.8680695" lon="116.7251582">
        <ele>22.38965</ele>
        <time>2026-09-18T23:48:58Z</time>
      </trkpt>
      <trkpt lat="39.8681456" lon="116.7252777">
        <ele>22.39194</ele>
        <time>2026-09-18T23:49:02Z</time>
      </trkpt>
      <trkpt lat="39.8682246" lon="116.7253879">
        <ele>22.40668</ele>
        <time>2026-09-18T23:49:06Z</time>
      </trkpt>
      <trkpt lat="39.8683081" lon="116.7254889">
        <ele>22.44965</ele>
        <time>2026-09-18T23:49:10Z</time>
      </trkpt>
      <trkpt lat="39.8683875" lon="116.7255818">
        <ele>22.51069</ele>
        <time>2026-09-18T23:49:14Z</time>
      </trkpt>
      <trkpt lat="39.8684789" lon="116.7256582">
        <ele>22.56863</ele>
        <time>2026-09-18T23:49:18Z</time>
      </trkpt>
      <trkpt lat="39.8685785" lon="116.7257269">
        <ele>22.599</ele>
        <time>2026-09-18T23:49:22Z</time>
      </trkpt>
      <trkpt lat="39.8686698" lon="116.7258">
        <ele>22.60298</ele>
        <time>2026-09-18T23:49:26Z</time>
      </trkpt>
      <trkpt lat="39.8687686" lon="116.7258509">
        <ele>22.59779</ele>
        <time>2026-09-18T23:49:30Z</time>
      </trkpt>
      <trkpt lat="39.8688772" lon="116.7258836">
        <ele>22.60695</ele>
        <time>2026-09-18T23:49:34Z</time>
      </trkpt>
      <trkpt lat="39.8689872" lon="116.7259124">
        <ele>22.6331</ele>
        <time>2026-09-18T23:49:38Z</time>
      </trkpt>
      <trkpt lat="39.8690983" lon="116.7259362">
        <ele>22.65229</ele>
        <time>2026-09-18T23:49:42Z</time>
      </trkpt>
      <trkpt lat="39.8692127" lon="116.7259391">
        <ele>22.6653</ele>
        <time>2026-09-18T23:49:46Z</time>
      </trkpt>
      <trkpt lat="39.869329" lon="116.7259317">
        <ele>22.68118</ele>
        <time>2026-09-18T23:49:50Z</time>
      </trkpt>
      <trkpt lat="39.8694367" lon="116.7259184">
        <ele>22.69317</ele>
        <time>2026-09-18T23:49:54Z</time>
      </trkpt>
      <trkpt lat="39.8695443" lon="116.7259046">
        <ele>22.71301</ele>
        <time>2026-09-18T23:49:58Z</time>
      </trkpt>
      <trkpt lat="39.8696522" lon="116.7258875">
        <ele>22.73522</ele>
        <time>2026-09-18T23:50:02Z</time>
      </trkpt>
      <trkpt lat="39.869757" lon="116.7258643">
        <ele>22.74923</ele>
        <time>2026-09-18T23:50:06Z</time>
      </trkpt>
      <trkpt lat="39.8698594" lon="116.7258318">
        <ele>22.78088</ele>
        <time>2026-09-18T23:50:10Z</time>
      </trkpt>
      <trkpt lat="39.8699667" lon="116.7257944">
        <ele>22.84285</ele>
        <time>2026-09-18T23:50:14Z</time>
      </trkpt>
      <trkpt lat="39.870065" lon="116.7257514">
        <ele>22.90131</ele>
        <time>2026-09-18T23:50:18Z</time>
      </trkpt>
      <trkpt lat="39.8701665" lon="116.7257054">
        <ele>22.93423</ele>
        <time>2026-09-18T23:50:22Z</time>
      </trkpt>
      <trkpt lat="39.8702679" lon="116.7256618">
        <ele>22.97979</ele>
        <time>2026-09-18T23:50:26Z</time>
      </trkpt>
      <trkpt lat="39.8703698" lon="116.7256315">
        <ele>23.05018</ele>
        <time>2026-09-18T23:50:30Z</time>
      </trkpt>
      <trkpt lat="39.8704749" lon="116.7255805">
        <ele>23.1056</ele>
        <time>2026-09-18T23:50:34Z</time>
      </trkpt>
      <trkpt lat="39.8705783" lon="116.7255217">
        <ele>23.14228</ele>
        <time>2026-09-18T23:50:38Z</time>
      </trkpt>
      <trkpt lat="39.8706739" lon="116.725463">
        <ele>23.17177</ele>
        <time>2026-09-18T23:50:42Z</time>
      </trkpt>
      <trkpt lat="39.870776" lon="116.7254093">
        <ele>23.19493</ele>
        <time>2026-09-18T23:50:46Z</time>
      </trkpt>
      <trkpt lat="39.8708815" lon="116.7253515">
        <ele>23.19085</ele>
        <time>2026-09-18T23:50:50Z</time>
      </trkpt>
      <trkpt lat="39.870987" lon="116.7253116">
        <ele>23.17125</ele>
        <time>2026-09-18T23:50:54Z</time>
      </trkpt>
      <trkpt lat="39.8710884" lon="116.7252587">
        <ele>23.1565</ele>
        <time>2026-09-18T23:50:58Z</time>
      </trkpt>
      <trkpt lat="39.8711957" lon="116.7252086">
        <ele>23.14611</ele>
        <time>2026-09-18T23:51:02Z</time>
      </trkpt>
      <trkpt lat="39.8713083" lon="116.7251808">
        <ele>23.15127</ele>
        <time>2026-09-18T23:51:06Z</time>
      </trkpt>
      <trkpt lat="39.8714177" lon="116.7251773">
        <ele>23.20278</ele>
        <time>2026-09-18T23:51:10Z</time>
      </trkpt>
      <trkpt lat="39.8715324" lon="116.7251798">
        <ele>23.27776</ele>
        <time>2026-09-18T23:51:14Z</time>
      </trkpt>
      <trkpt lat="39.8716263" lon="116.7251844">
        <ele>23.32955</ele>
        <time>2026-09-18T23:51:17Z</time>
      </trkpt>
      <trkpt lat="39.8717198" lon="116.7252032">
        <ele>23.39154</ele>
        <time>2026-09-18T23:51:20Z</time>
      </trkpt>
      <trkpt lat="39.8718097" lon="116.7252219">
        <ele>23.48832</ele>
        <time>2026-09-18T23:51:23Z</time>
      </trkpt>
      <trkpt lat="39.8719254" lon="116.7252395">
        <ele>23.70138</ele>
        <time>2026-09-18T23:51:27Z</time>
      </trkpt>
      <trkpt lat="39.8720379" lon="116.7252583">
        <ele>24.00572</ele>
        <time>2026-09-18T23:51:31Z</time>
      </trkpt>
      <trkpt lat="39.8721463" lon="116.7252869">
        <ele>24.38936</ele>
        <time>2026-09-18T23:51:35Z</time>
      </trkpt>
      <trkpt lat="39.8722518" lon="116.7253328">
        <ele>24.86949</ele>
        <time>2026-09-18T23:51:39Z</time>
      </trkpt>
      <trkpt lat="39.8723564" lon="116.7253821">
        <ele>25.41681</ele>
        <time>2026-09-18T23:51:43Z</time>
      </trkpt>
      <trkpt lat="39.8724576" lon="116.7254396">
        <ele>25.9899</ele>
        <time>2026-09-18T23:51:47Z</time>
      </trkpt>
      <trkpt lat="39.8725561" lon="116.7255023">
        <ele>26.51272</ele>
        <time>2026-09-18T23:51:51Z</time>
      </trkpt>
      <trkpt lat="39.872653" lon="116.7255682">
        <ele>26.91472</ele>
        <time>2026-09-18T23:51:55Z</time>
      </trkpt>
      <trkpt lat="39.8727486" lon="116.7256331">
        <ele>27.1844</ele>
        <time>2026-09-18T23:51:59Z</time>
      </trkpt>
      <trkpt lat="39.8728384" lon="116.7257069">
        <ele>27.30242</ele>
        <time>2026-09-18T23:52:03Z</time>
      </trkpt>
      <trkpt lat="39.8729207" lon="116.7257909">
        <ele>27.29568</ele>
        <time>2026-09-18T23:52:07Z</time>
      </trkpt>
      <trkpt lat="39.8730013" lon="116.7258787">
        <ele>27.22131</ele>
        <time>2026-09-18T23:52:11Z</time>
      </trkpt>
      <trkpt lat="39.8730833" lon="116.7259789">
        <ele>27.11567</ele>
        <time>2026-09-18T23:52:15Z</time>
      </trkpt>
      <trkpt lat="39.873165" lon="116.7260853">
        <ele>26.99737</ele>
        <time>2026-09-18T23:52:19Z</time>
      </trkpt>
      <trkpt lat="39.8732459" lon="116.7261879">
        <ele>26.86544</ele>
        <time>2026-09-18T23:52:23Z</time>
      </trkpt>
      <trkpt lat="39.873323" lon="116.7262963">
        <ele>26.74348</ele>
        <time>2026-09-18T23:52:27Z</time>
      </trkpt>
      <trkpt lat="39.8733877" lon="116.7264183">
        <ele>26.63314</ele>
        <time>2026-09-18T23:52:31Z</time>
      </trkpt>
      <trkpt lat="39.873446" lon="116.7265429">
        <ele>26.50869</ele>
        <time>2026-09-18T23:52:35Z</time>
      </trkpt>
      <trkpt lat="39.8735064" lon="116.7266709">
        <ele>26.36581</ele>
        <time>2026-09-18T23:52:39Z</time>
      </trkpt>
      <trkpt lat="39.8735663" lon="116.7268005">
        <ele>26.20753</ele>
        <time>2026-09-18T23:52:43Z</time>
      </trkpt>
      <trkpt lat="39.873617" lon="116.7269351">
        <ele>26.00776</ele>
        <time>2026-09-18T23:52:47Z</time>
      </trkpt>
      <trkpt lat="39.8736595" lon="116.7270726">
        <ele>25.79707</ele>
        <time>2026-09-18T23:52:51Z</time>
      </trkpt>
      <trkpt lat="39.8737095" lon="116.7271999">
        <ele>25.61757</ele>
        <time>2026-09-18T23:52:55Z</time>
      </trkpt>
      <trkpt lat="39.8737645" lon="116.7273194">
        <ele>25.51546</ele>
        <time>2026-09-18T23:52:59Z</time>
      </trkpt>
      <trkpt lat="39.8738329" lon="116.7274301">
        <ele>25.46848</ele>
        <time>2026-09-18T23:53:03Z</time>
      </trkpt>
      <trkpt lat="39.8739102" lon="116.7275347">
        <ele>25.4042</ele>
        <time>2026-09-18T23:53:07Z</time>
      </trkpt>
      <trkpt lat="39.8739971" lon="116.7276291">
        <ele>25.30496</ele>
        <time>2026-09-18T23:53:11Z</time>
      </trkpt>
      <trkpt lat="39.8740935" lon="116.7277083">
        <ele>25.19639</ele>
        <time>2026-09-18T23:53:15Z</time>
      </trkpt>
      <trkpt lat="39.8741884" lon="116.7277833">
        <ele>25.10607</ele>
        <time>2026-09-18T23:53:19Z</time>
      </trkpt>
      <trkpt lat="39.8742841" lon="116.7278519">
        <ele>25.05709</ele>
        <time>2026-09-18T23:53:23Z</time>
      </trkpt>
      <trkpt lat="39.8743863" lon="116.7279115">
        <ele>25.02461</ele>
        <time>2026-09-18T23:53:27Z</time>
      </trkpt>
      <trkpt lat="39.874492" lon="116.7279567">
        <ele>24.98497</ele>
        <time>2026-09-18T23:53:31Z</time>
      </trkpt>
      <trkpt lat="39.8746056" lon="116.7279822">
        <ele>24.9896</ele>
        <time>2026-09-18T23:53:35Z</time>
      </trkpt>
      <trkpt lat="39.8747148" lon="116.7280007">
        <ele>25.05351</ele>
        <time>2026-09-18T23:53:39Z</time>
      </trkpt>
      <trkpt lat="39.8748231" lon="116.728006">
        <ele>25.09901</ele>
        <time>2026-09-18T23:53:43Z</time>
      </trkpt>
      <trkpt lat="39.8749301" lon="116.72799">
        <ele>25.06856</ele>
        <time>2026-09-18T23:53:47Z</time>
      </trkpt>
      <trkpt lat="39.8750354" lon="116.7279514">
        <ele>24.99133</ele>
        <time>2026-09-18T23:53:51Z</time>
      </trkpt>
      <trkpt lat="39.8751427" lon="116.7279123">
        <ele>24.91219</ele>
        <time>2026-09-18T23:53:55Z</time>
      </trkpt>
      <trkpt lat="39.8752443" lon="116.7278648">
        <ele>24.87503</ele>
        <time>2026-09-18T23:53:59Z</time>
      </trkpt>
      <trkpt lat="39.875344" lon="116.727801">
        <ele>24.89778</ele>
        <time>2026-09-18T23:54:03Z</time>
      </trkpt>
      <trkpt lat="39.8754416" lon="116.7277324">
        <ele>24.97412</ele>
        <time>2026-09-18T23:54:07Z</time>
      </trkpt>
      <trkpt lat="39.8755361" lon="116.7276681">
        <ele>25.05791</ele>
        <time>2026-09-18T23:54:11Z</time>
      </trkpt>
      <trkpt lat="39.8756342" lon="116.7275987">
        <ele>25.1315</ele>
        <time>2026-09-18T23:54:15Z</time>
      </trkpt>
      <trkpt lat="39.8757333" lon="116.7275254">
        <ele>25.20381</ele>
        <time>2026-09-18T23:54:19Z</time>
      </trkpt>
      <trkpt lat="39.8758253" lon="116.7274483">
        <ele>25.27102</ele>
        <time>2026-09-18T23:54:23Z</time>
      </trkpt>
      <trkpt lat="39.8759139" lon="116.727369">
        <ele>25.34691</ele>
        <time>2026-09-18T23:54:27Z</time>
      </trkpt>
      <trkpt lat="39.8760055" lon="116.7272901">
        <ele>25.44519</ele>
        <time>2026-09-18T23:54:31Z</time>
      </trkpt>
      <trkpt lat="39.8760923" lon="116.7272003">
        <ele>25.59126</ele>
        <time>2026-09-18T23:54:35Z</time>
      </trkpt>
      <trkpt lat="39.8761751" lon="116.7271051">
        <ele>25.79614</ele>
        <time>2026-09-18T23:54:39Z</time>
      </trkpt>
      <trkpt lat="39.8762565" lon="116.7270069">
        <ele>26.01465</ele>
        <time>2026-09-18T23:54:43Z</time>
      </trkpt>
      <trkpt lat="39.8763327" lon="116.7269032">
        <ele>26.2349</ele>
        <time>2026-09-18T23:54:47Z</time>
      </trkpt>
      <trkpt lat="39.8764077" lon="116.7267956">
        <ele>26.47355</ele>
        <time>2026-09-18T23:54:51Z</time>
      </trkpt>
      <trkpt lat="39.8764749" lon="116.7266842">
        <ele>26.70708</ele>
        <time>2026-09-18T23:54:55Z</time>
      </trkpt>
      <trkpt lat="39.876538" lon="116.7265739">
        <ele>26.89814</ele>
        <time>2026-09-18T23:54:59Z</time>
      </trkpt>
      <trkpt lat="39.8765955" lon="116.726457">
        <ele>27.05951</ele>
        <time>2026-09-18T23:55:03Z</time>
      </trkpt>
      <trkpt lat="39.8766427" lon="116.7263313">
        <ele>27.23872</ele>
        <time>2026-09-18T23:55:07Z</time>
      </trkpt>
      <trkpt lat="39.8766973" lon="116.7262006">
        <ele>27.41516</ele>
        <time>2026-09-18T23:55:11Z</time>
      </trkpt>
      <trkpt lat="39.8767529" lon="116.7260742">
        <ele>27.50428</ele>
        <time>2026-09-18T23:55:15Z</time>
      </trkpt>
      <trkpt lat="39.8768007" lon="116.7259455">
        <ele>27.49673</ele>
        <time>2026-09-18T23:55:19Z</time>
      </trkpt>
      <trkpt lat="39.8768294" lon="116.7258115">
        <ele>27.45361</ele>
        <time>2026-09-18T23:55:23Z</time>
      </trkpt>
      <trkpt lat="39.8768536" lon="116.7256757">
        <ele>27.44662</ele>
        <time>2026-09-18T23:55:27Z</time>
      </trkpt>
      <trkpt lat="39.8768863" lon="116.7255311">
        <ele>27.48282</ele>
        <time>2026-09-18T23:55:31Z</time>
      </trkpt>
      <trkpt lat="39.8769165" lon="116.7253973">
        <ele>27.50163</ele>
        <time>2026-09-18T23:55:35Z</time>
      </trkpt>
      <trkpt lat="39.8769323" lon="116.7252603">
        <ele>27.44019</ele>
        <time>2026-09-18T23:55:39Z</time>
      </trkpt>
      <trkpt lat="39.8769447" lon="116.7251194">
        <ele>27.2676</ele>
        <time>2026-09-18T23:55:43Z</time>
      </trkpt>
      <trkpt lat="39.8769534" lon="116.7249797">
        <ele>27.05941</ele>
        <time>2026-09-18T23:55:47Z</time>
      </trkpt>
      <trkpt lat="39.8769628" lon="116.7248397">
        <ele>26.92185</ele>
        <time>2026-09-18T23:55:51Z</time>
      </trkpt>
      <trkpt lat="39.8769628" lon="116.7247022">
        <ele>26.84064</ele>
        <time>2026-09-18T23:55:55Z</time>
      </trkpt>
      <trkpt lat="39.8769555" lon="116.7245599">
        <ele>26.77108</ele>
        <time>2026-09-18T23:55:59Z</time>
      </trkpt>
      <trkpt lat="39.8769437" lon="116.7244118">
        <ele>26.69648</ele>
        <time>2026-09-18T23:56:03Z</time>
      </trkpt>
      <trkpt lat="39.8769301" lon="116.7242678">
        <ele>26.62513</ele>
        <time>2026-09-18T23:56:07Z</time>
      </trkpt>
      <trkpt lat="39.8769149" lon="116.7241198">
        <ele>26.53896</ele>
        <time>2026-09-18T23:56:11Z</time>
      </trkpt>
      <trkpt lat="39.8768969" lon="116.7239745">
        <ele>26.40586</ele>
        <time>2026-09-18T23:56:15Z</time>
      </trkpt>
      <trkpt lat="39.8768855" lon="116.7238301">
        <ele>26.2592</ele>
        <time>2026-09-18T23:56:19Z</time>
      </trkpt>
      <trkpt lat="39.8768771" lon="116.7236843">
        <ele>26.11147</ele>
        <time>2026-09-18T23:56:23Z</time>
      </trkpt>
      <trkpt lat="39.8768737" lon="116.7235368">
        <ele>25.96747</ele>
        <time>2026-09-18T23:56:27Z</time>
      </trkpt>
      <trkpt lat="39.8768806" lon="116.7233895">
        <ele>25.8563</ele>
        <time>2026-09-18T23:56:31Z</time>
      </trkpt>
      <trkpt lat="39.8768896" lon="116.7232727">
        <ele>25.80475</ele>
        <time>2026-09-18T23:56:34Z</time>
      </trkpt>
      <trkpt lat="39.8768928" lon="116.7231498">
        <ele>25.75666</ele>
        <time>2026-09-18T23:56:37Z</time>
      </trkpt>
      <trkpt lat="39.8769003" lon="116.7230266">
        <ele>25.69722</ele>
        <time>2026-09-18T23:56:40Z</time>
      </trkpt>
      <trkpt lat="39.8769176" lon="116.7228983">
        <ele>25.63925</ele>
        <time>2026-09-18T23:56:43Z</time>
      </trkpt>
      <trkpt lat="39.8769387" lon="116.7227741">
        <ele>25.57817</ele>
        <time>2026-09-18T23:56:46Z</time>
      </trkpt>
      <trkpt lat="39.8769663" lon="116.7226529">
        <ele>25.50904</ele>
        <time>2026-09-18T23:56:49Z</time>
      </trkpt>
      <trkpt lat="39.8770002" lon="116.7225297">
        <ele>25.43081</ele>
        <time>2026-09-18T23:56:52Z</time>
      </trkpt>
      <trkpt lat="39.8770349" lon="116.7224047">
        <ele>25.33137</ele>
        <time>2026-09-18T23:56:55Z</time>
      </trkpt>
      <trkpt lat="39.8770748" lon="116.7222857">
        <ele>25.20317</ele>
        <time>2026-09-18T23:56:58Z</time>
      </trkpt>
      <trkpt lat="39.877129" lon="116.722169">
        <ele>25.05406</ele>
        <time>2026-09-18T23:57:01Z</time>
      </trkpt>
      <trkpt lat="39.877188" lon="116.7220618">
        <ele>24.90992</ele>
        <time>2026-09-18T23:57:04Z</time>
      </trkpt>
      <trkpt lat="39.8772516" lon="116.7219626">
        <ele>24.78612</ele>
        <time>2026-09-18T23:57:07Z</time>
      </trkpt>
      <trkpt lat="39.8773181" lon="116.7218635">
        <ele>24.68651</ele>
        <time>2026-09-18T23:57:10Z</time>
      </trkpt>
      <trkpt lat="39.8773833" lon="116.7217602">
        <ele>24.61714</ele>
        <time>2026-09-18T23:57:13Z</time>
      </trkpt>
      <trkpt lat="39.8774555" lon="116.7216656">
        <ele>24.5685</ele>
        <time>2026-09-18T23:57:16Z</time>
      </trkpt>
      <trkpt lat="39.8775392" lon="116.7215815">
        <ele>24.52207</ele>
        <time>2026-09-18T23:57:19Z</time>
      </trkpt>
      <trkpt lat="39.8776319" lon="116.7215097">
        <ele>24.47453</ele>
        <time>2026-09-18T23:57:22Z</time>
      </trkpt>
      <trkpt lat="39.8777325" lon="116.7214434">
        <ele>24.42934</ele>
        <time>2026-09-18T23:57:25Z</time>
      </trkpt>
      <trkpt lat="39.8778328" lon="116.7213909">
        <ele>24.37224</ele>
        <time>2026-09-18T23:57:28Z</time>
      </trkpt>
      <trkpt lat="39.8779313" lon="116.721337">
        <ele>24.26188</ele>
        <time>2026-09-18T23:57:31Z</time>
      </trkpt>
      <trkpt lat="39.8780292" lon="116.7212883">
        <ele>24.09409</ele>
        <time>2026-09-18T23:57:34Z</time>
      </trkpt>
      <trkpt lat="39.8781316" lon="116.7212491">
        <ele>23.92214</ele>
        <time>2026-09-18T23:57:37Z</time>
      </trkpt>
      <trkpt lat="39.8782286" lon="116.7212232">
        <ele>23.78428</ele>
        <time>2026-09-18T23:57:40Z</time>
      </trkpt>
      <trkpt lat="39.8783295" lon="116.721207">
        <ele>23.66813</ele>
        <time>2026-09-18T23:57:43Z</time>
      </trkpt>
      <trkpt lat="39.8784308" lon="116.7212022">
        <ele>23.57361</ele>
        <time>2026-09-18T23:57:46Z</time>
      </trkpt>
      <trkpt lat="39.8785315" lon="116.7212081">
        <ele>23.51105</ele>
        <time>2026-09-18T23:57:49Z</time>
      </trkpt>
      <trkpt lat="39.8786338" lon="116.7212202">
        <ele>23.46045</ele>
        <time>2026-09-18T23:57:52Z</time>
      </trkpt>
      <trkpt lat="39.8787356" lon="116.7212278">
        <ele>23.38239</ele>
        <time>2026-09-18T23:57:55Z</time>
      </trkpt>
      <trkpt lat="39.8788337" lon="116.7212363">
        <ele>23.27897</ele>
        <time>2026-09-18T23:57:58Z</time>
      </trkpt>
      <trkpt lat="39.8789313" lon="116.7212542">
        <ele>23.17574</ele>
        <time>2026-09-18T23:58:01Z</time>
      </trkpt>
      <trkpt lat="39.8790239" lon="116.7212667">
        <ele>23.0973</ele>
        <time>2026-09-18T23:58:04Z</time>
      </trkpt>
      <trkpt lat="39.8791215" lon="116.7212791">
        <ele>23.05731</ele>
        <time>2026-09-18T23:58:07Z</time>
      </trkpt>
      <trkpt lat="39.8792152" lon="116.721289">
        <ele>23.04451</ele>
        <time>2026-09-18T23:58:10Z</time>
      </trkpt>
      <trkpt lat="39.879308" lon="116.72129">
        <ele>23.03582</ele>
        <time>2026-09-18T23:58:13Z</time>
      </trkpt>
      <trkpt lat="39.8793993" lon="116.721281">
        <ele>23.00791</ele>
        <time>2026-09-18T23:58:16Z</time>
      </trkpt>
      <trkpt lat="39.8795175" lon="116.7212746">
        <ele>22.92948</ele>
        <time>2026-09-18T23:58:20Z</time>
      </trkpt>
      <trkpt lat="39.8796298" lon="116.7212579">
        <ele>22.84755</ele>
        <time>2026-09-18T23:58:24Z</time>
      </trkpt>
      <trkpt lat="39.879747" lon="116.721249">
        <ele>22.81024</ele>
        <time>2026-09-18T23:58:28Z</time>
      </trkpt>
      <trkpt lat="39.8798619" lon="116.721228">
        <ele>22.81079</ele>
        <time>2026-09-18T23:58:32Z</time>
      </trkpt>
      <trkpt lat="39.8799762" lon="116.7211982">
        <ele>22.78582</ele>
        <time>2026-09-18T23:58:36Z</time>
      </trkpt>
      <trkpt lat="39.8800897" lon="116.7211487">
        <ele>22.73416</ele>
        <time>2026-09-18T23:58:40Z</time>
      </trkpt>
      <trkpt lat="39.8801993" lon="116.7210918">
        <ele>22.696</ele>
        <time>2026-09-18T23:58:44Z</time>
      </trkpt>
      <trkpt lat="39.8803079" lon="116.7210316">
        <ele>22.65726</ele>
        <time>2026-09-18T23:58:48Z</time>
      </trkpt>
      <trkpt lat="39.8804174" lon="116.7209755">
        <ele>22.63354</ele>
        <time>2026-09-18T23:58:52Z</time>
      </trkpt>
      <trkpt lat="39.8805209" lon="116.720918">
        <ele>22.64671</ele>
        <time>2026-09-18T23:58:56Z</time>
      </trkpt>
      <trkpt lat="39.8806237" lon="116.7208519">
        <ele>22.64607</ele>
        <time>2026-09-18T23:59:00Z</time>
      </trkpt>
      <trkpt lat="39.8807225" lon="116.7207766">
        <ele>22.60851</ele>
        <time>2026-09-18T23:59:04Z</time>
      </trkpt>
      <trkpt lat="39.8808253" lon="116.7207013">
        <ele>22.57753</ele>
        <time>2026-09-18T23:59:08Z</time>
      </trkpt>
      <trkpt lat="39.88092" lon="116.7206253">
        <ele>22.58212</ele>
        <time>2026-09-18T23:59:12Z</time>
      </trkpt>
      <trkpt lat="39.8810131" lon="116.7205378">
        <ele>22.60804</ele>
        <time>2026-09-18T23:59:16Z</time>
      </trkpt>
      <trkpt lat="39.8811053" lon="116.7204583">
        <ele>22.64364</ele>
        <time>2026-09-18T23:59:20Z</time>
      </trkpt>
      <trkpt lat="39.8811938" lon="116.72037">
        <ele>22.68905</ele>
        <time>2026-09-18T23:59:24Z</time>
      </trkpt>
      <trkpt lat="39.8812817" lon="116.720272">
        <ele>22.72599</ele>
        <time>2026-09-18T23:59:28Z</time>
      </trkpt>
      <trkpt lat="39.8813634" lon="116.7201709">
        <ele>22.76071</ele>
        <time>2026-09-18T23:59:32Z</time>
      </trkpt>
      <trkpt lat="39.8814457" lon="116.7200691">
        <ele>22.80564</ele>
        <time>2026-09-18T23:59:36Z</time>
      </trkpt>
      <trkpt lat="39.8815311" lon="116.719973">
        <ele>22.83747</ele>
        <time>2026-09-18T23:59:40Z</time>
      </trkpt>
      <trkpt lat="39.8816151" lon="116.7198675">
        <ele>22.87787</ele>
        <time>2026-09-18T23:59:44Z</time>
      </trkpt>
      <trkpt lat="39.881698" lon="116.719762">
        <ele>22.92349</ele>
        <time>2026-09-18T23:59:48Z</time>
      </trkpt>
      <trkpt lat="39.8817801" lon="116.7196519">
        <ele>22.94001</ele>
        <time>2026-09-18T23:59:52Z</time>
      </trkpt>
      <trkpt lat="39.8818566" lon="116.7195408">
        <ele>22.93407</ele>
        <time>2026-09-18T23:59:56Z</time>
      </trkpt>
      <trkpt lat="39.8819332" lon="116.7194298">
        <ele>22.90457</ele>
        <time>2026-09-19T00:00:00Z</time>
      </trkpt>
      <trkpt lat="39.882002" lon="116.7193047">
        <ele>22.82772</ele>
        <time>2026-09-19T00:00:04Z</time>
      </trkpt>
      <trkpt lat="39.8820578" lon="116.7191837">
        <ele>22.74479</ele>
        <time>2026-09-19T00:00:08Z</time>
      </trkpt>
      <trkpt lat="39.882107" lon="116.7190481">
        <ele>22.69714</ele>
        <time>2026-09-19T00:00:12Z</time>
      </trkpt>
      <trkpt lat="39.8821475" lon="116.7189139">
        <ele>22.69088</ele>
        <time>2026-09-19T00:00:16Z</time>
      </trkpt>
      <trkpt lat="39.8821673" lon="116.7187744">
        <ele>22.68398</ele>
        <time>2026-09-19T00:00:20Z</time>
      </trkpt>
      <trkpt lat="39.8821877" lon="116.7186381">
        <ele>22.66896</ele>
        <time>2026-09-19T00:00:24Z</time>
      </trkpt>
      <trkpt lat="39.8822065" lon="116.7184989">
        <ele>22.66876</ele>
        <time>2026-09-19T00:00:28Z</time>
      </trkpt>
      <trkpt lat="39.8822081" lon="116.7183479">
        <ele>22.67543</ele>
        <time>2026-09-19T00:00:32Z</time>
      </trkpt>
      <trkpt lat="39.8822067" lon="116.7181989">
        <ele>22.68086</ele>
        <time>2026-09-19T00:00:36Z</time>
      </trkpt>
      <trkpt lat="39.8821996" lon="116.718052">
        <ele>22.69642</ele>
        <time>2026-09-19T00:00:40Z</time>
      </trkpt>
      <trkpt lat="39.8821972" lon="116.7179135">
        <ele>22.76104</ele>
        <time>2026-09-19T00:00:44Z</time>
      </trkpt>
      <trkpt lat="39.8821618" lon="116.7177662">
        <ele>22.82942</ele>
        <time>2026-09-19T00:00:48Z</time>
      </trkpt>
      <trkpt lat="39.8821167" lon="116.7176274">
        <ele>22.8195</ele>
        <time>2026-09-19T00:00:52Z</time>
      </trkpt>
      <trkpt lat="39.8820688" lon="116.7174853">
        <ele>22.76852</ele>
        <time>2026-09-19T00:00:56Z</time>
      </trkpt>
      <trkpt lat="39.8820158" lon="116.7173512">
        <ele>22.71983</ele>
        <time>2026-09-19T00:01:00Z</time>
      </trkpt>
      <trkpt lat="39.8819575" lon="116.7172221">
        <ele>22.65633</ele>
        <time>2026-09-19T00:01:04Z</time>
      </trkpt>
      <trkpt lat="39.8818911" lon="116.7170992">
        <ele>22.60649</ele>
        <time>2026-09-19T00:01:08Z</time>
      </trkpt>
      <trkpt lat="39.881822" lon="116.7169804">
        <ele>22.60956</ele>
        <time>2026-09-19T00:01:12Z</time>
      </trkpt>
      <trkpt lat="39.8817444" lon="116.7168804">
        <ele>22.66303</ele>
        <time>2026-09-19T00:01:16Z</time>
      </trkpt>
      <trkpt lat="39.8816679" lon="116.7167697">
        <ele>22.76035</ele>
        <time>2026-09-19T00:01:20Z</time>
      </trkpt>
      <trkpt lat="39.881597" lon="116.7166593">
        <ele>22.88776</ele>
        <time>2026-09-19T00:01:24Z</time>
      </trkpt>
      <trkpt lat="39.8815252" lon="116.7165463">
        <ele>22.99451</ele>
        <time>2026-09-19T00:01:28Z</time>
      </trkpt>
      <trkpt lat="39.8814399" lon="116.7164412">
        <ele>23.04913</ele>
        <time>2026-09-19T00:01:32Z</time>
      </trkpt>
      <trkpt lat="39.8813453" lon="116.7163497">
        <ele>23.02787</ele>
        <time>2026-09-19T00:01:36Z</time>
      </trkpt>
      <trkpt lat="39.8812718" lon="116.7162819">
        <ele>22.97369</ele>
        <time>2026-09-19T00:01:39Z</time>
      </trkpt>
      <trkpt lat="39.8811987" lon="116.7162128">
        <ele>22.90765</ele>
        <time>2026-09-19T00:01:42Z</time>
      </trkpt>
      <trkpt lat="39.8811034" lon="116.7161277">
        <ele>22.81928</ele>
        <time>2026-09-19T00:01:46Z</time>
      </trkpt>
      <trkpt lat="39.8810147" lon="116.7160366">
        <ele>22.73164</ele>
        <time>2026-09-19T00:01:50Z</time>
      </trkpt>
      <trkpt lat="39.8809277" lon="116.7159553">
        <ele>22.64826</ele>
        <time>2026-09-19T00:01:54Z</time>
      </trkpt>
      <trkpt lat="39.8808368" lon="116.7158556">
        <ele>22.60219</ele>
        <time>2026-09-19T00:01:58Z</time>
      </trkpt>
      <trkpt lat="39.880748" lon="116.7157583">
        <ele>22.58772</ele>
        <time>2026-09-19T00:02:02Z</time>
      </trkpt>
      <trkpt lat="39.8806405" lon="116.7156914">
        <ele>22.55778</ele>
        <time>2026-09-19T00:02:06Z</time>
      </trkpt>
      <trkpt lat="39.8805347" lon="116.7156364">
        <ele>22.52928</ele>
        <time>2026-09-19T00:02:10Z</time>
      </trkpt>
      <trkpt lat="39.8804319" lon="116.7155597">
        <ele>22.55441</ele>
        <time>2026-09-19T00:02:14Z</time>
      </trkpt>
      <trkpt lat="39.8803453" lon="116.7155079">
        <ele>22.60015</ele>
        <time>2026-09-19T00:02:17Z</time>
      </trkpt>
      <trkpt lat="39.8802577" lon="116.7154676">
        <ele>22.64328</ele>
        <time>2026-09-19T00:02:20Z</time>
      </trkpt>
      <trkpt lat="39.8801482" lon="116.7154192">
        <ele>22.69372</ele>
        <time>2026-09-19T00:02:24Z</time>
      </trkpt>
      <trkpt lat="39.8800376" lon="116.7153635">
        <ele>22.76215</ele>
        <time>2026-09-19T00:02:28Z</time>
      </trkpt>
      <trkpt lat="39.8799288" lon="116.7153159">
        <ele>22.79141</ele>
        <time>2026-09-19T00:02:32Z</time>
      </trkpt>
      <trkpt lat="39.8798118" lon="116.7152911">
        <ele>22.77524</ele>
        <time>2026-09-19T00:02:36Z</time>
      </trkpt>
      <trkpt lat="39.8797017" lon="116.7152611">
        <ele>22.73937</ele>
        <time>2026-09-19T00:02:40Z</time>
      </trkpt>
      <trkpt lat="39.879594" lon="116.7152428">
        <ele>22.67435</ele>
        <time>2026-09-19T00:02:44Z</time>
      </trkpt>
      <trkpt lat="39.8794858" lon="116.7152156">
        <ele>22.60409</ele>
        <time>2026-09-19T00:02:48Z</time>
      </trkpt>
      <trkpt lat="39.879383" lon="116.715185">
        <ele>22.54546</ele>
        <time>2026-09-19T00:02:52Z</time>
      </trkpt>
      <trkpt lat="39.879276" lon="116.7151659">
        <ele>22.51095</ele>
        <time>2026-09-19T00:02:56Z</time>
      </trkpt>
      <trkpt lat="39.879177" lon="116.7151541">
        <ele>22.49948</ele>
        <time>2026-09-19T00:03:00Z</time>
      </trkpt>
      <trkpt lat="39.87907" lon="116.7151454">
        <ele>22.51635</ele>
        <time>2026-09-19T00:03:04Z</time>
      </trkpt>
      <trkpt lat="39.8789651" lon="116.7151353">
        <ele>22.52675</ele>
        <time>2026-09-19T00:03:08Z</time>
      </trkpt>
      <trkpt lat="39.8788577" lon="116.7151326">
        <ele>22.51093</ele>
        <time>2026-09-19T00:03:12Z</time>
      </trkpt>
      <trkpt lat="39.8787511" lon="116.7151272">
        <ele>22.51628</ele>
        <time>2026-09-19T00:03:16Z</time>
      </trkpt>
      <trkpt lat="39.8786447" lon="116.7151186">
        <ele>22.53893</ele>
        <time>2026-09-19T00:03:20Z</time>
      </trkpt>
      <trkpt lat="39.8785379" lon="116.7151101">
        <ele>22.52364</ele>
        <time>2026-09-19T00:03:24Z</time>
      </trkpt>
      <trkpt lat="39.8784327" lon="116.7150981">
        <ele>22.47552</ele>
        <time>2026-09-19T00:03:28Z</time>
      </trkpt>
      <trkpt lat="39.8783324" lon="116.7150873">
        <ele>22.43688</ele>
        <time>2026-09-19T00:03:32Z</time>
      </trkpt>
      <trkpt lat="39.8782279" lon="116.71507">
        <ele>22.40637</ele>
        <time>2026-09-19T00:03:36Z</time>
      </trkpt>
      <trkpt lat="39.8781253" lon="116.7150506">
        <ele>22.36775</ele>
        <time>2026-09-19T00:03:40Z</time>
      </trkpt>
      <trkpt lat="39.8780283" lon="116.7150094">
        <ele>22.33239</ele>
        <time>2026-09-19T00:03:44Z</time>
      </trkpt>
      <trkpt lat="39.877928" lon="116.7149406">
        <ele>22.29291</ele>
        <time>2026-09-19T00:03:48Z</time>
      </trkpt>
      <trkpt lat="39.8778375" lon="116.7148802">
        <ele>22.24708</ele>
        <time>2026-09-19T00:03:52Z</time>
      </trkpt>
      <trkpt lat="39.8777397" lon="116.7148379">
        <ele>22.21352</ele>
        <time>2026-09-19T00:03:56Z</time>
      </trkpt>
      <trkpt lat="39.8776456" lon="116.7147962">
        <ele>22.1827</ele>
        <time>2026-09-19T00:04:00Z</time>
      </trkpt>
      <trkpt lat="39.8775466" lon="116.7147431">
        <ele>22.13912</ele>
        <time>2026-09-19T00:04:04Z</time>
      </trkpt>
      <trkpt lat="39.8774484" lon="116.7146821">
        <ele>22.09409</ele>
        <time>2026-09-19T00:04:08Z</time>
      </trkpt>
      <trkpt lat="39.8773618" lon="116.7146062">
        <ele>22.05797</ele>
        <time>2026-09-19T00:04:12Z</time>
      </trkpt>
      <trkpt lat="39.8772771" lon="116.7145224">
        <ele>22.01769</ele>
        <time>2026-09-19T00:04:16Z</time>
      </trkpt>
      <trkpt lat="39.8771949" lon="116.7144302">
        <ele>21.97959</ele>
        <time>2026-09-19T00:04:20Z</time>
      </trkpt>
      <trkpt lat="39.8771235" lon="116.7143151">
        <ele>21.97991</ele>
        <time>2026-09-19T00:04:24Z</time>
      </trkpt>
      <trkpt lat="39.8770474" lon="116.7142144">
        <ele>22.02828</ele>
        <time>2026-09-19T00:04:28Z</time>
      </trkpt>
      <trkpt lat="39.8769661" lon="116.7141141">
        <ele>22.11544</ele>
        <time>2026-09-19T00:04:32Z</time>
      </trkpt>
      <trkpt lat="39.8768975" lon="116.71402">
        <ele>22.2051</ele>
        <time>2026-09-19T00:04:35Z</time>
      </trkpt>
      <trkpt lat="39.8768272" lon="116.7139264">
        <ele>22.29858</ele>
        <time>2026-09-19T00:04:38Z</time>
      </trkpt>
      <trkpt lat="39.8767638" lon="116.7138336">
        <ele>22.3586</ele>
        <time>2026-09-19T00:04:41Z</time>
      </trkpt>
      <trkpt lat="39.8767061" lon="116.7137332">
        <ele>22.37102</ele>
        <time>2026-09-19T00:04:44Z</time>
      </trkpt>
      <trkpt lat="39.8766511" lon="116.7136328">
        <ele>22.35947</ele>
        <time>2026-09-19T00:04:47Z</time>
      </trkpt>
      <trkpt lat="39.8765983" lon="116.7135302">
        <ele>22.36355</ele>
        <time>2026-09-19T00:04:50Z</time>
      </trkpt>
      <trkpt lat="39.8765509" lon="116.7134265">
        <ele>22.39456</ele>
        <time>2026-09-19T00:04:53Z</time>
      </trkpt>
      <trkpt lat="39.8765076" lon="116.7133174">
        <ele>22.42891</ele>
        <time>2026-09-19T00:04:56Z</time>
      </trkpt>
      <trkpt lat="39.8764704" lon="116.7132067">
        <ele>22.44687</ele>
        <time>2026-09-19T00:04:59Z</time>
      </trkpt>
      <trkpt lat="39.8764361" lon="116.7130913">
        <ele>22.45247</ele>
        <time>2026-09-19T00:05:02Z</time>
      </trkpt>
      <trkpt lat="39.8764027" lon="116.7129774">
        <ele>22.47007</ele>
        <time>2026-09-19T00:05:05Z</time>
      </trkpt>
      <trkpt lat="39.8763736" lon="116.7128623">
        <ele>22.50473</ele>
        <time>2026-09-19T00:05:08Z</time>
      </trkpt>
      <trkpt lat="39.8763516" lon="116.7127444">
        <ele>22.53811</ele>
        <time>2026-09-19T00:05:11Z</time>
      </trkpt>
      <trkpt lat="39.8763287" lon="116.7126268">
        <ele>22.55881</ele>
        <time>2026-09-19T00:05:14Z</time>
      </trkpt>
      <trkpt lat="39.8763032" lon="116.7125121">
        <ele>22.57564</ele>
        <time>2026-09-19T00:05:17Z</time>
      </trkpt>
      <trkpt lat="39.8762843" lon="116.7123903">
        <ele>22.60122</ele>
        <time>2026-09-19T00:05:20Z</time>
      </trkpt>
      <trkpt lat="39.8762733" lon="116.7122692">
        <ele>22.63228</ele>
        <time>2026-09-19T00:05:23Z</time>
      </trkpt>
      <trkpt lat="39.8762718" lon="116.7121213">
        <ele>22.66245</ele>
        <time>2026-09-19T00:05:27Z</time>
      </trkpt>
      <trkpt lat="39.8762577" lon="116.7119783">
        <ele>22.6631</ele>
        <time>2026-09-19T00:05:31Z</time>
      </trkpt>
      <trkpt lat="39.8762374" lon="116.7118346">
        <ele>22.65042</ele>
        <time>2026-09-19T00:05:35Z</time>
      </trkpt>
      <trkpt lat="39.8762159" lon="116.711694">
        <ele>22.63775</ele>
        <time>2026-09-19T00:05:39Z</time>
      </trkpt>
      <trkpt lat="39.8761738" lon="116.711568">
        <ele>22.61716</ele>
        <time>2026-09-19T00:05:43Z</time>
      </trkpt>
      <trkpt lat="39.8761282" lon="116.7114342">
        <ele>22.56678</ele>
        <time>2026-09-19T00:05:47Z</time>
      </trkpt>
      <trkpt lat="39.8760776" lon="116.7112951">
        <ele>22.50669</ele>
        <time>2026-09-19T00:05:51Z</time>
      </trkpt>
      <trkpt lat="39.8760238" lon="116.7111705">
        <ele>22.47259</ele>
        <time>2026-09-19T00:05:55Z</time>
      </trkpt>
      <trkpt lat="39.8759678" lon="116.7110498">
        <ele>22.47234</ele>
        <time>2026-09-19T00:05:59Z</time>
      </trkpt>
      <trkpt lat="39.8759122" lon="116.7109353">
        <ele>22.47983</ele>
        <time>2026-09-19T00:06:03Z</time>
      </trkpt>
      <trkpt lat="39.8758507" lon="116.7108212">
        <ele>22.49761</ele>
        <time>2026-09-19T00:06:07Z</time>
      </trkpt>
      <trkpt lat="39.8757834" lon="116.7107024">
        <ele>22.48383</ele>
        <time>2026-09-19T00:06:11Z</time>
      </trkpt>
      <trkpt lat="39.8757024" lon="116.7105946">
        <ele>22.45851</ele>
        <time>2026-09-19T00:06:15Z</time>
      </trkpt>
      <trkpt lat="39.8756239" lon="116.7104994">
        <ele>22.44355</ele>
        <time>2026-09-19T00:06:19Z</time>
      </trkpt>
      <trkpt lat="39.8755455" lon="116.7103878">
        <ele>22.41656</ele>
        <time>2026-09-19T00:06:23Z</time>
      </trkpt>
      <trkpt lat="39.8754645" lon="116.7102873">
        <ele>22.38228</ele>
        <time>2026-09-19T00:06:27Z</time>
      </trkpt>
      <trkpt lat="39.875376" lon="116.7102061">
        <ele>22.35287</ele>
        <time>2026-09-19T00:06:31Z</time>
      </trkpt>
      <trkpt lat="39.8752812" lon="116.7101366">
        <ele>22.3333</ele>
        <time>2026-09-19T00:06:35Z</time>
      </trkpt>
      <trkpt lat="39.8751789" lon="116.7100778">
        <ele>22.31793</ele>
        <time>2026-09-19T00:06:39Z</time>
      </trkpt>
      <trkpt lat="39.8750762" lon="116.71004">
        <ele>22.30398</ele>
        <time>2026-09-19T00:06:43Z</time>
      </trkpt>
      <trkpt lat="39.8749654" lon="116.7100036">
        <ele>22.28519</ele>
        <time>2026-09-19T00:06:47Z</time>
      </trkpt>
      <trkpt lat="39.8748586" lon="116.7099536">
        <ele>22.25359</ele>
        <time>2026-09-19T00:06:51Z</time>
      </trkpt>
      <trkpt lat="39.874751" lon="116.7098914">
        <ele>22.22767</ele>
        <time>2026-09-19T00:06:55Z</time>
      </trkpt>
      <trkpt lat="39.8746374" lon="116.7098547">
        <ele>22.23413</ele>
        <time>2026-09-19T00:06:59Z</time>
      </trkpt>
      <trkpt lat="39.8745236" lon="116.7098417">
        <ele>22.2839</ele>
        <time>2026-09-19T00:07:03Z</time>
      </trkpt>
      <trkpt lat="39.8744132" lon="116.7098344">
        <ele>22.37977</ele>
        <time>2026-09-19T00:07:07Z</time>
      </trkpt>
      <trkpt lat="39.8743045" lon="116.7098517">
        <ele>22.47235</ele>
        <time>2026-09-19T00:07:11Z</time>
      </trkpt>
      <trkpt lat="39.8741917" lon="116.709874">
        <ele>22.53279</ele>
        <time>2026-09-19T00:07:15Z</time>
      </trkpt>
      <trkpt lat="39.874081" lon="116.7098918">
        <ele>22.61111</ele>
        <time>2026-09-19T00:07:19Z</time>
      </trkpt>
      <trkpt lat="39.8739719" lon="116.7099185">
        <ele>22.70798</ele>
        <time>2026-09-19T00:07:23Z</time>
      </trkpt>
      <trkpt lat="39.8738651" lon="116.7099548">
        <ele>22.7553</ele>
        <time>2026-09-19T00:07:27Z</time>
      </trkpt>
      <trkpt lat="39.8737567" lon="116.7099795">
        <ele>22.78172</ele>
        <time>2026-09-19T00:07:31Z</time>
      </trkpt>
      <trkpt lat="39.8736497" lon="116.7100118">
        <ele>22.83341</ele>
        <time>2026-09-19T00:07:35Z</time>
      </trkpt>
      <trkpt lat="39.8735378" lon="116.7100593">
        <ele>22.88662</ele>
        <time>2026-09-19T00:07:39Z</time>
      </trkpt>
      <trkpt lat="39.8734334" lon="116.7101192">
        <ele>22.93869</ele>
        <time>2026-09-19T00:07:43Z</time>
      </trkpt>
      <trkpt lat="39.8733375" lon="116.7101867">
        <ele>22.98247</ele>
        <time>2026-09-19T00:07:47Z</time>
      </trkpt>
      <trkpt lat="39.8732453" lon="116.7102598">
        <ele>23.00863</ele>
        <time>2026-09-19T00:07:51Z</time>
      </trkpt>
      <trkpt lat="39.8731493" lon="116.710353">
        <ele>23.01943</ele>
        <time>2026-09-19T00:07:55Z</time>
      </trkpt>
      <trkpt lat="39.8730784" lon="116.7104257">
        <ele>23.02378</ele>
        <time>2026-09-19T00:07:58Z</time>
      </trkpt>
      <trkpt lat="39.8729887" lon="116.710523">
        <ele>23.04693</ele>
        <time>2026-09-19T00:08:02Z</time>
      </trkpt>
      <trkpt lat="39.8729182" lon="116.7106326">
        <ele>23.09662</ele>
        <time>2026-09-19T00:08:06Z</time>
      </trkpt>
      <trkpt lat="39.8728523" lon="116.7107467">
        <ele>23.15577</ele>
        <time>2026-09-19T00:08:10Z</time>
      </trkpt>
      <trkpt lat="39.8727785" lon="116.7108696">
        <ele>23.18897</ele>
        <time>2026-09-19T00:08:14Z</time>
      </trkpt>
      <trkpt lat="39.8727228" lon="116.7109698">
        <ele>23.16691</ele>
        <time>2026-09-19T00:08:17Z</time>
      </trkpt>
      <trkpt lat="39.8726714" lon="116.7110667">
        <ele>23.10668</ele>
        <time>2026-09-19T00:08:20Z</time>
      </trkpt>
      <trkpt lat="39.8726254" lon="116.7111693">
        <ele>23.02986</ele>
        <time>2026-09-19T00:08:23Z</time>
      </trkpt>
      <trkpt lat="39.8725841" lon="116.7112779">
        <ele>22.96084</ele>
        <time>2026-09-19T00:08:26Z</time>
      </trkpt>
      <trkpt lat="39.8725424" lon="116.7113868">
        <ele>22.91245</ele>
        <time>2026-09-19T00:08:29Z</time>
      </trkpt>
      <trkpt lat="39.8724948" lon="116.711488">
        <ele>22.90301</ele>
        <time>2026-09-19T00:08:32Z</time>
      </trkpt>
      <trkpt lat="39.8724444" lon="116.7115912">
        <ele>22.94225</ele>
        <time>2026-09-19T00:08:35Z</time>
      </trkpt>
      <trkpt lat="39.8723894" lon="116.7116981">
        <ele>23.01338</ele>
        <time>2026-09-19T00:08:38Z</time>
      </trkpt>
      <trkpt lat="39.8723308" lon="116.7118001">
        <ele>23.08804</ele>
        <time>2026-09-19T00:08:41Z</time>
      </trkpt>
      <trkpt lat="39.8722723" lon="116.7119037">
        <ele>23.16379</ele>
        <time>2026-09-19T00:08:44Z</time>
      </trkpt>
      <trkpt lat="39.8722107" lon="116.7120086">
        <ele>23.24004</ele>
        <time>2026-09-19T00:08:47Z</time>
      </trkpt>
      <trkpt lat="39.8721422" lon="116.712102">
        <ele>23.29219</ele>
        <time>2026-09-19T00:08:50Z</time>
      </trkpt>
      <trkpt lat="39.8720653" lon="116.7121822">
        <ele>23.30398</ele>
        <time>2026-09-19T00:08:53Z</time>
      </trkpt>
      <trkpt lat="39.8719883" lon="116.7122599">
        <ele>23.28735</ele>
        <time>2026-09-19T00:08:56Z</time>
      </trkpt>
      <trkpt lat="39.8719065" lon="116.7123336">
        <ele>23.2559</ele>
        <time>2026-09-19T00:08:59Z</time>
      </trkpt>
      <trkpt lat="39.8718211" lon="116.7123982">
        <ele>23.19885</ele>
        <time>2026-09-19T00:09:02Z</time>
      </trkpt>
      <trkpt lat="39.8717336" lon="116.712459">
        <ele>23.10594</ele>
        <time>2026-09-19T00:09:05Z</time>
      </trkpt>
      <trkpt lat="39.8716441" lon="116.7125121">
        <ele>22.99254</ele>
        <time>2026-09-19T00:09:08Z</time>
      </trkpt>
      <trkpt lat="39.8715517" lon="116.7125591">
        <ele>22.87911</ele>
        <time>2026-09-19T00:09:11Z</time>
      </trkpt>
      <trkpt lat="39.8714604" lon="116.7126093">
        <ele>22.75966</ele>
        <time>2026-09-19T00:09:14Z</time>
      </trkpt>
      <trkpt lat="39.8713733" lon="116.7126535">
        <ele>22.63769</ele>
        <time>2026-09-19T00:09:17Z</time>
      </trkpt>
      <trkpt lat="39.871286" lon="116.7126919">
        <ele>22.52775</ele>
        <time>2026-09-19T00:09:20Z</time>
      </trkpt>
      <trkpt lat="39.8711896" lon="116.7127284">
        <ele>22.44213</ele>
        <time>2026-09-19T00:09:23Z</time>
      </trkpt>
      <trkpt lat="39.8710937" lon="116.7127591">
        <ele>22.3779</ele>
        <time>2026-09-19T00:09:26Z</time>
      </trkpt>
      <trkpt lat="39.8709965" lon="116.7127918">
        <ele>22.32794</ele>
        <time>2026-09-19T00:09:29Z</time>
      </trkpt>
      <trkpt lat="39.8709013" lon="116.7128162">
        <ele>22.29723</ele>
        <time>2026-09-19T00:09:32Z</time>
      </trkpt>
      <trkpt lat="39.8708046" lon="116.7128267">
        <ele>22.28581</ele>
        <time>2026-09-19T00:09:35Z</time>
      </trkpt>
      <trkpt lat="39.8707077" lon="116.7128309">
        <ele>22.2854</ele>
        <time>2026-09-19T00:09:38Z</time>
      </trkpt>
      <trkpt lat="39.8706112" lon="116.7128423">
        <ele>22.2958</ele>
        <time>2026-09-19T00:09:41Z</time>
      </trkpt>
      <trkpt lat="39.8705095" lon="116.7128573">
        <ele>22.32064</ele>
        <time>2026-09-19T00:09:44Z</time>
      </trkpt>
      <trkpt lat="39.8704055" lon="116.7128704">
        <ele>22.3421</ele>
        <time>2026-09-19T00:09:47Z</time>
      </trkpt>
      <trkpt lat="39.8703039" lon="116.7128834">
        <ele>22.34721</ele>
        <time>2026-09-19T00:09:50Z</time>
      </trkpt>
      <trkpt lat="39.8702022" lon="116.7128981">
        <ele>22.35915</ele>
        <time>2026-09-19T00:09:53Z</time>
      </trkpt>
      <trkpt lat="39.8701069" lon="116.7129163">
        <ele>22.39426</ele>
        <time>2026-09-19T00:09:56Z</time>
      </trkpt>
      <trkpt lat="39.8700163" lon="116.7129382">
        <ele>22.43322</ele>
        <time>2026-09-19T00:09:59Z</time>
      </trkpt>
      <trkpt lat="39.8699241" lon="116.7129638">
        <ele>22.45836</ele>
        <time>2026-09-19T00:10:02Z</time>
      </trkpt>
      <trkpt lat="39.8698354" lon="116.7129874">
        <ele>22.48142</ele>
        <time>2026-09-19T00:10:05Z</time>
      </trkpt>
      <trkpt lat="39.8697457" lon="116.7130042">
        <ele>22.52214</ele>
        <time>2026-09-19T00:10:08Z</time>
      </trkpt>
      <trkpt lat="39.8696275" lon="116.713031">
        <ele>22.5865</ele>
        <time>2026-09-19T00:10:12Z</time>
      </trkpt>
      <trkpt lat="39.8695377" lon="116.7130665">
        <ele>22.62882</ele>
        <time>2026-09-19T00:10:15Z</time>
      </trkpt>
      <trkpt lat="39.8694458" lon="116.7131033">
        <ele>22.65218</ele>
        <time>2026-09-19T00:10:18Z</time>
      </trkpt>
      <trkpt lat="39.8693467" lon="116.7131436">
        <ele>22.63658</ele>
        <time>2026-09-19T00:10:21Z</time>
      </trkpt>
      <trkpt lat="39.8692501" lon="116.7131882">
        <ele>22.5883</ele>
        <time>2026-09-19T00:10:24Z</time>
      </trkpt>
      <trkpt lat="39.8691563" lon="116.7132347">
        <ele>22.54204</ele>
        <time>2026-09-19T00:10:27Z</time>
      </trkpt>
      <trkpt lat="39.8690675" lon="116.7132824">
        <ele>22.52202</ele>
        <time>2026-09-19T00:10:30Z</time>
      </trkpt>
      <trkpt lat="39.8689838" lon="116.7133363">
        <ele>22.52301</ele>
        <time>2026-09-19T00:10:33Z</time>
      </trkpt>
      <trkpt lat="39.8689033" lon="116.7134064">
        <ele>22.5243</ele>
        <time>2026-09-19T00:10:36Z</time>
      </trkpt>
      <trkpt lat="39.8688273" lon="116.7134763">
        <ele>22.45992</ele>
        <time>2026-09-19T00:10:39Z</time>
      </trkpt>
      <trkpt lat="39.8687546" lon="116.7135475">
        <ele>22.17026</ele>
        <time>2026-09-19T00:10:42Z</time>
      </trkpt>
    </trkseg>
  </trk>
</gpx>