<?xml version="1.0" encoding="UTF-8"?>
<gpx xmlns="http://www.topografix.com/GPX/1/1" xmlns:gpxtpx="http://www.garmin.com/xmlschemas/TrackPointExtension/v1" xmlns:xsi="http://www.w3.org/2001/XMLSchema-instance" xsi:schemaLocation="http://www.topografix.com/GPX/1/1 http://www.topografix.com/GPX/1/1/gpx.xsd" version="1.1" creator="gpx.py -- https://github.com/tkrajina/gpxpy">
  <trk>
    <name>gpx from codoon</name>
    <type>Run</type>
    <trkseg>
      <trkpt lat="39.8734993" lon="116.665903">
        <ele>22.31696</ele>
        <time>2026-09-22T22:32:37Z</time>
      </trkpt>
      <trkpt lat="39.8736081" lon="116.6659007">
        <ele>22.33895</ele>
        <time>2026-09-22T22:32:43.871000Z</time>
      </trkpt>
      <trkpt lat="39.8737064" lon="116.6658699">
        <ele>22.39885</ele>
        <time>2026-09-22T22:32:47.852000Z</time>
      </trkpt>
      <trkpt lat="39.8738106" lon="116.6658279">
        <ele>22.49867</ele>
        <time>2026-09-22T22:32:51.833000Z</time>
      </trkpt>
      <trkpt lat="39.8739192" lon="116.6657769">
        <ele>22.65883</ele>
        <time>2026-09-22T22:32:55.814000Z</time>
      </trkpt>
      <trkpt lat="39.8740296" lon="116.6657196">
        <ele>22.88572</ele>
        <time>2026-09-22T22:32:59.796000Z</time>
      </trkpt>
      <trkpt lat="39.8741425" lon="116.6656724">
        <ele>23.16476</ele>
        <time>2026-09-22T22:33:03.777000Z</time>
      </trkpt>
      <trkpt lat="39.8742567" lon="116.6656286">
        <ele>23.45957</ele>
        <time>2026-09-22T22:33:07.758000Z</time>
      </trkpt>
      <trkpt lat="39.8743426" lon="116.6655916">
        <ele>23.62835</ele>
        <time>2026-09-22T22:33:10.744000Z</time>
      </trkpt>
      <trkpt lat="39.8744528" lon="116.6655503">
        <ele>23.7252</ele>
        <time>2026-09-22T22:33:14.725000Z</time>
      </trkpt>
      <trkpt lat="39.8745468" lon="116.6655737">
        <ele>23.73543</ele>
        <time>2026-09-22T22:33:18.706000Z</time>
      </trkpt>
      <trkpt lat="39.8745993" lon="116.6656741">
        <ele>23.67935</ele>
        <time>2026-09-22T22:33:22.688000Z</time>
      </trkpt>
      <trkpt lat="39.8746397" lon="116.6657906">
        <ele>23.5661</ele>
        <time>2026-09-22T22:33:26.669000Z</time>
      </trkpt>
      <trkpt lat="39.8746814" lon="116.665903">
        <ele>23.43475</ele>
        <time>2026-09-22T22:33:30.650000Z</time>
      </trkpt>
      <trkpt lat="39.874725" lon="116.6660145">
        <ele>23.2981</ele>
        <time>2026-09-22T22:33:34.631000Z</time>
      </trkpt>
      <trkpt lat="39.8747707" lon="116.6661331">
        <ele>23.13842</ele>
        <time>2026-09-22T22:33:38.612000Z</time>
      </trkpt>
      <trkpt lat="39.8748164" lon="116.6662538">
        <ele>22.97246</ele>
        <time>2026-09-22T22:33:42.593000Z</time>
      </trkpt>
      <trkpt lat="39.8748762" lon="116.6663605">
        <ele>22.84143</ele>
        <time>2026-09-22T22:33:46.574000Z</time>
      </trkpt>
      <trkpt lat="39.874933" lon="116.6664709">
        <ele>22.78061</ele>
        <time>2026-09-22T22:33:50.556000Z</time>
      </trkpt>
      <trkpt lat="39.8749916" lon="116.6665859">
        <ele>22.8007</ele>
        <time>2026-09-22T22:33:54.537000Z</time>
      </trkpt>
      <trkpt lat="39.8750523" lon="116.6667043">
        <ele>22.84818</ele>
        <time>2026-09-22T22:33:58.518000Z</time>
      </trkpt>
      <trkpt lat="39.8751127" lon="116.6668261">
        <ele>22.87406</ele>
        <time>2026-09-22T22:34:02.499000Z</time>
      </trkpt>
      <trkpt lat="39.8751736" lon="116.6669416">
        <ele>22.89143</ele>
        <time>2026-09-22T22:34:06.480000Z</time>
      </trkpt>
      <trkpt lat="39.8752387" lon="116.6670523">
        <ele>22.94815</ele>
        <time>2026-09-22T22:34:10.461000Z</time>
      </trkpt>
      <trkpt lat="39.8753097" lon="116.6671587">
        <ele>23.07855</ele>
        <time>2026-09-22T22:34:14.442000Z</time>
      </trkpt>
      <trkpt lat="39.8753834" lon="116.6672654">
        <ele>23.26513</ele>
        <time>2026-09-22T22:34:18.424000Z</time>
      </trkpt>
      <trkpt lat="39.875458" lon="116.6673733">
        <ele>23.46506</ele>
        <time>2026-09-22T22:34:22.405000Z</time>
      </trkpt>
      <trkpt lat="39.8755335" lon="116.6674767">
        <ele>23.64035</ele>
        <time>2026-09-22T22:34:26.386000Z</time>
      </trkpt>
      <trkpt lat="39.8756071" lon="116.6675822">
        <ele>23.76274</ele>
        <time>2026-09-22T22:34:30.367000Z</time>
      </trkpt>
      <trkpt lat="39.8756799" lon="116.6676883">
        <ele>23.82742</ele>
        <time>2026-09-22T22:34:34.348000Z</time>
      </trkpt>
      <trkpt lat="39.8757564" lon="116.6677894">
        <ele>23.858</ele>
        <time>2026-09-22T22:34:38.329000Z</time>
      </trkpt>
      <trkpt lat="39.8758329" lon="116.6678883">
        <ele>23.87175</ele>
        <time>2026-09-22T22:34:42.310000Z</time>
      </trkpt>
      <trkpt lat="39.875909" lon="116.6679846">
        <ele>23.87792</ele>
        <time>2026-09-22T22:34:46.291000Z</time>
      </trkpt>
      <trkpt lat="39.8759868" lon="116.6680808">
        <ele>23.88245</ele>
        <time>2026-09-22T22:34:50.272000Z</time>
      </trkpt>
      <trkpt lat="39.8760682" lon="116.6681735">
        <ele>23.89733</ele>
        <time>2026-09-22T22:34:54.253000Z</time>
      </trkpt>
      <trkpt lat="39.8761504" lon="116.6682645">
        <ele>23.9381</ele>
        <time>2026-09-22T22:34:58.234000Z</time>
      </trkpt>
      <trkpt lat="39.8762356" lon="116.6683471">
        <ele>24.00921</ele>
        <time>2026-09-22T22:35:02.215000Z</time>
      </trkpt>
      <trkpt lat="39.8763226" lon="116.6684272">
        <ele>24.09203</ele>
        <time>2026-09-22T22:35:06.196000Z</time>
      </trkpt>
      <trkpt lat="39.876407" lon="116.6685176">
        <ele>24.16675</ele>
        <time>2026-09-22T22:35:10.178000Z</time>
      </trkpt>
      <trkpt lat="39.8764899" lon="116.6686094">
        <ele>24.21971</ele>
        <time>2026-09-22T22:35:14.159000Z</time>
      </trkpt>
      <trkpt lat="39.8765708" lon="116.6687067">
        <ele>24.26881</ele>
        <time>2026-09-22T22:35:18.140000Z</time>
      </trkpt>
      <trkpt lat="39.8766482" lon="116.6688054">
        <ele>24.35465</ele>
        <time>2026-09-22T22:35:22.121000Z</time>
      </trkpt>
      <trkpt lat="39.8767226" lon="116.6688965">
        <ele>24.43117</ele>
        <time>2026-09-22T22:35:26Z</time>
      </trkpt>
      <trkpt lat="39.8767927" lon="116.6689936">
        <ele>24.44991</ele>
        <time>2026-09-22T22:35:30Z</time>
      </trkpt>
      <trkpt lat="39.876861" lon="116.6690913">
        <ele>24.44985</ele>
        <time>2026-09-22T22:35:34Z</time>
      </trkpt>
      <trkpt lat="39.8769271" lon="116.6691885">
        <ele>24.45229</ele>
        <time>2026-09-22T22:35:38Z</time>
      </trkpt>
      <trkpt lat="39.8769917" lon="116.6692847">
        <ele>24.44192</ele>
        <time>2026-09-22T22:35:42Z</time>
      </trkpt>
      <trkpt lat="39.8770441" lon="116.6693942">
        <ele>24.40605</ele>
        <time>2026-09-22T22:35:46.007000Z</time>
      </trkpt>
      <trkpt lat="39.8770536" lon="116.6695188">
        <ele>24.37368</ele>
        <time>2026-09-22T22:35:49.988000Z</time>
      </trkpt>
      <trkpt lat="39.8770056" lon="116.6696242">
        <ele>24.33152</ele>
        <time>2026-09-22T22:35:53.969000Z</time>
      </trkpt>
      <trkpt lat="39.8769301" lon="116.6697146">
        <ele>24.24538</ele>
        <time>2026-09-22T22:35:57.950000Z</time>
      </trkpt>
      <trkpt lat="39.8768563" lon="116.6698076">
        <ele>24.1533</ele>
        <time>2026-09-22T22:36:01.931000Z</time>
      </trkpt>
      <trkpt lat="39.8767893" lon="116.6699083">
        <ele>24.10576</ele>
        <time>2026-09-22T22:36:05.912000Z</time>
      </trkpt>
      <trkpt lat="39.876713" lon="116.6699999">
        <ele>24.091</ele>
        <time>2026-09-22T22:36:09.893000Z</time>
      </trkpt>
      <trkpt lat="39.8766355" lon="116.6700931">
        <ele>24.07371</ele>
        <time>2026-09-22T22:36:13.874000Z</time>
      </trkpt>
      <trkpt lat="39.876559" lon="116.6701904">
        <ele>24.06772</ele>
        <time>2026-09-22T22:36:17.855000Z</time>
      </trkpt>
      <trkpt lat="39.8764819" lon="116.6702887">
        <ele>24.09356</ele>
        <time>2026-09-22T22:36:21.836000Z</time>
      </trkpt>
      <trkpt lat="39.8764035" lon="116.6703859">
        <ele>24.1406</ele>
        <time>2026-09-22T22:36:25.817000Z</time>
      </trkpt>
      <trkpt lat="39.8763292" lon="116.6704872">
        <ele>24.19363</ele>
        <time>2026-09-22T22:36:29.798000Z</time>
      </trkpt>
      <trkpt lat="39.8762573" lon="116.6705917">
        <ele>24.25358</ele>
        <time>2026-09-22T22:36:33.779000Z</time>
      </trkpt>
      <trkpt lat="39.8761828" lon="116.6706981">
        <ele>24.3206</ele>
        <time>2026-09-22T22:36:37.760000Z</time>
      </trkpt>
      <trkpt lat="39.8760995" lon="116.6707898">
        <ele>24.35374</ele>
        <time>2026-09-22T22:36:41.741000Z</time>
      </trkpt>
      <trkpt lat="39.876016" lon="116.670877">
        <ele>24.34575</ele>
        <time>2026-09-22T22:36:45.722000Z</time>
      </trkpt>
      <trkpt lat="39.8759376" lon="116.6709642">
        <ele>24.30194</ele>
        <time>2026-09-22T22:36:49.703000Z</time>
      </trkpt>
      <trkpt lat="39.8758621" lon="116.6710535">
        <ele>24.24157</ele>
        <time>2026-09-22T22:36:53.684000Z</time>
      </trkpt>
      <trkpt lat="39.8757865" lon="116.6711434">
        <ele>24.20368</ele>
        <time>2026-09-22T22:36:57.665000Z</time>
      </trkpt>
      <trkpt lat="39.8757116" lon="116.6712283">
        <ele>24.21126</ele>
        <time>2026-09-22T22:37:01.646000Z</time>
      </trkpt>
      <trkpt lat="39.8756387" lon="116.6713124">
        <ele>24.25127</ele>
        <time>2026-09-22T22:37:05.627000Z</time>
      </trkpt>
      <trkpt lat="39.8755674" lon="116.6714015">
        <ele>24.28726</ele>
        <time>2026-09-22T22:37:09.608000Z</time>
      </trkpt>
      <trkpt lat="39.8754988" lon="116.6714953">
        <ele>24.2947</ele>
        <time>2026-09-22T22:37:13.589000Z</time>
      </trkpt>
      <trkpt lat="39.8754281" lon="116.6715899">
        <ele>24.29475</ele>
        <time>2026-09-22T22:37:17.570000Z</time>
      </trkpt>
      <trkpt lat="39.8753563" lon="116.6716789">
        <ele>24.31609</ele>
        <time>2026-09-22T22:37:21.551000Z</time>
      </trkpt>
      <trkpt lat="39.8752815" lon="116.6717605">
        <ele>24.34328</ele>
        <time>2026-09-22T22:37:25.532000Z</time>
      </trkpt>
      <trkpt lat="39.8752132" lon="116.6718468">
        <ele>24.3623</ele>
        <time>2026-09-22T22:37:29.513000Z</time>
      </trkpt>
      <trkpt lat="39.8751457" lon="116.671942">
        <ele>24.36506</ele>
        <time>2026-09-22T22:37:33.493000Z</time>
      </trkpt>
      <trkpt lat="39.8750775" lon="116.6720403">
        <ele>24.35223</ele>
        <time>2026-09-22T22:37:37.474000Z</time>
      </trkpt>
      <trkpt lat="39.8750043" lon="116.6721296">
        <ele>24.33551</ele>
        <time>2026-09-22T22:37:41.455000Z</time>
      </trkpt>
      <trkpt lat="39.874927" lon="116.6722175">
        <ele>24.32004</ele>
        <time>2026-09-22T22:37:45.436000Z</time>
      </trkpt>
      <trkpt lat="39.8748519" lon="116.6723012">
        <ele>24.32234</ele>
        <time>2026-09-22T22:37:49.417000Z</time>
      </trkpt>
      <trkpt lat="39.8747801" lon="116.6723893">
        <ele>24.38736</ele>
        <time>2026-09-22T22:37:53.398000Z</time>
      </trkpt>
      <trkpt lat="39.8747106" lon="116.6724823">
        <ele>24.50382</ele>
        <time>2026-09-22T22:37:57.379000Z</time>
      </trkpt>
      <trkpt lat="39.87464" lon="116.6725746">
        <ele>24.62885</ele>
        <time>2026-09-22T22:38:01.360000Z</time>
      </trkpt>
      <trkpt lat="39.8745669" lon="116.6726661">
        <ele>24.74387</ele>
        <time>2026-09-22T22:38:05.341000Z</time>
      </trkpt>
      <trkpt lat="39.8744943" lon="116.6727626">
        <ele>24.84459</ele>
        <time>2026-09-22T22:38:09.322000Z</time>
      </trkpt>
      <trkpt lat="39.8744212" lon="116.6728575">
        <ele>24.93735</ele>
        <time>2026-09-22T22:38:13.303000Z</time>
      </trkpt>
      <trkpt lat="39.8743525" lon="116.672955">
        <ele>25.01844</ele>
        <time>2026-09-22T22:38:17.284000Z</time>
      </trkpt>
      <trkpt lat="39.8742844" lon="116.6730501">
        <ele>25.04281</ele>
        <time>2026-09-22T22:38:21.265000Z</time>
      </trkpt>
      <trkpt lat="39.8742127" lon="116.6731437">
        <ele>25.00533</ele>
        <time>2026-09-22T22:38:25.246000Z</time>
      </trkpt>
      <trkpt lat="39.8741365" lon="116.6732322">
        <ele>24.92668</ele>
        <time>2026-09-22T22:38:29.227000Z</time>
      </trkpt>
      <trkpt lat="39.8740627" lon="116.6733244">
        <ele>24.82881</ele>
        <time>2026-09-22T22:38:33.208000Z</time>
      </trkpt>
      <trkpt lat="39.8739963" lon="116.6734164">
        <ele>24.76313</ele>
        <time>2026-09-22T22:38:36.999000Z</time>
      </trkpt>
      <trkpt lat="39.8739172" lon="116.6735116">
        <ele>24.78273</ele>
        <time>2026-09-22T22:38:41.170000Z</time>
      </trkpt>
      <trkpt lat="39.8738403" lon="116.6736039">
        <ele>24.85187</ele>
        <time>2026-09-22T22:38:45.151000Z</time>
      </trkpt>
      <trkpt lat="39.873762" lon="116.6736934">
        <ele>24.91673</ele>
        <time>2026-09-22T22:38:49.132000Z</time>
      </trkpt>
      <trkpt lat="39.8736828" lon="116.6737839">
        <ele>24.94325</ele>
        <time>2026-09-22T22:38:53.113000Z</time>
      </trkpt>
      <trkpt lat="39.8735999" lon="116.6738674">
        <ele>24.9269</ele>
        <time>2026-09-22T22:38:57.094000Z</time>
      </trkpt>
      <trkpt lat="39.8735189" lon="116.6739523">
        <ele>24.87903</ele>
        <time>2026-09-22T22:39:01.075000Z</time>
      </trkpt>
      <trkpt lat="39.8734373" lon="116.6740406">
        <ele>24.82854</ele>
        <time>2026-09-22T22:39:05.056000Z</time>
      </trkpt>
      <trkpt lat="39.8733553" lon="116.674131">
        <ele>24.79116</ele>
        <time>2026-09-22T22:39:09.037000Z</time>
      </trkpt>
      <trkpt lat="39.8732732" lon="116.674232">
        <ele>24.76171</ele>
        <time>2026-09-22T22:39:13.018000Z</time>
      </trkpt>
      <trkpt lat="39.8731933" lon="116.6743369">
        <ele>24.7386</ele>
        <time>2026-09-22T22:39:16.999000Z</time>
      </trkpt>
      <trkpt lat="39.873113" lon="116.6744454">
        <ele>24.74836</ele>
        <time>2026-09-22T22:39:20.980000Z</time>
      </trkpt>
      <trkpt lat="39.8730521" lon="116.6745318">
        <ele>24.7576</ele>
        <time>2026-09-22T22:39:23.966000Z</time>
      </trkpt>
      <trkpt lat="39.8729924" lon="116.6746212">
        <ele>24.76442</ele>
        <time>2026-09-22T22:39:26.952000Z</time>
      </trkpt>
      <trkpt lat="39.8729316" lon="116.674715">
        <ele>24.76036</ele>
        <time>2026-09-22T22:39:29.937000Z</time>
      </trkpt>
      <trkpt lat="39.8728678" lon="116.6748155">
        <ele>24.72428</ele>
        <time>2026-09-22T22:39:32.923000Z</time>
      </trkpt>
      <trkpt lat="39.8728071" lon="116.6749145">
        <ele>24.65209</ele>
        <time>2026-09-22T22:39:35.909000Z</time>
      </trkpt>
      <trkpt lat="39.8727494" lon="116.6750124">
        <ele>24.55612</ele>
        <time>2026-09-22T22:39:38.895000Z</time>
      </trkpt>
      <trkpt lat="39.8726921" lon="116.6751058">
        <ele>24.45022</ele>
        <time>2026-09-22T22:39:41.880000Z</time>
      </trkpt>
      <trkpt lat="39.8726149" lon="116.675221">
        <ele>24.32114</ele>
        <time>2026-09-22T22:39:45.861000Z</time>
      </trkpt>
      <trkpt lat="39.8725372" lon="116.6753304">
        <ele>24.22663</ele>
        <time>2026-09-22T22:39:49.842000Z</time>
      </trkpt>
      <trkpt lat="39.8724615" lon="116.6754353">
        <ele>24.17607</ele>
        <time>2026-09-22T22:39:53.823000Z</time>
      </trkpt>
      <trkpt lat="39.8723883" lon="116.6755406">
        <ele>24.16326</ele>
        <time>2026-09-22T22:39:57.804000Z</time>
      </trkpt>
      <trkpt lat="39.8723159" lon="116.6756402">
        <ele>24.16181</ele>
        <time>2026-09-22T22:40:01.785000Z</time>
      </trkpt>
      <trkpt lat="39.8722494" lon="116.6757442">
        <ele>24.17509</ele>
        <time>2026-09-22T22:40:05.766000Z</time>
      </trkpt>
      <trkpt lat="39.8721962" lon="116.6758625">
        <ele>24.21368</ele>
        <time>2026-09-22T22:40:09.747000Z</time>
      </trkpt>
      <trkpt lat="39.8721392" lon="116.6759763">
        <ele>24.24383</ele>
        <time>2026-09-22T22:40:13.728000Z</time>
      </trkpt>
      <trkpt lat="39.8720774" lon="116.6760893">
        <ele>24.24454</ele>
        <time>2026-09-22T22:40:17.709000Z</time>
      </trkpt>
      <trkpt lat="39.8720121" lon="116.6761998">
        <ele>24.24903</ele>
        <time>2026-09-22T22:40:21.690000Z</time>
      </trkpt>
      <trkpt lat="39.8719525" lon="116.6763147">
        <ele>24.28685</ele>
        <time>2026-09-22T22:40:25.671000Z</time>
      </trkpt>
      <trkpt lat="39.8718977" lon="116.6764316">
        <ele>24.34252</ele>
        <time>2026-09-22T22:40:29.652000Z</time>
      </trkpt>
      <trkpt lat="39.871844" lon="116.6765463">
        <ele>24.38732</ele>
        <time>2026-09-22T22:40:33.633000Z</time>
      </trkpt>
      <trkpt lat="39.87179" lon="116.6766621">
        <ele>24.41299</ele>
        <time>2026-09-22T22:40:37.614000Z</time>
      </trkpt>
      <trkpt lat="39.8717437" lon="116.6767815">
        <ele>24.46315</ele>
        <time>2026-09-22T22:40:41.595000Z</time>
      </trkpt>
      <trkpt lat="39.871701" lon="116.6769047">
        <ele>24.52065</ele>
        <time>2026-09-22T22:40:45.576000Z</time>
      </trkpt>
      <trkpt lat="39.8716597" lon="116.6770301">
        <ele>24.55533</ele>
        <time>2026-09-22T22:40:49.557000Z</time>
      </trkpt>
      <trkpt lat="39.8716239" lon="116.6771519">
        <ele>24.53985</ele>
        <time>2026-09-22T22:40:53.538000Z</time>
      </trkpt>
      <trkpt lat="39.871587" lon="116.6772766">
        <ele>24.47981</ele>
        <time>2026-09-22T22:40:57.519000Z</time>
      </trkpt>
      <trkpt lat="39.8715478" lon="116.6774016">
        <ele>24.3896</ele>
        <time>2026-09-22T22:41:01.500000Z</time>
      </trkpt>
      <trkpt lat="39.8715174" lon="116.6775257">
        <ele>24.27357</ele>
        <time>2026-09-22T22:41:05.481000Z</time>
      </trkpt>
      <trkpt lat="39.8714892" lon="116.6776458">
        <ele>24.13615</ele>
        <time>2026-09-22T22:41:09.462000Z</time>
      </trkpt>
      <trkpt lat="39.8714617" lon="116.6777663">
        <ele>23.97077</ele>
        <time>2026-09-22T22:41:13.443000Z</time>
      </trkpt>
      <trkpt lat="39.8714367" lon="116.6778909">
        <ele>23.82311</ele>
        <time>2026-09-22T22:41:17.424000Z</time>
      </trkpt>
      <trkpt lat="39.8714103" lon="116.6780171">
        <ele>23.75879</ele>
        <time>2026-09-22T22:41:21.405000Z</time>
      </trkpt>
      <trkpt lat="39.8713912" lon="116.6781421">
        <ele>23.79098</ele>
        <time>2026-09-22T22:41:25.386000Z</time>
      </trkpt>
      <trkpt lat="39.8713741" lon="116.6782696">
        <ele>23.89848</ele>
        <time>2026-09-22T22:41:29.367000Z</time>
      </trkpt>
      <trkpt lat="39.8713543" lon="116.6783967">
        <ele>24.04437</ele>
        <time>2026-09-22T22:41:33.348000Z</time>
      </trkpt>
      <trkpt lat="39.8713319" lon="116.678521">
        <ele>24.18326</ele>
        <time>2026-09-22T22:41:37.329000Z</time>
      </trkpt>
      <trkpt lat="39.8712966" lon="116.678637">
        <ele>24.2955</ele>
        <time>2026-09-22T22:41:41.310000Z</time>
      </trkpt>
      <trkpt lat="39.8712591" lon="116.6787505">
        <ele>24.34934</ele>
        <time>2026-09-22T22:41:45.291000Z</time>
      </trkpt>
      <trkpt lat="39.8712214" lon="116.6788644">
        <ele>24.32819</ele>
        <time>2026-09-22T22:41:49.272000Z</time>
      </trkpt>
      <trkpt lat="39.8711809" lon="116.6789803">
        <ele>24.25116</ele>
        <time>2026-09-22T22:41:53.253000Z</time>
      </trkpt>
      <trkpt lat="39.8711397" lon="116.6790947">
        <ele>24.13397</ele>
        <time>2026-09-22T22:41:57.234000Z</time>
      </trkpt>
      <trkpt lat="39.8710988" lon="116.6792093">
        <ele>23.9961</ele>
        <time>2026-09-22T22:42:01.215000Z</time>
      </trkpt>
      <trkpt lat="39.8710579" lon="116.6793218">
        <ele>23.87557</ele>
        <time>2026-09-22T22:42:05.196000Z</time>
      </trkpt>
      <trkpt lat="39.8710224" lon="116.6794373">
        <ele>23.77978</ele>
        <time>2026-09-22T22:42:09.177000Z</time>
      </trkpt>
      <trkpt lat="39.8709889" lon="116.6795583">
        <ele>23.69686</ele>
        <time>2026-09-22T22:42:13.158000Z</time>
      </trkpt>
      <trkpt lat="39.8709583" lon="116.6796779">
        <ele>23.62469</ele>
        <time>2026-09-22T22:42:17.139000Z</time>
      </trkpt>
      <trkpt lat="39.870932" lon="116.679796">
        <ele>23.57945</ele>
        <time>2026-09-22T22:42:21.120000Z</time>
      </trkpt>
      <trkpt lat="39.870906" lon="116.6799163">
        <ele>23.59303</ele>
        <time>2026-09-22T22:42:25.101000Z</time>
      </trkpt>
      <trkpt lat="39.870879" lon="116.6800398">
        <ele>23.64308</ele>
        <time>2026-09-22T22:42:29.082000Z</time>
      </trkpt>
      <trkpt lat="39.8708531" lon="116.6801627">
        <ele>23.68147</ele>
        <time>2026-09-22T22:42:33.063000Z</time>
      </trkpt>
      <trkpt lat="39.8708244" lon="116.6802865">
        <ele>23.69341</ele>
        <time>2026-09-22T22:42:37.043000Z</time>
      </trkpt>
      <trkpt lat="39.8707964" lon="116.6804111">
        <ele>23.70048</ele>
        <time>2026-09-22T22:42:41Z</time>
      </trkpt>
      <trkpt lat="39.8707657" lon="116.6805345">
        <ele>23.72342</ele>
        <time>2026-09-22T22:42:45Z</time>
      </trkpt>
      <trkpt lat="39.8707357" lon="116.6806572">
        <ele>23.78378</ele>
        <time>2026-09-22T22:42:48.986000Z</time>
      </trkpt>
      <trkpt lat="39.8707025" lon="116.6807774">
        <ele>23.8563</ele>
        <time>2026-09-22T22:42:52.967000Z</time>
      </trkpt>
      <trkpt lat="39.8706646" lon="116.6808933">
        <ele>23.90991</ele>
        <time>2026-09-22T22:42:56.948000Z</time>
      </trkpt>
      <trkpt lat="39.8705948" lon="116.6810024">
        <ele>24.01928</ele>
        <time>2026-09-22T22:43:01.924000Z</time>
      </trkpt>
      <trkpt lat="39.8705466" lon="116.6811028">
        <ele>24.13711</ele>
        <time>2026-09-22T22:43:05.905000Z</time>
      </trkpt>
      <trkpt lat="39.8705134" lon="116.6812135">
        <ele>24.1541</ele>
        <time>2026-09-22T22:43:09.886000Z</time>
      </trkpt>
      <trkpt lat="39.8704849" lon="116.6813267">
        <ele>24.06392</ele>
        <time>2026-09-22T22:43:13.867000Z</time>
      </trkpt>
      <trkpt lat="39.8704599" lon="116.6814439">
        <ele>23.89403</ele>
        <time>2026-09-22T22:43:17.848000Z</time>
      </trkpt>
      <trkpt lat="39.8704282" lon="116.6815593">
        <ele>23.68377</ele>
        <time>2026-09-22T22:43:21.829000Z</time>
      </trkpt>
      <trkpt lat="39.8703901" lon="116.6816821">
        <ele>23.48885</ele>
        <time>2026-09-22T22:43:25.810000Z</time>
      </trkpt>
      <trkpt lat="39.8703558" lon="116.6818074">
        <ele>23.32495</ele>
        <time>2026-09-22T22:43:29.791000Z</time>
      </trkpt>
      <trkpt lat="39.8703181" lon="116.6819321">
        <ele>23.1602</ele>
        <time>2026-09-22T22:43:33.772000Z</time>
      </trkpt>
      <trkpt lat="39.8702763" lon="116.6820574">
        <ele>22.9777</ele>
        <time>2026-09-22T22:43:37.753000Z</time>
      </trkpt>
      <trkpt lat="39.8702401" lon="116.6821808">
        <ele>22.78552</ele>
        <time>2026-09-22T22:43:41.734000Z</time>
      </trkpt>
      <trkpt lat="39.8702077" lon="116.6823082">
        <ele>22.57914</ele>
        <time>2026-09-22T22:43:45.715000Z</time>
      </trkpt>
      <trkpt lat="39.8701778" lon="116.6824342">
        <ele>22.37433</ele>
        <time>2026-09-22T22:43:49.695000Z</time>
      </trkpt>
      <trkpt lat="39.8701505" lon="116.6825632">
        <ele>22.23423</ele>
        <time>2026-09-22T22:43:53.676000Z</time>
      </trkpt>
      <trkpt lat="39.8701286" lon="116.6826927">
        <ele>22.19896</ele>
        <time>2026-09-22T22:43:57.657000Z</time>
      </trkpt>
      <trkpt lat="39.8701077" lon="116.6828224">
        <ele>22.21738</ele>
        <time>2026-09-22T22:44:01.638000Z</time>
      </trkpt>
      <trkpt lat="39.8700846" lon="116.6829532">
        <ele>22.24244</ele>
        <time>2026-09-22T22:44:05.619000Z</time>
      </trkpt>
      <trkpt lat="39.8700592" lon="116.6830824">
        <ele>22.27753</ele>
        <time>2026-09-22T22:44:09.600000Z</time>
      </trkpt>
      <trkpt lat="39.8700331" lon="116.6832139">
        <ele>22.32654</ele>
        <time>2026-09-22T22:44:13.581000Z</time>
      </trkpt>
      <trkpt lat="39.8700065" lon="116.6833453">
        <ele>22.35608</ele>
        <time>2026-09-22T22:44:17.562000Z</time>
      </trkpt>
      <trkpt lat="39.8699838" lon="116.6834787">
        <ele>22.3565</ele>
        <time>2026-09-22T22:44:21.543000Z</time>
      </trkpt>
      <trkpt lat="39.869963" lon="116.6836136">
        <ele>22.35103</ele>
        <time>2026-09-22T22:44:25.524000Z</time>
      </trkpt>
      <trkpt lat="39.8699454" lon="116.6837502">
        <ele>22.37213</ele>
        <time>2026-09-22T22:44:29.505000Z</time>
      </trkpt>
      <trkpt lat="39.8699279" lon="116.6838865">
        <ele>22.43335</ele>
        <time>2026-09-22T22:44:33.485000Z</time>
      </trkpt>
      <trkpt lat="39.8699077" lon="116.6840183">
        <ele>22.52348</ele>
        <time>2026-09-22T22:44:37.466000Z</time>
      </trkpt>
      <trkpt lat="39.8698736" lon="116.6841465">
        <ele>22.62544</ele>
        <time>2026-09-22T22:44:41.447000Z</time>
      </trkpt>
      <trkpt lat="39.869835" lon="116.6842759">
        <ele>22.74197</ele>
        <time>2026-09-22T22:44:45.428000Z</time>
      </trkpt>
      <trkpt lat="39.8697989" lon="116.6844045">
        <ele>22.8477</ele>
        <time>2026-09-22T22:44:49.409000Z</time>
      </trkpt>
      <trkpt lat="39.8697666" lon="116.6845331">
        <ele>22.90683</ele>
        <time>2026-09-22T22:44:53.390000Z</time>
      </trkpt>
      <trkpt lat="39.8697373" lon="116.6846643">
        <ele>22.9218</ele>
        <time>2026-09-22T22:44:57.371000Z</time>
      </trkpt>
      <trkpt lat="39.8697056" lon="116.6847931">
        <ele>22.91988</ele>
        <time>2026-09-22T22:45:01.352000Z</time>
      </trkpt>
      <trkpt lat="39.8696755" lon="116.6849199">
        <ele>22.90248</ele>
        <time>2026-09-22T22:45:05.332000Z</time>
      </trkpt>
      <trkpt lat="39.8696471" lon="116.6850467">
        <ele>22.87086</ele>
        <time>2026-09-22T22:45:09.313000Z</time>
      </trkpt>
      <trkpt lat="39.8696198" lon="116.6851755">
        <ele>22.81692</ele>
        <time>2026-09-22T22:45:13.294000Z</time>
      </trkpt>
      <trkpt lat="39.8695928" lon="116.6853011">
        <ele>22.73919</ele>
        <time>2026-09-22T22:45:17.275000Z</time>
      </trkpt>
      <trkpt lat="39.8695649" lon="116.6854228">
        <ele>22.65899</ele>
        <time>2026-09-22T22:45:21.256000Z</time>
      </trkpt>
      <trkpt lat="39.8695353" lon="116.6855374">
        <ele>22.59752</ele>
        <time>2026-09-22T22:45:25.237000Z</time>
      </trkpt>
      <trkpt lat="39.8694856" lon="116.6856652">
        <ele>22.54828</ele>
        <time>2026-09-22T22:45:30.213000Z</time>
      </trkpt>
      <trkpt lat="39.869413" lon="116.6857461">
        <ele>22.52919</ele>
        <time>2026-09-22T22:45:35.189000Z</time>
      </trkpt>
      <trkpt lat="39.8693863" lon="116.6858699">
        <ele>22.54715</ele>
        <time>2026-09-22T22:45:40Z</time>
      </trkpt>
      <trkpt lat="39.8693605" lon="116.6860063">
        <ele>22.58176</ele>
        <time>2026-09-22T22:45:45Z</time>
      </trkpt>
      <trkpt lat="39.8693309" lon="116.6861195">
        <ele>22.59571</ele>
        <time>2026-09-22T22:45:49Z</time>
      </trkpt>
      <trkpt lat="39.869291" lon="116.6862317">
        <ele>22.5968</ele>
        <time>2026-09-22T22:45:53Z</time>
      </trkpt>
      <trkpt lat="39.8692478" lon="116.6863426">
        <ele>22.5783</ele>
        <time>2026-09-22T22:45:57.084000Z</time>
      </trkpt>
      <trkpt lat="39.8692058" lon="116.686474">
        <ele>22.61579</ele>
        <time>2026-09-22T22:46:02.060000Z</time>
      </trkpt>
      <trkpt lat="39.8691723" lon="116.6865881">
        <ele>22.69356</ele>
        <time>2026-09-22T22:46:06.041000Z</time>
      </trkpt>
      <trkpt lat="39.869131" lon="116.6867057">
        <ele>22.77031</ele>
        <time>2026-09-22T22:46:10.021000Z</time>
      </trkpt>
      <trkpt lat="39.86909" lon="116.6868235">
        <ele>22.82604</ele>
        <time>2026-09-22T22:46:14.002000Z</time>
      </trkpt>
      <trkpt lat="39.8690423" lon="116.6869326">
        <ele>22.84644</ele>
        <time>2026-09-22T22:46:17.983000Z</time>
      </trkpt>
      <trkpt lat="39.868988" lon="116.687036">
        <ele>22.83252</ele>
        <time>2026-09-22T22:46:21.964000Z</time>
      </trkpt>
      <trkpt lat="39.8689354" lon="116.687143">
        <ele>22.7952</ele>
        <time>2026-09-22T22:46:25.945000Z</time>
      </trkpt>
      <trkpt lat="39.8688868" lon="116.6872491">
        <ele>22.75033</ele>
        <time>2026-09-22T22:46:29.926000Z</time>
      </trkpt>
      <trkpt lat="39.8688417" lon="116.6873609">
        <ele>22.72145</ele>
        <time>2026-09-22T22:46:33.906000Z</time>
      </trkpt>
      <trkpt lat="39.8688103" lon="116.6874815">
        <ele>22.72343</ele>
        <time>2026-09-22T22:46:37.887000Z</time>
      </trkpt>
      <trkpt lat="39.8687885" lon="116.6876099">
        <ele>22.71219</ele>
        <time>2026-09-22T22:46:41.868000Z</time>
      </trkpt>
      <trkpt lat="39.86877" lon="116.6877372">
        <ele>22.67208</ele>
        <time>2026-09-22T22:46:45.849000Z</time>
      </trkpt>
      <trkpt lat="39.8687588" lon="116.6878652">
        <ele>22.62247</ele>
        <time>2026-09-22T22:46:49.830000Z</time>
      </trkpt>
      <trkpt lat="39.8687491" lon="116.6879969">
        <ele>22.61136</ele>
        <time>2026-09-22T22:46:53.811000Z</time>
      </trkpt>
      <trkpt lat="39.8687265" lon="116.688128">
        <ele>22.64906</ele>
        <time>2026-09-22T22:46:57.791000Z</time>
      </trkpt>
      <trkpt lat="39.8686982" lon="116.6882525">
        <ele>22.71889</ele>
        <time>2026-09-22T22:47:01.772000Z</time>
      </trkpt>
      <trkpt lat="39.8686681" lon="116.6883779">
        <ele>22.7824</ele>
        <time>2026-09-22T22:47:05.753000Z</time>
      </trkpt>
      <trkpt lat="39.8686377" lon="116.6885055">
        <ele>22.81151</ele>
        <time>2026-09-22T22:47:09.734000Z</time>
      </trkpt>
      <trkpt lat="39.8686124" lon="116.6886354">
        <ele>22.79589</ele>
        <time>2026-09-22T22:47:13.714000Z</time>
      </trkpt>
      <trkpt lat="39.8685796" lon="116.6887628">
        <ele>22.75193</ele>
        <time>2026-09-22T22:47:17.695000Z</time>
      </trkpt>
      <trkpt lat="39.8685197" lon="116.6888679">
        <ele>22.71952</ele>
        <time>2026-09-22T22:47:21.676000Z</time>
      </trkpt>
      <trkpt lat="39.8684321" lon="116.688932">
        <ele>22.71732</ele>
        <time>2026-09-22T22:47:25.657000Z</time>
      </trkpt>
      <trkpt lat="39.8683248" lon="116.6889514">
        <ele>22.76576</ele>
        <time>2026-09-22T22:47:29.638000Z</time>
      </trkpt>
      <trkpt lat="39.8682129" lon="116.6889454">
        <ele>22.83248</ele>
        <time>2026-09-22T22:47:33.619000Z</time>
      </trkpt>
      <trkpt lat="39.8680989" lon="116.6889403">
        <ele>22.87954</ele>
        <time>2026-09-22T22:47:37.599000Z</time>
      </trkpt>
      <trkpt lat="39.8679871" lon="116.6889279">
        <ele>22.88689</ele>
        <time>2026-09-22T22:47:41.580000Z</time>
      </trkpt>
      <trkpt lat="39.8678755" lon="116.6889188">
        <ele>22.85456</ele>
        <time>2026-09-22T22:47:45.561000Z</time>
      </trkpt>
      <trkpt lat="39.8677642" lon="116.6889183">
        <ele>22.79718</ele>
        <time>2026-09-22T22:47:49.542000Z</time>
      </trkpt>
      <trkpt lat="39.86765" lon="116.6889235">
        <ele>22.7487</ele>
        <time>2026-09-22T22:47:53.523000Z</time>
      </trkpt>
      <trkpt lat="39.8675381" lon="116.6889339">
        <ele>22.71966</ele>
        <time>2026-09-22T22:47:57.503000Z</time>
      </trkpt>
      <trkpt lat="39.8674264" lon="116.6889543">
        <ele>22.68806</ele>
        <time>2026-09-22T22:48:01.484000Z</time>
      </trkpt>
      <trkpt lat="39.8673148" lon="116.6889828">
        <ele>22.61524</ele>
        <time>2026-09-22T22:48:05.465000Z</time>
      </trkpt>
      <trkpt lat="39.8672035" lon="116.6890152">
        <ele>22.51126</ele>
        <time>2026-09-22T22:48:09.446000Z</time>
      </trkpt>
      <trkpt lat="39.867094" lon="116.6890495">
        <ele>22.41656</ele>
        <time>2026-09-22T22:48:13.426000Z</time>
      </trkpt>
      <trkpt lat="39.8669886" lon="116.6890899">
        <ele>22.35486</ele>
        <time>2026-09-22T22:48:17.407000Z</time>
      </trkpt>
      <trkpt lat="39.8668805" lon="116.6891339">
        <ele>22.3174</ele>
        <time>2026-09-22T22:48:21.388000Z</time>
      </trkpt>
      <trkpt lat="39.8667718" lon="116.6891829">
        <ele>22.29115</ele>
        <time>2026-09-22T22:48:25.369000Z</time>
      </trkpt>
      <trkpt lat="39.8666644" lon="116.6892398">
        <ele>22.30181</ele>
        <time>2026-09-22T22:48:29.350000Z</time>
      </trkpt>
      <trkpt lat="39.8665592" lon="116.6892972">
        <ele>22.36732</ele>
        <time>2026-09-22T22:48:33.330000Z</time>
      </trkpt>
      <trkpt lat="39.8664557" lon="116.6893465">
        <ele>22.45188</ele>
        <time>2026-09-22T22:48:37.311000Z</time>
      </trkpt>
      <trkpt lat="39.8663515" lon="116.6893889">
        <ele>22.5046</ele>
        <time>2026-09-22T22:48:41.292000Z</time>
      </trkpt>
      <trkpt lat="39.8662382" lon="116.6894317">
        <ele>22.49119</ele>
        <time>2026-09-22T22:48:45.273000Z</time>
      </trkpt>
      <trkpt lat="39.8661254" lon="116.6894781">
        <ele>22.42237</ele>
        <time>2026-09-22T22:48:49.253000Z</time>
      </trkpt>
      <trkpt lat="39.8660178" lon="116.6895292">
        <ele>22.33403</ele>
        <time>2026-09-22T22:48:53.234000Z</time>
      </trkpt>
      <trkpt lat="39.8659115" lon="116.6895823">
        <ele>22.23674</ele>
        <time>2026-09-22T22:48:57.215000Z</time>
      </trkpt>
      <trkpt lat="39.8658037" lon="116.6896337">
        <ele>22.15894</ele>
        <time>2026-09-22T22:49:01.196000Z</time>
      </trkpt>
      <trkpt lat="39.86569" lon="116.689685">
        <ele>22.21081</ele>
        <time>2026-09-22T22:49:05.176000Z</time>
      </trkpt>
      <trkpt lat="39.8655773" lon="116.6897271">
        <ele>22.38146</ele>
        <time>2026-09-22T22:49:09.157000Z</time>
      </trkpt>
      <trkpt lat="39.8654615" lon="116.6897693">
        <ele>22.52376</ele>
        <time>2026-09-22T22:49:13.138000Z</time>
      </trkpt>
      <trkpt lat="39.8653747" lon="116.6898036">
        <ele>22.59572</ele>
        <time>2026-09-22T22:49:16.123000Z</time>
      </trkpt>
      <trkpt lat="39.8652626" lon="116.6898451">
        <ele>22.63979</ele>
        <time>2026-09-22T22:49:20.104000Z</time>
      </trkpt>
      <trkpt lat="39.8651494" lon="116.6898809">
        <ele>22.60549</ele>
        <time>2026-09-22T22:49:24.085000Z</time>
      </trkpt>
      <trkpt lat="39.8650398" lon="116.6899237">
        <ele>22.49386</ele>
        <time>2026-09-22T22:49:28.066000Z</time>
      </trkpt>
      <trkpt lat="39.8649293" lon="116.6899757">
        <ele>22.34337</ele>
        <time>2026-09-22T22:49:32.046000Z</time>
      </trkpt>
      <trkpt lat="39.8648174" lon="116.6900306">
        <ele>22.22121</ele>
        <time>2026-09-22T22:49:36.027000Z</time>
      </trkpt>
      <trkpt lat="39.864733" lon="116.6900736">
        <ele>22.15079</ele>
        <time>2026-09-22T22:49:39.013000Z</time>
      </trkpt>
      <trkpt lat="39.8646476" lon="116.6901129">
        <ele>22.09074</ele>
        <time>2026-09-22T22:49:41.998000Z</time>
      </trkpt>
      <trkpt lat="39.8645385" lon="116.6901663">
        <ele>22.02594</ele>
        <time>2026-09-22T22:49:45.979000Z</time>
      </trkpt>
      <trkpt lat="39.8644303" lon="116.6902149">
        <ele>21.98641</ele>
        <time>2026-09-22T22:49:49.960000Z</time>
      </trkpt>
      <trkpt lat="39.8643264" lon="116.690268">
        <ele>21.94337</ele>
        <time>2026-09-22T22:49:53.940000Z</time>
      </trkpt>
      <trkpt lat="39.8642262" lon="116.6903262">
        <ele>21.87538</ele>
        <time>2026-09-22T22:49:57.921000Z</time>
      </trkpt>
      <trkpt lat="39.8641293" lon="116.6903873">
        <ele>21.7937</ele>
        <time>2026-09-22T22:50:01.902000Z</time>
      </trkpt>
      <trkpt lat="39.8640322" lon="116.6904479">
        <ele>21.73926</ele>
        <time>2026-09-22T22:50:05.883000Z</time>
      </trkpt>
      <trkpt lat="39.863933" lon="116.6905059">
        <ele>21.71435</ele>
        <time>2026-09-22T22:50:09.863000Z</time>
      </trkpt>
      <trkpt lat="39.86383" lon="116.6905641">
        <ele>21.69027</ele>
        <time>2026-09-22T22:50:13.844000Z</time>
      </trkpt>
      <trkpt lat="39.8637245" lon="116.6906218">
        <ele>21.66485</ele>
        <time>2026-09-22T22:50:17.825000Z</time>
      </trkpt>
      <trkpt lat="39.8636162" lon="116.6906789">
        <ele>21.66146</ele>
        <time>2026-09-22T22:50:21.806000Z</time>
      </trkpt>
      <trkpt lat="39.8635094" lon="116.6907349">
        <ele>21.68768</ele>
        <time>2026-09-22T22:50:25.786000Z</time>
      </trkpt>
      <trkpt lat="39.8634017" lon="116.6907939">
        <ele>21.71825</ele>
        <time>2026-09-22T22:50:29.767000Z</time>
      </trkpt>
      <trkpt lat="39.8632948" lon="116.690857">
        <ele>21.7248</ele>
        <time>2026-09-22T22:50:33.748000Z</time>
      </trkpt>
      <trkpt lat="39.8631868" lon="116.6909196">
        <ele>21.72413</ele>
        <time>2026-09-22T22:50:37.729000Z</time>
      </trkpt>
      <trkpt lat="39.863071" lon="116.6909561">
        <ele>21.72455</ele>
        <time>2026-09-22T22:50:41.709000Z</time>
      </trkpt>
      <trkpt lat="39.8629534" lon="116.6909726">
        <ele>21.6925</ele>
        <time>2026-09-22T22:50:45.690000Z</time>
      </trkpt>
      <trkpt lat="39.8628384" lon="116.6909581">
        <ele>21.63311</ele>
        <time>2026-09-22T22:50:49.671000Z</time>
      </trkpt>
      <trkpt lat="39.8627307" lon="116.6909005">
        <ele>21.57321</ele>
        <time>2026-09-22T22:50:53.652000Z</time>
      </trkpt>
      <trkpt lat="39.8626528" lon="116.6908008">
        <ele>21.52355</ele>
        <time>2026-09-22T22:50:57.632000Z</time>
      </trkpt>
      <trkpt lat="39.8626065" lon="116.690675">
        <ele>21.47786</ele>
        <time>2026-09-22T22:51:01.613000Z</time>
      </trkpt>
      <trkpt lat="39.8625694" lon="116.6905465">
        <ele>21.45579</ele>
        <time>2026-09-22T22:51:05.594000Z</time>
      </trkpt>
      <trkpt lat="39.8625306" lon="116.6904198">
        <ele>21.48309</ele>
        <time>2026-09-22T22:51:09.575000Z</time>
      </trkpt>
      <trkpt lat="39.8624894" lon="116.6902976">
        <ele>21.55443</ele>
        <time>2026-09-22T22:51:13.555000Z</time>
      </trkpt>
      <trkpt lat="39.8624556" lon="116.6901732">
        <ele>21.64394</ele>
        <time>2026-09-22T22:51:17.536000Z</time>
      </trkpt>
      <trkpt lat="39.8624237" lon="116.6900477">
        <ele>21.7298</ele>
        <time>2026-09-22T22:51:21.517000Z</time>
      </trkpt>
      <trkpt lat="39.8623945" lon="116.6899191">
        <ele>21.77167</ele>
        <time>2026-09-22T22:51:25.498000Z</time>
      </trkpt>
      <trkpt lat="39.8623611" lon="116.689793">
        <ele>21.74206</ele>
        <time>2026-09-22T22:51:29.478000Z</time>
      </trkpt>
      <trkpt lat="39.862322" lon="116.6896692">
        <ele>21.66124</ele>
        <time>2026-09-22T22:51:33.459000Z</time>
      </trkpt>
      <trkpt lat="39.8622791" lon="116.6895468">
        <ele>21.56851</ele>
        <time>2026-09-22T22:51:37.440000Z</time>
      </trkpt>
      <trkpt lat="39.8622329" lon="116.689424">
        <ele>21.49463</ele>
        <time>2026-09-22T22:51:41.421000Z</time>
      </trkpt>
      <trkpt lat="39.8621951" lon="116.6892964">
        <ele>21.45921</ele>
        <time>2026-09-22T22:51:45.401000Z</time>
      </trkpt>
      <trkpt lat="39.8621638" lon="116.6891665">
        <ele>21.47683</ele>
        <time>2026-09-22T22:51:49.382000Z</time>
      </trkpt>
      <trkpt lat="39.8621397" lon="116.6890346">
        <ele>21.52919</ele>
        <time>2026-09-22T22:51:53.363000Z</time>
      </trkpt>
      <trkpt lat="39.8621145" lon="116.6889">
        <ele>21.5981</ele>
        <time>2026-09-22T22:51:57.344000Z</time>
      </trkpt>
      <trkpt lat="39.8620896" lon="116.6887672">
        <ele>21.66412</ele>
        <time>2026-09-22T22:52:01.324000Z</time>
      </trkpt>
      <trkpt lat="39.8620659" lon="116.6886333">
        <ele>21.72175</ele>
        <time>2026-09-22T22:52:05.305000Z</time>
      </trkpt>
      <trkpt lat="39.8620441" lon="116.6885006">
        <ele>21.78111</ele>
        <time>2026-09-22T22:52:09.286000Z</time>
      </trkpt>
      <trkpt lat="39.8620194" lon="116.6883678">
        <ele>21.8255</ele>
        <time>2026-09-22T22:52:13.267000Z</time>
      </trkpt>
      <trkpt lat="39.8619926" lon="116.6882326">
        <ele>21.83989</ele>
        <time>2026-09-22T22:52:17.247000Z</time>
      </trkpt>
      <trkpt lat="39.861968" lon="116.6880987">
        <ele>21.81829</ele>
        <time>2026-09-22T22:52:21.228000Z</time>
      </trkpt>
      <trkpt lat="39.8619445" lon="116.6879605">
        <ele>21.78785</ele>
        <time>2026-09-22T22:52:25.209000Z</time>
      </trkpt>
      <trkpt lat="39.8619169" lon="116.687824">
        <ele>21.77531</ele>
        <time>2026-09-22T22:52:29.190000Z</time>
      </trkpt>
      <trkpt lat="39.8618824" lon="116.6876901">
        <ele>21.7773</ele>
        <time>2026-09-22T22:52:33.170000Z</time>
      </trkpt>
      <trkpt lat="39.8618494" lon="116.6875555">
        <ele>21.75137</ele>
        <time>2026-09-22T22:52:37.151000Z</time>
      </trkpt>
      <trkpt lat="39.86182" lon="116.6874202">
        <ele>21.67762</ele>
        <time>2026-09-22T22:52:41.132000Z</time>
      </trkpt>
      <trkpt lat="39.8617889" lon="116.6872859">
        <ele>21.57759</ele>
        <time>2026-09-22T22:52:45.113000Z</time>
      </trkpt>
      <trkpt lat="39.8617603" lon="116.6871488">
        <ele>21.47843</ele>
        <time>2026-09-22T22:52:49.093000Z</time>
      </trkpt>
      <trkpt lat="39.861734" lon="116.6870126">
        <ele>21.38217</ele>
        <time>2026-09-22T22:52:53.074000Z</time>
      </trkpt>
      <trkpt lat="39.8617136" lon="116.6868761">
        <ele>21.2966</ele>
        <time>2026-09-22T22:52:57.055000Z</time>
      </trkpt>
      <trkpt lat="39.8616904" lon="116.6867389">
        <ele>21.22773</ele>
        <time>2026-09-22T22:53:01.036000Z</time>
      </trkpt>
      <trkpt lat="39.8616715" lon="116.6866019">
        <ele>21.19593</ele>
        <time>2026-09-22T22:53:05.016000Z</time>
      </trkpt>
      <trkpt lat="39.8616522" lon="116.686464">
        <ele>21.22537</ele>
        <time>2026-09-22T22:53:08.997000Z</time>
      </trkpt>
      <trkpt lat="39.8616319" lon="116.6863251">
        <ele>21.33041</ele>
        <time>2026-09-22T22:53:12.978000Z</time>
      </trkpt>
      <trkpt lat="39.8616227" lon="116.6861808">
        <ele>21.48882</ele>
        <time>2026-09-22T22:53:16.959000Z</time>
      </trkpt>
      <trkpt lat="39.8616183" lon="116.6860387">
        <ele>21.67122</ele>
        <time>2026-09-22T22:53:20.939000Z</time>
      </trkpt>
      <trkpt lat="39.8616072" lon="116.6859023">
        <ele>21.83283</ele>
        <time>2026-09-22T22:53:24.920000Z</time>
      </trkpt>
      <trkpt lat="39.8615903" lon="116.6857627">
        <ele>21.92121</ele>
        <time>2026-09-22T22:53:28.901000Z</time>
      </trkpt>
      <trkpt lat="39.8615751" lon="116.6856244">
        <ele>21.94201</ele>
        <time>2026-09-22T22:53:32.882000Z</time>
      </trkpt>
      <trkpt lat="39.8615603" lon="116.6854883">
        <ele>21.96296</ele>
        <time>2026-09-22T22:53:36.862000Z</time>
      </trkpt>
      <trkpt lat="39.8615604" lon="116.6853527">
        <ele>22.04541</ele>
        <time>2026-09-22T22:53:40.843000Z</time>
      </trkpt>
      <trkpt lat="39.8615688" lon="116.6852129">
        <ele>22.19124</ele>
        <time>2026-09-22T22:53:44.824000Z</time>
      </trkpt>
      <trkpt lat="39.8615752" lon="116.6850705">
        <ele>22.35692</ele>
        <time>2026-09-22T22:53:48.805000Z</time>
      </trkpt>
      <trkpt lat="39.8615765" lon="116.6849299">
        <ele>22.49837</ele>
        <time>2026-09-22T22:53:52.785000Z</time>
      </trkpt>
      <trkpt lat="39.8615743" lon="116.684789">
        <ele>22.54629</ele>
        <time>2026-09-22T22:53:56.766000Z</time>
      </trkpt>
      <trkpt lat="39.8615735" lon="116.6846493">
        <ele>22.50384</ele>
        <time>2026-09-22T22:54:00.747000Z</time>
      </trkpt>
      <trkpt lat="39.8615815" lon="116.6845093">
        <ele>22.44005</ele>
        <time>2026-09-22T22:54:04.728000Z</time>
      </trkpt>
      <trkpt lat="39.8615876" lon="116.6843714">
        <ele>22.40206</ele>
        <time>2026-09-22T22:54:08.708000Z</time>
      </trkpt>
      <trkpt lat="39.861594" lon="116.6842288">
        <ele>22.39712</ele>
        <time>2026-09-22T22:54:12.689000Z</time>
      </trkpt>
      <trkpt lat="39.8616014" lon="116.684082">
        <ele>22.41785</ele>
        <time>2026-09-22T22:54:16.670000Z</time>
      </trkpt>
      <trkpt lat="39.8616104" lon="116.6839355">
        <ele>22.45532</ele>
        <time>2026-09-22T22:54:20.650000Z</time>
      </trkpt>
      <trkpt lat="39.861617" lon="116.6837826">
        <ele>22.51627</ele>
        <time>2026-09-22T22:54:24.631000Z</time>
      </trkpt>
      <trkpt lat="39.8616295" lon="116.6836301">
        <ele>22.60757</ele>
        <time>2026-09-22T22:54:28.612000Z</time>
      </trkpt>
      <trkpt lat="39.8616428" lon="116.6834818">
        <ele>22.72247</ele>
        <time>2026-09-22T22:54:32.593000Z</time>
      </trkpt>
      <trkpt lat="39.8616574" lon="116.683336">
        <ele>22.84354</ele>
        <time>2026-09-22T22:54:36.573000Z</time>
      </trkpt>
      <trkpt lat="39.8616712" lon="116.6831905">
        <ele>22.94675</ele>
        <time>2026-09-22T22:54:40.554000Z</time>
      </trkpt>
      <trkpt lat="39.8616905" lon="116.6830479">
        <ele>23.01843</ele>
        <time>2026-09-22T22:54:44.535000Z</time>
      </trkpt>
      <trkpt lat="39.8617196" lon="116.6829152">
        <ele>23.03381</ele>
        <time>2026-09-22T22:54:48.516000Z</time>
      </trkpt>
      <trkpt lat="39.8617491" lon="116.6827867">
        <ele>22.95044</ele>
        <time>2026-09-22T22:54:52.496000Z</time>
      </trkpt>
      <trkpt lat="39.8617673" lon="116.6826599">
        <ele>22.77501</ele>
        <time>2026-09-22T22:54:56.477000Z</time>
      </trkpt>
      <trkpt lat="39.8617712" lon="116.6825339">
        <ele>22.59817</ele>
        <time>2026-09-22T22:55:00.458000Z</time>
      </trkpt>
      <trkpt lat="39.8617802" lon="116.6824083">
        <ele>22.50493</ele>
        <time>2026-09-22T22:55:04.439000Z</time>
      </trkpt>
      <trkpt lat="39.8617952" lon="116.6822783">
        <ele>22.51713</ele>
        <time>2026-09-22T22:55:08.419000Z</time>
      </trkpt>
      <trkpt lat="39.8618102" lon="116.6821425">
        <ele>22.58178</ele>
        <time>2026-09-22T22:55:12.400000Z</time>
      </trkpt>
      <trkpt lat="39.8618192" lon="116.6820101">
        <ele>22.63854</ele>
        <time>2026-09-22T22:55:16.381000Z</time>
      </trkpt>
      <trkpt lat="39.8618268" lon="116.6818782">
        <ele>22.66741</ele>
        <time>2026-09-22T22:55:20.362000Z</time>
      </trkpt>
      <trkpt lat="39.8618379" lon="116.6817475">
        <ele>22.65683</ele>
        <time>2026-09-22T22:55:24.342000Z</time>
      </trkpt>
      <trkpt lat="39.8618529" lon="116.6816151">
        <ele>22.60666</ele>
        <time>2026-09-22T22:55:28.323000Z</time>
      </trkpt>
      <trkpt lat="39.8618729" lon="116.6814819">
        <ele>22.55283</ele>
        <time>2026-09-22T22:55:32.304000Z</time>
      </trkpt>
      <trkpt lat="39.8618955" lon="116.681358">
        <ele>22.53809</ele>
        <time>2026-09-22T22:55:36.285000Z</time>
      </trkpt>
      <trkpt lat="39.8619148" lon="116.6812343">
        <ele>22.55343</ele>
        <time>2026-09-22T22:55:40.265000Z</time>
      </trkpt>
      <trkpt lat="39.8619329" lon="116.6810971">
        <ele>22.56488</ele>
        <time>2026-09-22T22:55:44.246000Z</time>
      </trkpt>
      <trkpt lat="39.8619503" lon="116.6809627">
        <ele>22.55728</ele>
        <time>2026-09-22T22:55:48.226000Z</time>
      </trkpt>
      <trkpt lat="39.8619676" lon="116.6808302">
        <ele>22.53146</ele>
        <time>2026-09-22T22:55:52.207000Z</time>
      </trkpt>
      <trkpt lat="39.8619876" lon="116.6807001">
        <ele>22.50693</ele>
        <time>2026-09-22T22:55:56.188000Z</time>
      </trkpt>
      <trkpt lat="39.8620065" lon="116.6805716">
        <ele>22.52159</ele>
        <time>2026-09-22T22:56:00.169000Z</time>
      </trkpt>
      <trkpt lat="39.8620207" lon="116.6804389">
        <ele>22.5801</ele>
        <time>2026-09-22T22:56:04.149000Z</time>
      </trkpt>
      <trkpt lat="39.8620343" lon="116.6803054">
        <ele>22.65871</ele>
        <time>2026-09-22T22:56:08.130000Z</time>
      </trkpt>
      <trkpt lat="39.8620387" lon="116.6801726">
        <ele>22.77041</ele>
        <time>2026-09-22T22:56:12.111000Z</time>
      </trkpt>
      <trkpt lat="39.8620369" lon="116.6800403">
        <ele>22.92072</ele>
        <time>2026-09-22T22:56:16.092000Z</time>
      </trkpt>
      <trkpt lat="39.8620378" lon="116.6799072">
        <ele>23.08793</ele>
        <time>2026-09-22T22:56:20.072000Z</time>
      </trkpt>
      <trkpt lat="39.8620422" lon="116.6797701">
        <ele>23.24511</ele>
        <time>2026-09-22T22:56:24.053000Z</time>
      </trkpt>
      <trkpt lat="39.8620492" lon="116.6796338">
        <ele>23.4011</ele>
        <time>2026-09-22T22:56:28.034000Z</time>
      </trkpt>
      <trkpt lat="39.8620509" lon="116.6794933">
        <ele>23.56263</ele>
        <time>2026-09-22T22:56:32.015000Z</time>
      </trkpt>
      <trkpt lat="39.8620525" lon="116.6793464">
        <ele>23.64171</ele>
        <time>2026-09-22T22:56:35.996000Z</time>
      </trkpt>
      <trkpt lat="39.8620594" lon="116.679206">
        <ele>23.63344</ele>
        <time>2026-09-22T22:56:39.976000Z</time>
      </trkpt>
      <trkpt lat="39.8620786" lon="116.6790683">
        <ele>23.61298</ele>
        <time>2026-09-22T22:56:43.957000Z</time>
      </trkpt>
      <trkpt lat="39.8621006" lon="116.6789351">
        <ele>23.60047</ele>
        <time>2026-09-22T22:56:47.938000Z</time>
      </trkpt>
      <trkpt lat="39.8621241" lon="116.6788058">
        <ele>23.5817</ele>
        <time>2026-09-22T22:56:51.919000Z</time>
      </trkpt>
      <trkpt lat="39.8621426" lon="116.6786734">
        <ele>23.5415</ele>
        <time>2026-09-22T22:56:55.899000Z</time>
      </trkpt>
      <trkpt lat="39.8621566" lon="116.6785408">
        <ele>23.5172</ele>
        <time>2026-09-22T22:56:59.880000Z</time>
      </trkpt>
      <trkpt lat="39.862174" lon="116.678415">
        <ele>23.51138</ele>
        <time>2026-09-22T22:57:03.861000Z</time>
      </trkpt>
      <trkpt lat="39.8621936" lon="116.6782851">
        <ele>23.50393</ele>
        <time>2026-09-22T22:57:07.842000Z</time>
      </trkpt>
      <trkpt lat="39.8622119" lon="116.6781542">
        <ele>23.52152</ele>
        <time>2026-09-22T22:57:11.823000Z</time>
      </trkpt>
      <trkpt lat="39.8622239" lon="116.6780235">
        <ele>23.58169</ele>
        <time>2026-09-22T22:57:15.803000Z</time>
      </trkpt>
      <trkpt lat="39.8622264" lon="116.6778881">
        <ele>23.67038</ele>
        <time>2026-09-22T22:57:19.784000Z</time>
      </trkpt>
      <trkpt lat="39.8622311" lon="116.6777538">
        <ele>23.73539</ele>
        <time>2026-09-22T22:57:23.765000Z</time>
      </trkpt>
      <trkpt lat="39.8622422" lon="116.677623">
        <ele>23.75664</ele>
        <time>2026-09-22T22:57:27.746000Z</time>
      </trkpt>
      <trkpt lat="39.8622446" lon="116.6774974">
        <ele>23.72147</ele>
        <time>2026-09-22T22:57:31.727000Z</time>
      </trkpt>
      <trkpt lat="39.8622499" lon="116.6773696">
        <ele>23.64471</ele>
        <time>2026-09-22T22:57:35.707000Z</time>
      </trkpt>
      <trkpt lat="39.8622613" lon="116.6772366">
        <ele>23.55258</ele>
        <time>2026-09-22T22:57:39.688000Z</time>
      </trkpt>
      <trkpt lat="39.8622736" lon="116.6771017">
        <ele>23.47229</ele>
        <time>2026-09-22T22:57:43.669000Z</time>
      </trkpt>
      <trkpt lat="39.8622931" lon="116.6769702">
        <ele>23.42061</ele>
        <time>2026-09-22T22:57:47.650000Z</time>
      </trkpt>
      <trkpt lat="39.8623269" lon="116.6768432">
        <ele>23.41603</ele>
        <time>2026-09-22T22:57:51.631000Z</time>
      </trkpt>
      <trkpt lat="39.8623678" lon="116.6767196">
        <ele>23.45028</ele>
        <time>2026-09-22T22:57:55.612000Z</time>
      </trkpt>
      <trkpt lat="39.8623963" lon="116.6765919">
        <ele>23.49642</ele>
        <time>2026-09-22T22:57:59.593000Z</time>
      </trkpt>
      <trkpt lat="39.86241" lon="116.6764609">
        <ele>23.53406</ele>
        <time>2026-09-22T22:58:03.573000Z</time>
      </trkpt>
      <trkpt lat="39.8624254" lon="116.6763323">
        <ele>23.55413</ele>
        <time>2026-09-22T22:58:07.554000Z</time>
      </trkpt>
      <trkpt lat="39.8624505" lon="116.6762016">
        <ele>23.55469</ele>
        <time>2026-09-22T22:58:11.535000Z</time>
      </trkpt>
      <trkpt lat="39.8624704" lon="116.6760668">
        <ele>23.53195</ele>
        <time>2026-09-22T22:58:15.516000Z</time>
      </trkpt>
      <trkpt lat="39.8624862" lon="116.6759318">
        <ele>23.49764</ele>
        <time>2026-09-22T22:58:19.497000Z</time>
      </trkpt>
      <trkpt lat="39.8625047" lon="116.6757954">
        <ele>23.46416</ele>
        <time>2026-09-22T22:58:23.478000Z</time>
      </trkpt>
      <trkpt lat="39.8625198" lon="116.6756553">
        <ele>23.44738</ele>
        <time>2026-09-22T22:58:27.459000Z</time>
      </trkpt>
      <trkpt lat="39.8625267" lon="116.6755141">
        <ele>23.46347</ele>
        <time>2026-09-22T22:58:31.439000Z</time>
      </trkpt>
      <trkpt lat="39.8625324" lon="116.675371">
        <ele>23.49533</ele>
        <time>2026-09-22T22:58:35.420000Z</time>
      </trkpt>
      <trkpt lat="39.8625329" lon="116.6752167">
        <ele>23.52167</ele>
        <time>2026-09-22T22:58:39.401000Z</time>
      </trkpt>
      <trkpt lat="39.86253" lon="116.6750998">
        <ele>23.5424</ele>
        <time>2026-09-22T22:58:42.387000Z</time>
      </trkpt>
      <trkpt lat="39.8625285" lon="116.6749505">
        <ele>23.58088</ele>
        <time>2026-09-22T22:58:46.368000Z</time>
      </trkpt>
      <trkpt lat="39.8625338" lon="116.67481">
        <ele>23.62296</ele>
        <time>2026-09-22T22:58:50.348000Z</time>
      </trkpt>
      <trkpt lat="39.8625369" lon="116.6746686">
        <ele>23.66</ele>
        <time>2026-09-22T22:58:54.329000Z</time>
      </trkpt>
      <trkpt lat="39.8625374" lon="116.6745325">
        <ele>23.68583</ele>
        <time>2026-09-22T22:58:58.310000Z</time>
      </trkpt>
      <trkpt lat="39.8625358" lon="116.6743981">
        <ele>23.71524</ele>
        <time>2026-09-22T22:59:02.291000Z</time>
      </trkpt>
      <trkpt lat="39.8625331" lon="116.6742575">
        <ele>23.74865</ele>
        <time>2026-09-22T22:59:06.272000Z</time>
      </trkpt>
      <trkpt lat="39.8625293" lon="116.6741167">
        <ele>23.7803</ele>
        <time>2026-09-22T22:59:10.253000Z</time>
      </trkpt>
      <trkpt lat="39.8625255" lon="116.6739785">
        <ele>23.84154</ele>
        <time>2026-09-22T22:59:14.234000Z</time>
      </trkpt>
      <trkpt lat="39.8625211" lon="116.6738406">
        <ele>23.9552</ele>
        <time>2026-09-22T22:59:18.214000Z</time>
      </trkpt>
      <trkpt lat="39.8625165" lon="116.6737011">
        <ele>24.08852</ele>
        <time>2026-09-22T22:59:22.195000Z</time>
      </trkpt>
      <trkpt lat="39.8625078" lon="116.6735601">
        <ele>24.18872</ele>
        <time>2026-09-22T22:59:26.176000Z</time>
      </trkpt>
      <trkpt lat="39.8624959" lon="116.6734174">
        <ele>24.21217</ele>
        <time>2026-09-22T22:59:30.157000Z</time>
      </trkpt>
      <trkpt lat="39.8624802" lon="116.6732824">
        <ele>24.18118</ele>
        <time>2026-09-22T22:59:34Z</time>
      </trkpt>
      <trkpt lat="39.8624646" lon="116.6731442">
        <ele>24.2298</ele>
        <time>2026-09-22T22:59:38Z</time>
      </trkpt>
      <trkpt lat="39.8624648" lon="116.6730036">
        <ele>24.3176</ele>
        <time>2026-09-22T22:59:42.100000Z</time>
      </trkpt>
      <trkpt lat="39.8624723" lon="116.672865">
        <ele>24.34487</ele>
        <time>2026-09-22T22:59:46.081000Z</time>
      </trkpt>
      <trkpt lat="39.8624792" lon="116.6727304">
        <ele>24.33111</ele>
        <time>2026-09-22T22:59:50.061000Z</time>
      </trkpt>
      <trkpt lat="39.8624723" lon="116.6725977">
        <ele>24.31968</ele>
        <time>2026-09-22T22:59:54.042000Z</time>
      </trkpt>
      <trkpt lat="39.8624725" lon="116.6724655">
        <ele>24.34371</ele>
        <time>2026-09-22T22:59:58.023000Z</time>
      </trkpt>
      <trkpt lat="39.8624826" lon="116.6723298">
        <ele>24.39055</ele>
        <time>2026-09-22T23:00:02.004000Z</time>
      </trkpt>
      <trkpt lat="39.8624909" lon="116.672191">
        <ele>24.45379</ele>
        <time>2026-09-22T23:00:05.985000Z</time>
      </trkpt>
      <trkpt lat="39.862496" lon="116.672043">
        <ele>24.50175</ele>
        <time>2026-09-22T23:00:09.966000Z</time>
      </trkpt>
      <trkpt lat="39.8625004" lon="116.6718914">
        <ele>24.50243</ele>
        <time>2026-09-22T23:00:13.947000Z</time>
      </trkpt>
      <trkpt lat="39.8625014" lon="116.6717394">
        <ele>24.46138</ele>
        <time>2026-09-22T23:00:17.928000Z</time>
      </trkpt>
      <trkpt lat="39.8624993" lon="116.6715843">
        <ele>24.39207</ele>
        <time>2026-09-22T23:00:21.909000Z</time>
      </trkpt>
      <trkpt lat="39.8625022" lon="116.6714329">
        <ele>24.28785</ele>
        <time>2026-09-22T23:00:25.889000Z</time>
      </trkpt>
      <trkpt lat="39.8625102" lon="116.6712909">
        <ele>24.16262</ele>
        <time>2026-09-22T23:00:29.870000Z</time>
      </trkpt>
      <trkpt lat="39.8625141" lon="116.6711505">
        <ele>24.03163</ele>
        <time>2026-09-22T23:00:33.851000Z</time>
      </trkpt>
      <trkpt lat="39.8625125" lon="116.6710063">
        <ele>23.92865</ele>
        <time>2026-09-22T23:00:37.832000Z</time>
      </trkpt>
      <trkpt lat="39.8625052" lon="116.6708591">
        <ele>23.884</ele>
        <time>2026-09-22T23:00:41.813000Z</time>
      </trkpt>
      <trkpt lat="39.862502" lon="116.670714">
        <ele>23.87551</ele>
        <time>2026-09-22T23:00:45.794000Z</time>
      </trkpt>
      <trkpt lat="39.8624984" lon="116.6705764">
        <ele>23.85522</ele>
        <time>2026-09-22T23:00:49.775000Z</time>
      </trkpt>
      <trkpt lat="39.8624859" lon="116.6704413">
        <ele>23.81254</ele>
        <time>2026-09-22T23:00:53.756000Z</time>
      </trkpt>
      <trkpt lat="39.8624761" lon="116.670307">
        <ele>23.79386</ele>
        <time>2026-09-22T23:00:57.737000Z</time>
      </trkpt>
      <trkpt lat="39.8624801" lon="116.6701718">
        <ele>23.81675</ele>
        <time>2026-09-22T23:01:01.718000Z</time>
      </trkpt>
      <trkpt lat="39.8624931" lon="116.6700363">
        <ele>23.89399</ele>
        <time>2026-09-22T23:01:05.698000Z</time>
      </trkpt>
      <trkpt lat="39.8624998" lon="116.6699013">
        <ele>23.9903</ele>
        <time>2026-09-22T23:01:09.679000Z</time>
      </trkpt>
      <trkpt lat="39.8625051" lon="116.6697673">
        <ele>24.06862</ele>
        <time>2026-09-22T23:01:13.660000Z</time>
      </trkpt>
      <trkpt lat="39.8625118" lon="116.6696345">
        <ele>24.10185</ele>
        <time>2026-09-22T23:01:17.641000Z</time>
      </trkpt>
      <trkpt lat="39.8625197" lon="116.669501">
        <ele>24.06359</ele>
        <time>2026-09-22T23:01:21.622000Z</time>
      </trkpt>
      <trkpt lat="39.8625212" lon="116.6693685">
        <ele>23.982</ele>
        <time>2026-09-22T23:01:25.603000Z</time>
      </trkpt>
      <trkpt lat="39.862526" lon="116.6692345">
        <ele>23.8824</ele>
        <time>2026-09-22T23:01:29.584000Z</time>
      </trkpt>
      <trkpt lat="39.8625331" lon="116.6690985">
        <ele>23.81124</ele>
        <time>2026-09-22T23:01:33.565000Z</time>
      </trkpt>
      <trkpt lat="39.8625435" lon="116.6689562">
        <ele>23.80781</ele>
        <time>2026-09-22T23:01:37.546000Z</time>
      </trkpt>
      <trkpt lat="39.8625546" lon="116.6688128">
        <ele>23.85678</ele>
        <time>2026-09-22T23:01:41.527000Z</time>
      </trkpt>
      <trkpt lat="39.8625699" lon="116.6686727">
        <ele>23.92733</ele>
        <time>2026-09-22T23:01:45.508000Z</time>
      </trkpt>
      <trkpt lat="39.8625757" lon="116.6685398">
        <ele>23.98843</ele>
        <time>2026-09-22T23:01:49.488000Z</time>
      </trkpt>
      <trkpt lat="39.8625745" lon="116.6684032">
        <ele>24.04959</ele>
        <time>2026-09-22T23:01:53.469000Z</time>
      </trkpt>
      <trkpt lat="39.862569" lon="116.6682652">
        <ele>24.13375</ele>
        <time>2026-09-22T23:01:57.450000Z</time>
      </trkpt>
      <trkpt lat="39.8625621" lon="116.6681285">
        <ele>24.25767</ele>
        <time>2026-09-22T23:02:01.431000Z</time>
      </trkpt>
      <trkpt lat="39.8625553" lon="116.6679926">
        <ele>24.41545</ele>
        <time>2026-09-22T23:02:05.412000Z</time>
      </trkpt>
      <trkpt lat="39.8625478" lon="116.6678532">
        <ele>24.57685</ele>
        <time>2026-09-22T23:02:09.392000Z</time>
      </trkpt>
      <trkpt lat="39.8625403" lon="116.6677108">
        <ele>24.72115</ele>
        <time>2026-09-22T23:02:13.372000Z</time>
      </trkpt>
      <trkpt lat="39.8625338" lon="116.6675684">
        <ele>24.84234</ele>
        <time>2026-09-22T23:02:17.353000Z</time>
      </trkpt>
      <trkpt lat="39.8625244" lon="116.6674273">
        <ele>24.93642</ele>
        <time>2026-09-22T23:02:21.333000Z</time>
      </trkpt>
      <trkpt lat="39.8625211" lon="116.6672862">
        <ele>24.99494</ele>
        <time>2026-09-22T23:02:25.314000Z</time>
      </trkpt>
      <trkpt lat="39.8625195" lon="116.6671421">
        <ele>25.00921</ele>
        <time>2026-09-22T23:02:29.294000Z</time>
      </trkpt>
      <trkpt lat="39.8625166" lon="116.6669979">
        <ele>24.99088</ele>
        <time>2026-09-22T23:02:33.275000Z</time>
      </trkpt>
      <trkpt lat="39.8625095" lon="116.6668615">
        <ele>24.96109</ele>
        <time>2026-09-22T23:02:37.256000Z</time>
      </trkpt>
      <trkpt lat="39.8625064" lon="116.6667315">
        <ele>24.91285</ele>
        <time>2026-09-22T23:02:41.237000Z</time>
      </trkpt>
      <trkpt lat="39.8625057" lon="116.6666047">
        <ele>24.85939</ele>
        <time>2026-09-22T23:02:45.218000Z</time>
      </trkpt>
      <trkpt lat="39.8625126" lon="116.666476">
        <ele>24.82002</ele>
        <time>2026-09-22T23:02:49.199000Z</time>
      </trkpt>
      <trkpt lat="39.8625186" lon="116.66634">
        <ele>24.77423</ele>
        <time>2026-09-22T23:02:53.179000Z</time>
      </trkpt>
      <trkpt lat="39.8625198" lon="116.666199">
        <ele>24.68276</ele>
        <time>2026-09-22T23:02:57.160000Z</time>
      </trkpt>
      <trkpt lat="39.862515" lon="116.6660593">
        <ele>24.54963</ele>
        <time>2026-09-22T23:03:01.141000Z</time>
      </trkpt>
      <trkpt lat="39.8625097" lon="116.6659223">
        <ele>24.40662</ele>
        <time>2026-09-22T23:03:05.122000Z</time>
      </trkpt>
      <trkpt lat="39.8625057" lon="116.6657794">
        <ele>24.28051</ele>
        <time>2026-09-22T23:03:09.103000Z</time>
      </trkpt>
      <trkpt lat="39.8625037" lon="116.6656356">
        <ele>24.15742</ele>
        <time>2026-09-22T23:03:13.084000Z</time>
      </trkpt>
      <trkpt lat="39.8625004" lon="116.6654933">
        <ele>24.05748</ele>
        <time>2026-09-22T23:03:17.065000Z</time>
      </trkpt>
      <trkpt lat="39.862496" lon="116.6653522">
        <ele>23.98674</ele>
        <time>2026-09-22T23:03:21.046000Z</time>
      </trkpt>
      <trkpt lat="39.8624927" lon="116.6652138">
        <ele>23.9184</ele>
        <time>2026-09-22T23:03:25.027000Z</time>
      </trkpt>
      <trkpt lat="39.8624917" lon="116.6650722">
        <ele>23.85211</ele>
        <time>2026-09-22T23:03:29.008000Z</time>
      </trkpt>
      <trkpt lat="39.8624888" lon="116.664933">
        <ele>23.78008</ele>
        <time>2026-09-22T23:03:32.989000Z</time>
      </trkpt>
      <trkpt lat="39.8624875" lon="116.6647942">
        <ele>23.69584</ele>
        <time>2026-09-22T23:03:36.970000Z</time>
      </trkpt>
      <trkpt lat="39.8624856" lon="116.6646517">
        <ele>23.63373</ele>
        <time>2026-09-22T23:03:40.951000Z</time>
      </trkpt>
      <trkpt lat="39.8624814" lon="116.6645098">
        <ele>23.6157</ele>
        <time>2026-09-22T23:03:44.932000Z</time>
      </trkpt>
      <trkpt lat="39.8624802" lon="116.6643728">
        <ele>23.6332</ele>
        <time>2026-09-22T23:03:48.912000Z</time>
      </trkpt>
      <trkpt lat="39.8624802" lon="116.6642373">
        <ele>23.67569</ele>
        <time>2026-09-22T23:03:52.893000Z</time>
      </trkpt>
      <trkpt lat="39.8624811" lon="116.6641013">
        <ele>23.73731</ele>
        <time>2026-09-22T23:03:56.874000Z</time>
      </trkpt>
      <trkpt lat="39.8624817" lon="116.6639661">
        <ele>23.81244</ele>
        <time>2026-09-22T23:04:00.856000Z</time>
      </trkpt>
      <trkpt lat="39.8624868" lon="116.6638311">
        <ele>23.89231</ele>
        <time>2026-09-22T23:04:04.838000Z</time>
      </trkpt>
      <trkpt lat="39.8625006" lon="116.6636979">
        <ele>23.92451</ele>
        <time>2026-09-22T23:04:08.819000Z</time>
      </trkpt>
      <trkpt lat="39.8625124" lon="116.663563">
        <ele>23.87608</ele>
        <time>2026-09-22T23:04:12.801000Z</time>
      </trkpt>
      <trkpt lat="39.8625188" lon="116.6634265">
        <ele>23.78859</ele>
        <time>2026-09-22T23:04:16.782000Z</time>
      </trkpt>
      <trkpt lat="39.8625196" lon="116.6632898">
        <ele>23.7146</ele>
        <time>2026-09-22T23:04:20.763000Z</time>
      </trkpt>
      <trkpt lat="39.8625238" lon="116.6631546">
        <ele>23.67901</ele>
        <time>2026-09-22T23:04:24.744000Z</time>
      </trkpt>
      <trkpt lat="39.8625353" lon="116.6630109">
        <ele>23.68396</ele>
        <time>2026-09-22T23:04:28.726000Z</time>
      </trkpt>
      <trkpt lat="39.8625406" lon="116.6628694">
        <ele>23.69795</ele>
        <time>2026-09-22T23:04:32.707000Z</time>
      </trkpt>
      <trkpt lat="39.8625471" lon="116.6627274">
        <ele>23.67686</ele>
        <time>2026-09-22T23:04:36.688000Z</time>
      </trkpt>
      <trkpt lat="39.862555" lon="116.6625902">
        <ele>23.61588</ele>
        <time>2026-09-22T23:04:40.669000Z</time>
      </trkpt>
      <trkpt lat="39.8625657" lon="116.6624514">
        <ele>23.59475</ele>
        <time>2026-09-22T23:04:44.650000Z</time>
      </trkpt>
      <trkpt lat="39.8625681" lon="116.6623109">
        <ele>23.61372</ele>
        <time>2026-09-22T23:04:48.631000Z</time>
      </trkpt>
      <trkpt lat="39.8625588" lon="116.6621725">
        <ele>23.61862</ele>
        <time>2026-09-22T23:04:52.612000Z</time>
      </trkpt>
      <trkpt lat="39.8625555" lon="116.6620369">
        <ele>23.60066</ele>
        <time>2026-09-22T23:04:56.593000Z</time>
      </trkpt>
      <trkpt lat="39.8625533" lon="116.6619003">
        <ele>23.58271</ele>
        <time>2026-09-22T23:05:00.574000Z</time>
      </trkpt>
      <trkpt lat="39.8625464" lon="116.6617623">
        <ele>23.60318</ele>
        <time>2026-09-22T23:05:04.555000Z</time>
      </trkpt>
      <trkpt lat="39.8625402" lon="116.6616252">
        <ele>23.69758</ele>
        <time>2026-09-22T23:05:08.536000Z</time>
      </trkpt>
      <trkpt lat="39.862534" lon="116.6614808">
        <ele>23.87558</ele>
        <time>2026-09-22T23:05:12.517000Z</time>
      </trkpt>
      <trkpt lat="39.8625333" lon="116.6613367">
        <ele>24.10519</ele>
        <time>2026-09-22T23:05:16.497000Z</time>
      </trkpt>
      <trkpt lat="39.8625321" lon="116.6611912">
        <ele>24.31089</ele>
        <time>2026-09-22T23:05:20.478000Z</time>
      </trkpt>
      <trkpt lat="39.8625235" lon="116.6610526">
        <ele>24.42555</ele>
        <time>2026-09-22T23:05:24.459000Z</time>
      </trkpt>
      <trkpt lat="39.8625111" lon="116.6609123">
        <ele>24.43882</ele>
        <time>2026-09-22T23:05:28.440000Z</time>
      </trkpt>
      <trkpt lat="39.8625034" lon="116.6607731">
        <ele>24.35429</ele>
        <time>2026-09-22T23:05:32.421000Z</time>
      </trkpt>
      <trkpt lat="39.8624958" lon="116.6606346">
        <ele>24.18096</ele>
        <time>2026-09-22T23:05:36.402000Z</time>
      </trkpt>
      <trkpt lat="39.8624835" lon="116.6605031">
        <ele>23.9656</ele>
        <time>2026-09-22T23:05:40.383000Z</time>
      </trkpt>
      <trkpt lat="39.8624842" lon="116.6603707">
        <ele>23.77616</ele>
        <time>2026-09-22T23:05:44.364000Z</time>
      </trkpt>
      <trkpt lat="39.862492" lon="116.6602318">
        <ele>23.65598</ele>
        <time>2026-09-22T23:05:48.345000Z</time>
      </trkpt>
      <trkpt lat="39.8625035" lon="116.6600871">
        <ele>23.61753</ele>
        <time>2026-09-22T23:05:52.326000Z</time>
      </trkpt>
      <trkpt lat="39.8625086" lon="116.6599373">
        <ele>23.65114</ele>
        <time>2026-09-22T23:05:56.307000Z</time>
      </trkpt>
      <trkpt lat="39.8625126" lon="116.659789">
        <ele>23.73173</ele>
        <time>2026-09-22T23:06:00.288000Z</time>
      </trkpt>
      <trkpt lat="39.8625187" lon="116.6596441">
        <ele>23.82505</ele>
        <time>2026-09-22T23:06:04.269000Z</time>
      </trkpt>
      <trkpt lat="39.8625184" lon="116.6595039">
        <ele>23.91233</ele>
        <time>2026-09-22T23:06:08.250000Z</time>
      </trkpt>
      <trkpt lat="39.8625132" lon="116.6593626">
        <ele>24.01368</ele>
        <time>2026-09-22T23:06:12.231000Z</time>
      </trkpt>
      <trkpt lat="39.8625059" lon="116.6592213">
        <ele>24.144</ele>
        <time>2026-09-22T23:06:16.212000Z</time>
      </trkpt>
      <trkpt lat="39.8624983" lon="116.6590789">
        <ele>24.26918</ele>
        <time>2026-09-22T23:06:20.193000Z</time>
      </trkpt>
      <trkpt lat="39.8624918" lon="116.6589362">
        <ele>24.35019</ele>
        <time>2026-09-22T23:06:24.174000Z</time>
      </trkpt>
      <trkpt lat="39.8624933" lon="116.6587963">
        <ele>24.38684</ele>
        <time>2026-09-22T23:06:28.155000Z</time>
      </trkpt>
      <trkpt lat="39.862505" lon="116.6586647">
        <ele>24.39255</ele>
        <time>2026-09-22T23:06:32.136000Z</time>
      </trkpt>
      <trkpt lat="39.862509" lon="116.6585323">
        <ele>24.36619</ele>
        <time>2026-09-22T23:06:36.116000Z</time>
      </trkpt>
      <trkpt lat="39.8625034" lon="116.6583986">
        <ele>24.30109</ele>
        <time>2026-09-22T23:06:40.097000Z</time>
      </trkpt>
      <trkpt lat="39.8624981" lon="116.6582679">
        <ele>24.24656</ele>
        <time>2026-09-22T23:06:44Z</time>
      </trkpt>
      <trkpt lat="39.8624967" lon="116.6581345">
        <ele>24.22229</ele>
        <time>2026-09-22T23:06:48Z</time>
      </trkpt>
      <trkpt lat="39.8624951" lon="116.6579997">
        <ele>24.21391</ele>
        <time>2026-09-22T23:06:52Z</time>
      </trkpt>
      <trkpt lat="39.8624967" lon="116.6578637">
        <ele>24.26489</ele>
        <time>2026-09-22T23:06:56Z</time>
      </trkpt>
      <trkpt lat="39.8625013" lon="116.6577315">
        <ele>24.38826</ele>
        <time>2026-09-22T23:07:00Z</time>
      </trkpt>
      <trkpt lat="39.8625047" lon="116.657596">
        <ele>24.54841</ele>
        <time>2026-09-22T23:07:03.983000Z</time>
      </trkpt>
      <trkpt lat="39.8625041" lon="116.6574556">
        <ele>24.68484</ele>
        <time>2026-09-22T23:07:07.964000Z</time>
      </trkpt>
      <trkpt lat="39.8625032" lon="116.6573144">
        <ele>24.79542</ele>
        <time>2026-09-22T23:07:11.945000Z</time>
      </trkpt>
      <trkpt lat="39.8625017" lon="116.6571734">
        <ele>24.88646</ele>
        <time>2026-09-22T23:07:15.926000Z</time>
      </trkpt>
      <trkpt lat="39.8625027" lon="116.65703">
        <ele>24.96238</ele>
        <time>2026-09-22T23:07:19.907000Z</time>
      </trkpt>
      <trkpt lat="39.8625081" lon="116.6568929">
        <ele>25.01636</ele>
        <time>2026-09-22T23:07:23.888000Z</time>
      </trkpt>
      <trkpt lat="39.8625176" lon="116.6567571">
        <ele>25.07061</ele>
        <time>2026-09-22T23:07:27.869000Z</time>
      </trkpt>
      <trkpt lat="39.8625235" lon="116.6566191">
        <ele>25.17357</ele>
        <time>2026-09-22T23:07:31.850000Z</time>
      </trkpt>
      <trkpt lat="39.8625285" lon="116.6564788">
        <ele>25.35637</ele>
        <time>2026-09-22T23:07:35.831000Z</time>
      </trkpt>
      <trkpt lat="39.8625384" lon="116.6563385">
        <ele>25.58865</ele>
        <time>2026-09-22T23:07:39.812000Z</time>
      </trkpt>
      <trkpt lat="39.8625507" lon="116.6562042">
        <ele>25.79918</ele>
        <time>2026-09-22T23:07:43.793000Z</time>
      </trkpt>
      <trkpt lat="39.8625535" lon="116.6560757">
        <ele>25.93911</ele>
        <time>2026-09-22T23:07:47.774000Z</time>
      </trkpt>
      <trkpt lat="39.8625535" lon="116.6559519">
        <ele>25.99612</ele>
        <time>2026-09-22T23:07:51.755000Z</time>
      </trkpt>
      <trkpt lat="39.8625501" lon="116.6558252">
        <ele>25.97689</ele>
        <time>2026-09-22T23:07:55.736000Z</time>
      </trkpt>
      <trkpt lat="39.8625424" lon="116.6556957">
        <ele>25.91144</ele>
        <time>2026-09-22T23:07:59.717000Z</time>
      </trkpt>
      <trkpt lat="39.8625459" lon="116.655566">
        <ele>25.84226</ele>
        <time>2026-09-22T23:08:03.698000Z</time>
      </trkpt>
      <trkpt lat="39.8625738" lon="116.6554366">
        <ele>25.79881</ele>
        <time>2026-09-22T23:08:07.679000Z</time>
      </trkpt>
      <trkpt lat="39.8625932" lon="116.6553043">
        <ele>25.79482</ele>
        <time>2026-09-22T23:08:11.660000Z</time>
      </trkpt>
      <trkpt lat="39.8625777" lon="116.6551704">
        <ele>25.81447</ele>
        <time>2026-09-22T23:08:15.641000Z</time>
      </trkpt>
      <trkpt lat="39.8625507" lon="116.6550395">
        <ele>25.82661</ele>
        <time>2026-09-22T23:08:19.622000Z</time>
      </trkpt>
      <trkpt lat="39.8625398" lon="116.6549037">
        <ele>25.82082</ele>
        <time>2026-09-22T23:08:23.603000Z</time>
      </trkpt>
      <trkpt lat="39.8625398" lon="116.6547663">
        <ele>25.81015</ele>
        <time>2026-09-22T23:08:27.584000Z</time>
      </trkpt>
      <trkpt lat="39.8625395" lon="116.6546279">
        <ele>25.80354</ele>
        <time>2026-09-22T23:08:31.564000Z</time>
      </trkpt>
      <trkpt lat="39.862531" lon="116.6544938">
        <ele>25.77625</ele>
        <time>2026-09-22T23:08:35.545000Z</time>
      </trkpt>
      <trkpt lat="39.8625221" lon="116.6543521">
        <ele>25.73509</ele>
        <time>2026-09-22T23:08:39.526000Z</time>
      </trkpt>
      <trkpt lat="39.8625287" lon="116.6542084">
        <ele>25.68518</ele>
        <time>2026-09-22T23:08:43.507000Z</time>
      </trkpt>
      <trkpt lat="39.8625383" lon="116.6540647">
        <ele>25.59424</ele>
        <time>2026-09-22T23:08:47.488000Z</time>
      </trkpt>
      <trkpt lat="39.8625414" lon="116.6539192">
        <ele>25.48828</ele>
        <time>2026-09-22T23:08:51.469000Z</time>
      </trkpt>
      <trkpt lat="39.8625406" lon="116.6537756">
        <ele>25.39969</ele>
        <time>2026-09-22T23:08:55.450000Z</time>
      </trkpt>
      <trkpt lat="39.8625415" lon="116.6536323">
        <ele>25.33579</ele>
        <time>2026-09-22T23:08:59.431000Z</time>
      </trkpt>
      <trkpt lat="39.8625457" lon="116.6534926">
        <ele>25.31275</ele>
        <time>2026-09-22T23:09:03.412000Z</time>
      </trkpt>
      <trkpt lat="39.8625491" lon="116.6533481">
        <ele>25.33149</ele>
        <time>2026-09-22T23:09:07.393000Z</time>
      </trkpt>
      <trkpt lat="39.8625504" lon="116.653204">
        <ele>25.35967</ele>
        <time>2026-09-22T23:09:11.374000Z</time>
      </trkpt>
      <trkpt lat="39.8625515" lon="116.6530599">
        <ele>25.35989</ele>
        <time>2026-09-22T23:09:15.355000Z</time>
      </trkpt>
      <trkpt lat="39.8625531" lon="116.6529144">
        <ele>25.3045</ele>
        <time>2026-09-22T23:09:19.336000Z</time>
      </trkpt>
      <trkpt lat="39.8625522" lon="116.6527684">
        <ele>25.20275</ele>
        <time>2026-09-22T23:09:23.317000Z</time>
      </trkpt>
      <trkpt lat="39.8625505" lon="116.6526227">
        <ele>25.08874</ele>
        <time>2026-09-22T23:09:27.298000Z</time>
      </trkpt>
      <trkpt lat="39.8625484" lon="116.6524731">
        <ele>24.98854</ele>
        <time>2026-09-22T23:09:31.279000Z</time>
      </trkpt>
      <trkpt lat="39.8625432" lon="116.6523237">
        <ele>24.90123</ele>
        <time>2026-09-22T23:09:35.260000Z</time>
      </trkpt>
      <trkpt lat="39.8625368" lon="116.6521753">
        <ele>24.78961</ele>
        <time>2026-09-22T23:09:39.241000Z</time>
      </trkpt>
      <trkpt lat="39.8625441" lon="116.652024">
        <ele>24.63838</ele>
        <time>2026-09-22T23:09:43.222000Z</time>
      </trkpt>
      <trkpt lat="39.8625734" lon="116.6518836">
        <ele>24.48331</ele>
        <time>2026-09-22T23:09:47.203000Z</time>
      </trkpt>
      <trkpt lat="39.8626502" lon="116.6517937">
        <ele>24.37687</ele>
        <time>2026-09-22T23:09:51Z</time>
      </trkpt>
      <trkpt lat="39.8627634" lon="116.6517653">
        <ele>24.35154</ele>
        <time>2026-09-22T23:09:55Z</time>
      </trkpt>
      <trkpt lat="39.862877" lon="116.6517638">
        <ele>24.34146</ele>
        <time>2026-09-22T23:09:59Z</time>
      </trkpt>
      <trkpt lat="39.8629913" lon="116.6517613">
        <ele>24.31864</ele>
        <time>2026-09-22T23:10:03Z</time>
      </trkpt>
      <trkpt lat="39.8631049" lon="116.6517559">
        <ele>24.31574</ele>
        <time>2026-09-22T23:10:07Z</time>
      </trkpt>
      <trkpt lat="39.8632144" lon="116.6517564">
        <ele>24.31675</ele>
        <time>2026-09-22T23:10:11Z</time>
      </trkpt>
      <trkpt lat="39.8633244" lon="116.6517438">
        <ele>24.30362</ele>
        <time>2026-09-22T23:10:15Z</time>
      </trkpt>
      <trkpt lat="39.8634348" lon="116.651752">
        <ele>24.29869</ele>
        <time>2026-09-22T23:10:19Z</time>
      </trkpt>
      <trkpt lat="39.8635456" lon="116.6517711">
        <ele>24.35367</ele>
        <time>2026-09-22T23:10:23Z</time>
      </trkpt>
      <trkpt lat="39.8636546" lon="116.6517792">
        <ele>24.59989</ele>
        <time>2026-09-22T23:10:27Z</time>
      </trkpt>
      <trkpt lat="39.8637641" lon="116.6517829">
        <ele>25.02526</ele>
        <time>2026-09-22T23:10:30.994000Z</time>
      </trkpt>
      <trkpt lat="39.8638704" lon="116.6517893">
        <ele>25.3845</ele>
        <time>2026-09-22T23:10:34.975000Z</time>
      </trkpt>
      <trkpt lat="39.8639756" lon="116.6518008">
        <ele>25.59384</ele>
        <time>2026-09-22T23:10:38.956000Z</time>
      </trkpt>
      <trkpt lat="39.8640826" lon="116.6518123">
        <ele>25.67987</ele>
        <time>2026-09-22T23:10:42.937000Z</time>
      </trkpt>
      <trkpt lat="39.8641868" lon="116.6518215">
        <ele>25.69765</ele>
        <time>2026-09-22T23:10:46.918000Z</time>
      </trkpt>
      <trkpt lat="39.864293" lon="116.6518171">
        <ele>25.70427</ele>
        <time>2026-09-22T23:10:50.899000Z</time>
      </trkpt>
      <trkpt lat="39.8643997" lon="116.6518081">
        <ele>25.75669</ele>
        <time>2026-09-22T23:10:54.880000Z</time>
      </trkpt>
      <trkpt lat="39.8645068" lon="116.6518077">
        <ele>25.8755</ele>
        <time>2026-09-22T23:10:58.861000Z</time>
      </trkpt>
      <trkpt lat="39.8646133" lon="116.6518101">
        <ele>25.99575</ele>
        <time>2026-09-22T23:11:02.842000Z</time>
      </trkpt>
      <trkpt lat="39.8647187" lon="116.6518006">
        <ele>26.06017</ele>
        <time>2026-09-22T23:11:06.823000Z</time>
      </trkpt>
      <trkpt lat="39.864821" lon="116.6517894">
        <ele>26.07335</ele>
        <time>2026-09-22T23:11:10.804000Z</time>
      </trkpt>
      <trkpt lat="39.864927" lon="116.6517846">
        <ele>26.07455</ele>
        <time>2026-09-22T23:11:14.785000Z</time>
      </trkpt>
      <trkpt lat="39.8650346" lon="116.6517861">
        <ele>26.09491</ele>
        <time>2026-09-22T23:11:18.765000Z</time>
      </trkpt>
      <trkpt lat="39.8651447" lon="116.6517836">
        <ele>26.12937</ele>
        <time>2026-09-22T23:11:22.746000Z</time>
      </trkpt>
      <trkpt lat="39.8652536" lon="116.6517772">
        <ele>26.18903</ele>
        <time>2026-09-22T23:11:26.727000Z</time>
      </trkpt>
      <trkpt lat="39.8653633" lon="116.6517639">
        <ele>26.26257</ele>
        <time>2026-09-22T23:11:30.708000Z</time>
      </trkpt>
      <trkpt lat="39.8654671" lon="116.6517376">
        <ele>26.33239</ele>
        <time>2026-09-22T23:11:34.689000Z</time>
      </trkpt>
      <trkpt lat="39.8655696" lon="116.6517119">
        <ele>26.37329</ele>
        <time>2026-09-22T23:11:38.670000Z</time>
      </trkpt>
      <trkpt lat="39.8656727" lon="116.6517096">
        <ele>26.38443</ele>
        <time>2026-09-22T23:11:42.651000Z</time>
      </trkpt>
      <trkpt lat="39.8657782" lon="116.651726">
        <ele>26.41972</ele>
        <time>2026-09-22T23:11:46.632000Z</time>
      </trkpt>
      <trkpt lat="39.8658838" lon="116.6517491">
        <ele>26.49661</ele>
        <time>2026-09-22T23:11:50.613000Z</time>
      </trkpt>
      <trkpt lat="39.8659909" lon="116.6517619">
        <ele>26.56423</ele>
        <time>2026-09-22T23:11:54.594000Z</time>
      </trkpt>
      <trkpt lat="39.8660988" lon="116.6517703">
        <ele>26.6117</ele>
        <time>2026-09-22T23:11:58.575000Z</time>
      </trkpt>
      <trkpt lat="39.8662048" lon="116.6517746">
        <ele>26.67497</ele>
        <time>2026-09-22T23:12:02.556000Z</time>
      </trkpt>
      <trkpt lat="39.8663115" lon="116.6517769">
        <ele>26.73884</ele>
        <time>2026-09-22T23:12:06.537000Z</time>
      </trkpt>
      <trkpt lat="39.8664145" lon="116.6517746">
        <ele>26.77136</ele>
        <time>2026-09-22T23:12:10.518000Z</time>
      </trkpt>
      <trkpt lat="39.8665187" lon="116.6517673">
        <ele>26.7661</ele>
        <time>2026-09-22T23:12:14.499000Z</time>
      </trkpt>
      <trkpt lat="39.8666241" lon="116.6517628">
        <ele>26.72505</ele>
        <time>2026-09-22T23:12:18.480000Z</time>
      </trkpt>
      <trkpt lat="39.866731" lon="116.6517606">
        <ele>26.6308</ele>
        <time>2026-09-22T23:12:22.461000Z</time>
      </trkpt>
      <trkpt lat="39.8668369" lon="116.6517669">
        <ele>26.47337</ele>
        <time>2026-09-22T23:12:26.442000Z</time>
      </trkpt>
      <trkpt lat="39.8669438" lon="116.6517716">
        <ele>26.28723</ele>
        <time>2026-09-22T23:12:30.423000Z</time>
      </trkpt>
      <trkpt lat="39.867053" lon="116.6517691">
        <ele>26.11777</ele>
        <time>2026-09-22T23:12:34.404000Z</time>
      </trkpt>
      <trkpt lat="39.8671596" lon="116.6517596">
        <ele>26.00447</ele>
        <time>2026-09-22T23:12:38.385000Z</time>
      </trkpt>
      <trkpt lat="39.8672643" lon="116.6517484">
        <ele>25.97756</ele>
        <time>2026-09-22T23:12:42.366000Z</time>
      </trkpt>
      <trkpt lat="39.8673681" lon="116.651749">
        <ele>26.00422</ele>
        <time>2026-09-22T23:12:46.347000Z</time>
      </trkpt>
      <trkpt lat="39.8674719" lon="116.6517609">
        <ele>25.99991</ele>
        <time>2026-09-22T23:12:50.328000Z</time>
      </trkpt>
      <trkpt lat="39.8675761" lon="116.6517755">
        <ele>25.87532</ele>
        <time>2026-09-22T23:12:54.309000Z</time>
      </trkpt>
      <trkpt lat="39.8676808" lon="116.6517976">
        <ele>25.69083</ele>
        <time>2026-09-22T23:12:58.290000Z</time>
      </trkpt>
      <trkpt lat="39.8677863" lon="116.6518271">
        <ele>25.53984</ele>
        <time>2026-09-22T23:13:02.271000Z</time>
      </trkpt>
      <trkpt lat="39.8678796" lon="116.6518744">
        <ele>25.48592</ele>
        <time>2026-09-22T23:13:06.252000Z</time>
      </trkpt>
      <trkpt lat="39.8679418" lon="116.651969">
        <ele>25.52503</ele>
        <time>2026-09-22T23:13:10.232000Z</time>
      </trkpt>
      <trkpt lat="39.8679686" lon="116.6520959">
        <ele>25.58666</ele>
        <time>2026-09-22T23:13:14.213000Z</time>
      </trkpt>
      <trkpt lat="39.8679687" lon="116.652235">
        <ele>25.63764</ele>
        <time>2026-09-22T23:13:18.194000Z</time>
      </trkpt>
      <trkpt lat="39.8679636" lon="116.6523761">
        <ele>25.69772</ele>
        <time>2026-09-22T23:13:22.175000Z</time>
      </trkpt>
      <trkpt lat="39.8679621" lon="116.6525136">
        <ele>25.78719</ele>
        <time>2026-09-22T23:13:26.156000Z</time>
      </trkpt>
      <trkpt lat="39.8679625" lon="116.6526469">
        <ele>25.84197</ele>
        <time>2026-09-22T23:13:30.137000Z</time>
      </trkpt>
      <trkpt lat="39.8679649" lon="116.6527805">
        <ele>25.74409</ele>
        <time>2026-09-22T23:13:34.118000Z</time>
      </trkpt>
      <trkpt lat="39.8679544" lon="116.6529148">
        <ele>25.39639</ele>
        <time>2026-09-22T23:13:38.099000Z</time>
      </trkpt>
      <trkpt lat="39.8679408" lon="116.6530494">
        <ele>24.91982</ele>
        <time>2026-09-22T23:13:42Z</time>
      </trkpt>
      <trkpt lat="39.8679388" lon="116.65319">
        <ele>24.63405</ele>
        <time>2026-09-22T23:13:46Z</time>
      </trkpt>
      <trkpt lat="39.8679464" lon="116.6533275">
        <ele>24.57761</ele>
        <time>2026-09-22T23:13:50Z</time>
      </trkpt>
      <trkpt lat="39.8679924" lon="116.6534302">
        <ele>24.71516</ele>
        <time>2026-09-22T23:13:55.018000Z</time>
      </trkpt>
      <trkpt lat="39.868071" lon="116.6533598">
        <ele>24.98689</ele>
        <time>2026-09-22T23:13:59.994000Z</time>
      </trkpt>
      <trkpt lat="39.8681013" lon="116.6532224">
        <ele>25.22147</ele>
        <time>2026-09-22T23:14:03.975000Z</time>
      </trkpt>
      <trkpt lat="39.8681064" lon="116.653078">
        <ele>25.40541</ele>
        <time>2026-09-22T23:14:07.956000Z</time>
      </trkpt>
      <trkpt lat="39.8681118" lon="116.6529378">
        <ele>25.57784</ele>
        <time>2026-09-22T23:14:11.937000Z</time>
      </trkpt>
      <trkpt lat="39.8681191" lon="116.6527944">
        <ele>25.73075</ele>
        <time>2026-09-22T23:14:15.918000Z</time>
      </trkpt>
      <trkpt lat="39.8681225" lon="116.6526497">
        <ele>25.79253</ele>
        <time>2026-09-22T23:14:19.899000Z</time>
      </trkpt>
      <trkpt lat="39.8681238" lon="116.6525025">
        <ele>25.76618</ele>
        <time>2026-09-22T23:14:23.880000Z</time>
      </trkpt>
      <trkpt lat="39.8681257" lon="116.6523519">
        <ele>25.69921</ele>
        <time>2026-09-22T23:14:27.861000Z</time>
      </trkpt>
      <trkpt lat="39.8681262" lon="116.6522008">
        <ele>25.62118</ele>
        <time>2026-09-22T23:14:31.842000Z</time>
      </trkpt>
      <trkpt lat="39.8681277" lon="116.6520534">
        <ele>25.50461</ele>
        <time>2026-09-22T23:14:35.823000Z</time>
      </trkpt>
      <trkpt lat="39.8681533" lon="116.6519159">
        <ele>25.32946</ele>
        <time>2026-09-22T23:14:39.804000Z</time>
      </trkpt>
      <trkpt lat="39.868238" lon="116.6518236">
        <ele>25.11562</ele>
        <time>2026-09-22T23:14:43.785000Z</time>
      </trkpt>
      <trkpt lat="39.8683527" lon="116.6517952">
        <ele>24.93257</ele>
        <time>2026-09-22T23:14:47.766000Z</time>
      </trkpt>
      <trkpt lat="39.8684708" lon="116.6517929">
        <ele>24.81712</ele>
        <time>2026-09-22T23:14:51.747000Z</time>
      </trkpt>
      <trkpt lat="39.8685892" lon="116.6517932">
        <ele>24.75845</ele>
        <time>2026-09-22T23:14:55.728000Z</time>
      </trkpt>
      <trkpt lat="39.8687079" lon="116.6517937">
        <ele>24.72809</ele>
        <time>2026-09-22T23:14:59.709000Z</time>
      </trkpt>
      <trkpt lat="39.8688275" lon="116.6517958">
        <ele>24.71954</ele>
        <time>2026-09-22T23:15:03.700000Z</time>
      </trkpt>
      <trkpt lat="39.8689465" lon="116.6517987">
        <ele>24.73269</ele>
        <time>2026-09-22T23:15:07.681000Z</time>
      </trkpt>
      <trkpt lat="39.8690623" lon="116.6518019">
        <ele>24.75234</ele>
        <time>2026-09-22T23:15:11.662000Z</time>
      </trkpt>
      <trkpt lat="39.8691759" lon="116.6518041">
        <ele>24.77277</ele>
        <time>2026-09-22T23:15:15.643000Z</time>
      </trkpt>
      <trkpt lat="39.869292" lon="116.6517988">
        <ele>24.75827</ele>
        <time>2026-09-22T23:15:19.624000Z</time>
      </trkpt>
      <trkpt lat="39.8694085" lon="116.6517912">
        <ele>24.68884</ele>
        <time>2026-09-22T23:15:23.604000Z</time>
      </trkpt>
      <trkpt lat="39.8695258" lon="116.6517811">
        <ele>24.58125</ele>
        <time>2026-09-22T23:15:27.585000Z</time>
      </trkpt>
      <trkpt lat="39.8696419" lon="116.6517726">
        <ele>24.4436</ele>
        <time>2026-09-22T23:15:31.566000Z</time>
      </trkpt>
      <trkpt lat="39.8697588" lon="116.6517624">
        <ele>24.29414</ele>
        <time>2026-09-22T23:15:35.547000Z</time>
      </trkpt>
      <trkpt lat="39.8698773" lon="116.6517518">
        <ele>24.18595</ele>
        <time>2026-09-22T23:15:39.528000Z</time>
      </trkpt>
      <trkpt lat="39.8699888" lon="116.6517629">
        <ele>24.13578</ele>
        <time>2026-09-22T23:15:43.509000Z</time>
      </trkpt>
      <trkpt lat="39.8700872" lon="116.6518073">
        <ele>24.14046</ele>
        <time>2026-09-22T23:15:47.490000Z</time>
      </trkpt>
      <trkpt lat="39.8701626" lon="116.6518812">
        <ele>24.19629</ele>
        <time>2026-09-22T23:15:51.471000Z</time>
      </trkpt>
      <trkpt lat="39.8702518" lon="116.6519549">
        <ele>24.3942</ele>
        <time>2026-09-22T23:15:57.443000Z</time>
      </trkpt>
      <trkpt lat="39.8703594" lon="116.6519627">
        <ele>24.58933</ele>
        <time>2026-09-22T23:16:01.423000Z</time>
      </trkpt>
      <trkpt lat="39.8704755" lon="116.6519723">
        <ele>24.784</ele>
        <time>2026-09-22T23:16:05.404000Z</time>
      </trkpt>
      <trkpt lat="39.8705855" lon="116.651985">
        <ele>24.94288</ele>
        <time>2026-09-22T23:16:09.385000Z</time>
      </trkpt>
      <trkpt lat="39.8706978" lon="116.6520082">
        <ele>25.05968</ele>
        <time>2026-09-22T23:16:13.366000Z</time>
      </trkpt>
      <trkpt lat="39.8708094" lon="116.6520196">
        <ele>25.1348</ele>
        <time>2026-09-22T23:16:17.347000Z</time>
      </trkpt>
      <trkpt lat="39.8709226" lon="116.6520098">
        <ele>25.18197</ele>
        <time>2026-09-22T23:16:21.328000Z</time>
      </trkpt>
      <trkpt lat="39.8710323" lon="116.6519945">
        <ele>25.20996</ele>
        <time>2026-09-22T23:16:25.309000Z</time>
      </trkpt>
      <trkpt lat="39.8711432" lon="116.6519926">
        <ele>25.2729</ele>
        <time>2026-09-22T23:16:29.290000Z</time>
      </trkpt>
      <trkpt lat="39.8712569" lon="116.6519864">
        <ele>25.32335</ele>
        <time>2026-09-22T23:16:33.271000Z</time>
      </trkpt>
      <trkpt lat="39.8713741" lon="116.6519846">
        <ele>25.30634</ele>
        <time>2026-09-22T23:16:37.252000Z</time>
      </trkpt>
      <trkpt lat="39.87149" lon="116.6519839">
        <ele>25.24493</ele>
        <time>2026-09-22T23:16:41.233000Z</time>
      </trkpt>
      <trkpt lat="39.8716049" lon="116.6519796">
        <ele>25.18866</ele>
        <time>2026-09-22T23:16:45.214000Z</time>
      </trkpt>
      <trkpt lat="39.8717178" lon="116.6519715">
        <ele>25.14114</ele>
        <time>2026-09-22T23:16:49.195000Z</time>
      </trkpt>
      <trkpt lat="39.8718306" lon="116.6519605">
        <ele>25.09283</ele>
        <time>2026-09-22T23:16:53.176000Z</time>
      </trkpt>
      <trkpt lat="39.8719421" lon="116.651942">
        <ele>25.05948</ele>
        <time>2026-09-22T23:16:57.157000Z</time>
      </trkpt>
      <trkpt lat="39.8720512" lon="116.6519185">
        <ele>25.10473</ele>
        <time>2026-09-22T23:17:01.137000Z</time>
      </trkpt>
      <trkpt lat="39.8721603" lon="116.6518918">
        <ele>25.21833</ele>
        <time>2026-09-22T23:17:05.118000Z</time>
      </trkpt>
      <trkpt lat="39.8722683" lon="116.6518662">
        <ele>25.33319</ele>
        <time>2026-09-22T23:17:09.099000Z</time>
      </trkpt>
      <trkpt lat="39.8723746" lon="116.6518514">
        <ele>25.38197</ele>
        <time>2026-09-22T23:17:13.080000Z</time>
      </trkpt>
      <trkpt lat="39.8724825" lon="116.651853">
        <ele>25.37173</ele>
        <time>2026-09-22T23:17:17.061000Z</time>
      </trkpt>
      <trkpt lat="39.8725925" lon="116.651854">
        <ele>25.33392</ele>
        <time>2026-09-22T23:17:21.042000Z</time>
      </trkpt>
      <trkpt lat="39.8727025" lon="116.6518479">
        <ele>25.3234</ele>
        <time>2026-09-22T23:17:25.023000Z</time>
      </trkpt>
      <trkpt lat="39.8728101" lon="116.6518347">
        <ele>25.35106</ele>
        <time>2026-09-22T23:17:29.004000Z</time>
      </trkpt>
      <trkpt lat="39.8729179" lon="116.6518154">
        <ele>25.385</ele>
        <time>2026-09-22T23:17:32.985000Z</time>
      </trkpt>
      <trkpt lat="39.8730219" lon="116.6517936">
        <ele>25.43186</ele>
        <time>2026-09-22T23:17:36.966000Z</time>
      </trkpt>
      <trkpt lat="39.8731266" lon="116.6517795">
        <ele>25.47271</ele>
        <time>2026-09-22T23:17:40.947000Z</time>
      </trkpt>
      <trkpt lat="39.8732292" lon="116.6518014">
        <ele>25.42246</ele>
        <time>2026-09-22T23:17:44.928000Z</time>
      </trkpt>
      <trkpt lat="39.8733287" lon="116.651839">
        <ele>25.28878</ele>
        <time>2026-09-22T23:17:48.909000Z</time>
      </trkpt>
      <trkpt lat="39.8734294" lon="116.6518673">
        <ele>25.10402</ele>
        <time>2026-09-22T23:17:52.890000Z</time>
      </trkpt>
      <trkpt lat="39.8735284" lon="116.6518825">
        <ele>24.90936</ele>
        <time>2026-09-22T23:17:56.870000Z</time>
      </trkpt>
      <trkpt lat="39.8736313" lon="116.6518914">
        <ele>24.7376</ele>
        <time>2026-09-22T23:18:00.851000Z</time>
      </trkpt>
      <trkpt lat="39.8737309" lon="116.6518962">
        <ele>24.60748</ele>
        <time>2026-09-22T23:18:04.832000Z</time>
      </trkpt>
      <trkpt lat="39.8738312" lon="116.651903">
        <ele>24.53788</ele>
        <time>2026-09-22T23:18:08.813000Z</time>
      </trkpt>
      <trkpt lat="39.8739358" lon="116.6519082">
        <ele>24.55805</ele>
        <time>2026-09-22T23:18:12.794000Z</time>
      </trkpt>
      <trkpt lat="39.8740425" lon="116.6519143">
        <ele>24.68125</ele>
        <time>2026-09-22T23:18:16.775000Z</time>
      </trkpt>
      <trkpt lat="39.8741409" lon="116.6519364">
        <ele>24.85647</ele>
        <time>2026-09-22T23:18:20.756000Z</time>
      </trkpt>
      <trkpt lat="39.8742195" lon="116.6520053">
        <ele>25.0189</ele>
        <time>2026-09-22T23:18:24.737000Z</time>
      </trkpt>
      <trkpt lat="39.874249" lon="116.6521448">
        <ele>25.13392</ele>
        <time>2026-09-22T23:18:29.713000Z</time>
      </trkpt>
      <trkpt lat="39.8742472" lon="116.6522641">
        <ele>25.1517</ele>
        <time>2026-09-22T23:18:33.694000Z</time>
      </trkpt>
      <trkpt lat="39.8742503" lon="116.6523829">
        <ele>25.11865</ele>
        <time>2026-09-22T23:18:37.675000Z</time>
      </trkpt>
      <trkpt lat="39.8742511" lon="116.6525035">
        <ele>25.02688</ele>
        <time>2026-09-22T23:18:41.656000Z</time>
      </trkpt>
      <trkpt lat="39.8742538" lon="116.6526269">
        <ele>24.88107</ele>
        <time>2026-09-22T23:18:45.637000Z</time>
      </trkpt>
      <trkpt lat="39.8742549" lon="116.6527545">
        <ele>24.73429</ele>
        <time>2026-09-22T23:18:49.618000Z</time>
      </trkpt>
      <trkpt lat="39.8742646" lon="116.6528859">
        <ele>24.68071</ele>
        <time>2026-09-22T23:18:53.599000Z</time>
      </trkpt>
      <trkpt lat="39.8742652" lon="116.653025">
        <ele>24.73488</ele>
        <time>2026-09-22T23:18:57.580000Z</time>
      </trkpt>
      <trkpt lat="39.8742595" lon="116.6531673">
        <ele>24.83622</ele>
        <time>2026-09-22T23:19:01.561000Z</time>
      </trkpt>
      <trkpt lat="39.8742581" lon="116.6533109">
        <ele>24.94977</ele>
        <time>2026-09-22T23:19:05.542000Z</time>
      </trkpt>
      <trkpt lat="39.8742569" lon="116.6534522">
        <ele>25.07339</ele>
        <time>2026-09-22T23:19:09.523000Z</time>
      </trkpt>
      <trkpt lat="39.8742495" lon="116.6536016">
        <ele>25.20843</ele>
        <time>2026-09-22T23:19:13.504000Z</time>
      </trkpt>
      <trkpt lat="39.8742373" lon="116.6537484">
        <ele>25.34012</ele>
        <time>2026-09-22T23:19:17.485000Z</time>
      </trkpt>
      <trkpt lat="39.8742257" lon="116.6538943">
        <ele>25.43698</ele>
        <time>2026-09-22T23:19:21.465000Z</time>
      </trkpt>
      <trkpt lat="39.8742217" lon="116.6540422">
        <ele>25.47328</ele>
        <time>2026-09-22T23:19:25.446000Z</time>
      </trkpt>
      <trkpt lat="39.8742248" lon="116.654187">
        <ele>25.46408</ele>
        <time>2026-09-22T23:19:29.427000Z</time>
      </trkpt>
      <trkpt lat="39.8742318" lon="116.654334">
        <ele>25.48981</ele>
        <time>2026-09-22T23:19:33.408000Z</time>
      </trkpt>
      <trkpt lat="39.8742393" lon="116.65448">
        <ele>25.55294</ele>
        <time>2026-09-22T23:19:37.389000Z</time>
      </trkpt>
      <trkpt lat="39.8742407" lon="116.6546232">
        <ele>25.58969</ele>
        <time>2026-09-22T23:19:41.370000Z</time>
      </trkpt>
      <trkpt lat="39.8742327" lon="116.6547676">
        <ele>25.59308</ele>
        <time>2026-09-22T23:19:45.351000Z</time>
      </trkpt>
      <trkpt lat="39.874224" lon="116.6549159">
        <ele>25.60455</ele>
        <time>2026-09-22T23:19:49.332000Z</time>
      </trkpt>
      <trkpt lat="39.8742152" lon="116.6550608">
        <ele>25.66984</ele>
        <time>2026-09-22T23:19:53.313000Z</time>
      </trkpt>
      <trkpt lat="39.8742057" lon="116.6552101">
        <ele>25.75089</ele>
        <time>2026-09-22T23:19:57.294000Z</time>
      </trkpt>
      <trkpt lat="39.8742051" lon="116.6553604">
        <ele>25.79041</ele>
        <time>2026-09-22T23:20:01.275000Z</time>
      </trkpt>
      <trkpt lat="39.8742098" lon="116.65551">
        <ele>25.76552</ele>
        <time>2026-09-22T23:20:05.256000Z</time>
      </trkpt>
      <trkpt lat="39.8742134" lon="116.6556612">
        <ele>25.68849</ele>
        <time>2026-09-22T23:20:09.237000Z</time>
      </trkpt>
      <trkpt lat="39.8742217" lon="116.6558093">
        <ele>25.56648</ele>
        <time>2026-09-22T23:20:13.218000Z</time>
      </trkpt>
      <trkpt lat="39.8742341" lon="116.6559562">
        <ele>25.35812</ele>
        <time>2026-09-22T23:20:17.199000Z</time>
      </trkpt>
      <trkpt lat="39.8742503" lon="116.6560993">
        <ele>25.00264</ele>
        <time>2026-09-22T23:20:21.180000Z</time>
      </trkpt>
      <trkpt lat="39.8742661" lon="116.656245">
        <ele>24.53584</ele>
        <time>2026-09-22T23:20:25.161000Z</time>
      </trkpt>
      <trkpt lat="39.8742815" lon="116.656382">
        <ele>24.19782</ele>
        <time>2026-09-22T23:20:29Z</time>
      </trkpt>
      <trkpt lat="39.8742943" lon="116.6565252">
        <ele>24.08553</ele>
        <time>2026-09-22T23:20:33Z</time>
      </trkpt>
      <trkpt lat="39.8743173" lon="116.656671">
        <ele>24.12716</ele>
        <time>2026-09-22T23:20:37Z</time>
      </trkpt>
      <trkpt lat="39.8743385" lon="116.6568269">
        <ele>24.44432</ele>
        <time>2026-09-22T23:20:41.084000Z</time>
      </trkpt>
      <trkpt lat="39.8743452" lon="116.656977">
        <ele>24.87648</ele>
        <time>2026-09-22T23:20:45.065000Z</time>
      </trkpt>
      <trkpt lat="39.8743522" lon="116.6571299">
        <ele>25.13938</ele>
        <time>2026-09-22T23:20:49.045000Z</time>
      </trkpt>
      <trkpt lat="39.8743588" lon="116.6572823">
        <ele>25.19727</ele>
        <time>2026-09-22T23:20:53.026000Z</time>
      </trkpt>
      <trkpt lat="39.874362" lon="116.6574324">
        <ele>25.1351</ele>
        <time>2026-09-22T23:20:57.008000Z</time>
      </trkpt>
      <trkpt lat="39.8743503" lon="116.6575819">
        <ele>25.03571</ele>
        <time>2026-09-22T23:21:00.989000Z</time>
      </trkpt>
      <trkpt lat="39.8743375" lon="116.6577331">
        <ele>24.95971</ele>
        <time>2026-09-22T23:21:04.970000Z</time>
      </trkpt>
      <trkpt lat="39.8743305" lon="116.657884">
        <ele>24.9094</ele>
        <time>2026-09-22T23:21:08.951000Z</time>
      </trkpt>
      <trkpt lat="39.8743196" lon="116.658037">
        <ele>24.81931</ele>
        <time>2026-09-22T23:21:12.932000Z</time>
      </trkpt>
      <trkpt lat="39.8743157" lon="116.6581559">
        <ele>24.70282</ele>
        <time>2026-09-22T23:21:15.917000Z</time>
      </trkpt>
      <trkpt lat="39.8743186" lon="116.6582757">
        <ele>24.5765</ele>
        <time>2026-09-22T23:21:18.903000Z</time>
      </trkpt>
      <trkpt lat="39.8743259" lon="116.6583942">
        <ele>24.474</ele>
        <time>2026-09-22T23:21:21.889000Z</time>
      </trkpt>
      <trkpt lat="39.8743348" lon="116.6585137">
        <ele>24.43689</ele>
        <time>2026-09-22T23:21:24.875000Z</time>
      </trkpt>
      <trkpt lat="39.8743414" lon="116.6586373">
        <ele>24.47269</ele>
        <time>2026-09-22T23:21:27.860000Z</time>
      </trkpt>
      <trkpt lat="39.8743455" lon="116.6587609">
        <ele>24.55156</ele>
        <time>2026-09-22T23:21:30.846000Z</time>
      </trkpt>
      <trkpt lat="39.8743424" lon="116.6588849">
        <ele>24.64235</ele>
        <time>2026-09-22T23:21:33.832000Z</time>
      </trkpt>
      <trkpt lat="39.8743412" lon="116.6590087">
        <ele>24.72153</ele>
        <time>2026-09-22T23:21:36.817000Z</time>
      </trkpt>
      <trkpt lat="39.8743437" lon="116.6591322">
        <ele>24.77601</ele>
        <time>2026-09-22T23:21:39.803000Z</time>
      </trkpt>
      <trkpt lat="39.8743449" lon="116.6592558">
        <ele>24.81117</ele>
        <time>2026-09-22T23:21:42.789000Z</time>
      </trkpt>
      <trkpt lat="39.8743391" lon="116.6593785">
        <ele>24.83692</ele>
        <time>2026-09-22T23:21:45.774000Z</time>
      </trkpt>
      <trkpt lat="39.8743284" lon="116.6595044">
        <ele>24.84328</ele>
        <time>2026-09-22T23:21:48.760000Z</time>
      </trkpt>
      <trkpt lat="39.8743164" lon="116.659627">
        <ele>24.81531</ele>
        <time>2026-09-22T23:21:51.746000Z</time>
      </trkpt>
      <trkpt lat="39.8743017" lon="116.6597443">
        <ele>24.76022</ele>
        <time>2026-09-22T23:21:54.731000Z</time>
      </trkpt>
      <trkpt lat="39.8742829" lon="116.659897">
        <ele>24.69489</ele>
        <time>2026-09-22T23:21:58.712000Z</time>
      </trkpt>
      <trkpt lat="39.8742719" lon="116.6600463">
        <ele>24.64707</ele>
        <time>2026-09-22T23:22:02.693000Z</time>
      </trkpt>
      <trkpt lat="39.8742521" lon="116.6601968">
        <ele>24.62896</ele>
        <time>2026-09-22T23:22:06.674000Z</time>
      </trkpt>
      <trkpt lat="39.8742353" lon="116.6603447">
        <ele>24.62492</ele>
        <time>2026-09-22T23:22:10.655000Z</time>
      </trkpt>
      <trkpt lat="39.8742251" lon="116.66049">
        <ele>24.58293</ele>
        <time>2026-09-22T23:22:14.636000Z</time>
      </trkpt>
      <trkpt lat="39.8742151" lon="116.6606356">
        <ele>24.47935</ele>
        <time>2026-09-22T23:22:18.617000Z</time>
      </trkpt>
      <trkpt lat="39.8742058" lon="116.6607853">
        <ele>24.35877</ele>
        <time>2026-09-22T23:22:22.598000Z</time>
      </trkpt>
      <trkpt lat="39.8742019" lon="116.6609393">
        <ele>24.29426</ele>
        <time>2026-09-22T23:22:26.579000Z</time>
      </trkpt>
      <trkpt lat="39.8741984" lon="116.6610898">
        <ele>24.27295</ele>
        <time>2026-09-22T23:22:30.560000Z</time>
      </trkpt>
      <trkpt lat="39.8741941" lon="116.6612361">
        <ele>24.27093</ele>
        <time>2026-09-22T23:22:34.541000Z</time>
      </trkpt>
      <trkpt lat="39.874193" lon="116.6613835">
        <ele>24.30248</ele>
        <time>2026-09-22T23:22:38.521000Z</time>
      </trkpt>
      <trkpt lat="39.8741827" lon="116.6615313">
        <ele>24.35452</ele>
        <time>2026-09-22T23:22:42.502000Z</time>
      </trkpt>
      <trkpt lat="39.8741817" lon="116.6616807">
        <ele>24.4109</ele>
        <time>2026-09-22T23:22:46.483000Z</time>
      </trkpt>
      <trkpt lat="39.87417" lon="116.6618304">
        <ele>24.40397</ele>
        <time>2026-09-22T23:22:50.464000Z</time>
      </trkpt>
      <trkpt lat="39.8741649" lon="116.661983">
        <ele>24.29651</ele>
        <time>2026-09-22T23:22:54.445000Z</time>
      </trkpt>
      <trkpt lat="39.8741709" lon="116.6621336">
        <ele>24.16441</ele>
        <time>2026-09-22T23:22:58.426000Z</time>
      </trkpt>
      <trkpt lat="39.8741773" lon="116.662286">
        <ele>24.07023</ele>
        <time>2026-09-22T23:23:02.407000Z</time>
      </trkpt>
      <trkpt lat="39.8741773" lon="116.6624417">
        <ele>23.97602</ele>
        <time>2026-09-22T23:23:06.388000Z</time>
      </trkpt>
      <trkpt lat="39.874179" lon="116.6625957">
        <ele>23.86418</ele>
        <time>2026-09-22T23:23:10.369000Z</time>
      </trkpt>
      <trkpt lat="39.8741875" lon="116.662749">
        <ele>23.80246</ele>
        <time>2026-09-22T23:23:14.350000Z</time>
      </trkpt>
      <trkpt lat="39.8742026" lon="116.6629022">
        <ele>23.79708</ele>
        <time>2026-09-22T23:23:18.330000Z</time>
      </trkpt>
      <trkpt lat="39.8742108" lon="116.6630498">
        <ele>23.78459</ele>
        <time>2026-09-22T23:23:22.311000Z</time>
      </trkpt>
      <trkpt lat="39.8742147" lon="116.6631982">
        <ele>23.7553</ele>
        <time>2026-09-22T23:23:26.292000Z</time>
      </trkpt>
      <trkpt lat="39.8742182" lon="116.6633467">
        <ele>23.75097</ele>
        <time>2026-09-22T23:23:30.273000Z</time>
      </trkpt>
      <trkpt lat="39.8742266" lon="116.6634946">
        <ele>23.77844</ele>
        <time>2026-09-22T23:23:34.254000Z</time>
      </trkpt>
      <trkpt lat="39.8742395" lon="116.6636418">
        <ele>23.81939</ele>
        <time>2026-09-22T23:23:38.235000Z</time>
      </trkpt>
      <trkpt lat="39.8742446" lon="116.6637888">
        <ele>23.88704</ele>
        <time>2026-09-22T23:23:42.216000Z</time>
      </trkpt>
      <trkpt lat="39.8742457" lon="116.6639415">
        <ele>23.96996</ele>
        <time>2026-09-22T23:23:46.197000Z</time>
      </trkpt>
      <trkpt lat="39.87425" lon="116.6640941">
        <ele>24.01063</ele>
        <time>2026-09-22T23:23:50.178000Z</time>
      </trkpt>
      <trkpt lat="39.874258" lon="116.6642481">
        <ele>23.98637</ele>
        <time>2026-09-22T23:23:54.158000Z</time>
      </trkpt>
      <trkpt lat="39.8742697" lon="116.6644018">
        <ele>23.94554</ele>
        <time>2026-09-22T23:23:58.139000Z</time>
      </trkpt>
      <trkpt lat="39.8742847" lon="116.6645572">
        <ele>23.89014</ele>
        <time>2026-09-22T23:24:02.120000Z</time>
      </trkpt>
      <trkpt lat="39.8742989" lon="116.6646771">
        <ele>23.83617</ele>
        <time>2026-09-22T23:24:05.106000Z</time>
      </trkpt>
      <trkpt lat="39.8743145" lon="116.6647963">
        <ele>23.79648</ele>
        <time>2026-09-22T23:24:08.092000Z</time>
      </trkpt>
      <trkpt lat="39.8743312" lon="116.6649132">
        <ele>23.77419</ele>
        <time>2026-09-22T23:24:11.077000Z</time>
      </trkpt>
      <trkpt lat="39.8743505" lon="116.6650275">
        <ele>23.73836</ele>
        <time>2026-09-22T23:24:14.063000Z</time>
      </trkpt>
      <trkpt lat="39.8743792" lon="116.6651736">
        <ele>23.6309</ele>
        <time>2026-09-22T23:24:18.044000Z</time>
      </trkpt>
      <trkpt lat="39.8744141" lon="116.6653193">
        <ele>23.4638</ele>
        <time>2026-09-22T23:24:22.025000Z</time>
      </trkpt>
      <trkpt lat="39.8744643" lon="116.6654606">
        <ele>23.33064</ele>
        <time>2026-09-22T23:24:26.006000Z</time>
      </trkpt>
      <trkpt lat="39.8745157" lon="116.6655982">
        <ele>23.31814</ele>
        <time>2026-09-22T23:24:29.986000Z</time>
      </trkpt>
      <trkpt lat="39.8745658" lon="116.6657388">
        <ele>23.33184</ele>
        <time>2026-09-22T23:24:33.967000Z</time>
      </trkpt>
      <trkpt lat="39.8746048" lon="116.665846">
        <ele>23.31636</ele>
        <time>2026-09-22T23:24:36.953000Z</time>
      </trkpt>
      <trkpt lat="39.8746456" lon="116.6659524">
        <ele>23.27788</ele>
        <time>2026-09-22T23:24:39.939000Z</time>
      </trkpt>
      <trkpt lat="39.8746892" lon="116.666057">
        <ele>23.2148</ele>
        <time>2026-09-22T23:24:42.924000Z</time>
      </trkpt>
      <trkpt lat="39.8747347" lon="116.666162">
        <ele>23.12661</ele>
        <time>2026-09-22T23:24:45.910000Z</time>
      </trkpt>
      <trkpt lat="39.8747818" lon="116.6662664">
        <ele>23.02685</ele>
        <time>2026-09-22T23:24:48.896000Z</time>
      </trkpt>
      <trkpt lat="39.8748295" lon="116.666366">
        <ele>22.94016</ele>
        <time>2026-09-22T23:24:51.881000Z</time>
      </trkpt>
      <trkpt lat="39.874879" lon="116.6664653">
        <ele>22.88597</ele>
        <time>2026-09-22T23:24:54.867000Z</time>
      </trkpt>
      <trkpt lat="39.8749312" lon="116.6665621">
        <ele>22.86113</ele>
        <time>2026-09-22T23:24:57.853000Z</time>
      </trkpt>
      <trkpt lat="39.8749882" lon="116.6666584">
        <ele>22.85119</ele>
        <time>2026-09-22T23:25:00.838000Z</time>
      </trkpt>
      <trkpt lat="39.8750473" lon="116.6667531">
        <ele>22.85132</ele>
        <time>2026-09-22T23:25:03.824000Z</time>
      </trkpt>
      <trkpt lat="39.8751079" lon="116.6668427">
        <ele>22.86024</ele>
        <time>2026-09-22T23:25:06.810000Z</time>
      </trkpt>
      <trkpt lat="39.8751698" lon="116.6669289">
        <ele>22.87121</ele>
        <time>2026-09-22T23:25:09.795000Z</time>
      </trkpt>
      <trkpt lat="39.8752503" lon="116.6670397">
        <ele>22.89399</ele>
        <time>2026-09-22T23:25:13.776000Z</time>
      </trkpt>
      <trkpt lat="39.8753329" lon="116.6671441">
        <ele>22.95933</ele>
        <time>2026-09-22T23:25:17.757000Z</time>
      </trkpt>
      <trkpt lat="39.8754256" lon="116.6672392">
        <ele>23.09848</ele>
        <time>2026-09-22T23:25:21.738000Z</time>
      </trkpt>
      <trkpt lat="39.8754913" lon="116.6673218">
        <ele>23.22814</ele>
        <time>2026-09-22T23:25:24.724000Z</time>
      </trkpt>
      <trkpt lat="39.8755545" lon="116.6674121">
        <ele>23.35652</ele>
        <time>2026-09-22T23:25:27.709000Z</time>
      </trkpt>
      <trkpt lat="39.8756134" lon="116.6675037">
        <ele>23.45926</ele>
        <time>2026-09-22T23:25:30.695000Z</time>
      </trkpt>
      <trkpt lat="39.8756799" lon="116.6676218">
        <ele>23.53747</ele>
        <time>2026-09-22T23:25:34.676000Z</time>
      </trkpt>
      <trkpt lat="39.875707" lon="116.6676325">
        <ele>23.55975</ele>
        <time>2026-09-22T23:25:40.647000Z</time>
      </trkpt>
      <trkpt lat="39.8756437" lon="116.6675208">
        <ele>23.59824</ele>
        <time>2026-09-22T23:25:44.628000Z</time>
      </trkpt>
      <trkpt lat="39.875582" lon="116.6674282">
        <ele>23.64827</ele>
        <time>2026-09-22T23:25:47.613000Z</time>
      </trkpt>
      <trkpt lat="39.875515" lon="116.667339">
        <ele>23.69279</ele>
        <time>2026-09-22T23:25:50.599000Z</time>
      </trkpt>
      <trkpt lat="39.8754452" lon="116.6672549">
        <ele>23.70588</ele>
        <time>2026-09-22T23:25:53.585000Z</time>
      </trkpt>
      <trkpt lat="39.8753725" lon="116.6671752">
        <ele>23.66552</ele>
        <time>2026-09-22T23:25:56.570000Z</time>
      </trkpt>
      <trkpt lat="39.8752979" lon="116.6670993">
        <ele>23.55604</ele>
        <time>2026-09-22T23:25:59.556000Z</time>
      </trkpt>
      <trkpt lat="39.8752299" lon="116.6670201">
        <ele>23.38657</ele>
        <time>2026-09-22T23:26:02.542000Z</time>
      </trkpt>
      <trkpt lat="39.8751486" lon="116.6669093">
        <ele>23.14178</ele>
        <time>2026-09-22T23:26:06.523000Z</time>
      </trkpt>
      <trkpt lat="39.8750834" lon="116.6667882">
        <ele>22.9586</ele>
        <time>2026-09-22T23:26:10.518000Z</time>
      </trkpt>
      <trkpt lat="39.8750295" lon="116.6666586">
        <ele>22.86784</ele>
        <time>2026-09-22T23:26:14.518000Z</time>
      </trkpt>
      <trkpt lat="39.874979" lon="116.6665312">
        <ele>22.81698</ele>
        <time>2026-09-22T23:26:18.518000Z</time>
      </trkpt>
      <trkpt lat="39.8749293" lon="116.666406">
        <ele>22.72524</ele>
        <time>2026-09-22T23:26:22.518000Z</time>
      </trkpt>
      <trkpt lat="39.8748783" lon="116.6662781">
        <ele>22.5972</ele>
        <time>2026-09-22T23:26:26.518000Z</time>
      </trkpt>
      <trkpt lat="39.8748266" lon="116.6661493">
        <ele>22.4666</ele>
        <time>2026-09-22T23:26:30.518000Z</time>
      </trkpt>
      <trkpt lat="39.8747761" lon="116.6660237">
        <ele>22.39411</ele>
        <time>2026-09-22T23:26:34.518000Z</time>
      </trkpt>
      <trkpt lat="39.8747258" lon="116.665899">
        <ele>22.43338</ele>
        <time>2026-09-22T23:26:38.518000Z</time>
      </trkpt>
      <trkpt lat="39.8746751" lon="116.6657735">
        <ele>22.59989</ele>
        <time>2026-09-22T23:26:42.518000Z</time>
      </trkpt>
      <trkpt lat="39.8746246" lon="116.6656485">
        <ele>22.84609</ele>
        <time>2026-09-22T23:26:46.518000Z</time>
      </trkpt>
      <trkpt lat="39.8745742" lon="116.6655238">
        <ele>23.08215</ele>
        <time>2026-09-22T23:26:50.518000Z</time>
      </trkpt>
      <trkpt lat="39.8745228" lon="116.6653966">
        <ele>23.27761</ele>
        <time>2026-09-22T23:26:54.518000Z</time>
      </trkpt>
      <trkpt lat="39.8744702" lon="116.6652666">
        <ele>23.38317</ele>
        <time>2026-09-22T23:26:58.518000Z</time>
      </trkpt>
      <trkpt lat="39.8744178" lon="116.6651368">
        <ele>23.37346</ele>
        <time>2026-09-22T23:27:02.518000Z</time>
      </trkpt>
      <trkpt lat="39.8743667" lon="116.6650106">
        <ele>23.28365</ele>
        <time>2026-09-22T23:27:06.518000Z</time>
      </trkpt>
      <trkpt lat="39.8743167" lon="116.6648868">
        <ele>23.20119</ele>
        <time>2026-09-22T23:27:10.518000Z</time>
      </trkpt>
      <trkpt lat="39.8742661" lon="116.6647617">
        <ele>23.19875</ele>
        <time>2026-09-22T23:27:14.518000Z</time>
      </trkpt>
      <trkpt lat="39.8742168" lon="116.6646397">
        <ele>23.28949</ele>
        <time>2026-09-22T23:27:18.518000Z</time>
      </trkpt>
      <trkpt lat="39.8741646" lon="116.6645106">
        <ele>23.40353</ele>
        <time>2026-09-22T23:27:22.518000Z</time>
      </trkpt>
      <trkpt lat="39.8741145" lon="116.6643864">
        <ele>23.54254</ele>
        <time>2026-09-22T23:27:26.518000Z</time>
      </trkpt>
    </trkseg>
  </trk>
</gpx>