<?xml version="1.0" encoding="UTF-8"?>
<gpx xmlns="http://www.topografix.com/GPX/1/1" xmlns:gpxtpx="http://www.garmin.com/xmlschemas/TrackPointExtension/v1" xmlns:xsi="http://www.w3.org/2001/XMLSchema-instance" xsi:schemaLocation="http://www.topografix.com/GPX/1/1 http://www.topografix.com/GPX/1/1/gpx.xsd" version="1.1" creator="gpx.py -- https://github.com/tkrajina/gpxpy">
  <trk>
    <name>gpx from codoon</name>
    <type>Run</type>
    <trkseg>
      <trkpt lat="39.8733735" lon="116.665867">
        <ele>22.85775</ele>
        <time>2026-09-21T22:22:20.563000Z</time>
      </trkpt>
      <trkpt lat="39.8734634" lon="116.6658926">
        <ele>23.10363</ele>
        <time>2026-09-21T22:22:24.563000Z</time>
      </trkpt>
      <trkpt lat="39.8735705" lon="116.6658899">
        <ele>22.98072</ele>
        <time>2026-09-21T22:22:28.695000Z</time>
      </trkpt>
      <trkpt lat="39.8736568" lon="116.6658384">
        <ele>22.69036</ele>
        <time>2026-09-21T22:22:32.676000Z</time>
      </trkpt>
      <trkpt lat="39.873747" lon="116.665777">
        <ele>22.56613</ele>
        <time>2026-09-21T22:22:36.658000Z</time>
      </trkpt>
      <trkpt lat="39.8738404" lon="116.6657108">
        <ele>22.58883</ele>
        <time>2026-09-21T22:22:40.639000Z</time>
      </trkpt>
      <trkpt lat="39.8739385" lon="116.6656416">
        <ele>22.72011</ele>
        <time>2026-09-21T22:22:44.620000Z</time>
      </trkpt>
      <trkpt lat="39.874042" lon="116.6655748">
        <ele>22.93396</ele>
        <time>2026-09-21T22:22:48.601000Z</time>
      </trkpt>
      <trkpt lat="39.874147" lon="116.6655208">
        <ele>23.18831</ele>
        <time>2026-09-21T22:22:52.582000Z</time>
      </trkpt>
      <trkpt lat="39.87425" lon="116.6654741">
        <ele>23.38647</ele>
        <time>2026-09-21T22:22:56.563000Z</time>
      </trkpt>
      <trkpt lat="39.8743517" lon="116.6654376">
        <ele>23.44791</ele>
        <time>2026-09-21T22:23:00.544000Z</time>
      </trkpt>
      <trkpt lat="39.874452" lon="116.6654466">
        <ele>23.37235</ele>
        <time>2026-09-21T22:23:04.525000Z</time>
      </trkpt>
      <trkpt lat="39.8745179" lon="116.6655499">
        <ele>23.209</ele>
        <time>2026-09-21T22:23:08.506000Z</time>
      </trkpt>
      <trkpt lat="39.8745606" lon="116.665672">
        <ele>23.02405</ele>
        <time>2026-09-21T22:23:12.487000Z</time>
      </trkpt>
      <trkpt lat="39.8746077" lon="116.6658049">
        <ele>22.88768</ele>
        <time>2026-09-21T22:23:16.468000Z</time>
      </trkpt>
      <trkpt lat="39.874659" lon="116.6659267">
        <ele>22.80411</ele>
        <time>2026-09-21T22:23:20.449000Z</time>
      </trkpt>
      <trkpt lat="39.8747113" lon="116.666047">
        <ele>22.71525</ele>
        <time>2026-09-21T22:23:24.430000Z</time>
      </trkpt>
      <trkpt lat="39.8747619" lon="116.6661681">
        <ele>22.6144</ele>
        <time>2026-09-21T22:23:28.411000Z</time>
      </trkpt>
      <trkpt lat="39.8748196" lon="116.6662821">
        <ele>22.51355</ele>
        <time>2026-09-21T22:23:32.392000Z</time>
      </trkpt>
      <trkpt lat="39.8748861" lon="116.6663842">
        <ele>22.42842</ele>
        <time>2026-09-21T22:23:36.373000Z</time>
      </trkpt>
      <trkpt lat="39.8749486" lon="116.6664896">
        <ele>22.38879</ele>
        <time>2026-09-21T22:23:40.354000Z</time>
      </trkpt>
      <trkpt lat="39.8750077" lon="116.6665973">
        <ele>22.41848</ele>
        <time>2026-09-21T22:23:44.335000Z</time>
      </trkpt>
      <trkpt lat="39.8750667" lon="116.6667086">
        <ele>22.48354</ele>
        <time>2026-09-21T22:23:48.316000Z</time>
      </trkpt>
      <trkpt lat="39.8751282" lon="116.6668156">
        <ele>22.55786</ele>
        <time>2026-09-21T22:23:52.297000Z</time>
      </trkpt>
      <trkpt lat="39.8751903" lon="116.6669207">
        <ele>22.62494</ele>
        <time>2026-09-21T22:23:56.278000Z</time>
      </trkpt>
      <trkpt lat="39.8752507" lon="116.6670247">
        <ele>22.69273</ele>
        <time>2026-09-21T22:24:00.259000Z</time>
      </trkpt>
      <trkpt lat="39.8753134" lon="116.6671249">
        <ele>22.81379</ele>
        <time>2026-09-21T22:24:04.240000Z</time>
      </trkpt>
      <trkpt lat="39.8753896" lon="116.6672092">
        <ele>23.0264</ele>
        <time>2026-09-21T22:24:08.221000Z</time>
      </trkpt>
      <trkpt lat="39.8754649" lon="116.6672908">
        <ele>23.37315</ele>
        <time>2026-09-21T22:24:12.201000Z</time>
      </trkpt>
      <trkpt lat="39.8755336" lon="116.6673809">
        <ele>23.85644</ele>
        <time>2026-09-21T22:24:16.182000Z</time>
      </trkpt>
      <trkpt lat="39.8755991" lon="116.6674732">
        <ele>24.30696</ele>
        <time>2026-09-21T22:24:20Z</time>
      </trkpt>
      <trkpt lat="39.8756624" lon="116.6675768">
        <ele>24.52703</ele>
        <time>2026-09-21T22:24:24Z</time>
      </trkpt>
      <trkpt lat="39.8757256" lon="116.6676774">
        <ele>24.57806</ele>
        <time>2026-09-21T22:24:28Z</time>
      </trkpt>
      <trkpt lat="39.8757944" lon="116.6677724">
        <ele>24.59093</ele>
        <time>2026-09-21T22:24:32Z</time>
      </trkpt>
      <trkpt lat="39.8758668" lon="116.667867">
        <ele>24.59361</ele>
        <time>2026-09-21T22:24:36Z</time>
      </trkpt>
      <trkpt lat="39.8759385" lon="116.6679584">
        <ele>24.5963</ele>
        <time>2026-09-21T22:24:40Z</time>
      </trkpt>
      <trkpt lat="39.8760088" lon="116.6680423">
        <ele>24.5994</ele>
        <time>2026-09-21T22:24:44Z</time>
      </trkpt>
      <trkpt lat="39.8760776" lon="116.6681243">
        <ele>24.58645</ele>
        <time>2026-09-21T22:24:48Z</time>
      </trkpt>
      <trkpt lat="39.8761475" lon="116.6682076">
        <ele>24.52234</ele>
        <time>2026-09-21T22:24:52Z</time>
      </trkpt>
      <trkpt lat="39.8762242" lon="116.6682847">
        <ele>24.36539</ele>
        <time>2026-09-21T22:24:55.991000Z</time>
      </trkpt>
      <trkpt lat="39.876302" lon="116.668361">
        <ele>24.215</ele>
        <time>2026-09-21T22:24:59.972000Z</time>
      </trkpt>
      <trkpt lat="39.8763762" lon="116.668448">
        <ele>24.1251</ele>
        <time>2026-09-21T22:25:03.953000Z</time>
      </trkpt>
      <trkpt lat="39.8764482" lon="116.6685403">
        <ele>24.05371</ele>
        <time>2026-09-21T22:25:07.934000Z</time>
      </trkpt>
      <trkpt lat="39.8765198" lon="116.6686349">
        <ele>23.98948</ele>
        <time>2026-09-21T22:25:11.915000Z</time>
      </trkpt>
      <trkpt lat="39.8765917" lon="116.6687249">
        <ele>23.94711</ele>
        <time>2026-09-21T22:25:15.896000Z</time>
      </trkpt>
      <trkpt lat="39.8766636" lon="116.6688153">
        <ele>23.9111</ele>
        <time>2026-09-21T22:25:19.877000Z</time>
      </trkpt>
      <trkpt lat="39.8767324" lon="116.6689131">
        <ele>23.8672</ele>
        <time>2026-09-21T22:25:23.858000Z</time>
      </trkpt>
      <trkpt lat="39.8768" lon="116.669009">
        <ele>23.82271</ele>
        <time>2026-09-21T22:25:27.838000Z</time>
      </trkpt>
      <trkpt lat="39.8768656" lon="116.669103">
        <ele>23.76516</ele>
        <time>2026-09-21T22:25:31.819000Z</time>
      </trkpt>
      <trkpt lat="39.8769318" lon="116.6691988">
        <ele>23.7043</ele>
        <time>2026-09-21T22:25:35.800000Z</time>
      </trkpt>
      <trkpt lat="39.8769964" lon="116.6692993">
        <ele>23.66286</ele>
        <time>2026-09-21T22:25:39.781000Z</time>
      </trkpt>
      <trkpt lat="39.877045" lon="116.6694197">
        <ele>23.65824</ele>
        <time>2026-09-21T22:25:43.762000Z</time>
      </trkpt>
      <trkpt lat="39.8770592" lon="116.6695489">
        <ele>23.72939</ele>
        <time>2026-09-21T22:25:47.743000Z</time>
      </trkpt>
      <trkpt lat="39.8770248" lon="116.6696673">
        <ele>23.85016</ele>
        <time>2026-09-21T22:25:51.724000Z</time>
      </trkpt>
      <trkpt lat="39.876956" lon="116.669764">
        <ele>23.95612</ele>
        <time>2026-09-21T22:25:55.704000Z</time>
      </trkpt>
      <trkpt lat="39.8768798" lon="116.6698537">
        <ele>24.02285</ele>
        <time>2026-09-21T22:25:59.685000Z</time>
      </trkpt>
      <trkpt lat="39.8768032" lon="116.6699417">
        <ele>24.04445</ele>
        <time>2026-09-21T22:26:03.666000Z</time>
      </trkpt>
      <trkpt lat="39.8767268" lon="116.6700268">
        <ele>24.03876</ele>
        <time>2026-09-21T22:26:07.647000Z</time>
      </trkpt>
      <trkpt lat="39.876658" lon="116.6701151">
        <ele>24.03903</ele>
        <time>2026-09-21T22:26:11.628000Z</time>
      </trkpt>
      <trkpt lat="39.8765913" lon="116.6702102">
        <ele>24.06902</ele>
        <time>2026-09-21T22:26:15.609000Z</time>
      </trkpt>
      <trkpt lat="39.8765234" lon="116.6703017">
        <ele>24.12841</ele>
        <time>2026-09-21T22:26:19.589000Z</time>
      </trkpt>
      <trkpt lat="39.8764581" lon="116.6703971">
        <ele>24.20079</ele>
        <time>2026-09-21T22:26:23.570000Z</time>
      </trkpt>
      <trkpt lat="39.8763899" lon="116.6704918">
        <ele>24.27625</ele>
        <time>2026-09-21T22:26:27.551000Z</time>
      </trkpt>
      <trkpt lat="39.8763231" lon="116.6705799">
        <ele>24.35529</ele>
        <time>2026-09-21T22:26:31.532000Z</time>
      </trkpt>
      <trkpt lat="39.8762549" lon="116.6706648">
        <ele>24.40639</ele>
        <time>2026-09-21T22:26:35.513000Z</time>
      </trkpt>
      <trkpt lat="39.8761842" lon="116.6707447">
        <ele>24.40855</ele>
        <time>2026-09-21T22:26:39.493000Z</time>
      </trkpt>
      <trkpt lat="39.8761142" lon="116.6708278">
        <ele>24.37654</ele>
        <time>2026-09-21T22:26:43.474000Z</time>
      </trkpt>
      <trkpt lat="39.8760418" lon="116.6709093">
        <ele>24.32865</ele>
        <time>2026-09-21T22:26:47.455000Z</time>
      </trkpt>
      <trkpt lat="39.8759705" lon="116.6709897">
        <ele>24.2745</ele>
        <time>2026-09-21T22:26:51.436000Z</time>
      </trkpt>
      <trkpt lat="39.8759026" lon="116.6710728">
        <ele>24.22097</ele>
        <time>2026-09-21T22:26:55.417000Z</time>
      </trkpt>
      <trkpt lat="39.8758335" lon="116.6711565">
        <ele>24.1746</ele>
        <time>2026-09-21T22:26:59.398000Z</time>
      </trkpt>
      <trkpt lat="39.8757639" lon="116.6712381">
        <ele>24.13646</ele>
        <time>2026-09-21T22:27:03.378000Z</time>
      </trkpt>
      <trkpt lat="39.8756942" lon="116.6713202">
        <ele>24.11051</ele>
        <time>2026-09-21T22:27:07.359000Z</time>
      </trkpt>
      <trkpt lat="39.8756255" lon="116.671401">
        <ele>24.09704</ele>
        <time>2026-09-21T22:27:11.340000Z</time>
      </trkpt>
      <trkpt lat="39.8755562" lon="116.6714815">
        <ele>24.10907</ele>
        <time>2026-09-21T22:27:15.321000Z</time>
      </trkpt>
      <trkpt lat="39.8754877" lon="116.6715652">
        <ele>24.13522</ele>
        <time>2026-09-21T22:27:19.302000Z</time>
      </trkpt>
      <trkpt lat="39.8754196" lon="116.671649">
        <ele>24.16145</ele>
        <time>2026-09-21T22:27:23.282000Z</time>
      </trkpt>
      <trkpt lat="39.8753499" lon="116.6717323">
        <ele>24.18219</ele>
        <time>2026-09-21T22:27:27.263000Z</time>
      </trkpt>
      <trkpt lat="39.8752856" lon="116.6718233">
        <ele>24.20042</ele>
        <time>2026-09-21T22:27:31.244000Z</time>
      </trkpt>
      <trkpt lat="39.8752354" lon="116.671926">
        <ele>24.20298</ele>
        <time>2026-09-21T22:27:35.225000Z</time>
      </trkpt>
      <trkpt lat="39.8751728" lon="116.672028">
        <ele>24.19018</ele>
        <time>2026-09-21T22:27:39.206000Z</time>
      </trkpt>
      <trkpt lat="39.8750944" lon="116.6721132">
        <ele>24.17275</ele>
        <time>2026-09-21T22:27:43.186000Z</time>
      </trkpt>
      <trkpt lat="39.875016" lon="116.6721939">
        <ele>24.16692</ele>
        <time>2026-09-21T22:27:47.167000Z</time>
      </trkpt>
      <trkpt lat="39.8749453" lon="116.67228">
        <ele>24.17302</ele>
        <time>2026-09-21T22:27:51.148000Z</time>
      </trkpt>
      <trkpt lat="39.8748787" lon="116.6723702">
        <ele>24.20804</ele>
        <time>2026-09-21T22:27:55.129000Z</time>
      </trkpt>
      <trkpt lat="39.8748094" lon="116.6724598">
        <ele>24.31739</ele>
        <time>2026-09-21T22:27:59.110000Z</time>
      </trkpt>
      <trkpt lat="39.8747364" lon="116.6725467">
        <ele>24.49292</ele>
        <time>2026-09-21T22:28:03.090000Z</time>
      </trkpt>
      <trkpt lat="39.8746604" lon="116.672629">
        <ele>24.66765</ele>
        <time>2026-09-21T22:28:07.071000Z</time>
      </trkpt>
      <trkpt lat="39.8745861" lon="116.6727124">
        <ele>24.80523</ele>
        <time>2026-09-21T22:28:11.052000Z</time>
      </trkpt>
      <trkpt lat="39.8745147" lon="116.6727993">
        <ele>24.88298</ele>
        <time>2026-09-21T22:28:15Z</time>
      </trkpt>
      <trkpt lat="39.8744427" lon="116.6728903">
        <ele>24.89833</ele>
        <time>2026-09-21T22:28:19Z</time>
      </trkpt>
      <trkpt lat="39.8743707" lon="116.6729849">
        <ele>24.92389</ele>
        <time>2026-09-21T22:28:22.994000Z</time>
      </trkpt>
      <trkpt lat="39.8742992" lon="116.6730801">
        <ele>24.97634</ele>
        <time>2026-09-21T22:28:26.975000Z</time>
      </trkpt>
      <trkpt lat="39.8742338" lon="116.673175">
        <ele>25.01766</ele>
        <time>2026-09-21T22:28:30.956000Z</time>
      </trkpt>
      <trkpt lat="39.874185" lon="116.6732788">
        <ele>25.066</ele>
        <time>2026-09-21T22:28:34.937000Z</time>
      </trkpt>
      <trkpt lat="39.8741302" lon="116.6733766">
        <ele>25.11607</ele>
        <time>2026-09-21T22:28:38.918000Z</time>
      </trkpt>
      <trkpt lat="39.8740644" lon="116.6734678">
        <ele>25.15864</ele>
        <time>2026-09-21T22:28:42.898000Z</time>
      </trkpt>
      <trkpt lat="39.8739961" lon="116.6735571">
        <ele>25.20589</ele>
        <time>2026-09-21T22:28:46.879000Z</time>
      </trkpt>
      <trkpt lat="39.8739236" lon="116.6736435">
        <ele>25.27589</ele>
        <time>2026-09-21T22:28:50.860000Z</time>
      </trkpt>
      <trkpt lat="39.8738495" lon="116.6737247">
        <ele>25.34841</ele>
        <time>2026-09-21T22:28:54.841000Z</time>
      </trkpt>
      <trkpt lat="39.8737605" lon="116.6737989">
        <ele>25.38078</ele>
        <time>2026-09-21T22:28:59.817000Z</time>
      </trkpt>
      <trkpt lat="39.8737183" lon="116.6738365">
        <ele>25.3341</ele>
        <time>2026-09-21T22:29:06.783000Z</time>
      </trkpt>
      <trkpt lat="39.8736145" lon="116.6738971">
        <ele>25.26342</ele>
        <time>2026-09-21T22:29:13.750000Z</time>
      </trkpt>
      <trkpt lat="39.8735269" lon="116.6739897">
        <ele>25.16849</ele>
        <time>2026-09-21T22:29:17.730000Z</time>
      </trkpt>
      <trkpt lat="39.8734422" lon="116.6740861">
        <ele>25.07557</ele>
        <time>2026-09-21T22:29:21.711000Z</time>
      </trkpt>
      <trkpt lat="39.8733613" lon="116.674184">
        <ele>25.00344</ele>
        <time>2026-09-21T22:29:25.692000Z</time>
      </trkpt>
      <trkpt lat="39.8732834" lon="116.6742918">
        <ele>24.94025</ele>
        <time>2026-09-21T22:29:29.673000Z</time>
      </trkpt>
      <trkpt lat="39.8732" lon="116.6744002">
        <ele>24.88255</ele>
        <time>2026-09-21T22:29:33.654000Z</time>
      </trkpt>
      <trkpt lat="39.873136" lon="116.6744829">
        <ele>24.85361</ele>
        <time>2026-09-21T22:29:36.639000Z</time>
      </trkpt>
      <trkpt lat="39.8730556" lon="116.6745968">
        <ele>24.82786</ele>
        <time>2026-09-21T22:29:40.620000Z</time>
      </trkpt>
      <trkpt lat="39.8729774" lon="116.6747158">
        <ele>24.76349</ele>
        <time>2026-09-21T22:29:44.601000Z</time>
      </trkpt>
      <trkpt lat="39.8729174" lon="116.6748082">
        <ele>24.67021</ele>
        <time>2026-09-21T22:29:47.586000Z</time>
      </trkpt>
      <trkpt lat="39.872856" lon="116.6749001">
        <ele>24.54874</ele>
        <time>2026-09-21T22:29:50.572000Z</time>
      </trkpt>
      <trkpt lat="39.8727965" lon="116.6749898">
        <ele>24.41916</ele>
        <time>2026-09-21T22:29:53.558000Z</time>
      </trkpt>
      <trkpt lat="39.8727231" lon="116.6751082">
        <ele>24.27787</ele>
        <time>2026-09-21T22:29:57.538000Z</time>
      </trkpt>
      <trkpt lat="39.872653" lon="116.6752222">
        <ele>24.18063</ele>
        <time>2026-09-21T22:30:01.519000Z</time>
      </trkpt>
      <trkpt lat="39.8725878" lon="116.6753357">
        <ele>24.11159</ele>
        <time>2026-09-21T22:30:05.500000Z</time>
      </trkpt>
      <trkpt lat="39.8725222" lon="116.6754465">
        <ele>24.06553</ele>
        <time>2026-09-21T22:30:09.481000Z</time>
      </trkpt>
      <trkpt lat="39.8724594" lon="116.6755569">
        <ele>24.05003</ele>
        <time>2026-09-21T22:30:13.462000Z</time>
      </trkpt>
      <trkpt lat="39.8724009" lon="116.6756725">
        <ele>24.05444</ele>
        <time>2026-09-21T22:30:17.442000Z</time>
      </trkpt>
      <trkpt lat="39.8723442" lon="116.6757877">
        <ele>24.0696</ele>
        <time>2026-09-21T22:30:21.423000Z</time>
      </trkpt>
      <trkpt lat="39.8722876" lon="116.6759025">
        <ele>24.10992</ele>
        <time>2026-09-21T22:30:25.404000Z</time>
      </trkpt>
      <trkpt lat="39.8722302" lon="116.6760201">
        <ele>24.15568</ele>
        <time>2026-09-21T22:30:29.385000Z</time>
      </trkpt>
      <trkpt lat="39.8721741" lon="116.676136">
        <ele>24.16513</ele>
        <time>2026-09-21T22:30:33.365000Z</time>
      </trkpt>
      <trkpt lat="39.8721208" lon="116.6762531">
        <ele>24.13401</ele>
        <time>2026-09-21T22:30:37.346000Z</time>
      </trkpt>
      <trkpt lat="39.8720691" lon="116.6763745">
        <ele>24.08588</ele>
        <time>2026-09-21T22:30:41.327000Z</time>
      </trkpt>
      <trkpt lat="39.8720194" lon="116.6764961">
        <ele>24.03476</ele>
        <time>2026-09-21T22:30:45.308000Z</time>
      </trkpt>
      <trkpt lat="39.8719661" lon="116.6766177">
        <ele>23.99073</ele>
        <time>2026-09-21T22:30:49.289000Z</time>
      </trkpt>
      <trkpt lat="39.8719087" lon="116.6767309">
        <ele>23.98469</ele>
        <time>2026-09-21T22:30:53.269000Z</time>
      </trkpt>
      <trkpt lat="39.8718536" lon="116.6768437">
        <ele>24.01513</ele>
        <time>2026-09-21T22:30:57.250000Z</time>
      </trkpt>
      <trkpt lat="39.8718114" lon="116.6769577">
        <ele>24.0769</ele>
        <time>2026-09-21T22:31:01.231000Z</time>
      </trkpt>
      <trkpt lat="39.871773" lon="116.67707">
        <ele>24.17474</ele>
        <time>2026-09-21T22:31:05.212000Z</time>
      </trkpt>
      <trkpt lat="39.8717271" lon="116.6772031">
        <ele>24.29136</ele>
        <time>2026-09-21T22:31:10Z</time>
      </trkpt>
      <trkpt lat="39.8716877" lon="116.6773187">
        <ele>24.33254</ele>
        <time>2026-09-21T22:31:14Z</time>
      </trkpt>
      <trkpt lat="39.8716463" lon="116.6774399">
        <ele>24.33108</ele>
        <time>2026-09-21T22:31:18Z</time>
      </trkpt>
      <trkpt lat="39.8716041" lon="116.6775699">
        <ele>24.29394</ele>
        <time>2026-09-21T22:31:22.130000Z</time>
      </trkpt>
      <trkpt lat="39.8715647" lon="116.6776925">
        <ele>24.25505</ele>
        <time>2026-09-21T22:31:26.111000Z</time>
      </trkpt>
      <trkpt lat="39.8715345" lon="116.6778047">
        <ele>24.23605</ele>
        <time>2026-09-21T22:31:30Z</time>
      </trkpt>
      <trkpt lat="39.8715008" lon="116.6779174">
        <ele>24.21424</ele>
        <time>2026-09-21T22:31:34Z</time>
      </trkpt>
      <trkpt lat="39.8714653" lon="116.6780353">
        <ele>24.19697</ele>
        <time>2026-09-21T22:31:38Z</time>
      </trkpt>
      <trkpt lat="39.8714324" lon="116.6781535">
        <ele>24.1848</ele>
        <time>2026-09-21T22:31:42Z</time>
      </trkpt>
      <trkpt lat="39.8714013" lon="116.6782728">
        <ele>24.1458</ele>
        <time>2026-09-21T22:31:46Z</time>
      </trkpt>
      <trkpt lat="39.8713709" lon="116.6783904">
        <ele>24.03454</ele>
        <time>2026-09-21T22:31:49.995000Z</time>
      </trkpt>
      <trkpt lat="39.8713432" lon="116.6785101">
        <ele>23.90525</ele>
        <time>2026-09-21T22:31:53.976000Z</time>
      </trkpt>
      <trkpt lat="39.8713114" lon="116.6786261">
        <ele>23.83151</ele>
        <time>2026-09-21T22:31:57.957000Z</time>
      </trkpt>
      <trkpt lat="39.8712796" lon="116.6787394">
        <ele>23.81192</ele>
        <time>2026-09-21T22:32:01.937000Z</time>
      </trkpt>
      <trkpt lat="39.8712492" lon="116.6788552">
        <ele>23.83576</ele>
        <time>2026-09-21T22:32:05.918000Z</time>
      </trkpt>
      <trkpt lat="39.8712201" lon="116.6789734">
        <ele>23.91221</ele>
        <time>2026-09-21T22:32:09.899000Z</time>
      </trkpt>
      <trkpt lat="39.8711901" lon="116.6790915">
        <ele>24.02809</ele>
        <time>2026-09-21T22:32:13.880000Z</time>
      </trkpt>
      <trkpt lat="39.8711625" lon="116.6792109">
        <ele>24.14882</ele>
        <time>2026-09-21T22:32:17.861000Z</time>
      </trkpt>
      <trkpt lat="39.8711342" lon="116.6793263">
        <ele>24.21722</ele>
        <time>2026-09-21T22:32:21.841000Z</time>
      </trkpt>
      <trkpt lat="39.8711047" lon="116.6794418">
        <ele>24.20761</ele>
        <time>2026-09-21T22:32:25.822000Z</time>
      </trkpt>
      <trkpt lat="39.8710717" lon="116.6795606">
        <ele>24.13714</ele>
        <time>2026-09-21T22:32:29.803000Z</time>
      </trkpt>
      <trkpt lat="39.8710404" lon="116.6796761">
        <ele>24.04725</ele>
        <time>2026-09-21T22:32:33.784000Z</time>
      </trkpt>
      <trkpt lat="39.8710112" lon="116.6797915">
        <ele>23.97165</ele>
        <time>2026-09-21T22:32:37.764000Z</time>
      </trkpt>
      <trkpt lat="39.8709847" lon="116.6799103">
        <ele>23.96132</ele>
        <time>2026-09-21T22:32:41.745000Z</time>
      </trkpt>
      <trkpt lat="39.8709545" lon="116.6800241">
        <ele>24.02197</ele>
        <time>2026-09-21T22:32:45.726000Z</time>
      </trkpt>
      <trkpt lat="39.8709146" lon="116.6801358">
        <ele>24.09866</ele>
        <time>2026-09-21T22:32:49.707000Z</time>
      </trkpt>
      <trkpt lat="39.8708825" lon="116.680252">
        <ele>24.14074</ele>
        <time>2026-09-21T22:32:53.687000Z</time>
      </trkpt>
      <trkpt lat="39.8708557" lon="116.6803715">
        <ele>24.14317</ele>
        <time>2026-09-21T22:32:57.668000Z</time>
      </trkpt>
      <trkpt lat="39.8708277" lon="116.6804905">
        <ele>24.1454</ele>
        <time>2026-09-21T22:33:01.649000Z</time>
      </trkpt>
      <trkpt lat="39.8708004" lon="116.68061">
        <ele>24.1849</ele>
        <time>2026-09-21T22:33:05.630000Z</time>
      </trkpt>
      <trkpt lat="39.8707716" lon="116.6807282">
        <ele>24.22558</ele>
        <time>2026-09-21T22:33:09.610000Z</time>
      </trkpt>
      <trkpt lat="39.8707407" lon="116.6808435">
        <ele>24.20091</ele>
        <time>2026-09-21T22:33:13.591000Z</time>
      </trkpt>
      <trkpt lat="39.8707103" lon="116.6809611">
        <ele>24.14521</ele>
        <time>2026-09-21T22:33:17.572000Z</time>
      </trkpt>
      <trkpt lat="39.8706793" lon="116.6810732">
        <ele>24.15588</ele>
        <time>2026-09-21T22:33:21.553000Z</time>
      </trkpt>
      <trkpt lat="39.8706482" lon="116.6811865">
        <ele>24.22298</ele>
        <time>2026-09-21T22:33:25.533000Z</time>
      </trkpt>
      <trkpt lat="39.8706181" lon="116.6813007">
        <ele>24.29807</ele>
        <time>2026-09-21T22:33:29.514000Z</time>
      </trkpt>
      <trkpt lat="39.8705901" lon="116.681413">
        <ele>24.33686</ele>
        <time>2026-09-21T22:33:33.495000Z</time>
      </trkpt>
      <trkpt lat="39.8705606" lon="116.6815295">
        <ele>24.27759</ele>
        <time>2026-09-21T22:33:37.476000Z</time>
      </trkpt>
      <trkpt lat="39.8705281" lon="116.6816489">
        <ele>24.11499</ele>
        <time>2026-09-21T22:33:41.456000Z</time>
      </trkpt>
      <trkpt lat="39.8704953" lon="116.6817705">
        <ele>23.88142</ele>
        <time>2026-09-21T22:33:45.437000Z</time>
      </trkpt>
      <trkpt lat="39.8704633" lon="116.681892">
        <ele>23.63062</ele>
        <time>2026-09-21T22:33:49.418000Z</time>
      </trkpt>
      <trkpt lat="39.8704248" lon="116.6820059">
        <ele>23.39232</ele>
        <time>2026-09-21T22:33:53.399000Z</time>
      </trkpt>
      <trkpt lat="39.8703947" lon="116.6821253">
        <ele>23.13521</ele>
        <time>2026-09-21T22:33:57.379000Z</time>
      </trkpt>
      <trkpt lat="39.8703632" lon="116.6822464">
        <ele>22.85242</ele>
        <time>2026-09-21T22:34:01.360000Z</time>
      </trkpt>
      <trkpt lat="39.8703258" lon="116.6823676">
        <ele>22.58535</ele>
        <time>2026-09-21T22:34:05.341000Z</time>
      </trkpt>
      <trkpt lat="39.8702879" lon="116.6824899">
        <ele>22.38233</ele>
        <time>2026-09-21T22:34:09.322000Z</time>
      </trkpt>
      <trkpt lat="39.8702553" lon="116.6826104">
        <ele>22.24764</ele>
        <time>2026-09-21T22:34:13.302000Z</time>
      </trkpt>
      <trkpt lat="39.870224" lon="116.6827269">
        <ele>22.16816</ele>
        <time>2026-09-21T22:34:17.283000Z</time>
      </trkpt>
      <trkpt lat="39.870197" lon="116.682842">
        <ele>22.14935</ele>
        <time>2026-09-21T22:34:21.264000Z</time>
      </trkpt>
      <trkpt lat="39.8701721" lon="116.6829594">
        <ele>22.2272</ele>
        <time>2026-09-21T22:34:25.245000Z</time>
      </trkpt>
      <trkpt lat="39.8701426" lon="116.6830798">
        <ele>22.40373</ele>
        <time>2026-09-21T22:34:29.225000Z</time>
      </trkpt>
      <trkpt lat="39.8701119" lon="116.6832012">
        <ele>22.6547</ele>
        <time>2026-09-21T22:34:33.206000Z</time>
      </trkpt>
      <trkpt lat="39.870085" lon="116.6833155">
        <ele>22.87616</ele>
        <time>2026-09-21T22:34:37Z</time>
      </trkpt>
      <trkpt lat="39.8700606" lon="116.6834364">
        <ele>22.96008</ele>
        <time>2026-09-21T22:34:41Z</time>
      </trkpt>
      <trkpt lat="39.8700309" lon="116.6835595">
        <ele>22.96024</ele>
        <time>2026-09-21T22:34:45Z</time>
      </trkpt>
      <trkpt lat="39.8699954" lon="116.6836783">
        <ele>22.93986</ele>
        <time>2026-09-21T22:34:49Z</time>
      </trkpt>
      <trkpt lat="39.8699593" lon="116.6837998">
        <ele>22.92226</ele>
        <time>2026-09-21T22:34:53Z</time>
      </trkpt>
      <trkpt lat="39.8699284" lon="116.6839227">
        <ele>22.90369</ele>
        <time>2026-09-21T22:34:57Z</time>
      </trkpt>
      <trkpt lat="39.8698993" lon="116.6840453">
        <ele>22.8555</ele>
        <time>2026-09-21T22:35:01Z</time>
      </trkpt>
      <trkpt lat="39.8698675" lon="116.6841673">
        <ele>22.8024</ele>
        <time>2026-09-21T22:35:05Z</time>
      </trkpt>
      <trkpt lat="39.8698337" lon="116.6842917">
        <ele>22.77282</ele>
        <time>2026-09-21T22:35:09Z</time>
      </trkpt>
      <trkpt lat="39.8698052" lon="116.6844161">
        <ele>22.75518</ele>
        <time>2026-09-21T22:35:13Z</time>
      </trkpt>
      <trkpt lat="39.8697747" lon="116.6845371">
        <ele>22.74745</ele>
        <time>2026-09-21T22:35:16.993000Z</time>
      </trkpt>
      <trkpt lat="39.8697432" lon="116.6846566">
        <ele>22.77439</ele>
        <time>2026-09-21T22:35:20.973000Z</time>
      </trkpt>
      <trkpt lat="39.8697098" lon="116.684775">
        <ele>22.82033</ele>
        <time>2026-09-21T22:35:24.954000Z</time>
      </trkpt>
      <trkpt lat="39.8696768" lon="116.6848907">
        <ele>22.8838</ele>
        <time>2026-09-21T22:35:28.934000Z</time>
      </trkpt>
      <trkpt lat="39.8696462" lon="116.6850115">
        <ele>22.98819</ele>
        <time>2026-09-21T22:35:32.915000Z</time>
      </trkpt>
      <trkpt lat="39.8696195" lon="116.6851334">
        <ele>23.12979</ele>
        <time>2026-09-21T22:35:36.896000Z</time>
      </trkpt>
      <trkpt lat="39.8695916" lon="116.6852498">
        <ele>23.21874</ele>
        <time>2026-09-21T22:35:40.876000Z</time>
      </trkpt>
      <trkpt lat="39.869555" lon="116.6853704">
        <ele>23.18276</ele>
        <time>2026-09-21T22:35:44.857000Z</time>
      </trkpt>
      <trkpt lat="39.8695187" lon="116.6854898">
        <ele>23.07881</ele>
        <time>2026-09-21T22:35:48.838000Z</time>
      </trkpt>
      <trkpt lat="39.8694845" lon="116.6856104">
        <ele>22.95191</ele>
        <time>2026-09-21T22:35:52.818000Z</time>
      </trkpt>
      <trkpt lat="39.8694546" lon="116.6857297">
        <ele>22.82294</ele>
        <time>2026-09-21T22:35:56.799000Z</time>
      </trkpt>
      <trkpt lat="39.8694273" lon="116.6858482">
        <ele>22.70197</ele>
        <time>2026-09-21T22:36:00.780000Z</time>
      </trkpt>
      <trkpt lat="39.8694" lon="116.6859642">
        <ele>22.61255</ele>
        <time>2026-09-21T22:36:04.760000Z</time>
      </trkpt>
      <trkpt lat="39.8693746" lon="116.6860788">
        <ele>22.55075</ele>
        <time>2026-09-21T22:36:08.741000Z</time>
      </trkpt>
      <trkpt lat="39.8693449" lon="116.6861982">
        <ele>22.49172</ele>
        <time>2026-09-21T22:36:12.722000Z</time>
      </trkpt>
      <trkpt lat="39.8693144" lon="116.686314">
        <ele>22.4244</ele>
        <time>2026-09-21T22:36:16.702000Z</time>
      </trkpt>
      <trkpt lat="39.8692852" lon="116.6864305">
        <ele>22.36178</ele>
        <time>2026-09-21T22:36:20.683000Z</time>
      </trkpt>
      <trkpt lat="39.869257" lon="116.6865469">
        <ele>22.33268</ele>
        <time>2026-09-21T22:36:24.664000Z</time>
      </trkpt>
      <trkpt lat="39.8692278" lon="116.6866617">
        <ele>22.35324</ele>
        <time>2026-09-21T22:36:28.644000Z</time>
      </trkpt>
      <trkpt lat="39.8691984" lon="116.6867735">
        <ele>22.41968</ele>
        <time>2026-09-21T22:36:32.625000Z</time>
      </trkpt>
      <trkpt lat="39.8691737" lon="116.6868866">
        <ele>22.5117</ele>
        <time>2026-09-21T22:36:36.606000Z</time>
      </trkpt>
      <trkpt lat="39.8691491" lon="116.6870007">
        <ele>22.58023</ele>
        <time>2026-09-21T22:36:40.587000Z</time>
      </trkpt>
      <trkpt lat="39.8691193" lon="116.6871159">
        <ele>22.61353</ele>
        <time>2026-09-21T22:36:44.567000Z</time>
      </trkpt>
      <trkpt lat="39.8690868" lon="116.6872365">
        <ele>22.62048</ele>
        <time>2026-09-21T22:36:48.548000Z</time>
      </trkpt>
      <trkpt lat="39.8690506" lon="116.6873611">
        <ele>22.63451</ele>
        <time>2026-09-21T22:36:52.529000Z</time>
      </trkpt>
      <trkpt lat="39.8690114" lon="116.6874843">
        <ele>22.67151</ele>
        <time>2026-09-21T22:36:56.509000Z</time>
      </trkpt>
      <trkpt lat="39.8689757" lon="116.6876072">
        <ele>22.71941</ele>
        <time>2026-09-21T22:37:00.490000Z</time>
      </trkpt>
      <trkpt lat="39.8689453" lon="116.6877301">
        <ele>22.75319</ele>
        <time>2026-09-21T22:37:04.471000Z</time>
      </trkpt>
      <trkpt lat="39.8689147" lon="116.6878474">
        <ele>22.77168</ele>
        <time>2026-09-21T22:37:08.452000Z</time>
      </trkpt>
      <trkpt lat="39.8688854" lon="116.6879663">
        <ele>22.77492</ele>
        <time>2026-09-21T22:37:12.434000Z</time>
      </trkpt>
      <trkpt lat="39.8688506" lon="116.6880815">
        <ele>22.77832</ele>
        <time>2026-09-21T22:37:16.415000Z</time>
      </trkpt>
      <trkpt lat="39.8688178" lon="116.688197">
        <ele>22.78587</ele>
        <time>2026-09-21T22:37:20.396000Z</time>
      </trkpt>
      <trkpt lat="39.8687875" lon="116.6883126">
        <ele>22.79276</ele>
        <time>2026-09-21T22:37:24.376000Z</time>
      </trkpt>
      <trkpt lat="39.8687634" lon="116.6884304">
        <ele>22.79484</ele>
        <time>2026-09-21T22:37:28.357000Z</time>
      </trkpt>
      <trkpt lat="39.8687398" lon="116.6885511">
        <ele>22.79625</ele>
        <time>2026-09-21T22:37:32.338000Z</time>
      </trkpt>
      <trkpt lat="39.8687134" lon="116.6886715">
        <ele>22.81139</ele>
        <time>2026-09-21T22:37:36.319000Z</time>
      </trkpt>
      <trkpt lat="39.8686707" lon="116.6887819">
        <ele>22.86127</ele>
        <time>2026-09-21T22:37:40.300000Z</time>
      </trkpt>
      <trkpt lat="39.8685933" lon="116.6888565">
        <ele>22.94314</ele>
        <time>2026-09-21T22:37:44.280000Z</time>
      </trkpt>
      <trkpt lat="39.868499" lon="116.688901">
        <ele>23.01683</ele>
        <time>2026-09-21T22:37:48.261000Z</time>
      </trkpt>
      <trkpt lat="39.8683931" lon="116.6889008">
        <ele>23.04636</ele>
        <time>2026-09-21T22:37:52.242000Z</time>
      </trkpt>
      <trkpt lat="39.8682844" lon="116.6888902">
        <ele>23.02865</ele>
        <time>2026-09-21T22:37:56.222000Z</time>
      </trkpt>
      <trkpt lat="39.8681789" lon="116.6888779">
        <ele>22.98116</ele>
        <time>2026-09-21T22:38:00.203000Z</time>
      </trkpt>
      <trkpt lat="39.8680753" lon="116.6888728">
        <ele>22.92114</ele>
        <time>2026-09-21T22:38:04.184000Z</time>
      </trkpt>
      <trkpt lat="39.8679777" lon="116.6888764">
        <ele>22.83736</ele>
        <time>2026-09-21T22:38:08Z</time>
      </trkpt>
      <trkpt lat="39.8678721" lon="116.6888872">
        <ele>22.71391</ele>
        <time>2026-09-21T22:38:12.145000Z</time>
      </trkpt>
      <trkpt lat="39.8677688" lon="116.6888937">
        <ele>22.61812</ele>
        <time>2026-09-21T22:38:16.126000Z</time>
      </trkpt>
      <trkpt lat="39.8676647" lon="116.6888932">
        <ele>22.56999</ele>
        <time>2026-09-21T22:38:20.107000Z</time>
      </trkpt>
      <trkpt lat="39.8675651" lon="116.6888945">
        <ele>22.55518</ele>
        <time>2026-09-21T22:38:24Z</time>
      </trkpt>
      <trkpt lat="39.8674661" lon="116.6889071">
        <ele>22.51539</ele>
        <time>2026-09-21T22:38:28Z</time>
      </trkpt>
      <trkpt lat="39.8673698" lon="116.6889315">
        <ele>22.44933</ele>
        <time>2026-09-21T22:38:32Z</time>
      </trkpt>
      <trkpt lat="39.8672735" lon="116.6889639">
        <ele>22.35951</ele>
        <time>2026-09-21T22:38:36Z</time>
      </trkpt>
      <trkpt lat="39.8671777" lon="116.688996">
        <ele>22.29933</ele>
        <time>2026-09-21T22:38:40Z</time>
      </trkpt>
      <trkpt lat="39.8670806" lon="116.6890303">
        <ele>22.32346</ele>
        <time>2026-09-21T22:38:43.991000Z</time>
      </trkpt>
      <trkpt lat="39.8669864" lon="116.6890664">
        <ele>22.36525</ele>
        <time>2026-09-21T22:38:47.971000Z</time>
      </trkpt>
      <trkpt lat="39.8668902" lon="116.6891069">
        <ele>22.36276</ele>
        <time>2026-09-21T22:38:51.952000Z</time>
      </trkpt>
      <trkpt lat="39.8667903" lon="116.6891495">
        <ele>22.33642</ele>
        <time>2026-09-21T22:38:55.933000Z</time>
      </trkpt>
      <trkpt lat="39.8666897" lon="116.6891884">
        <ele>22.32763</ele>
        <time>2026-09-21T22:38:59.913000Z</time>
      </trkpt>
      <trkpt lat="39.8665922" lon="116.6892321">
        <ele>22.35898</ele>
        <time>2026-09-21T22:39:03.894000Z</time>
      </trkpt>
      <trkpt lat="39.8664969" lon="116.6892682">
        <ele>22.41632</ele>
        <time>2026-09-21T22:39:07.875000Z</time>
      </trkpt>
      <trkpt lat="39.8664014" lon="116.6893045">
        <ele>22.45961</ele>
        <time>2026-09-21T22:39:11.855000Z</time>
      </trkpt>
      <trkpt lat="39.8663053" lon="116.6893411">
        <ele>22.47721</ele>
        <time>2026-09-21T22:39:15.836000Z</time>
      </trkpt>
      <trkpt lat="39.8662105" lon="116.6893791">
        <ele>22.47303</ele>
        <time>2026-09-21T22:39:19.817000Z</time>
      </trkpt>
      <trkpt lat="39.8661169" lon="116.689424">
        <ele>22.44166</ele>
        <time>2026-09-21T22:39:23.797000Z</time>
      </trkpt>
      <trkpt lat="39.8660235" lon="116.6894715">
        <ele>22.39791</ele>
        <time>2026-09-21T22:39:27.777000Z</time>
      </trkpt>
      <trkpt lat="39.8659314" lon="116.6895193">
        <ele>22.36075</ele>
        <time>2026-09-21T22:39:31.757000Z</time>
      </trkpt>
      <trkpt lat="39.8658378" lon="116.6895599">
        <ele>22.33587</ele>
        <time>2026-09-21T22:39:35.737000Z</time>
      </trkpt>
      <trkpt lat="39.8657416" lon="116.6895956">
        <ele>22.30682</ele>
        <time>2026-09-21T22:39:39.717000Z</time>
      </trkpt>
      <trkpt lat="39.8656492" lon="116.6896382">
        <ele>22.26473</ele>
        <time>2026-09-21T22:39:43.698000Z</time>
      </trkpt>
      <trkpt lat="39.8655591" lon="116.6896814">
        <ele>22.21556</ele>
        <time>2026-09-21T22:39:47.678000Z</time>
      </trkpt>
      <trkpt lat="39.8654682" lon="116.6897266">
        <ele>22.16029</ele>
        <time>2026-09-21T22:39:51.659000Z</time>
      </trkpt>
      <trkpt lat="39.8653773" lon="116.6897768">
        <ele>22.09022</ele>
        <time>2026-09-21T22:39:55.639000Z</time>
      </trkpt>
      <trkpt lat="39.8652874" lon="116.6898298">
        <ele>22.02964</ele>
        <time>2026-09-21T22:39:59.620000Z</time>
      </trkpt>
      <trkpt lat="39.8651977" lon="116.6898778">
        <ele>21.99915</ele>
        <time>2026-09-21T22:40:03.600000Z</time>
      </trkpt>
      <trkpt lat="39.8651084" lon="116.6899184">
        <ele>21.98992</ele>
        <time>2026-09-21T22:40:07.581000Z</time>
      </trkpt>
      <trkpt lat="39.8650184" lon="116.6899621">
        <ele>21.9831</ele>
        <time>2026-09-21T22:40:11.562000Z</time>
      </trkpt>
      <trkpt lat="39.8649248" lon="116.6900021">
        <ele>21.97128</ele>
        <time>2026-09-21T22:40:15.542000Z</time>
      </trkpt>
      <trkpt lat="39.8648296" lon="116.690036">
        <ele>21.9631</ele>
        <time>2026-09-21T22:40:19.523000Z</time>
      </trkpt>
      <trkpt lat="39.8647381" lon="116.6900696">
        <ele>21.95693</ele>
        <time>2026-09-21T22:40:23.504000Z</time>
      </trkpt>
      <trkpt lat="39.8646484" lon="116.69011">
        <ele>21.90749</ele>
        <time>2026-09-21T22:40:27.484000Z</time>
      </trkpt>
      <trkpt lat="39.86456" lon="116.6901536">
        <ele>21.80405</ele>
        <time>2026-09-21T22:40:31.465000Z</time>
      </trkpt>
      <trkpt lat="39.8644686" lon="116.6901894">
        <ele>21.69622</ele>
        <time>2026-09-21T22:40:35.446000Z</time>
      </trkpt>
      <trkpt lat="39.8643805" lon="116.6902315">
        <ele>21.62437</ele>
        <time>2026-09-21T22:40:39.426000Z</time>
      </trkpt>
      <trkpt lat="39.8642967" lon="116.6902799">
        <ele>21.59296</ele>
        <time>2026-09-21T22:40:43.407000Z</time>
      </trkpt>
      <trkpt lat="39.8642097" lon="116.6903279">
        <ele>21.58401</ele>
        <time>2026-09-21T22:40:47.388000Z</time>
      </trkpt>
      <trkpt lat="39.8641217" lon="116.690374">
        <ele>21.58614</ele>
        <time>2026-09-21T22:40:51.368000Z</time>
      </trkpt>
      <trkpt lat="39.8640337" lon="116.6904212">
        <ele>21.60646</ele>
        <time>2026-09-21T22:40:55.349000Z</time>
      </trkpt>
      <trkpt lat="39.8639443" lon="116.6904677">
        <ele>21.65365</ele>
        <time>2026-09-21T22:40:59.330000Z</time>
      </trkpt>
      <trkpt lat="39.8638563" lon="116.6905142">
        <ele>21.73717</ele>
        <time>2026-09-21T22:41:03.310000Z</time>
      </trkpt>
      <trkpt lat="39.8637637" lon="116.6905525">
        <ele>21.81908</ele>
        <time>2026-09-21T22:41:07.291000Z</time>
      </trkpt>
      <trkpt lat="39.8636724" lon="116.6905935">
        <ele>21.85337</ele>
        <time>2026-09-21T22:41:11.272000Z</time>
      </trkpt>
      <trkpt lat="39.8635851" lon="116.6906412">
        <ele>21.79588</ele>
        <time>2026-09-21T22:41:15.253000Z</time>
      </trkpt>
      <trkpt lat="39.8634976" lon="116.6906903">
        <ele>21.62587</ele>
        <time>2026-09-21T22:41:19.234000Z</time>
      </trkpt>
      <trkpt lat="39.8634085" lon="116.6907355">
        <ele>21.35002</ele>
        <time>2026-09-21T22:41:23.215000Z</time>
      </trkpt>
      <trkpt lat="39.8633185" lon="116.6907745">
        <ele>21.00626</ele>
        <time>2026-09-21T22:41:27.197000Z</time>
      </trkpt>
      <trkpt lat="39.8632154" lon="116.6908237">
        <ele>20.72259</ele>
        <time>2026-09-21T22:41:31.999000Z</time>
      </trkpt>
      <trkpt lat="39.8631286" lon="116.690856">
        <ele>20.6643</ele>
        <time>2026-09-21T22:41:36Z</time>
      </trkpt>
      <trkpt lat="39.8630383" lon="116.6908897">
        <ele>20.67654</ele>
        <time>2026-09-21T22:41:40Z</time>
      </trkpt>
      <trkpt lat="39.8629436" lon="116.6909246">
        <ele>20.71057</ele>
        <time>2026-09-21T22:41:44Z</time>
      </trkpt>
      <trkpt lat="39.8628437" lon="116.6909585">
        <ele>20.78826</ele>
        <time>2026-09-21T22:41:48Z</time>
      </trkpt>
      <trkpt lat="39.8627348" lon="116.6909756">
        <ele>20.90884</ele>
        <time>2026-09-21T22:41:52.077000Z</time>
      </trkpt>
      <trkpt lat="39.8626286" lon="116.6909886">
        <ele>20.99846</ele>
        <time>2026-09-21T22:41:56.058000Z</time>
      </trkpt>
      <trkpt lat="39.8625266" lon="116.6910228">
        <ele>21.0379</ele>
        <time>2026-09-21T22:42:00.039000Z</time>
      </trkpt>
      <trkpt lat="39.8624317" lon="116.6910696">
        <ele>21.07419</ele>
        <time>2026-09-21T22:42:04Z</time>
      </trkpt>
      <trkpt lat="39.8623369" lon="116.6911232">
        <ele>21.16066</ele>
        <time>2026-09-21T22:42:08Z</time>
      </trkpt>
      <trkpt lat="39.8622403" lon="116.6911853">
        <ele>21.31523</ele>
        <time>2026-09-21T22:42:11.981000Z</time>
      </trkpt>
      <trkpt lat="39.8621499" lon="116.6912456">
        <ele>21.49299</ele>
        <time>2026-09-21T22:42:15.962000Z</time>
      </trkpt>
      <trkpt lat="39.8620561" lon="116.6912932">
        <ele>21.65383</ele>
        <time>2026-09-21T22:42:19.942000Z</time>
      </trkpt>
      <trkpt lat="39.8619641" lon="116.6913377">
        <ele>21.75188</ele>
        <time>2026-09-21T22:42:23.923000Z</time>
      </trkpt>
      <trkpt lat="39.8618732" lon="116.6913817">
        <ele>21.76456</ele>
        <time>2026-09-21T22:42:27.904000Z</time>
      </trkpt>
      <trkpt lat="39.8617816" lon="116.6914249">
        <ele>21.72588</ele>
        <time>2026-09-21T22:42:31.884000Z</time>
      </trkpt>
      <trkpt lat="39.8616932" lon="116.6914743">
        <ele>21.65864</ele>
        <time>2026-09-21T22:42:35.865000Z</time>
      </trkpt>
      <trkpt lat="39.8616042" lon="116.6915224">
        <ele>21.60165</ele>
        <time>2026-09-21T22:42:39.846000Z</time>
      </trkpt>
      <trkpt lat="39.8615142" lon="116.6915697">
        <ele>21.60198</ele>
        <time>2026-09-21T22:42:43.826000Z</time>
      </trkpt>
      <trkpt lat="39.8614224" lon="116.6916137">
        <ele>21.65222</ele>
        <time>2026-09-21T22:42:47.807000Z</time>
      </trkpt>
      <trkpt lat="39.8613333" lon="116.6916587">
        <ele>21.7091</ele>
        <time>2026-09-21T22:42:51.788000Z</time>
      </trkpt>
      <trkpt lat="39.8612467" lon="116.691707">
        <ele>21.76509</ele>
        <time>2026-09-21T22:42:55.768000Z</time>
      </trkpt>
      <trkpt lat="39.8611588" lon="116.6917544">
        <ele>21.8199</ele>
        <time>2026-09-21T22:42:59.749000Z</time>
      </trkpt>
      <trkpt lat="39.8610682" lon="116.6917998">
        <ele>21.88015</ele>
        <time>2026-09-21T22:43:03.730000Z</time>
      </trkpt>
      <trkpt lat="39.8609757" lon="116.6918227">
        <ele>21.93885</ele>
        <time>2026-09-21T22:43:07.710000Z</time>
      </trkpt>
      <trkpt lat="39.8608811" lon="116.6918063">
        <ele>21.98594</ele>
        <time>2026-09-21T22:43:11.691000Z</time>
      </trkpt>
      <trkpt lat="39.860788" lon="116.6917787">
        <ele>21.99734</ele>
        <time>2026-09-21T22:43:15.672000Z</time>
      </trkpt>
      <trkpt lat="39.8606991" lon="116.6917351">
        <ele>21.94793</ele>
        <time>2026-09-21T22:43:19.652000Z</time>
      </trkpt>
      <trkpt lat="39.860607" lon="116.6916732">
        <ele>21.83184</ele>
        <time>2026-09-21T22:43:23.633000Z</time>
      </trkpt>
      <trkpt lat="39.8605148" lon="116.6916076">
        <ele>21.70815</ele>
        <time>2026-09-21T22:43:27.614000Z</time>
      </trkpt>
      <trkpt lat="39.8604261" lon="116.691549">
        <ele>21.61568</ele>
        <time>2026-09-21T22:43:31.595000Z</time>
      </trkpt>
      <trkpt lat="39.8603336" lon="116.6915013">
        <ele>21.5133</ele>
        <time>2026-09-21T22:43:35.575000Z</time>
      </trkpt>
      <trkpt lat="39.8602423" lon="116.6914538">
        <ele>21.38636</ele>
        <time>2026-09-21T22:43:39.556000Z</time>
      </trkpt>
      <trkpt lat="39.8601517" lon="116.6914039">
        <ele>21.27119</ele>
        <time>2026-09-21T22:43:43.537000Z</time>
      </trkpt>
      <trkpt lat="39.8600631" lon="116.691354">
        <ele>21.19262</ele>
        <time>2026-09-21T22:43:47.517000Z</time>
      </trkpt>
      <trkpt lat="39.8599718" lon="116.6913069">
        <ele>21.16913</ele>
        <time>2026-09-21T22:43:51.498000Z</time>
      </trkpt>
      <trkpt lat="39.8598787" lon="116.6912595">
        <ele>21.21612</ele>
        <time>2026-09-21T22:43:55.479000Z</time>
      </trkpt>
      <trkpt lat="39.8597871" lon="116.6912074">
        <ele>21.30782</ele>
        <time>2026-09-21T22:43:59.459000Z</time>
      </trkpt>
      <trkpt lat="39.859697" lon="116.6911494">
        <ele>21.44921</ele>
        <time>2026-09-21T22:44:03.440000Z</time>
      </trkpt>
      <trkpt lat="39.8596041" lon="116.6911004">
        <ele>21.64261</ele>
        <time>2026-09-21T22:44:07.421000Z</time>
      </trkpt>
      <trkpt lat="39.8595108" lon="116.6910568">
        <ele>21.87014</ele>
        <time>2026-09-21T22:44:11.402000Z</time>
      </trkpt>
      <trkpt lat="39.8594209" lon="116.6910139">
        <ele>22.12636</ele>
        <time>2026-09-21T22:44:15.382000Z</time>
      </trkpt>
      <trkpt lat="39.859331" lon="116.6909716">
        <ele>22.39446</ele>
        <time>2026-09-21T22:44:19.363000Z</time>
      </trkpt>
      <trkpt lat="39.8592428" lon="116.6909235">
        <ele>22.6544</ele>
        <time>2026-09-21T22:44:23.344000Z</time>
      </trkpt>
      <trkpt lat="39.8591546" lon="116.6908799">
        <ele>22.89472</ele>
        <time>2026-09-21T22:44:27.324000Z</time>
      </trkpt>
      <trkpt lat="39.859066" lon="116.6908293">
        <ele>23.11542</ele>
        <time>2026-09-21T22:44:31.305000Z</time>
      </trkpt>
      <trkpt lat="39.8589764" lon="116.6907749">
        <ele>23.31647</ele>
        <time>2026-09-21T22:44:35.286000Z</time>
      </trkpt>
      <trkpt lat="39.8588836" lon="116.6907275">
        <ele>23.49961</ele>
        <time>2026-09-21T22:44:39.267000Z</time>
      </trkpt>
      <trkpt lat="39.8587931" lon="116.690678">
        <ele>23.67681</ele>
        <time>2026-09-21T22:44:43.247000Z</time>
      </trkpt>
      <trkpt lat="39.8587035" lon="116.690623">
        <ele>23.83679</ele>
        <time>2026-09-21T22:44:47.228000Z</time>
      </trkpt>
      <trkpt lat="39.8586083" lon="116.6905705">
        <ele>23.95464</ele>
        <time>2026-09-21T22:44:51.209000Z</time>
      </trkpt>
      <trkpt lat="39.858518" lon="116.6905213">
        <ele>24.02318</ele>
        <time>2026-09-21T22:44:55Z</time>
      </trkpt>
      <trkpt lat="39.8584248" lon="116.6904678">
        <ele>24.05653</ele>
        <time>2026-09-21T22:44:59Z</time>
      </trkpt>
      <trkpt lat="39.8583277" lon="116.6904235">
        <ele>24.07003</ele>
        <time>2026-09-21T22:45:03Z</time>
      </trkpt>
      <trkpt lat="39.8582307" lon="116.6903899">
        <ele>24.08102</ele>
        <time>2026-09-21T22:45:07Z</time>
      </trkpt>
      <trkpt lat="39.8581363" lon="116.6903525">
        <ele>24.10297</ele>
        <time>2026-09-21T22:45:11Z</time>
      </trkpt>
      <trkpt lat="39.8580418" lon="116.6903172">
        <ele>24.13555</ele>
        <time>2026-09-21T22:45:15Z</time>
      </trkpt>
      <trkpt lat="39.8579484" lon="116.6902842">
        <ele>24.14496</ele>
        <time>2026-09-21T22:45:19Z</time>
      </trkpt>
      <trkpt lat="39.8578515" lon="116.6902505">
        <ele>24.13981</ele>
        <time>2026-09-21T22:45:23Z</time>
      </trkpt>
      <trkpt lat="39.8577574" lon="116.6902123">
        <ele>24.14468</ele>
        <time>2026-09-21T22:45:27Z</time>
      </trkpt>
      <trkpt lat="39.857661" lon="116.6901711">
        <ele>24.16139</ele>
        <time>2026-09-21T22:45:31Z</time>
      </trkpt>
      <trkpt lat="39.8575682" lon="116.6901266">
        <ele>24.21065</ele>
        <time>2026-09-21T22:45:34.997000Z</time>
      </trkpt>
      <trkpt lat="39.8574739" lon="116.6900827">
        <ele>24.27977</ele>
        <time>2026-09-21T22:45:38.978000Z</time>
      </trkpt>
      <trkpt lat="39.857378" lon="116.6900394">
        <ele>24.32839</ele>
        <time>2026-09-21T22:45:42.958000Z</time>
      </trkpt>
      <trkpt lat="39.8572809" lon="116.6899913">
        <ele>24.36456</ele>
        <time>2026-09-21T22:45:46.939000Z</time>
      </trkpt>
      <trkpt lat="39.8571854" lon="116.6899347">
        <ele>24.39632</ele>
        <time>2026-09-21T22:45:50.920000Z</time>
      </trkpt>
      <trkpt lat="39.8570926" lon="116.6898798">
        <ele>24.43582</ele>
        <time>2026-09-21T22:45:54.901000Z</time>
      </trkpt>
      <trkpt lat="39.856998" lon="116.6898286">
        <ele>24.48045</ele>
        <time>2026-09-21T22:45:58.881000Z</time>
      </trkpt>
      <trkpt lat="39.8569065" lon="116.6897807">
        <ele>24.49005</ele>
        <time>2026-09-21T22:46:02.862000Z</time>
      </trkpt>
      <trkpt lat="39.8568159" lon="116.6897359">
        <ele>24.44774</ele>
        <time>2026-09-21T22:46:06.843000Z</time>
      </trkpt>
      <trkpt lat="39.8567271" lon="116.6896824">
        <ele>24.36354</ele>
        <time>2026-09-21T22:46:10.823000Z</time>
      </trkpt>
      <trkpt lat="39.856638" lon="116.6896194">
        <ele>24.25071</ele>
        <time>2026-09-21T22:46:14.804000Z</time>
      </trkpt>
      <trkpt lat="39.8565495" lon="116.6895576">
        <ele>24.12687</ele>
        <time>2026-09-21T22:46:18.785000Z</time>
      </trkpt>
      <trkpt lat="39.8564608" lon="116.6894993">
        <ele>24.01963</ele>
        <time>2026-09-21T22:46:22.766000Z</time>
      </trkpt>
      <trkpt lat="39.8563713" lon="116.6894459">
        <ele>23.96981</ele>
        <time>2026-09-21T22:46:26.746000Z</time>
      </trkpt>
      <trkpt lat="39.8562776" lon="116.6894016">
        <ele>24.01701</ele>
        <time>2026-09-21T22:46:30.727000Z</time>
      </trkpt>
      <trkpt lat="39.8561853" lon="116.6893497">
        <ele>24.16156</ele>
        <time>2026-09-21T22:46:34.708000Z</time>
      </trkpt>
      <trkpt lat="39.8560924" lon="116.6892912">
        <ele>24.35385</ele>
        <time>2026-09-21T22:46:38.689000Z</time>
      </trkpt>
      <trkpt lat="39.8559979" lon="116.689237">
        <ele>24.53973</ele>
        <time>2026-09-21T22:46:42.670000Z</time>
      </trkpt>
      <trkpt lat="39.8559054" lon="116.6891832">
        <ele>24.66403</ele>
        <time>2026-09-21T22:46:46.650000Z</time>
      </trkpt>
      <trkpt lat="39.8558124" lon="116.6891347">
        <ele>24.69962</ele>
        <time>2026-09-21T22:46:50.631000Z</time>
      </trkpt>
      <trkpt lat="39.8557186" lon="116.6890873">
        <ele>24.64485</ele>
        <time>2026-09-21T22:46:54.612000Z</time>
      </trkpt>
      <trkpt lat="39.8556283" lon="116.6890337">
        <ele>24.5362</ele>
        <time>2026-09-21T22:46:58.593000Z</time>
      </trkpt>
      <trkpt lat="39.8555403" lon="116.6889739">
        <ele>24.4012</ele>
        <time>2026-09-21T22:47:02.573000Z</time>
      </trkpt>
      <trkpt lat="39.8554499" lon="116.6889219">
        <ele>24.25856</ele>
        <time>2026-09-21T22:47:06.554000Z</time>
      </trkpt>
      <trkpt lat="39.8553579" lon="116.6888667">
        <ele>24.12693</ele>
        <time>2026-09-21T22:47:10.535000Z</time>
      </trkpt>
      <trkpt lat="39.8552671" lon="116.6888127">
        <ele>24.01505</ele>
        <time>2026-09-21T22:47:14.516000Z</time>
      </trkpt>
      <trkpt lat="39.8551767" lon="116.6887575">
        <ele>23.92878</ele>
        <time>2026-09-21T22:47:18.496000Z</time>
      </trkpt>
      <trkpt lat="39.8550898" lon="116.688702">
        <ele>23.87505</ele>
        <time>2026-09-21T22:47:22.477000Z</time>
      </trkpt>
      <trkpt lat="39.8550008" lon="116.688647">
        <ele>23.86652</ele>
        <time>2026-09-21T22:47:26.458000Z</time>
      </trkpt>
      <trkpt lat="39.8549109" lon="116.6885906">
        <ele>23.89839</ele>
        <time>2026-09-21T22:47:30.439000Z</time>
      </trkpt>
      <trkpt lat="39.85482" lon="116.6885347">
        <ele>23.95565</ele>
        <time>2026-09-21T22:47:34.420000Z</time>
      </trkpt>
      <trkpt lat="39.8547299" lon="116.6884809">
        <ele>24.02108</ele>
        <time>2026-09-21T22:47:38.400000Z</time>
      </trkpt>
      <trkpt lat="39.854642" lon="116.6884231">
        <ele>24.07632</ele>
        <time>2026-09-21T22:47:42.381000Z</time>
      </trkpt>
      <trkpt lat="39.8545531" lon="116.6883629">
        <ele>24.10193</ele>
        <time>2026-09-21T22:47:46.362000Z</time>
      </trkpt>
      <trkpt lat="39.8544611" lon="116.6883017">
        <ele>24.1114</ele>
        <time>2026-09-21T22:47:50.343000Z</time>
      </trkpt>
      <trkpt lat="39.8543715" lon="116.6882439">
        <ele>24.09748</ele>
        <time>2026-09-21T22:47:54.323000Z</time>
      </trkpt>
      <trkpt lat="39.8542828" lon="116.6881899">
        <ele>24.04482</ele>
        <time>2026-09-21T22:47:58.304000Z</time>
      </trkpt>
      <trkpt lat="39.854197" lon="116.6881269">
        <ele>23.95621</ele>
        <time>2026-09-21T22:48:02.285000Z</time>
      </trkpt>
      <trkpt lat="39.8541092" lon="116.6880684">
        <ele>23.85399</ele>
        <time>2026-09-21T22:48:06.266000Z</time>
      </trkpt>
      <trkpt lat="39.8540262" lon="116.6880095">
        <ele>23.75251</ele>
        <time>2026-09-21T22:48:10.247000Z</time>
      </trkpt>
      <trkpt lat="39.8539426" lon="116.6879474">
        <ele>23.68934</ele>
        <time>2026-09-21T22:48:14.227000Z</time>
      </trkpt>
      <trkpt lat="39.8538562" lon="116.6878835">
        <ele>23.71288</ele>
        <time>2026-09-21T22:48:18.208000Z</time>
      </trkpt>
      <trkpt lat="39.8537732" lon="116.6878225">
        <ele>23.79849</ele>
        <time>2026-09-21T22:48:22Z</time>
      </trkpt>
      <trkpt lat="39.8536882" lon="116.6877597">
        <ele>23.8509</ele>
        <time>2026-09-21T22:48:26Z</time>
      </trkpt>
      <trkpt lat="39.8536027" lon="116.6876967">
        <ele>23.85658</ele>
        <time>2026-09-21T22:48:30Z</time>
      </trkpt>
      <trkpt lat="39.8535145" lon="116.6876275">
        <ele>23.84912</ele>
        <time>2026-09-21T22:48:34Z</time>
      </trkpt>
      <trkpt lat="39.8534285" lon="116.6875569">
        <ele>23.8399</ele>
        <time>2026-09-21T22:48:38Z</time>
      </trkpt>
      <trkpt lat="39.8533387" lon="116.6874904">
        <ele>23.82519</ele>
        <time>2026-09-21T22:48:42Z</time>
      </trkpt>
      <trkpt lat="39.8532454" lon="116.687424">
        <ele>23.80465</ele>
        <time>2026-09-21T22:48:46Z</time>
      </trkpt>
      <trkpt lat="39.8531501" lon="116.6873641">
        <ele>23.76708</ele>
        <time>2026-09-21T22:48:50Z</time>
      </trkpt>
      <trkpt lat="39.8530551" lon="116.6873081">
        <ele>23.71693</ele>
        <time>2026-09-21T22:48:54.035000Z</time>
      </trkpt>
      <trkpt lat="39.8529661" lon="116.6872493">
        <ele>23.6564</ele>
        <time>2026-09-21T22:48:58Z</time>
      </trkpt>
      <trkpt lat="39.8528757" lon="116.687193">
        <ele>23.43329</ele>
        <time>2026-09-21T22:49:01.997000Z</time>
      </trkpt>
      <trkpt lat="39.8527867" lon="116.6871367">
        <ele>23.13192</ele>
        <time>2026-09-21T22:49:05.978000Z</time>
      </trkpt>
      <trkpt lat="39.8526961" lon="116.6870823">
        <ele>22.88613</ele>
        <time>2026-09-21T22:49:09.959000Z</time>
      </trkpt>
      <trkpt lat="39.8526054" lon="116.6870243">
        <ele>22.70162</ele>
        <time>2026-09-21T22:49:13.940000Z</time>
      </trkpt>
      <trkpt lat="39.8525156" lon="116.6869631">
        <ele>22.56745</ele>
        <time>2026-09-21T22:49:17.920000Z</time>
      </trkpt>
      <trkpt lat="39.8524226" lon="116.686907">
        <ele>22.46905</ele>
        <time>2026-09-21T22:49:21.901000Z</time>
      </trkpt>
      <trkpt lat="39.8523312" lon="116.6868551">
        <ele>22.38211</ele>
        <time>2026-09-21T22:49:25.882000Z</time>
      </trkpt>
      <trkpt lat="39.8522411" lon="116.6867991">
        <ele>22.28546</ele>
        <time>2026-09-21T22:49:29.863000Z</time>
      </trkpt>
      <trkpt lat="39.8521521" lon="116.6867397">
        <ele>22.17003</ele>
        <time>2026-09-21T22:49:33.844000Z</time>
      </trkpt>
      <trkpt lat="39.8520635" lon="116.6866813">
        <ele>22.05726</ele>
        <time>2026-09-21T22:49:37.825000Z</time>
      </trkpt>
      <trkpt lat="39.8519733" lon="116.686621">
        <ele>22.00812</ele>
        <time>2026-09-21T22:49:41.805000Z</time>
      </trkpt>
      <trkpt lat="39.8518797" lon="116.6865597">
        <ele>22.11892</ele>
        <time>2026-09-21T22:49:45.786000Z</time>
      </trkpt>
      <trkpt lat="39.8517872" lon="116.6865089">
        <ele>22.45125</ele>
        <time>2026-09-21T22:49:49.766000Z</time>
      </trkpt>
      <trkpt lat="39.8516922" lon="116.6864596">
        <ele>22.96157</ele>
        <time>2026-09-21T22:49:53.746000Z</time>
      </trkpt>
      <trkpt lat="39.8515984" lon="116.686411">
        <ele>23.50849</ele>
        <time>2026-09-21T22:49:57.727000Z</time>
      </trkpt>
      <trkpt lat="39.8515059" lon="116.6863591">
        <ele>23.95842</ele>
        <time>2026-09-21T22:50:01.708000Z</time>
      </trkpt>
      <trkpt lat="39.8514175" lon="116.6863037">
        <ele>24.26006</ele>
        <time>2026-09-21T22:50:05.689000Z</time>
      </trkpt>
      <trkpt lat="39.8513342" lon="116.6862423">
        <ele>24.45141</ele>
        <time>2026-09-21T22:50:09.670000Z</time>
      </trkpt>
      <trkpt lat="39.8512476" lon="116.6861785">
        <ele>24.57695</ele>
        <time>2026-09-21T22:50:13.651000Z</time>
      </trkpt>
      <trkpt lat="39.8511586" lon="116.6861204">
        <ele>24.6518</ele>
        <time>2026-09-21T22:50:17.632000Z</time>
      </trkpt>
      <trkpt lat="39.8510692" lon="116.686064">
        <ele>24.70855</ele>
        <time>2026-09-21T22:50:21.613000Z</time>
      </trkpt>
      <trkpt lat="39.8509803" lon="116.686006">
        <ele>24.77566</ele>
        <time>2026-09-21T22:50:25.594000Z</time>
      </trkpt>
      <trkpt lat="39.8508932" lon="116.6859427">
        <ele>24.85051</ele>
        <time>2026-09-21T22:50:29.575000Z</time>
      </trkpt>
      <trkpt lat="39.8508062" lon="116.6858786">
        <ele>24.9241</ele>
        <time>2026-09-21T22:50:33.556000Z</time>
      </trkpt>
      <trkpt lat="39.85072" lon="116.6858149">
        <ele>24.97934</ele>
        <time>2026-09-21T22:50:37.537000Z</time>
      </trkpt>
      <trkpt lat="39.8506352" lon="116.685751">
        <ele>25.01933</ele>
        <time>2026-09-21T22:50:41.518000Z</time>
      </trkpt>
      <trkpt lat="39.850546" lon="116.6856901">
        <ele>25.03341</ele>
        <time>2026-09-21T22:50:45.498000Z</time>
      </trkpt>
      <trkpt lat="39.8504574" lon="116.6856354">
        <ele>24.99782</ele>
        <time>2026-09-21T22:50:49.479000Z</time>
      </trkpt>
      <trkpt lat="39.850369" lon="116.6855755">
        <ele>24.93674</ele>
        <time>2026-09-21T22:50:53.460000Z</time>
      </trkpt>
      <trkpt lat="39.8502794" lon="116.6855156">
        <ele>24.89253</ele>
        <time>2026-09-21T22:50:57.441000Z</time>
      </trkpt>
      <trkpt lat="39.8501922" lon="116.685456">
        <ele>24.85997</ele>
        <time>2026-09-21T22:51:01.422000Z</time>
      </trkpt>
      <trkpt lat="39.8501042" lon="116.68538">
        <ele>24.83143</ele>
        <time>2026-09-21T22:51:05.403000Z</time>
      </trkpt>
      <trkpt lat="39.8500363" lon="116.6852788">
        <ele>24.80369</ele>
        <time>2026-09-21T22:51:09.384000Z</time>
      </trkpt>
      <trkpt lat="39.8500262" lon="116.6851494">
        <ele>24.7703</ele>
        <time>2026-09-21T22:51:13.364000Z</time>
      </trkpt>
      <trkpt lat="39.8500658" lon="116.6850261">
        <ele>24.73583</ele>
        <time>2026-09-21T22:51:17.345000Z</time>
      </trkpt>
      <trkpt lat="39.8501216" lon="116.6849109">
        <ele>24.70359</ele>
        <time>2026-09-21T22:51:21.326000Z</time>
      </trkpt>
      <trkpt lat="39.8501814" lon="116.6848042">
        <ele>24.66368</ele>
        <time>2026-09-21T22:51:25.307000Z</time>
      </trkpt>
      <trkpt lat="39.8502384" lon="116.6846963">
        <ele>24.60312</ele>
        <time>2026-09-21T22:51:29.288000Z</time>
      </trkpt>
      <trkpt lat="39.8503012" lon="116.6845904">
        <ele>24.49403</ele>
        <time>2026-09-21T22:51:33.269000Z</time>
      </trkpt>
      <trkpt lat="39.8503694" lon="116.6844888">
        <ele>24.30663</ele>
        <time>2026-09-21T22:51:37.250000Z</time>
      </trkpt>
      <trkpt lat="39.8504429" lon="116.6843931">
        <ele>24.02043</ele>
        <time>2026-09-21T22:51:41.230000Z</time>
      </trkpt>
      <trkpt lat="39.8505238" lon="116.6843003">
        <ele>23.64946</ele>
        <time>2026-09-21T22:51:45.211000Z</time>
      </trkpt>
      <trkpt lat="39.8506024" lon="116.684213">
        <ele>23.28061</ele>
        <time>2026-09-21T22:51:48.999000Z</time>
      </trkpt>
      <trkpt lat="39.8506935" lon="116.6841345">
        <ele>23.01648</ele>
        <time>2026-09-21T22:51:52.999000Z</time>
      </trkpt>
      <trkpt lat="39.8507859" lon="116.6840652">
        <ele>22.89127</ele>
        <time>2026-09-21T22:51:56.999000Z</time>
      </trkpt>
      <trkpt lat="39.8508801" lon="116.6840015">
        <ele>22.81983</ele>
        <time>2026-09-21T22:52:00.999000Z</time>
      </trkpt>
      <trkpt lat="39.8509765" lon="116.6839412">
        <ele>22.7788</ele>
        <time>2026-09-21T22:52:04.999000Z</time>
      </trkpt>
      <trkpt lat="39.8510752" lon="116.6838884">
        <ele>22.75778</ele>
        <time>2026-09-21T22:52:08.999000Z</time>
      </trkpt>
      <trkpt lat="39.8511753" lon="116.683842">
        <ele>22.73846</ele>
        <time>2026-09-21T22:52:12.999000Z</time>
      </trkpt>
      <trkpt lat="39.8512774" lon="116.6838019">
        <ele>22.73478</ele>
        <time>2026-09-21T22:52:16.999000Z</time>
      </trkpt>
      <trkpt lat="39.8513855" lon="116.6837703">
        <ele>22.7567</ele>
        <time>2026-09-21T22:52:21Z</time>
      </trkpt>
      <trkpt lat="39.8514926" lon="116.6837425">
        <ele>22.76713</ele>
        <time>2026-09-21T22:52:25.020000Z</time>
      </trkpt>
      <trkpt lat="39.8515962" lon="116.6837227">
        <ele>22.75836</ele>
        <time>2026-09-21T22:52:29.001000Z</time>
      </trkpt>
      <trkpt lat="39.8516997" lon="116.6837169">
        <ele>22.73746</ele>
        <time>2026-09-21T22:52:32.982000Z</time>
      </trkpt>
      <trkpt lat="39.8518062" lon="116.6837101">
        <ele>22.69441</ele>
        <time>2026-09-21T22:52:36.963000Z</time>
      </trkpt>
      <trkpt lat="39.8519133" lon="116.6837015">
        <ele>22.64119</ele>
        <time>2026-09-21T22:52:40.944000Z</time>
      </trkpt>
      <trkpt lat="39.8520211" lon="116.6836935">
        <ele>22.6274</ele>
        <time>2026-09-21T22:52:44.925000Z</time>
      </trkpt>
      <trkpt lat="39.8521276" lon="116.6836881">
        <ele>22.66895</ele>
        <time>2026-09-21T22:52:48.906000Z</time>
      </trkpt>
      <trkpt lat="39.8522332" lon="116.6836858">
        <ele>22.77745</ele>
        <time>2026-09-21T22:52:52.886000Z</time>
      </trkpt>
      <trkpt lat="39.8523347" lon="116.6836786">
        <ele>22.98588</ele>
        <time>2026-09-21T22:52:56.867000Z</time>
      </trkpt>
      <trkpt lat="39.8524342" lon="116.6836676">
        <ele>23.22833</ele>
        <time>2026-09-21T22:53:00.848000Z</time>
      </trkpt>
      <trkpt lat="39.8525375" lon="116.6836576">
        <ele>23.41232</ele>
        <time>2026-09-21T22:53:04.829000Z</time>
      </trkpt>
      <trkpt lat="39.8526426" lon="116.6836507">
        <ele>23.48311</ele>
        <time>2026-09-21T22:53:08.810000Z</time>
      </trkpt>
      <trkpt lat="39.8527495" lon="116.6836445">
        <ele>23.4434</ele>
        <time>2026-09-21T22:53:12.791000Z</time>
      </trkpt>
      <trkpt lat="39.8528553" lon="116.6836387">
        <ele>23.30648</ele>
        <time>2026-09-21T22:53:16.772000Z</time>
      </trkpt>
      <trkpt lat="39.8529595" lon="116.6836389">
        <ele>23.06617</ele>
        <time>2026-09-21T22:53:20.752000Z</time>
      </trkpt>
      <trkpt lat="39.8530672" lon="116.6836431">
        <ele>22.70818</ele>
        <time>2026-09-21T22:53:24.733000Z</time>
      </trkpt>
      <trkpt lat="39.8531779" lon="116.6836504">
        <ele>22.24828</ele>
        <time>2026-09-21T22:53:28.714000Z</time>
      </trkpt>
      <trkpt lat="39.8532865" lon="116.6836593">
        <ele>21.72243</ele>
        <time>2026-09-21T22:53:32.695000Z</time>
      </trkpt>
      <trkpt lat="39.8533925" lon="116.6836606">
        <ele>21.18081</ele>
        <time>2026-09-21T22:53:36.676000Z</time>
      </trkpt>
      <trkpt lat="39.8535016" lon="116.6836603">
        <ele>20.68853</ele>
        <time>2026-09-21T22:53:40.657000Z</time>
      </trkpt>
      <trkpt lat="39.853609" lon="116.6836481">
        <ele>20.32325</ele>
        <time>2026-09-21T22:53:44.637000Z</time>
      </trkpt>
      <trkpt lat="39.8537165" lon="116.6836256">
        <ele>20.15512</ele>
        <time>2026-09-21T22:53:48.618000Z</time>
      </trkpt>
      <trkpt lat="39.8538241" lon="116.6836119">
        <ele>20.1829</ele>
        <time>2026-09-21T22:53:52.599000Z</time>
      </trkpt>
      <trkpt lat="39.8539333" lon="116.6836064">
        <ele>20.37898</ele>
        <time>2026-09-21T22:53:56.580000Z</time>
      </trkpt>
      <trkpt lat="39.8540421" lon="116.6836027">
        <ele>20.70715</ele>
        <time>2026-09-21T22:54:00.561000Z</time>
      </trkpt>
      <trkpt lat="39.8541504" lon="116.6836071">
        <ele>21.1158</ele>
        <time>2026-09-21T22:54:04.542000Z</time>
      </trkpt>
      <trkpt lat="39.8542585" lon="116.6836163">
        <ele>21.5333</ele>
        <time>2026-09-21T22:54:08.522000Z</time>
      </trkpt>
      <trkpt lat="39.8543655" lon="116.683613">
        <ele>21.87691</ele>
        <time>2026-09-21T22:54:12.503000Z</time>
      </trkpt>
      <trkpt lat="39.8544729" lon="116.6836101">
        <ele>22.07416</ele>
        <time>2026-09-21T22:54:16.484000Z</time>
      </trkpt>
      <trkpt lat="39.8545841" lon="116.6836036">
        <ele>22.11108</ele>
        <time>2026-09-21T22:54:20.465000Z</time>
      </trkpt>
      <trkpt lat="39.8546959" lon="116.6835878">
        <ele>22.05532</ele>
        <time>2026-09-21T22:54:24.446000Z</time>
      </trkpt>
      <trkpt lat="39.8548041" lon="116.6835714">
        <ele>22.01816</ele>
        <time>2026-09-21T22:54:28.427000Z</time>
      </trkpt>
      <trkpt lat="39.8549092" lon="116.683558">
        <ele>22.05848</ele>
        <time>2026-09-21T22:54:32.407000Z</time>
      </trkpt>
      <trkpt lat="39.8550172" lon="116.683548">
        <ele>22.14828</ele>
        <time>2026-09-21T22:54:36.388000Z</time>
      </trkpt>
      <trkpt lat="39.8551237" lon="116.6835468">
        <ele>22.26869</ele>
        <time>2026-09-21T22:54:40.369000Z</time>
      </trkpt>
      <trkpt lat="39.8552264" lon="116.6835481">
        <ele>22.37433</ele>
        <time>2026-09-21T22:54:44.350000Z</time>
      </trkpt>
      <trkpt lat="39.8553335" lon="116.6835458">
        <ele>22.42673</ele>
        <time>2026-09-21T22:54:48.331000Z</time>
      </trkpt>
      <trkpt lat="39.8554383" lon="116.6835521">
        <ele>22.44096</ele>
        <time>2026-09-21T22:54:52.312000Z</time>
      </trkpt>
      <trkpt lat="39.855536" lon="116.6835675">
        <ele>22.43481</ele>
        <time>2026-09-21T22:54:56.292000Z</time>
      </trkpt>
      <trkpt lat="39.8556309" lon="116.6835837">
        <ele>22.42482</ele>
        <time>2026-09-21T22:55:00.273000Z</time>
      </trkpt>
      <trkpt lat="39.8557261" lon="116.6836076">
        <ele>22.44117</ele>
        <time>2026-09-21T22:55:04.254000Z</time>
      </trkpt>
      <trkpt lat="39.8558253" lon="116.6836397">
        <ele>22.519</ele>
        <time>2026-09-21T22:55:08.235000Z</time>
      </trkpt>
      <trkpt lat="39.855927" lon="116.6836629">
        <ele>22.68683</ele>
        <time>2026-09-21T22:55:12.216000Z</time>
      </trkpt>
      <trkpt lat="39.8560301" lon="116.6836817">
        <ele>22.93182</ele>
        <time>2026-09-21T22:55:16.197000Z</time>
      </trkpt>
      <trkpt lat="39.8561323" lon="116.6836855">
        <ele>23.16141</ele>
        <time>2026-09-21T22:55:20Z</time>
      </trkpt>
      <trkpt lat="39.8562434" lon="116.6836811">
        <ele>23.3909</ele>
        <time>2026-09-21T22:55:24.158000Z</time>
      </trkpt>
      <trkpt lat="39.8563468" lon="116.6836651">
        <ele>23.52399</ele>
        <time>2026-09-21T22:55:28.139000Z</time>
      </trkpt>
      <trkpt lat="39.8564538" lon="116.6836691">
        <ele>23.4959</ele>
        <time>2026-09-21T22:55:32.120000Z</time>
      </trkpt>
      <trkpt lat="39.8565605" lon="116.6836708">
        <ele>23.36283</ele>
        <time>2026-09-21T22:55:36Z</time>
      </trkpt>
      <trkpt lat="39.8566738" lon="116.6836653">
        <ele>23.29063</ele>
        <time>2026-09-21T22:55:40Z</time>
      </trkpt>
      <trkpt lat="39.8567862" lon="116.6836644">
        <ele>23.30173</ele>
        <time>2026-09-21T22:55:44Z</time>
      </trkpt>
      <trkpt lat="39.8568945" lon="116.6836618">
        <ele>23.3289</ele>
        <time>2026-09-21T22:55:48Z</time>
      </trkpt>
      <trkpt lat="39.8570042" lon="116.6836662">
        <ele>23.36783</ele>
        <time>2026-09-21T22:55:52.024000Z</time>
      </trkpt>
      <trkpt lat="39.8571117" lon="116.6836723">
        <ele>23.41657</ele>
        <time>2026-09-21T22:55:56.005000Z</time>
      </trkpt>
      <trkpt lat="39.8572166" lon="116.6836768">
        <ele>23.49055</ele>
        <time>2026-09-21T22:55:59.986000Z</time>
      </trkpt>
      <trkpt lat="39.85732" lon="116.683674">
        <ele>23.55403</ele>
        <time>2026-09-21T22:56:03.967000Z</time>
      </trkpt>
      <trkpt lat="39.8574241" lon="116.6836686">
        <ele>23.52767</ele>
        <time>2026-09-21T22:56:07.947000Z</time>
      </trkpt>
      <trkpt lat="39.857527" lon="116.6836645">
        <ele>23.46253</ele>
        <time>2026-09-21T22:56:11.928000Z</time>
      </trkpt>
      <trkpt lat="39.8576322" lon="116.6836662">
        <ele>23.43477</ele>
        <time>2026-09-21T22:56:15.909000Z</time>
      </trkpt>
      <trkpt lat="39.8577361" lon="116.6836727">
        <ele>23.44756</ele>
        <time>2026-09-21T22:56:19.890000Z</time>
      </trkpt>
      <trkpt lat="39.8578408" lon="116.6836819">
        <ele>23.4979</ele>
        <time>2026-09-21T22:56:23.871000Z</time>
      </trkpt>
      <trkpt lat="39.857947" lon="116.6836879">
        <ele>23.56178</ele>
        <time>2026-09-21T22:56:27.852000Z</time>
      </trkpt>
      <trkpt lat="39.8580562" lon="116.6836985">
        <ele>23.61478</ele>
        <time>2026-09-21T22:56:31.832000Z</time>
      </trkpt>
      <trkpt lat="39.8581629" lon="116.6837144">
        <ele>23.61405</ele>
        <time>2026-09-21T22:56:35.813000Z</time>
      </trkpt>
      <trkpt lat="39.8582662" lon="116.6837255">
        <ele>23.55334</ele>
        <time>2026-09-21T22:56:39.794000Z</time>
      </trkpt>
      <trkpt lat="39.8583682" lon="116.6837231">
        <ele>23.48227</ele>
        <time>2026-09-21T22:56:43.775000Z</time>
      </trkpt>
      <trkpt lat="39.8584684" lon="116.6837122">
        <ele>23.45214</ele>
        <time>2026-09-21T22:56:47.756000Z</time>
      </trkpt>
      <trkpt lat="39.8585682" lon="116.6836997">
        <ele>23.47883</ele>
        <time>2026-09-21T22:56:51.736000Z</time>
      </trkpt>
      <trkpt lat="39.8586732" lon="116.6836936">
        <ele>23.53138</ele>
        <time>2026-09-21T22:56:55.717000Z</time>
      </trkpt>
      <trkpt lat="39.8587776" lon="116.6836994">
        <ele>23.58637</ele>
        <time>2026-09-21T22:56:59.698000Z</time>
      </trkpt>
      <trkpt lat="39.8588835" lon="116.6836945">
        <ele>23.64248</ele>
        <time>2026-09-21T22:57:03.679000Z</time>
      </trkpt>
      <trkpt lat="39.8589861" lon="116.6836934">
        <ele>23.67557</ele>
        <time>2026-09-21T22:57:07.660000Z</time>
      </trkpt>
      <trkpt lat="39.8590822" lon="116.6836895">
        <ele>23.65811</ele>
        <time>2026-09-21T22:57:11.641000Z</time>
      </trkpt>
      <trkpt lat="39.8591811" lon="116.6836929">
        <ele>23.59473</ele>
        <time>2026-09-21T22:57:15.621000Z</time>
      </trkpt>
      <trkpt lat="39.8592814" lon="116.6837029">
        <ele>23.51653</ele>
        <time>2026-09-21T22:57:19.602000Z</time>
      </trkpt>
      <trkpt lat="39.8593848" lon="116.6837117">
        <ele>23.44314</ele>
        <time>2026-09-21T22:57:23.583000Z</time>
      </trkpt>
      <trkpt lat="39.8594885" lon="116.6837092">
        <ele>23.36963</ele>
        <time>2026-09-21T22:57:27.564000Z</time>
      </trkpt>
      <trkpt lat="39.8595913" lon="116.6837037">
        <ele>23.29816</ele>
        <time>2026-09-21T22:57:31.545000Z</time>
      </trkpt>
      <trkpt lat="39.8596968" lon="116.683708">
        <ele>23.23204</ele>
        <time>2026-09-21T22:57:35.525000Z</time>
      </trkpt>
      <trkpt lat="39.8598019" lon="116.6837104">
        <ele>23.19529</ele>
        <time>2026-09-21T22:57:39.506000Z</time>
      </trkpt>
      <trkpt lat="39.8599065" lon="116.6837151">
        <ele>23.20959</ele>
        <time>2026-09-21T22:57:43.487000Z</time>
      </trkpt>
      <trkpt lat="39.8600129" lon="116.6837123">
        <ele>23.25491</ele>
        <time>2026-09-21T22:57:47.468000Z</time>
      </trkpt>
      <trkpt lat="39.8601196" lon="116.6837064">
        <ele>23.31087</ele>
        <time>2026-09-21T22:57:51.449000Z</time>
      </trkpt>
      <trkpt lat="39.8602252" lon="116.6837045">
        <ele>23.37455</ele>
        <time>2026-09-21T22:57:55.430000Z</time>
      </trkpt>
      <trkpt lat="39.8603298" lon="116.6837104">
        <ele>23.41582</ele>
        <time>2026-09-21T22:57:59.410000Z</time>
      </trkpt>
      <trkpt lat="39.860433" lon="116.6837238">
        <ele>23.38888</ele>
        <time>2026-09-21T22:58:03.391000Z</time>
      </trkpt>
      <trkpt lat="39.8605403" lon="116.6837248">
        <ele>23.29554</ele>
        <time>2026-09-21T22:58:07.372000Z</time>
      </trkpt>
      <trkpt lat="39.8606448" lon="116.6837188">
        <ele>23.18033</ele>
        <time>2026-09-21T22:58:11.353000Z</time>
      </trkpt>
      <trkpt lat="39.8607506" lon="116.6837159">
        <ele>23.09132</ele>
        <time>2026-09-21T22:58:15.334000Z</time>
      </trkpt>
      <trkpt lat="39.8608557" lon="116.683719">
        <ele>23.03561</ele>
        <time>2026-09-21T22:58:19.314000Z</time>
      </trkpt>
      <trkpt lat="39.8609587" lon="116.68372">
        <ele>22.98757</ele>
        <time>2026-09-21T22:58:23.295000Z</time>
      </trkpt>
      <trkpt lat="39.8610615" lon="116.683726">
        <ele>22.9515</ele>
        <time>2026-09-21T22:58:27.276000Z</time>
      </trkpt>
      <trkpt lat="39.861155" lon="116.6836854">
        <ele>22.90841</ele>
        <time>2026-09-21T22:58:32.252000Z</time>
      </trkpt>
      <trkpt lat="39.8611747" lon="116.6835678">
        <ele>22.87462</ele>
        <time>2026-09-21T22:58:36.233000Z</time>
      </trkpt>
      <trkpt lat="39.8611792" lon="116.6834368">
        <ele>22.86851</ele>
        <time>2026-09-21T22:58:40.214000Z</time>
      </trkpt>
      <trkpt lat="39.8611858" lon="116.6833121">
        <ele>22.89397</ele>
        <time>2026-09-21T22:58:44Z</time>
      </trkpt>
      <trkpt lat="39.8612012" lon="116.6831836">
        <ele>22.89862</ele>
        <time>2026-09-21T22:58:48Z</time>
      </trkpt>
      <trkpt lat="39.8612239" lon="116.6830593">
        <ele>22.82486</ele>
        <time>2026-09-21T22:58:52Z</time>
      </trkpt>
      <trkpt lat="39.8612469" lon="116.6829298">
        <ele>22.65228</ele>
        <time>2026-09-21T22:58:56.137000Z</time>
      </trkpt>
      <trkpt lat="39.8612665" lon="116.6827997">
        <ele>22.48948</ele>
        <time>2026-09-21T22:59:00.118000Z</time>
      </trkpt>
      <trkpt lat="39.8612768" lon="116.6826661">
        <ele>22.39894</ele>
        <time>2026-09-21T22:59:04.099000Z</time>
      </trkpt>
      <trkpt lat="39.8612825" lon="116.6825298">
        <ele>22.38354</ele>
        <time>2026-09-21T22:59:08.079000Z</time>
      </trkpt>
      <trkpt lat="39.8612868" lon="116.6823946">
        <ele>22.42275</ele>
        <time>2026-09-21T22:59:12.060000Z</time>
      </trkpt>
      <trkpt lat="39.8612863" lon="116.6822583">
        <ele>22.5119</ele>
        <time>2026-09-21T22:59:16.041000Z</time>
      </trkpt>
      <trkpt lat="39.8612915" lon="116.682123">
        <ele>22.66271</ele>
        <time>2026-09-21T22:59:20.022000Z</time>
      </trkpt>
      <trkpt lat="39.8613028" lon="116.68199">
        <ele>22.8017</ele>
        <time>2026-09-21T22:59:24Z</time>
      </trkpt>
      <trkpt lat="39.8613182" lon="116.6818544">
        <ele>22.78615</ele>
        <time>2026-09-21T22:59:27.984000Z</time>
      </trkpt>
      <trkpt lat="39.8613371" lon="116.6817216">
        <ele>22.67329</ele>
        <time>2026-09-21T22:59:31.964000Z</time>
      </trkpt>
      <trkpt lat="39.861352" lon="116.6815898">
        <ele>22.53831</ele>
        <time>2026-09-21T22:59:35.945000Z</time>
      </trkpt>
      <trkpt lat="39.8613661" lon="116.6814567">
        <ele>22.43557</ele>
        <time>2026-09-21T22:59:39.926000Z</time>
      </trkpt>
      <trkpt lat="39.8613838" lon="116.6813227">
        <ele>22.37942</ele>
        <time>2026-09-21T22:59:43.907000Z</time>
      </trkpt>
      <trkpt lat="39.8614056" lon="116.6811909">
        <ele>22.36467</ele>
        <time>2026-09-21T22:59:47.888000Z</time>
      </trkpt>
      <trkpt lat="39.8614255" lon="116.6810599">
        <ele>22.37187</ele>
        <time>2026-09-21T22:59:51.869000Z</time>
      </trkpt>
      <trkpt lat="39.8614385" lon="116.6809289">
        <ele>22.36831</ele>
        <time>2026-09-21T22:59:55.849000Z</time>
      </trkpt>
      <trkpt lat="39.8614525" lon="116.680798">
        <ele>22.33508</ele>
        <time>2026-09-21T22:59:59.830000Z</time>
      </trkpt>
      <trkpt lat="39.8614668" lon="116.6806667">
        <ele>22.28671</ele>
        <time>2026-09-21T23:00:03.811000Z</time>
      </trkpt>
      <trkpt lat="39.861478" lon="116.6805374">
        <ele>22.25337</ele>
        <time>2026-09-21T23:00:07.792000Z</time>
      </trkpt>
      <trkpt lat="39.8614889" lon="116.6804072">
        <ele>22.26779</ele>
        <time>2026-09-21T23:00:11.773000Z</time>
      </trkpt>
      <trkpt lat="39.8615016" lon="116.6802752">
        <ele>22.33589</ele>
        <time>2026-09-21T23:00:15.754000Z</time>
      </trkpt>
      <trkpt lat="39.8615109" lon="116.680139">
        <ele>22.4221</ele>
        <time>2026-09-21T23:00:19.734000Z</time>
      </trkpt>
      <trkpt lat="39.8615154" lon="116.6800008">
        <ele>22.48601</ele>
        <time>2026-09-21T23:00:23.715000Z</time>
      </trkpt>
      <trkpt lat="39.861523" lon="116.679863">
        <ele>22.50412</ele>
        <time>2026-09-21T23:00:27.696000Z</time>
      </trkpt>
      <trkpt lat="39.8615379" lon="116.6797285">
        <ele>22.51044</ele>
        <time>2026-09-21T23:00:31.677000Z</time>
      </trkpt>
      <trkpt lat="39.8615525" lon="116.6795951">
        <ele>22.52808</ele>
        <time>2026-09-21T23:00:35.658000Z</time>
      </trkpt>
      <trkpt lat="39.8615764" lon="116.6794608">
        <ele>22.54726</ele>
        <time>2026-09-21T23:00:39.639000Z</time>
      </trkpt>
      <trkpt lat="39.8616029" lon="116.6793221">
        <ele>22.55544</ele>
        <time>2026-09-21T23:00:43.620000Z</time>
      </trkpt>
      <trkpt lat="39.8616246" lon="116.6791822">
        <ele>22.54326</ele>
        <time>2026-09-21T23:00:47.600000Z</time>
      </trkpt>
      <trkpt lat="39.8616463" lon="116.6790502">
        <ele>22.55841</ele>
        <time>2026-09-21T23:00:51.581000Z</time>
      </trkpt>
      <trkpt lat="39.8616637" lon="116.678918">
        <ele>22.62535</ele>
        <time>2026-09-21T23:00:55.562000Z</time>
      </trkpt>
      <trkpt lat="39.8616799" lon="116.678787">
        <ele>22.71987</ele>
        <time>2026-09-21T23:00:59.543000Z</time>
      </trkpt>
      <trkpt lat="39.8617003" lon="116.6786592">
        <ele>22.83811</ele>
        <time>2026-09-21T23:01:03.524000Z</time>
      </trkpt>
      <trkpt lat="39.8617293" lon="116.6785978">
        <ele>23.17713</ele>
        <time>2026-09-21T23:01:12.481000Z</time>
      </trkpt>
      <trkpt lat="39.8617063" lon="116.6787136">
        <ele>23.28495</ele>
        <time>2026-09-21T23:01:16.472000Z</time>
      </trkpt>
      <trkpt lat="39.8617031" lon="116.6788417">
        <ele>23.26368</ele>
        <time>2026-09-21T23:01:20.453000Z</time>
      </trkpt>
      <trkpt lat="39.8617601" lon="116.6789509">
        <ele>23.04938</ele>
        <time>2026-09-21T23:01:25.429000Z</time>
      </trkpt>
      <trkpt lat="39.8618086" lon="116.6789917">
        <ele>22.70995</ele>
        <time>2026-09-21T23:01:33.390000Z</time>
      </trkpt>
      <trkpt lat="39.8618161" lon="116.6789641">
        <ele>22.61023</ele>
        <time>2026-09-21T23:01:37.371000Z</time>
      </trkpt>
      <trkpt lat="39.8618243" lon="116.6789421">
        <ele>22.55835</ele>
        <time>2026-09-21T23:01:42.347000Z</time>
      </trkpt>
      <trkpt lat="39.8618338" lon="116.6789621">
        <ele>22.56421</ele>
        <time>2026-09-21T23:01:45.333000Z</time>
      </trkpt>
      <trkpt lat="39.8618962" lon="116.6790575">
        <ele>22.63842</ele>
        <time>2026-09-21T23:01:50.309000Z</time>
      </trkpt>
      <trkpt lat="39.861986" lon="116.6790798">
        <ele>22.74589</ele>
        <time>2026-09-21T23:01:54.290000Z</time>
      </trkpt>
      <trkpt lat="39.8620705" lon="116.6789964">
        <ele>22.86179</ele>
        <time>2026-09-21T23:01:58.271000Z</time>
      </trkpt>
      <trkpt lat="39.8621185" lon="116.6788573">
        <ele>22.95269</ele>
        <time>2026-09-21T23:02:02.252000Z</time>
      </trkpt>
      <trkpt lat="39.8621418" lon="116.6787062">
        <ele>23.00451</ele>
        <time>2026-09-21T23:02:06.233000Z</time>
      </trkpt>
      <trkpt lat="39.862155" lon="116.6785525">
        <ele>23.01183</ele>
        <time>2026-09-21T23:02:10.214000Z</time>
      </trkpt>
      <trkpt lat="39.8621561" lon="116.6783989">
        <ele>22.96725</ele>
        <time>2026-09-21T23:02:14.195000Z</time>
      </trkpt>
      <trkpt lat="39.8621682" lon="116.6782485">
        <ele>22.89427</ele>
        <time>2026-09-21T23:02:18.175000Z</time>
      </trkpt>
      <trkpt lat="39.8621854" lon="116.6781333">
        <ele>22.83019</ele>
        <time>2026-09-21T23:02:21.161000Z</time>
      </trkpt>
      <trkpt lat="39.8621953" lon="116.677983">
        <ele>22.75578</ele>
        <time>2026-09-21T23:02:25Z</time>
      </trkpt>
      <trkpt lat="39.8621967" lon="116.6778274">
        <ele>22.73959</ele>
        <time>2026-09-21T23:02:29Z</time>
      </trkpt>
      <trkpt lat="39.8622047" lon="116.6776767">
        <ele>22.80514</ele>
        <time>2026-09-21T23:02:33Z</time>
      </trkpt>
      <trkpt lat="39.8622148" lon="116.6775324">
        <ele>22.91048</ele>
        <time>2026-09-21T23:02:37Z</time>
      </trkpt>
      <trkpt lat="39.8622229" lon="116.6773863">
        <ele>23.03655</ele>
        <time>2026-09-21T23:02:41.066000Z</time>
      </trkpt>
      <trkpt lat="39.8622339" lon="116.6772485">
        <ele>23.12461</ele>
        <time>2026-09-21T23:02:45Z</time>
      </trkpt>
      <trkpt lat="39.8622406" lon="116.6771077">
        <ele>23.17069</ele>
        <time>2026-09-21T23:02:49.027000Z</time>
      </trkpt>
      <trkpt lat="39.8622503" lon="116.6769724">
        <ele>23.13645</ele>
        <time>2026-09-21T23:02:53.008000Z</time>
      </trkpt>
      <trkpt lat="39.8622727" lon="116.6768431">
        <ele>23.06635</ele>
        <time>2026-09-21T23:02:56.989000Z</time>
      </trkpt>
      <trkpt lat="39.8622972" lon="116.676712">
        <ele>22.99855</ele>
        <time>2026-09-21T23:03:00.970000Z</time>
      </trkpt>
      <trkpt lat="39.8623149" lon="116.6765755">
        <ele>22.92765</ele>
        <time>2026-09-21T23:03:04.951000Z</time>
      </trkpt>
      <trkpt lat="39.8623259" lon="116.6764384">
        <ele>22.858</ele>
        <time>2026-09-21T23:03:08.932000Z</time>
      </trkpt>
      <trkpt lat="39.8623377" lon="116.6763027">
        <ele>22.80823</ele>
        <time>2026-09-21T23:03:12.913000Z</time>
      </trkpt>
      <trkpt lat="39.8623472" lon="116.676165">
        <ele>22.80173</ele>
        <time>2026-09-21T23:03:16.894000Z</time>
      </trkpt>
      <trkpt lat="39.8623717" lon="116.6760301">
        <ele>22.8446</ele>
        <time>2026-09-21T23:03:20.875000Z</time>
      </trkpt>
      <trkpt lat="39.8623856" lon="116.6758897">
        <ele>22.91811</ele>
        <time>2026-09-21T23:03:24.856000Z</time>
      </trkpt>
      <trkpt lat="39.8623898" lon="116.675748">
        <ele>22.98922</ele>
        <time>2026-09-21T23:03:28.837000Z</time>
      </trkpt>
      <trkpt lat="39.8623946" lon="116.675604">
        <ele>23.04611</ele>
        <time>2026-09-21T23:03:32.818000Z</time>
      </trkpt>
      <trkpt lat="39.8624029" lon="116.6754569">
        <ele>23.0859</ele>
        <time>2026-09-21T23:03:36.798000Z</time>
      </trkpt>
      <trkpt lat="39.8624064" lon="116.6753095">
        <ele>23.13373</ele>
        <time>2026-09-21T23:03:40.779000Z</time>
      </trkpt>
      <trkpt lat="39.8624181" lon="116.6751672">
        <ele>23.2111</ele>
        <time>2026-09-21T23:03:44.760000Z</time>
      </trkpt>
      <trkpt lat="39.8624304" lon="116.6750268">
        <ele>23.31491</ele>
        <time>2026-09-21T23:03:48.741000Z</time>
      </trkpt>
      <trkpt lat="39.8624345" lon="116.6748804">
        <ele>23.40384</ele>
        <time>2026-09-21T23:03:52.722000Z</time>
      </trkpt>
      <trkpt lat="39.862434" lon="116.6747391">
        <ele>23.45993</ele>
        <time>2026-09-21T23:03:56.703000Z</time>
      </trkpt>
      <trkpt lat="39.8624393" lon="116.674603">
        <ele>23.48699</ele>
        <time>2026-09-21T23:04:00.684000Z</time>
      </trkpt>
      <trkpt lat="39.8624484" lon="116.6744681">
        <ele>23.48147</ele>
        <time>2026-09-21T23:04:04.665000Z</time>
      </trkpt>
      <trkpt lat="39.8624513" lon="116.6743301">
        <ele>23.45339</ele>
        <time>2026-09-21T23:04:08.646000Z</time>
      </trkpt>
      <trkpt lat="39.8624513" lon="116.6741927">
        <ele>23.42791</ele>
        <time>2026-09-21T23:04:12.627000Z</time>
      </trkpt>
      <trkpt lat="39.8624542" lon="116.6740569">
        <ele>23.43894</ele>
        <time>2026-09-21T23:04:16.608000Z</time>
      </trkpt>
      <trkpt lat="39.8624561" lon="116.6739211">
        <ele>23.50153</ele>
        <time>2026-09-21T23:04:20.588000Z</time>
      </trkpt>
      <trkpt lat="39.862455" lon="116.673782">
        <ele>23.5973</ele>
        <time>2026-09-21T23:04:24.569000Z</time>
      </trkpt>
      <trkpt lat="39.8624552" lon="116.6736401">
        <ele>23.69863</ele>
        <time>2026-09-21T23:04:28.550000Z</time>
      </trkpt>
      <trkpt lat="39.8624625" lon="116.6734937">
        <ele>23.81321</ele>
        <time>2026-09-21T23:04:32.531000Z</time>
      </trkpt>
      <trkpt lat="39.8624772" lon="116.6733544">
        <ele>23.93989</ele>
        <time>2026-09-21T23:04:36.512000Z</time>
      </trkpt>
      <trkpt lat="39.8624867" lon="116.6732157">
        <ele>24.02114</ele>
        <time>2026-09-21T23:04:40.493000Z</time>
      </trkpt>
      <trkpt lat="39.8624888" lon="116.6730778">
        <ele>24.03903</ele>
        <time>2026-09-21T23:04:44.474000Z</time>
      </trkpt>
      <trkpt lat="39.8624897" lon="116.6729392">
        <ele>24.02548</ele>
        <time>2026-09-21T23:04:48.455000Z</time>
      </trkpt>
      <trkpt lat="39.8624914" lon="116.6727999">
        <ele>23.99809</ele>
        <time>2026-09-21T23:04:52.436000Z</time>
      </trkpt>
      <trkpt lat="39.8624927" lon="116.6726629">
        <ele>23.9595</ele>
        <time>2026-09-21T23:04:56.417000Z</time>
      </trkpt>
      <trkpt lat="39.8624869" lon="116.6725227">
        <ele>23.91835</ele>
        <time>2026-09-21T23:05:00.398000Z</time>
      </trkpt>
      <trkpt lat="39.8624802" lon="116.6723815">
        <ele>23.87515</ele>
        <time>2026-09-21T23:05:04.378000Z</time>
      </trkpt>
      <trkpt lat="39.8624735" lon="116.6722428">
        <ele>23.83556</ele>
        <time>2026-09-21T23:05:08.359000Z</time>
      </trkpt>
      <trkpt lat="39.8624769" lon="116.6720996">
        <ele>23.80462</ele>
        <time>2026-09-21T23:05:12.340000Z</time>
      </trkpt>
      <trkpt lat="39.8624852" lon="116.6719522">
        <ele>23.76507</ele>
        <time>2026-09-21T23:05:16.321000Z</time>
      </trkpt>
      <trkpt lat="39.8624879" lon="116.6718081">
        <ele>23.69358</ele>
        <time>2026-09-21T23:05:20.302000Z</time>
      </trkpt>
      <trkpt lat="39.8624949" lon="116.6716649">
        <ele>23.58662</ele>
        <time>2026-09-21T23:05:24.283000Z</time>
      </trkpt>
      <trkpt lat="39.8624986" lon="116.6715273">
        <ele>23.4501</ele>
        <time>2026-09-21T23:05:28.264000Z</time>
      </trkpt>
      <trkpt lat="39.8624978" lon="116.6713926">
        <ele>23.29166</ele>
        <time>2026-09-21T23:05:32.245000Z</time>
      </trkpt>
      <trkpt lat="39.8624949" lon="116.6712577">
        <ele>23.15086</ele>
        <time>2026-09-21T23:05:36.226000Z</time>
      </trkpt>
      <trkpt lat="39.8624913" lon="116.6711312">
        <ele>23.0693</ele>
        <time>2026-09-21T23:05:40.207000Z</time>
      </trkpt>
      <trkpt lat="39.8624849" lon="116.6710049">
        <ele>23.05792</ele>
        <time>2026-09-21T23:05:44.188000Z</time>
      </trkpt>
      <trkpt lat="39.8624602" lon="116.6708843">
        <ele>23.11171</ele>
        <time>2026-09-21T23:05:48.169000Z</time>
      </trkpt>
      <trkpt lat="39.8624367" lon="116.6707601">
        <ele>23.20297</ele>
        <time>2026-09-21T23:05:52.149000Z</time>
      </trkpt>
      <trkpt lat="39.8624155" lon="116.6706328">
        <ele>23.30439</ele>
        <time>2026-09-21T23:05:56.130000Z</time>
      </trkpt>
      <trkpt lat="39.8624053" lon="116.6705031">
        <ele>23.41596</ele>
        <time>2026-09-21T23:06:00.111000Z</time>
      </trkpt>
      <trkpt lat="39.8623987" lon="116.6703703">
        <ele>23.53351</ele>
        <time>2026-09-21T23:06:04.092000Z</time>
      </trkpt>
      <trkpt lat="39.8623962" lon="116.6702333">
        <ele>23.63944</ele>
        <time>2026-09-21T23:06:08.073000Z</time>
      </trkpt>
      <trkpt lat="39.8623958" lon="116.6701007">
        <ele>23.741</ele>
        <time>2026-09-21T23:06:12.054000Z</time>
      </trkpt>
      <trkpt lat="39.8623953" lon="116.6699683">
        <ele>23.81334</ele>
        <time>2026-09-21T23:06:16.035000Z</time>
      </trkpt>
      <trkpt lat="39.8623889" lon="116.6698356">
        <ele>23.82822</ele>
        <time>2026-09-21T23:06:20.016000Z</time>
      </trkpt>
      <trkpt lat="39.8623908" lon="116.6697008">
        <ele>23.7942</ele>
        <time>2026-09-21T23:06:23.997000Z</time>
      </trkpt>
      <trkpt lat="39.8623935" lon="116.6695639">
        <ele>23.73438</ele>
        <time>2026-09-21T23:06:27.978000Z</time>
      </trkpt>
      <trkpt lat="39.8623988" lon="116.6694272">
        <ele>23.69963</ele>
        <time>2026-09-21T23:06:31.959000Z</time>
      </trkpt>
      <trkpt lat="39.8624061" lon="116.669289">
        <ele>23.72612</ele>
        <time>2026-09-21T23:06:35.940000Z</time>
      </trkpt>
      <trkpt lat="39.8624154" lon="116.6691456">
        <ele>23.81229</ele>
        <time>2026-09-21T23:06:39.921000Z</time>
      </trkpt>
      <trkpt lat="39.8624326" lon="116.6690021">
        <ele>23.92729</ele>
        <time>2026-09-21T23:06:43.902000Z</time>
      </trkpt>
      <trkpt lat="39.8624546" lon="116.6688622">
        <ele>24.02866</ele>
        <time>2026-09-21T23:06:47.882000Z</time>
      </trkpt>
      <trkpt lat="39.8624652" lon="116.6687224">
        <ele>24.10036</ele>
        <time>2026-09-21T23:06:51.863000Z</time>
      </trkpt>
      <trkpt lat="39.8624711" lon="116.6685832">
        <ele>24.15182</ele>
        <time>2026-09-21T23:06:55.844000Z</time>
      </trkpt>
      <trkpt lat="39.8624731" lon="116.6684423">
        <ele>24.19099</ele>
        <time>2026-09-21T23:06:59.825000Z</time>
      </trkpt>
      <trkpt lat="39.8624705" lon="116.6683018">
        <ele>24.20603</ele>
        <time>2026-09-21T23:07:03.806000Z</time>
      </trkpt>
      <trkpt lat="39.8624732" lon="116.6681649">
        <ele>24.19048</ele>
        <time>2026-09-21T23:07:07.787000Z</time>
      </trkpt>
      <trkpt lat="39.8624871" lon="116.668034">
        <ele>24.15543</ele>
        <time>2026-09-21T23:07:11.768000Z</time>
      </trkpt>
      <trkpt lat="39.8624936" lon="116.6678997">
        <ele>24.10747</ele>
        <time>2026-09-21T23:07:15.749000Z</time>
      </trkpt>
      <trkpt lat="39.8624952" lon="116.6677588">
        <ele>24.05676</ele>
        <time>2026-09-21T23:07:19.730000Z</time>
      </trkpt>
      <trkpt lat="39.8625033" lon="116.6676218">
        <ele>24.03003</ele>
        <time>2026-09-21T23:07:23.711000Z</time>
      </trkpt>
      <trkpt lat="39.8625121" lon="116.6674835">
        <ele>24.01426</ele>
        <time>2026-09-21T23:07:27.692000Z</time>
      </trkpt>
      <trkpt lat="39.8625185" lon="116.6673475">
        <ele>24.01552</ele>
        <time>2026-09-21T23:07:31.673000Z</time>
      </trkpt>
      <trkpt lat="39.8625204" lon="116.66721">
        <ele>24.0681</ele>
        <time>2026-09-21T23:07:35.654000Z</time>
      </trkpt>
      <trkpt lat="39.8625191" lon="116.667071">
        <ele>24.13256</ele>
        <time>2026-09-21T23:07:39.635000Z</time>
      </trkpt>
      <trkpt lat="39.8625188" lon="116.6669353">
        <ele>24.16765</ele>
        <time>2026-09-21T23:07:43.615000Z</time>
      </trkpt>
      <trkpt lat="39.8625221" lon="116.6668003">
        <ele>24.15687</ele>
        <time>2026-09-21T23:07:47.596000Z</time>
      </trkpt>
      <trkpt lat="39.8625244" lon="116.6666652">
        <ele>24.11786</ele>
        <time>2026-09-21T23:07:51.577000Z</time>
      </trkpt>
      <trkpt lat="39.8625276" lon="116.6665312">
        <ele>24.09156</ele>
        <time>2026-09-21T23:07:55.558000Z</time>
      </trkpt>
      <trkpt lat="39.8625298" lon="116.6663916">
        <ele>24.06028</ele>
        <time>2026-09-21T23:07:59.539000Z</time>
      </trkpt>
      <trkpt lat="39.8625333" lon="116.66625">
        <ele>24.00555</ele>
        <time>2026-09-21T23:08:03.520000Z</time>
      </trkpt>
      <trkpt lat="39.8625313" lon="116.6661116">
        <ele>23.93334</ele>
        <time>2026-09-21T23:08:07.501000Z</time>
      </trkpt>
      <trkpt lat="39.8625246" lon="116.6659747">
        <ele>23.81987</ele>
        <time>2026-09-21T23:08:11.482000Z</time>
      </trkpt>
      <trkpt lat="39.8625201" lon="116.6658373">
        <ele>23.66729</ele>
        <time>2026-09-21T23:08:15.463000Z</time>
      </trkpt>
      <trkpt lat="39.8625164" lon="116.6657056">
        <ele>23.50672</ele>
        <time>2026-09-21T23:08:19.444000Z</time>
      </trkpt>
      <trkpt lat="39.8624986" lon="116.665577">
        <ele>23.35264</ele>
        <time>2026-09-21T23:08:23.425000Z</time>
      </trkpt>
      <trkpt lat="39.8624923" lon="116.6654438">
        <ele>23.24184</ele>
        <time>2026-09-21T23:08:27.406000Z</time>
      </trkpt>
      <trkpt lat="39.8624973" lon="116.6653041">
        <ele>23.19393</ele>
        <time>2026-09-21T23:08:31.387000Z</time>
      </trkpt>
      <trkpt lat="39.8625005" lon="116.6651655">
        <ele>23.19875</ele>
        <time>2026-09-21T23:08:35.368000Z</time>
      </trkpt>
      <trkpt lat="39.8624993" lon="116.6650264">
        <ele>23.23365</ele>
        <time>2026-09-21T23:08:39.349000Z</time>
      </trkpt>
      <trkpt lat="39.8624972" lon="116.6648873">
        <ele>23.28239</ele>
        <time>2026-09-21T23:08:43.330000Z</time>
      </trkpt>
      <trkpt lat="39.8624957" lon="116.6647488">
        <ele>23.34386</ele>
        <time>2026-09-21T23:08:47.310000Z</time>
      </trkpt>
      <trkpt lat="39.8624926" lon="116.6646099">
        <ele>23.4202</ele>
        <time>2026-09-21T23:08:51.291000Z</time>
      </trkpt>
      <trkpt lat="39.8624919" lon="116.6644688">
        <ele>23.48922</ele>
        <time>2026-09-21T23:08:55.272000Z</time>
      </trkpt>
      <trkpt lat="39.8624885" lon="116.6643275">
        <ele>23.53507</ele>
        <time>2026-09-21T23:08:59.253000Z</time>
      </trkpt>
      <trkpt lat="39.8624837" lon="116.6641888">
        <ele>23.55004</ele>
        <time>2026-09-21T23:09:03.234000Z</time>
      </trkpt>
      <trkpt lat="39.8624836" lon="116.6640513">
        <ele>23.53907</ele>
        <time>2026-09-21T23:09:07.215000Z</time>
      </trkpt>
      <trkpt lat="39.8624829" lon="116.6639107">
        <ele>23.51632</ele>
        <time>2026-09-21T23:09:11.196000Z</time>
      </trkpt>
      <trkpt lat="39.8624793" lon="116.6637778">
        <ele>23.48282</ele>
        <time>2026-09-21T23:09:15Z</time>
      </trkpt>
      <trkpt lat="39.8624738" lon="116.663639">
        <ele>23.46893</ele>
        <time>2026-09-21T23:09:19Z</time>
      </trkpt>
      <trkpt lat="39.8624739" lon="116.6634987">
        <ele>23.47923</ele>
        <time>2026-09-21T23:09:23Z</time>
      </trkpt>
      <trkpt lat="39.8624779" lon="116.6633567">
        <ele>23.47433</ele>
        <time>2026-09-21T23:09:27Z</time>
      </trkpt>
      <trkpt lat="39.862484" lon="116.6632186">
        <ele>23.44121</ele>
        <time>2026-09-21T23:09:31Z</time>
      </trkpt>
      <trkpt lat="39.8624896" lon="116.6630818">
        <ele>23.41347</ele>
        <time>2026-09-21T23:09:35Z</time>
      </trkpt>
      <trkpt lat="39.8624925" lon="116.6629419">
        <ele>23.42514</ele>
        <time>2026-09-21T23:09:39Z</time>
      </trkpt>
      <trkpt lat="39.8624934" lon="116.6627971">
        <ele>23.48455</ele>
        <time>2026-09-21T23:09:43Z</time>
      </trkpt>
      <trkpt lat="39.8624888" lon="116.6626573">
        <ele>23.58243</ele>
        <time>2026-09-21T23:09:47Z</time>
      </trkpt>
      <trkpt lat="39.8624861" lon="116.6625204">
        <ele>23.67513</ele>
        <time>2026-09-21T23:09:51Z</time>
      </trkpt>
      <trkpt lat="39.8624852" lon="116.6623783">
        <ele>23.68554</ele>
        <time>2026-09-21T23:09:54.987000Z</time>
      </trkpt>
      <trkpt lat="39.862487" lon="116.6622392">
        <ele>23.65718</ele>
        <time>2026-09-21T23:09:58.968000Z</time>
      </trkpt>
      <trkpt lat="39.8624905" lon="116.662102">
        <ele>23.63081</ele>
        <time>2026-09-21T23:10:02.949000Z</time>
      </trkpt>
      <trkpt lat="39.8624931" lon="116.661965">
        <ele>23.5989</ele>
        <time>2026-09-21T23:10:06.930000Z</time>
      </trkpt>
      <trkpt lat="39.8624969" lon="116.6618278">
        <ele>23.54645</ele>
        <time>2026-09-21T23:10:10.911000Z</time>
      </trkpt>
      <trkpt lat="39.8625006" lon="116.6616918">
        <ele>23.48145</ele>
        <time>2026-09-21T23:10:14.892000Z</time>
      </trkpt>
      <trkpt lat="39.8625008" lon="116.6615509">
        <ele>23.45361</ele>
        <time>2026-09-21T23:10:18.873000Z</time>
      </trkpt>
      <trkpt lat="39.8625072" lon="116.6614062">
        <ele>23.49551</ele>
        <time>2026-09-21T23:10:22.854000Z</time>
      </trkpt>
      <trkpt lat="39.8625229" lon="116.6612632">
        <ele>23.60304</ele>
        <time>2026-09-21T23:10:26.834000Z</time>
      </trkpt>
      <trkpt lat="39.8625382" lon="116.6611266">
        <ele>23.73792</ele>
        <time>2026-09-21T23:10:30.815000Z</time>
      </trkpt>
      <trkpt lat="39.8625425" lon="116.6609908">
        <ele>23.84631</ele>
        <time>2026-09-21T23:10:34.796000Z</time>
      </trkpt>
      <trkpt lat="39.8625383" lon="116.6608518">
        <ele>23.90175</ele>
        <time>2026-09-21T23:10:38.777000Z</time>
      </trkpt>
      <trkpt lat="39.8625347" lon="116.6607127">
        <ele>23.89547</ele>
        <time>2026-09-21T23:10:42.758000Z</time>
      </trkpt>
      <trkpt lat="39.8625323" lon="116.6605793">
        <ele>23.83352</ele>
        <time>2026-09-21T23:10:46.739000Z</time>
      </trkpt>
      <trkpt lat="39.8625317" lon="116.6604476">
        <ele>23.74066</ele>
        <time>2026-09-21T23:10:50.720000Z</time>
      </trkpt>
      <trkpt lat="39.8625308" lon="116.6603106">
        <ele>23.67014</ele>
        <time>2026-09-21T23:10:54.701000Z</time>
      </trkpt>
      <trkpt lat="39.8625342" lon="116.6601693">
        <ele>23.64818</ele>
        <time>2026-09-21T23:10:58.682000Z</time>
      </trkpt>
      <trkpt lat="39.862548" lon="116.6600201">
        <ele>23.66436</ele>
        <time>2026-09-21T23:11:02.663000Z</time>
      </trkpt>
      <trkpt lat="39.8625574" lon="116.6598651">
        <ele>23.69438</ele>
        <time>2026-09-21T23:11:06.644000Z</time>
      </trkpt>
      <trkpt lat="39.8625609" lon="116.6597106">
        <ele>23.71846</ele>
        <time>2026-09-21T23:11:10.625000Z</time>
      </trkpt>
      <trkpt lat="39.8625615" lon="116.6595638">
        <ele>23.72488</ele>
        <time>2026-09-21T23:11:14.606000Z</time>
      </trkpt>
      <trkpt lat="39.8625566" lon="116.6594179">
        <ele>23.73933</ele>
        <time>2026-09-21T23:11:18.587000Z</time>
      </trkpt>
      <trkpt lat="39.8625544" lon="116.6592744">
        <ele>23.79594</ele>
        <time>2026-09-21T23:11:22.568000Z</time>
      </trkpt>
      <trkpt lat="39.8625494" lon="116.6591279">
        <ele>23.88641</ele>
        <time>2026-09-21T23:11:26.549000Z</time>
      </trkpt>
      <trkpt lat="39.8625419" lon="116.6589796">
        <ele>23.98843</ele>
        <time>2026-09-21T23:11:30.530000Z</time>
      </trkpt>
      <trkpt lat="39.8625299" lon="116.658833">
        <ele>24.07296</ele>
        <time>2026-09-21T23:11:34.511000Z</time>
      </trkpt>
      <trkpt lat="39.8625092" lon="116.6586917">
        <ele>24.13558</ele>
        <time>2026-09-21T23:11:38.492000Z</time>
      </trkpt>
      <trkpt lat="39.8624903" lon="116.6585505">
        <ele>24.18109</ele>
        <time>2026-09-21T23:11:42.473000Z</time>
      </trkpt>
      <trkpt lat="39.8624778" lon="116.65841">
        <ele>24.19986</ele>
        <time>2026-09-21T23:11:46.454000Z</time>
      </trkpt>
      <trkpt lat="39.8624578" lon="116.6582699">
        <ele>24.18408</ele>
        <time>2026-09-21T23:11:50.434000Z</time>
      </trkpt>
      <trkpt lat="39.862453" lon="116.658127">
        <ele>24.15652</ele>
        <time>2026-09-21T23:11:54.415000Z</time>
      </trkpt>
      <trkpt lat="39.8624546" lon="116.6579794">
        <ele>24.13369</ele>
        <time>2026-09-21T23:11:58.396000Z</time>
      </trkpt>
      <trkpt lat="39.8624557" lon="116.6578315">
        <ele>24.14069</ele>
        <time>2026-09-21T23:12:02.377000Z</time>
      </trkpt>
      <trkpt lat="39.8624538" lon="116.6576832">
        <ele>24.18451</ele>
        <time>2026-09-21T23:12:06.358000Z</time>
      </trkpt>
      <trkpt lat="39.8624513" lon="116.6575331">
        <ele>24.25417</ele>
        <time>2026-09-21T23:12:10.339000Z</time>
      </trkpt>
      <trkpt lat="39.8624516" lon="116.657384">
        <ele>24.31271</ele>
        <time>2026-09-21T23:12:14.320000Z</time>
      </trkpt>
      <trkpt lat="39.8624508" lon="116.6572374">
        <ele>24.35196</ele>
        <time>2026-09-21T23:12:18.301000Z</time>
      </trkpt>
      <trkpt lat="39.8624462" lon="116.6570886">
        <ele>24.37713</ele>
        <time>2026-09-21T23:12:22.282000Z</time>
      </trkpt>
      <trkpt lat="39.8624365" lon="116.6569388">
        <ele>24.39039</ele>
        <time>2026-09-21T23:12:26.263000Z</time>
      </trkpt>
      <trkpt lat="39.8624379" lon="116.6567893">
        <ele>24.40213</ele>
        <time>2026-09-21T23:12:30.244000Z</time>
      </trkpt>
      <trkpt lat="39.8624445" lon="116.6566367">
        <ele>24.43323</ele>
        <time>2026-09-21T23:12:34.225000Z</time>
      </trkpt>
      <trkpt lat="39.8624593" lon="116.6564856">
        <ele>24.50165</ele>
        <time>2026-09-21T23:12:38.206000Z</time>
      </trkpt>
      <trkpt lat="39.8624804" lon="116.6563425">
        <ele>24.59581</ele>
        <time>2026-09-21T23:12:42.187000Z</time>
      </trkpt>
      <trkpt lat="39.8624938" lon="116.6561959">
        <ele>24.67979</ele>
        <time>2026-09-21T23:12:46.168000Z</time>
      </trkpt>
      <trkpt lat="39.8625061" lon="116.6560517">
        <ele>24.71899</ele>
        <time>2026-09-21T23:12:50.148000Z</time>
      </trkpt>
      <trkpt lat="39.8625209" lon="116.6559146">
        <ele>24.68151</ele>
        <time>2026-09-21T23:12:54.129000Z</time>
      </trkpt>
      <trkpt lat="39.8625315" lon="116.655781">
        <ele>24.5834</ele>
        <time>2026-09-21T23:12:58Z</time>
      </trkpt>
      <trkpt lat="39.8625425" lon="116.6556526">
        <ele>24.47008</ele>
        <time>2026-09-21T23:13:02Z</time>
      </trkpt>
      <trkpt lat="39.8626066" lon="116.6555353">
        <ele>24.29935</ele>
        <time>2026-09-21T23:13:07Z</time>
      </trkpt>
      <trkpt lat="39.8626955" lon="116.6554779">
        <ele>24.14708</ele>
        <time>2026-09-21T23:13:11Z</time>
      </trkpt>
      <trkpt lat="39.8627962" lon="116.6554883">
        <ele>24.04542</ele>
        <time>2026-09-21T23:13:15Z</time>
      </trkpt>
      <trkpt lat="39.8629008" lon="116.6555177">
        <ele>24.191</ele>
        <time>2026-09-21T23:13:19Z</time>
      </trkpt>
      <trkpt lat="39.8630054" lon="116.6555481">
        <ele>24.7823</ele>
        <time>2026-09-21T23:13:22.991000Z</time>
      </trkpt>
      <trkpt lat="39.863107" lon="116.6555861">
        <ele>25.49093</ele>
        <time>2026-09-21T23:13:26.972000Z</time>
      </trkpt>
      <trkpt lat="39.8632086" lon="116.6556212">
        <ele>26.03851</ele>
        <time>2026-09-21T23:13:30.953000Z</time>
      </trkpt>
      <trkpt lat="39.8633105" lon="116.6556495">
        <ele>26.42648</ele>
        <time>2026-09-21T23:13:34.934000Z</time>
      </trkpt>
      <trkpt lat="39.8634131" lon="116.6556766">
        <ele>26.67885</ele>
        <time>2026-09-21T23:13:38.915000Z</time>
      </trkpt>
      <trkpt lat="39.8635198" lon="116.6556976">
        <ele>26.80794</ele>
        <time>2026-09-21T23:13:42.896000Z</time>
      </trkpt>
      <trkpt lat="39.863626" lon="116.655717">
        <ele>26.82698</ele>
        <time>2026-09-21T23:13:46.877000Z</time>
      </trkpt>
      <trkpt lat="39.8637269" lon="116.6557523">
        <ele>26.76145</ele>
        <time>2026-09-21T23:13:50.858000Z</time>
      </trkpt>
      <trkpt lat="39.8638269" lon="116.6557915">
        <ele>26.68288</ele>
        <time>2026-09-21T23:13:54.839000Z</time>
      </trkpt>
      <trkpt lat="39.8639307" lon="116.6558205">
        <ele>26.64559</ele>
        <time>2026-09-21T23:13:58.820000Z</time>
      </trkpt>
      <trkpt lat="39.8640338" lon="116.6558377">
        <ele>26.67909</ele>
        <time>2026-09-21T23:14:02.801000Z</time>
      </trkpt>
      <trkpt lat="39.8641367" lon="116.6558589">
        <ele>26.71412</ele>
        <time>2026-09-21T23:14:06.781000Z</time>
      </trkpt>
      <trkpt lat="39.8642386" lon="116.6558863">
        <ele>26.69212</ele>
        <time>2026-09-21T23:14:10.762000Z</time>
      </trkpt>
      <trkpt lat="39.8643391" lon="116.6559202">
        <ele>26.618</ele>
        <time>2026-09-21T23:14:14.743000Z</time>
      </trkpt>
      <trkpt lat="39.8644423" lon="116.6559556">
        <ele>26.53485</ele>
        <time>2026-09-21T23:14:18.724000Z</time>
      </trkpt>
      <trkpt lat="39.8645452" lon="116.6559931">
        <ele>26.46025</ele>
        <time>2026-09-21T23:14:22.705000Z</time>
      </trkpt>
      <trkpt lat="39.8646489" lon="116.6560334">
        <ele>26.36639</ele>
        <time>2026-09-21T23:14:26.686000Z</time>
      </trkpt>
      <trkpt lat="39.8647512" lon="116.6560751">
        <ele>26.25414</ele>
        <time>2026-09-21T23:14:30.667000Z</time>
      </trkpt>
      <trkpt lat="39.8648556" lon="116.6561078">
        <ele>26.16192</ele>
        <time>2026-09-21T23:14:34.648000Z</time>
      </trkpt>
      <trkpt lat="39.864963" lon="116.6561403">
        <ele>26.12726</ele>
        <time>2026-09-21T23:14:38.629000Z</time>
      </trkpt>
      <trkpt lat="39.8650678" lon="116.6561675">
        <ele>26.1546</ele>
        <time>2026-09-21T23:14:42.610000Z</time>
      </trkpt>
      <trkpt lat="39.8651722" lon="116.656182">
        <ele>26.24288</ele>
        <time>2026-09-21T23:14:46.591000Z</time>
      </trkpt>
      <trkpt lat="39.865276" lon="116.6562089">
        <ele>26.36278</ele>
        <time>2026-09-21T23:14:50.572000Z</time>
      </trkpt>
      <trkpt lat="39.8653791" lon="116.6562471">
        <ele>26.45161</ele>
        <time>2026-09-21T23:14:54.553000Z</time>
      </trkpt>
      <trkpt lat="39.8654839" lon="116.6562768">
        <ele>26.50245</ele>
        <time>2026-09-21T23:14:58.534000Z</time>
      </trkpt>
      <trkpt lat="39.865589" lon="116.6562992">
        <ele>26.55001</ele>
        <time>2026-09-21T23:15:02.515000Z</time>
      </trkpt>
      <trkpt lat="39.8656955" lon="116.6563248">
        <ele>26.6167</ele>
        <time>2026-09-21T23:15:06.495000Z</time>
      </trkpt>
      <trkpt lat="39.8658056" lon="116.6563558">
        <ele>26.71825</ele>
        <time>2026-09-21T23:15:10.476000Z</time>
      </trkpt>
      <trkpt lat="39.8659148" lon="116.6563846">
        <ele>26.81329</ele>
        <time>2026-09-21T23:15:14.457000Z</time>
      </trkpt>
      <trkpt lat="39.8660272" lon="116.6564016">
        <ele>26.83553</ele>
        <time>2026-09-21T23:15:18.438000Z</time>
      </trkpt>
      <trkpt lat="39.8661375" lon="116.6564255">
        <ele>26.77542</ele>
        <time>2026-09-21T23:15:22.419000Z</time>
      </trkpt>
      <trkpt lat="39.8662429" lon="116.6564571">
        <ele>26.68165</ele>
        <time>2026-09-21T23:15:26.400000Z</time>
      </trkpt>
      <trkpt lat="39.8663492" lon="116.6565006">
        <ele>26.59609</ele>
        <time>2026-09-21T23:15:30.381000Z</time>
      </trkpt>
      <trkpt lat="39.866455" lon="116.6565484">
        <ele>26.55656</ele>
        <time>2026-09-21T23:15:34.362000Z</time>
      </trkpt>
      <trkpt lat="39.8665637" lon="116.6565831">
        <ele>26.59893</ele>
        <time>2026-09-21T23:15:38.343000Z</time>
      </trkpt>
      <trkpt lat="39.8666721" lon="116.6566142">
        <ele>26.66734</ele>
        <time>2026-09-21T23:15:42.324000Z</time>
      </trkpt>
      <trkpt lat="39.8667719" lon="116.6566564">
        <ele>26.66597</ele>
        <time>2026-09-21T23:15:46.305000Z</time>
      </trkpt>
      <trkpt lat="39.8668617" lon="116.6567016">
        <ele>26.54289</ele>
        <time>2026-09-21T23:15:50.286000Z</time>
      </trkpt>
      <trkpt lat="39.8669521" lon="116.6567382">
        <ele>26.27906</ele>
        <time>2026-09-21T23:15:54.267000Z</time>
      </trkpt>
      <trkpt lat="39.8670408" lon="116.6567875">
        <ele>25.74922</ele>
        <time>2026-09-21T23:15:59.243000Z</time>
      </trkpt>
      <trkpt lat="39.8671126" lon="116.6568551">
        <ele>25.3296</ele>
        <time>2026-09-21T23:16:11.186000Z</time>
      </trkpt>
      <trkpt lat="39.867078" lon="116.6569789">
        <ele>25.69846</ele>
        <time>2026-09-21T23:16:17.157000Z</time>
      </trkpt>
      <trkpt lat="39.8670703" lon="116.6570955">
        <ele>25.93261</ele>
        <time>2026-09-21T23:16:21.138000Z</time>
      </trkpt>
      <trkpt lat="39.867072" lon="116.6572448">
        <ele>26.09471</ele>
        <time>2026-09-21T23:16:25.119000Z</time>
      </trkpt>
      <trkpt lat="39.8670833" lon="116.6573872">
        <ele>26.17992</ele>
        <time>2026-09-21T23:16:29.100000Z</time>
      </trkpt>
      <trkpt lat="39.8670929" lon="116.6575131">
        <ele>26.16737</ele>
        <time>2026-09-21T23:16:33.081000Z</time>
      </trkpt>
      <trkpt lat="39.8671227" lon="116.6575425">
        <ele>25.97944</ele>
        <time>2026-09-21T23:16:39.052000Z</time>
      </trkpt>
      <trkpt lat="39.8671218" lon="116.6573972">
        <ele>25.74032</ele>
        <time>2026-09-21T23:16:44.028000Z</time>
      </trkpt>
      <trkpt lat="39.8671206" lon="116.6572514">
        <ele>25.58378</ele>
        <time>2026-09-21T23:16:48.009000Z</time>
      </trkpt>
      <trkpt lat="39.8671128" lon="116.6571107">
        <ele>25.61017</ele>
        <time>2026-09-21T23:16:51.990000Z</time>
      </trkpt>
      <trkpt lat="39.8671145" lon="116.6569849">
        <ele>25.76857</ele>
        <time>2026-09-21T23:16:55.971000Z</time>
      </trkpt>
      <trkpt lat="39.8671917" lon="116.6569061">
        <ele>26.01023</ele>
        <time>2026-09-21T23:17:01.942000Z</time>
      </trkpt>
      <trkpt lat="39.8672924" lon="116.6569059">
        <ele>26.12856</ele>
        <time>2026-09-21T23:17:05.923000Z</time>
      </trkpt>
      <trkpt lat="39.867409" lon="116.6569086">
        <ele>26.19517</ele>
        <time>2026-09-21T23:17:09.904000Z</time>
      </trkpt>
      <trkpt lat="39.8675201" lon="116.6569296">
        <ele>26.22061</ele>
        <time>2026-09-21T23:17:13.885000Z</time>
      </trkpt>
      <trkpt lat="39.8676285" lon="116.6569413">
        <ele>26.22969</ele>
        <time>2026-09-21T23:17:17.866000Z</time>
      </trkpt>
      <trkpt lat="39.8677353" lon="116.6569598">
        <ele>26.24692</ele>
        <time>2026-09-21T23:17:21.847000Z</time>
      </trkpt>
      <trkpt lat="39.8678437" lon="116.6569832">
        <ele>26.28066</ele>
        <time>2026-09-21T23:17:25.828000Z</time>
      </trkpt>
      <trkpt lat="39.8679503" lon="116.6570171">
        <ele>26.35367</ele>
        <time>2026-09-21T23:17:29.809000Z</time>
      </trkpt>
      <trkpt lat="39.8680578" lon="116.6570548">
        <ele>26.45275</ele>
        <time>2026-09-21T23:17:33.790000Z</time>
      </trkpt>
      <trkpt lat="39.8681652" lon="116.6570894">
        <ele>26.53285</ele>
        <time>2026-09-21T23:17:37.771000Z</time>
      </trkpt>
      <trkpt lat="39.8682695" lon="116.6571236">
        <ele>26.53665</ele>
        <time>2026-09-21T23:17:41.752000Z</time>
      </trkpt>
      <trkpt lat="39.8683764" lon="116.657149">
        <ele>26.47649</ele>
        <time>2026-09-21T23:17:45.733000Z</time>
      </trkpt>
      <trkpt lat="39.868483" lon="116.657168">
        <ele>26.41109</ele>
        <time>2026-09-21T23:17:49.714000Z</time>
      </trkpt>
      <trkpt lat="39.8685851" lon="116.6571958">
        <ele>26.36941</ele>
        <time>2026-09-21T23:17:53.694000Z</time>
      </trkpt>
      <trkpt lat="39.8686785" lon="116.6572335">
        <ele>26.38495</ele>
        <time>2026-09-21T23:17:57.675000Z</time>
      </trkpt>
      <trkpt lat="39.8687764" lon="116.657279">
        <ele>26.45483</ele>
        <time>2026-09-21T23:18:01.656000Z</time>
      </trkpt>
      <trkpt lat="39.86888" lon="116.6573178">
        <ele>26.52502</ele>
        <time>2026-09-21T23:18:05.637000Z</time>
      </trkpt>
      <trkpt lat="39.868987" lon="116.657347">
        <ele>26.54831</ele>
        <time>2026-09-21T23:18:09.618000Z</time>
      </trkpt>
      <trkpt lat="39.8690977" lon="116.6573746">
        <ele>26.55297</ele>
        <time>2026-09-21T23:18:13.599000Z</time>
      </trkpt>
      <trkpt lat="39.8692059" lon="116.6574096">
        <ele>26.56284</ele>
        <time>2026-09-21T23:18:17.580000Z</time>
      </trkpt>
      <trkpt lat="39.8693161" lon="116.6574335">
        <ele>26.58315</ele>
        <time>2026-09-21T23:18:21.561000Z</time>
      </trkpt>
      <trkpt lat="39.8694268" lon="116.6574605">
        <ele>26.62047</ele>
        <time>2026-09-21T23:18:25.542000Z</time>
      </trkpt>
      <trkpt lat="39.8695367" lon="116.6575042">
        <ele>26.62169</ele>
        <time>2026-09-21T23:18:29.523000Z</time>
      </trkpt>
      <trkpt lat="39.8696146" lon="116.657583">
        <ele>26.53929</ele>
        <time>2026-09-21T23:18:33.504000Z</time>
      </trkpt>
      <trkpt lat="39.8696246" lon="116.6577001">
        <ele>26.34015</ele>
        <time>2026-09-21T23:18:37.485000Z</time>
      </trkpt>
      <trkpt lat="39.8696329" lon="116.6578295">
        <ele>26.13511</ele>
        <time>2026-09-21T23:18:41.466000Z</time>
      </trkpt>
      <trkpt lat="39.8696551" lon="116.6579472">
        <ele>26.01831</ele>
        <time>2026-09-21T23:18:45.447000Z</time>
      </trkpt>
      <trkpt lat="39.8696987" lon="116.657953">
        <ele>26.03361</ele>
        <time>2026-09-21T23:18:51.418000Z</time>
      </trkpt>
      <trkpt lat="39.8697378" lon="116.6578199">
        <ele>26.15941</ele>
        <time>2026-09-21T23:18:56.394000Z</time>
      </trkpt>
      <trkpt lat="39.8698317" lon="116.6577882">
        <ele>26.32041</ele>
        <time>2026-09-21T23:19:01.370000Z</time>
      </trkpt>
      <trkpt lat="39.8699252" lon="116.6578248">
        <ele>26.41765</ele>
        <time>2026-09-21T23:19:05.351000Z</time>
      </trkpt>
      <trkpt lat="39.8700262" lon="116.6578479">
        <ele>26.47375</ele>
        <time>2026-09-21T23:19:09.332000Z</time>
      </trkpt>
      <trkpt lat="39.8701266" lon="116.6578639">
        <ele>26.51913</ele>
        <time>2026-09-21T23:19:13.313000Z</time>
      </trkpt>
      <trkpt lat="39.8702311" lon="116.6578888">
        <ele>26.57607</ele>
        <time>2026-09-21T23:19:17.294000Z</time>
      </trkpt>
      <trkpt lat="39.870334" lon="116.6579295">
        <ele>26.62915</ele>
        <time>2026-09-21T23:19:21.275000Z</time>
      </trkpt>
      <trkpt lat="39.870429" lon="116.6579842">
        <ele>26.66883</ele>
        <time>2026-09-21T23:19:25.256000Z</time>
      </trkpt>
      <trkpt lat="39.8705222" lon="116.6580398">
        <ele>26.69308</ele>
        <time>2026-09-21T23:19:29.237000Z</time>
      </trkpt>
      <trkpt lat="39.8706164" lon="116.6580848">
        <ele>26.7139</ele>
        <time>2026-09-21T23:19:33.218000Z</time>
      </trkpt>
      <trkpt lat="39.8707165" lon="116.6581108">
        <ele>26.71513</ele>
        <time>2026-09-21T23:19:37.199000Z</time>
      </trkpt>
      <trkpt lat="39.870817" lon="116.6581281">
        <ele>26.6766</ele>
        <time>2026-09-21T23:19:41.179000Z</time>
      </trkpt>
      <trkpt lat="39.8709194" lon="116.6581488">
        <ele>26.56058</ele>
        <time>2026-09-21T23:19:45.160000Z</time>
      </trkpt>
      <trkpt lat="39.8710235" lon="116.6581636">
        <ele>26.3348</ele>
        <time>2026-09-21T23:19:49.141000Z</time>
      </trkpt>
      <trkpt lat="39.8711278" lon="116.6581757">
        <ele>25.98427</ele>
        <time>2026-09-21T23:19:53.122000Z</time>
      </trkpt>
      <trkpt lat="39.8712279" lon="116.6581637">
        <ele>25.58196</ele>
        <time>2026-09-21T23:19:57Z</time>
      </trkpt>
      <trkpt lat="39.8713211" lon="116.6581414">
        <ele>25.30048</ele>
        <time>2026-09-21T23:20:01Z</time>
      </trkpt>
      <trkpt lat="39.8714183" lon="116.6581564">
        <ele>25.11172</ele>
        <time>2026-09-21T23:20:05.065000Z</time>
      </trkpt>
      <trkpt lat="39.8715224" lon="116.6581878">
        <ele>24.97394</ele>
        <time>2026-09-21T23:20:09Z</time>
      </trkpt>
      <trkpt lat="39.8716317" lon="116.6582171">
        <ele>24.95321</ele>
        <time>2026-09-21T23:20:13Z</time>
      </trkpt>
      <trkpt lat="39.871742" lon="116.6582408">
        <ele>25.04027</ele>
        <time>2026-09-21T23:20:17.008000Z</time>
      </trkpt>
      <trkpt lat="39.8718508" lon="116.6582664">
        <ele>25.18653</ele>
        <time>2026-09-21T23:20:20.989000Z</time>
      </trkpt>
      <trkpt lat="39.8719574" lon="116.6583017">
        <ele>25.28236</ele>
        <time>2026-09-21T23:20:24.970000Z</time>
      </trkpt>
      <trkpt lat="39.8720639" lon="116.6583451">
        <ele>25.31538</ele>
        <time>2026-09-21T23:20:28.951000Z</time>
      </trkpt>
      <trkpt lat="39.8721729" lon="116.6583898">
        <ele>25.33198</ele>
        <time>2026-09-21T23:20:32.931000Z</time>
      </trkpt>
      <trkpt lat="39.8722806" lon="116.6584279">
        <ele>25.34331</ele>
        <time>2026-09-21T23:20:36.912000Z</time>
      </trkpt>
      <trkpt lat="39.8723922" lon="116.6584599">
        <ele>25.33473</ele>
        <time>2026-09-21T23:20:40.893000Z</time>
      </trkpt>
      <trkpt lat="39.8725043" lon="116.6584835">
        <ele>25.30102</ele>
        <time>2026-09-21T23:20:44.874000Z</time>
      </trkpt>
      <trkpt lat="39.8726136" lon="116.6585144">
        <ele>25.24219</ele>
        <time>2026-09-21T23:20:48.855000Z</time>
      </trkpt>
      <trkpt lat="39.8727264" lon="116.6585445">
        <ele>25.14692</ele>
        <time>2026-09-21T23:20:52.836000Z</time>
      </trkpt>
      <trkpt lat="39.8728418" lon="116.6585741">
        <ele>24.99958</ele>
        <time>2026-09-21T23:20:56.817000Z</time>
      </trkpt>
      <trkpt lat="39.8729564" lon="116.6586071">
        <ele>24.82413</ele>
        <time>2026-09-21T23:21:00.798000Z</time>
      </trkpt>
      <trkpt lat="39.8730719" lon="116.6586443">
        <ele>24.68343</ele>
        <time>2026-09-21T23:21:04.779000Z</time>
      </trkpt>
      <trkpt lat="39.8731881" lon="116.6586742">
        <ele>24.60953</ele>
        <time>2026-09-21T23:21:08.760000Z</time>
      </trkpt>
      <trkpt lat="39.8732991" lon="116.658702">
        <ele>24.59417</ele>
        <time>2026-09-21T23:21:12.741000Z</time>
      </trkpt>
      <trkpt lat="39.87341" lon="116.6587332">
        <ele>24.61124</ele>
        <time>2026-09-21T23:21:16.722000Z</time>
      </trkpt>
      <trkpt lat="39.8735236" lon="116.6587682">
        <ele>24.61099</ele>
        <time>2026-09-21T23:21:20.703000Z</time>
      </trkpt>
      <trkpt lat="39.8736357" lon="116.6588062">
        <ele>24.59429</ele>
        <time>2026-09-21T23:21:24.683000Z</time>
      </trkpt>
      <trkpt lat="39.8737501" lon="116.6588513">
        <ele>24.57615</ele>
        <time>2026-09-21T23:21:28.664000Z</time>
      </trkpt>
      <trkpt lat="39.8738375" lon="116.6588866">
        <ele>24.55241</ele>
        <time>2026-09-21T23:21:31.650000Z</time>
      </trkpt>
      <trkpt lat="39.8739259" lon="116.6589181">
        <ele>24.51639</ele>
        <time>2026-09-21T23:21:34.636000Z</time>
      </trkpt>
      <trkpt lat="39.8740138" lon="116.6589487">
        <ele>24.47872</ele>
        <time>2026-09-21T23:21:37.621000Z</time>
      </trkpt>
      <trkpt lat="39.8741266" lon="116.6589907">
        <ele>24.41509</ele>
        <time>2026-09-21T23:21:41.602000Z</time>
      </trkpt>
      <trkpt lat="39.8742096" lon="116.6590559">
        <ele>24.33595</ele>
        <time>2026-09-21T23:21:45.583000Z</time>
      </trkpt>
      <trkpt lat="39.8742843" lon="116.659153">
        <ele>24.26463</ele>
        <time>2026-09-21T23:21:50.559000Z</time>
      </trkpt>
      <trkpt lat="39.8743286" lon="116.659269">
        <ele>24.23745</ele>
        <time>2026-09-21T23:21:54.540000Z</time>
      </trkpt>
      <trkpt lat="39.8743299" lon="116.659417">
        <ele>24.2236</ele>
        <time>2026-09-21T23:21:58.521000Z</time>
      </trkpt>
      <trkpt lat="39.8743247" lon="116.6595695">
        <ele>24.21358</ele>
        <time>2026-09-21T23:22:02.502000Z</time>
      </trkpt>
      <trkpt lat="39.8743223" lon="116.6597221">
        <ele>24.21236</ele>
        <time>2026-09-21T23:22:06.483000Z</time>
      </trkpt>
      <trkpt lat="39.8743183" lon="116.659873">
        <ele>24.233</ele>
        <time>2026-09-21T23:22:10.464000Z</time>
      </trkpt>
      <trkpt lat="39.8743063" lon="116.6600174">
        <ele>24.27666</ele>
        <time>2026-09-21T23:22:14.445000Z</time>
      </trkpt>
      <trkpt lat="39.8743034" lon="116.6601609">
        <ele>24.32914</ele>
        <time>2026-09-21T23:22:18.426000Z</time>
      </trkpt>
      <trkpt lat="39.8743047" lon="116.6603083">
        <ele>24.3765</ele>
        <time>2026-09-21T23:22:22.407000Z</time>
      </trkpt>
      <trkpt lat="39.8742919" lon="116.6604616">
        <ele>24.38738</ele>
        <time>2026-09-21T23:22:26.388000Z</time>
      </trkpt>
      <trkpt lat="39.8742796" lon="116.6606139">
        <ele>24.35207</ele>
        <time>2026-09-21T23:22:30.369000Z</time>
      </trkpt>
      <trkpt lat="39.8742759" lon="116.6607681">
        <ele>24.28858</ele>
        <time>2026-09-21T23:22:34.350000Z</time>
      </trkpt>
      <trkpt lat="39.8742722" lon="116.6609237">
        <ele>24.22767</ele>
        <time>2026-09-21T23:22:38.331000Z</time>
      </trkpt>
      <trkpt lat="39.8742669" lon="116.6610408">
        <ele>24.20333</ele>
        <time>2026-09-21T23:22:41.316000Z</time>
      </trkpt>
      <trkpt lat="39.874264" lon="116.6611941">
        <ele>24.20765</ele>
        <time>2026-09-21T23:22:45.297000Z</time>
      </trkpt>
      <trkpt lat="39.8742692" lon="116.6613449">
        <ele>24.23698</ele>
        <time>2026-09-21T23:22:49.278000Z</time>
      </trkpt>
      <trkpt lat="39.8742711" lon="116.6614937">
        <ele>24.25344</ele>
        <time>2026-09-21T23:22:53.259000Z</time>
      </trkpt>
      <trkpt lat="39.8742654" lon="116.6616451">
        <ele>24.2218</ele>
        <time>2026-09-21T23:22:57.240000Z</time>
      </trkpt>
      <trkpt lat="39.8742604" lon="116.6617949">
        <ele>24.13973</ele>
        <time>2026-09-21T23:23:01.221000Z</time>
      </trkpt>
      <trkpt lat="39.8742536" lon="116.6619494">
        <ele>24.00279</ele>
        <time>2026-09-21T23:23:05.202000Z</time>
      </trkpt>
      <trkpt lat="39.8742452" lon="116.6620659">
        <ele>23.85446</ele>
        <time>2026-09-21T23:23:08.188000Z</time>
      </trkpt>
      <trkpt lat="39.8742362" lon="116.6622184">
        <ele>23.65325</ele>
        <time>2026-09-21T23:23:12.169000Z</time>
      </trkpt>
      <trkpt lat="39.8742384" lon="116.6623696">
        <ele>23.49111</ele>
        <time>2026-09-21T23:23:16.150000Z</time>
      </trkpt>
      <trkpt lat="39.8742369" lon="116.6625234">
        <ele>23.42177</ele>
        <time>2026-09-21T23:23:20.131000Z</time>
      </trkpt>
      <trkpt lat="39.8742317" lon="116.6626781">
        <ele>23.50498</ele>
        <time>2026-09-21T23:23:24.112000Z</time>
      </trkpt>
      <trkpt lat="39.8742265" lon="116.6628287">
        <ele>23.59241</ele>
        <time>2026-09-21T23:23:28Z</time>
      </trkpt>
      <trkpt lat="39.8742225" lon="116.6629835">
        <ele>23.56191</ele>
        <time>2026-09-21T23:23:32Z</time>
      </trkpt>
      <trkpt lat="39.8742201" lon="116.6631015">
        <ele>23.50608</ele>
        <time>2026-09-21T23:23:35.059000Z</time>
      </trkpt>
      <trkpt lat="39.8742135" lon="116.6632535">
        <ele>23.46921</ele>
        <time>2026-09-21T23:23:39Z</time>
      </trkpt>
      <trkpt lat="39.8742054" lon="116.6634063">
        <ele>23.49011</ele>
        <time>2026-09-21T23:23:43Z</time>
      </trkpt>
      <trkpt lat="39.8742055" lon="116.6635612">
        <ele>23.56613</ele>
        <time>2026-09-21T23:23:47Z</time>
      </trkpt>
      <trkpt lat="39.8742157" lon="116.6637141">
        <ele>23.72513</ele>
        <time>2026-09-21T23:23:50.983000Z</time>
      </trkpt>
      <trkpt lat="39.8742414" lon="116.663866">
        <ele>23.92784</ele>
        <time>2026-09-21T23:23:54.964000Z</time>
      </trkpt>
      <trkpt lat="39.8742585" lon="116.6639831">
        <ele>24.04429</ele>
        <time>2026-09-21T23:23:57.949000Z</time>
      </trkpt>
      <trkpt lat="39.874272" lon="116.6641033">
        <ele>24.10087</ele>
        <time>2026-09-21T23:24:00.935000Z</time>
      </trkpt>
      <trkpt lat="39.8742827" lon="116.6642221">
        <ele>24.0992</ele>
        <time>2026-09-21T23:24:03.921000Z</time>
      </trkpt>
      <trkpt lat="39.8742997" lon="116.6643757">
        <ele>24.03941</ele>
        <time>2026-09-21T23:24:07.902000Z</time>
      </trkpt>
      <trkpt lat="39.8743226" lon="116.6645278">
        <ele>23.93742</ele>
        <time>2026-09-21T23:24:11.883000Z</time>
      </trkpt>
      <trkpt lat="39.8743443" lon="116.6646413">
        <ele>23.84319</ele>
        <time>2026-09-21T23:24:14.868000Z</time>
      </trkpt>
      <trkpt lat="39.8743757" lon="116.6647914">
        <ele>23.73024</ele>
        <time>2026-09-21T23:24:18.849000Z</time>
      </trkpt>
      <trkpt lat="39.8744007" lon="116.6649404">
        <ele>23.65503</ele>
        <time>2026-09-21T23:24:22.830000Z</time>
      </trkpt>
      <trkpt lat="39.8744339" lon="116.6650802">
        <ele>23.58356</ele>
        <time>2026-09-21T23:24:26.811000Z</time>
      </trkpt>
      <trkpt lat="39.8744711" lon="116.6652145">
        <ele>23.5013</ele>
        <time>2026-09-21T23:24:30.792000Z</time>
      </trkpt>
      <trkpt lat="39.874509" lon="116.665351">
        <ele>23.41526</ele>
        <time>2026-09-21T23:24:34.773000Z</time>
      </trkpt>
      <trkpt lat="39.874548" lon="116.6654908">
        <ele>23.31185</ele>
        <time>2026-09-21T23:24:38.754000Z</time>
      </trkpt>
      <trkpt lat="39.8745981" lon="116.665621">
        <ele>23.19305</ele>
        <time>2026-09-21T23:24:42.735000Z</time>
      </trkpt>
      <trkpt lat="39.8746423" lon="116.6657509">
        <ele>23.1023</ele>
        <time>2026-09-21T23:24:46.716000Z</time>
      </trkpt>
      <trkpt lat="39.8746714" lon="116.6658929">
        <ele>23.04862</ele>
        <time>2026-09-21T23:24:50.696000Z</time>
      </trkpt>
      <trkpt lat="39.8747039" lon="116.6660368">
        <ele>23.00215</ele>
        <time>2026-09-21T23:24:54.677000Z</time>
      </trkpt>
      <trkpt lat="39.8747579" lon="116.6661717">
        <ele>22.94829</ele>
        <time>2026-09-21T23:24:58.658000Z</time>
      </trkpt>
      <trkpt lat="39.8748176" lon="116.6663001">
        <ele>22.88251</ele>
        <time>2026-09-21T23:25:02.639000Z</time>
      </trkpt>
      <trkpt lat="39.8748788" lon="116.6664241">
        <ele>22.82107</ele>
        <time>2026-09-21T23:25:06.620000Z</time>
      </trkpt>
      <trkpt lat="39.8749388" lon="116.6665439">
        <ele>22.79786</ele>
        <time>2026-09-21T23:25:10.606000Z</time>
      </trkpt>
      <trkpt lat="39.8750098" lon="116.6666538">
        <ele>22.82296</ele>
        <time>2026-09-21T23:25:14.606000Z</time>
      </trkpt>
      <trkpt lat="39.8750871" lon="116.6667654">
        <ele>22.85098</ele>
        <time>2026-09-21T23:25:18.606000Z</time>
      </trkpt>
      <trkpt lat="39.8751664" lon="116.666879">
        <ele>22.84986</ele>
        <time>2026-09-21T23:25:22.606000Z</time>
      </trkpt>
      <trkpt lat="39.8752429" lon="116.6669889">
        <ele>22.83375</ele>
        <time>2026-09-21T23:25:26.606000Z</time>
      </trkpt>
      <trkpt lat="39.8753165" lon="116.6670946">
        <ele>22.82195</ele>
        <time>2026-09-21T23:25:30.606000Z</time>
      </trkpt>
      <trkpt lat="39.8753939" lon="116.6672062">
        <ele>22.84068</ele>
        <time>2026-09-21T23:25:34.606000Z</time>
      </trkpt>
      <trkpt lat="39.8754711" lon="116.6673177">
        <ele>22.88822</ele>
        <time>2026-09-21T23:25:38.606000Z</time>
      </trkpt>
    </trkseg>
  </trk>
</gpx>