<?xml version="1.0" encoding="UTF-8"?>
<gpx xmlns="http://www.topografix.com/GPX/1/1" xmlns:gpxtpx="http://www.garmin.com/xmlschemas/TrackPointExtension/v1" xmlns:xsi="http://www.w3.org/2001/XMLSchema-instance" xsi:schemaLocation="http://www.topografix.com/GPX/1/1 http://www.topografix.com/GPX/1/1/gpx.xsd" version="1.1" creator="gpx.py -- https://github.com/tkrajina/gpxpy">
  <trk>
    <name>gpx from codoon</name>
    <type>Run</type>
    <trkseg>
      <trkpt lat="39.8735762" lon="116.6658417">
        <ele>22.15003</ele>
        <time>2026-09-23T22:33:51.968000Z</time>
      </trkpt>
      <trkpt lat="39.8736794" lon="116.665812">
        <ele>22.17324</ele>
        <time>2026-09-23T22:33:58.115000Z</time>
      </trkpt>
      <trkpt lat="39.8737851" lon="116.6657593">
        <ele>22.34959</ele>
        <time>2026-09-23T22:34:03.099000Z</time>
      </trkpt>
      <trkpt lat="39.873873" lon="116.6657065">
        <ele>22.52205</ele>
        <time>2026-09-23T22:34:07.084000Z</time>
      </trkpt>
      <trkpt lat="39.8739653" lon="116.6656489">
        <ele>22.70446</ele>
        <time>2026-09-23T22:34:11.068000Z</time>
      </trkpt>
      <trkpt lat="39.8740543" lon="116.6655956">
        <ele>22.90639</ele>
        <time>2026-09-23T22:34:15.052000Z</time>
      </trkpt>
      <trkpt lat="39.8741468" lon="116.665546">
        <ele>23.12233</ele>
        <time>2026-09-23T22:34:19.034000Z</time>
      </trkpt>
      <trkpt lat="39.8742427" lon="116.665493">
        <ele>23.31206</ele>
        <time>2026-09-23T22:34:23.017000Z</time>
      </trkpt>
      <trkpt lat="39.8743328" lon="116.6654418">
        <ele>23.42606</ele>
        <time>2026-09-23T22:34:26.999000Z</time>
      </trkpt>
      <trkpt lat="39.874431" lon="116.6654071">
        <ele>23.44842</ele>
        <time>2026-09-23T22:34:31.977000Z</time>
      </trkpt>
      <trkpt lat="39.8745021" lon="116.6655003">
        <ele>23.39688</ele>
        <time>2026-09-23T22:34:37.949000Z</time>
      </trkpt>
      <trkpt lat="39.8745472" lon="116.6656325">
        <ele>23.23856</ele>
        <time>2026-09-23T22:34:42.926000Z</time>
      </trkpt>
      <trkpt lat="39.8745824" lon="116.6657458">
        <ele>23.03491</ele>
        <time>2026-09-23T22:34:46.908000Z</time>
      </trkpt>
      <trkpt lat="39.8746256" lon="116.6658602">
        <ele>22.80187</ele>
        <time>2026-09-23T22:34:50.889000Z</time>
      </trkpt>
      <trkpt lat="39.8746769" lon="116.6659774">
        <ele>22.58371</ele>
        <time>2026-09-23T22:34:54.870000Z</time>
      </trkpt>
      <trkpt lat="39.8747289" lon="116.6660913">
        <ele>22.42022</ele>
        <time>2026-09-23T22:34:58.852000Z</time>
      </trkpt>
      <trkpt lat="39.874782" lon="116.6662049">
        <ele>22.34904</ele>
        <time>2026-09-23T22:35:02.833000Z</time>
      </trkpt>
      <trkpt lat="39.8748373" lon="116.6663172">
        <ele>22.352</ele>
        <time>2026-09-23T22:35:06.814000Z</time>
      </trkpt>
      <trkpt lat="39.8748901" lon="116.6664317">
        <ele>22.36052</ele>
        <time>2026-09-23T22:35:10.795000Z</time>
      </trkpt>
      <trkpt lat="39.8749434" lon="116.6665422">
        <ele>22.36738</ele>
        <time>2026-09-23T22:35:14.777000Z</time>
      </trkpt>
      <trkpt lat="39.8750015" lon="116.6666469">
        <ele>22.40466</ele>
        <time>2026-09-23T22:35:18.758000Z</time>
      </trkpt>
      <trkpt lat="39.8750663" lon="116.666745">
        <ele>22.4797</ele>
        <time>2026-09-23T22:35:22.739000Z</time>
      </trkpt>
      <trkpt lat="39.8751357" lon="116.6668306">
        <ele>22.55869</ele>
        <time>2026-09-23T22:35:26.720000Z</time>
      </trkpt>
      <trkpt lat="39.8751961" lon="116.6669246">
        <ele>22.63579</ele>
        <time>2026-09-23T22:35:30.701000Z</time>
      </trkpt>
      <trkpt lat="39.8752602" lon="116.6670234">
        <ele>22.75287</ele>
        <time>2026-09-23T22:35:34.682000Z</time>
      </trkpt>
      <trkpt lat="39.8753308" lon="116.6671172">
        <ele>22.91399</ele>
        <time>2026-09-23T22:35:38.663000Z</time>
      </trkpt>
      <trkpt lat="39.8754046" lon="116.66721">
        <ele>23.10022</ele>
        <time>2026-09-23T22:35:42.645000Z</time>
      </trkpt>
      <trkpt lat="39.8754768" lon="116.6673053">
        <ele>23.28046</ele>
        <time>2026-09-23T22:35:46.626000Z</time>
      </trkpt>
      <trkpt lat="39.8755425" lon="116.6674056">
        <ele>23.42218</ele>
        <time>2026-09-23T22:35:50.607000Z</time>
      </trkpt>
      <trkpt lat="39.8756038" lon="116.6675113">
        <ele>23.52168</ele>
        <time>2026-09-23T22:35:54.588000Z</time>
      </trkpt>
      <trkpt lat="39.875664" lon="116.667617">
        <ele>23.61442</ele>
        <time>2026-09-23T22:35:58.569000Z</time>
      </trkpt>
      <trkpt lat="39.8757327" lon="116.6677148">
        <ele>23.70662</ele>
        <time>2026-09-23T22:36:02.550000Z</time>
      </trkpt>
      <trkpt lat="39.8758037" lon="116.6678095">
        <ele>23.79664</ele>
        <time>2026-09-23T22:36:06.531000Z</time>
      </trkpt>
      <trkpt lat="39.8758751" lon="116.6679003">
        <ele>23.88735</ele>
        <time>2026-09-23T22:36:10.511000Z</time>
      </trkpt>
      <trkpt lat="39.8759445" lon="116.6679893">
        <ele>23.96144</ele>
        <time>2026-09-23T22:36:14.492000Z</time>
      </trkpt>
      <trkpt lat="39.876018" lon="116.6680767">
        <ele>24.01843</ele>
        <time>2026-09-23T22:36:18.474000Z</time>
      </trkpt>
      <trkpt lat="39.8760927" lon="116.668163">
        <ele>24.06413</ele>
        <time>2026-09-23T22:36:22.455000Z</time>
      </trkpt>
      <trkpt lat="39.8761698" lon="116.6682404">
        <ele>24.09504</ele>
        <time>2026-09-23T22:36:26.436000Z</time>
      </trkpt>
      <trkpt lat="39.8762501" lon="116.6683056">
        <ele>24.11206</ele>
        <time>2026-09-23T22:36:30.417000Z</time>
      </trkpt>
      <trkpt lat="39.8763304" lon="116.6683739">
        <ele>24.13767</ele>
        <time>2026-09-23T22:36:34.398000Z</time>
      </trkpt>
      <trkpt lat="39.876404" lon="116.6684588">
        <ele>24.1594</ele>
        <time>2026-09-23T22:36:38.379000Z</time>
      </trkpt>
      <trkpt lat="39.8764673" lon="116.6685548">
        <ele>24.14153</ele>
        <time>2026-09-23T22:36:42.360000Z</time>
      </trkpt>
      <trkpt lat="39.8765257" lon="116.6686546">
        <ele>24.07646</ele>
        <time>2026-09-23T22:36:46.341000Z</time>
      </trkpt>
      <trkpt lat="39.8765828" lon="116.6687572">
        <ele>24.01743</ele>
        <time>2026-09-23T22:36:50.322000Z</time>
      </trkpt>
      <trkpt lat="39.8766451" lon="116.6688584">
        <ele>24.03807</ele>
        <time>2026-09-23T22:36:54.304000Z</time>
      </trkpt>
      <trkpt lat="39.8767113" lon="116.6689605">
        <ele>24.11321</ele>
        <time>2026-09-23T22:36:58.285000Z</time>
      </trkpt>
      <trkpt lat="39.876781" lon="116.6690571">
        <ele>24.17056</ele>
        <time>2026-09-23T22:37:02.266000Z</time>
      </trkpt>
      <trkpt lat="39.8768505" lon="116.6691555">
        <ele>24.21661</ele>
        <time>2026-09-23T22:37:06.247000Z</time>
      </trkpt>
      <trkpt lat="39.8769172" lon="116.6692554">
        <ele>24.26329</ele>
        <time>2026-09-23T22:37:10.228000Z</time>
      </trkpt>
      <trkpt lat="39.8769778" lon="116.6693558">
        <ele>24.29218</ele>
        <time>2026-09-23T22:37:14.209000Z</time>
      </trkpt>
      <trkpt lat="39.8770243" lon="116.6694643">
        <ele>24.30513</ele>
        <time>2026-09-23T22:37:18.190000Z</time>
      </trkpt>
      <trkpt lat="39.8770441" lon="116.6695861">
        <ele>24.31127</ele>
        <time>2026-09-23T22:37:22.171000Z</time>
      </trkpt>
      <trkpt lat="39.8770142" lon="116.6696967">
        <ele>24.32968</ele>
        <time>2026-09-23T22:37:26.152000Z</time>
      </trkpt>
      <trkpt lat="39.8769475" lon="116.6697945">
        <ele>24.36884</ele>
        <time>2026-09-23T22:37:30.133000Z</time>
      </trkpt>
      <trkpt lat="39.8768738" lon="116.6698839">
        <ele>24.44292</ele>
        <time>2026-09-23T22:37:34.114000Z</time>
      </trkpt>
      <trkpt lat="39.8767977" lon="116.6699695">
        <ele>24.53947</ele>
        <time>2026-09-23T22:37:38.095000Z</time>
      </trkpt>
      <trkpt lat="39.8767251" lon="116.6700581">
        <ele>24.60504</ele>
        <time>2026-09-23T22:37:42.076000Z</time>
      </trkpt>
      <trkpt lat="39.8766549" lon="116.6701453">
        <ele>24.63123</ele>
        <time>2026-09-23T22:37:46.058000Z</time>
      </trkpt>
      <trkpt lat="39.8765867" lon="116.6702352">
        <ele>24.66937</ele>
        <time>2026-09-23T22:37:50.039000Z</time>
      </trkpt>
      <trkpt lat="39.8765098" lon="116.6703109">
        <ele>24.72442</ele>
        <time>2026-09-23T22:37:54Z</time>
      </trkpt>
      <trkpt lat="39.8764333" lon="116.6703926">
        <ele>24.71202</ele>
        <time>2026-09-23T22:37:58Z</time>
      </trkpt>
      <trkpt lat="39.8763607" lon="116.6704786">
        <ele>24.59197</ele>
        <time>2026-09-23T22:38:01.982000Z</time>
      </trkpt>
      <trkpt lat="39.8762862" lon="116.6705643">
        <ele>24.44461</ele>
        <time>2026-09-23T22:38:05.963000Z</time>
      </trkpt>
      <trkpt lat="39.8762106" lon="116.6706429">
        <ele>24.31015</ele>
        <time>2026-09-23T22:38:09.944000Z</time>
      </trkpt>
      <trkpt lat="39.8761364" lon="116.6707199">
        <ele>24.19276</ele>
        <time>2026-09-23T22:38:13.925000Z</time>
      </trkpt>
      <trkpt lat="39.8760672" lon="116.6708012">
        <ele>24.10225</ele>
        <time>2026-09-23T22:38:17.906000Z</time>
      </trkpt>
      <trkpt lat="39.8760023" lon="116.6708876">
        <ele>24.04705</ele>
        <time>2026-09-23T22:38:21.887000Z</time>
      </trkpt>
      <trkpt lat="39.8759369" lon="116.6709742">
        <ele>24.03709</ele>
        <time>2026-09-23T22:38:25.868000Z</time>
      </trkpt>
      <trkpt lat="39.875871" lon="116.6710594">
        <ele>24.06996</ele>
        <time>2026-09-23T22:38:29.849000Z</time>
      </trkpt>
      <trkpt lat="39.875807" lon="116.6711473">
        <ele>24.14022</ele>
        <time>2026-09-23T22:38:33.830000Z</time>
      </trkpt>
      <trkpt lat="39.875743" lon="116.6712345">
        <ele>24.22905</ele>
        <time>2026-09-23T22:38:37.811000Z</time>
      </trkpt>
      <trkpt lat="39.8756779" lon="116.6713185">
        <ele>24.30291</ele>
        <time>2026-09-23T22:38:41.792000Z</time>
      </trkpt>
      <trkpt lat="39.8756129" lon="116.671403">
        <ele>24.34478</ele>
        <time>2026-09-23T22:38:45.774000Z</time>
      </trkpt>
      <trkpt lat="39.875535" lon="116.6715071">
        <ele>24.3633</ele>
        <time>2026-09-23T22:38:50.750000Z</time>
      </trkpt>
      <trkpt lat="39.8754602" lon="116.6716107">
        <ele>24.36284</ele>
        <time>2026-09-23T22:38:55.726000Z</time>
      </trkpt>
      <trkpt lat="39.8753801" lon="116.6717069">
        <ele>24.34431</ele>
        <time>2026-09-23T22:39:00.703000Z</time>
      </trkpt>
      <trkpt lat="39.8753046" lon="116.6717786">
        <ele>24.31273</ele>
        <time>2026-09-23T22:39:04.684000Z</time>
      </trkpt>
      <trkpt lat="39.87523" lon="116.6718573">
        <ele>24.2692</ele>
        <time>2026-09-23T22:39:08.665000Z</time>
      </trkpt>
      <trkpt lat="39.8751604" lon="116.671946">
        <ele>24.24091</ele>
        <time>2026-09-23T22:39:12.646000Z</time>
      </trkpt>
      <trkpt lat="39.8751008" lon="116.6720429">
        <ele>24.26292</ele>
        <time>2026-09-23T22:39:16.627000Z</time>
      </trkpt>
      <trkpt lat="39.8750389" lon="116.6721369">
        <ele>24.3251</ele>
        <time>2026-09-23T22:39:20.608000Z</time>
      </trkpt>
      <trkpt lat="39.8749724" lon="116.672225">
        <ele>24.40681</ele>
        <time>2026-09-23T22:39:24.589000Z</time>
      </trkpt>
      <trkpt lat="39.8749052" lon="116.6723105">
        <ele>24.49719</ele>
        <time>2026-09-23T22:39:28.570000Z</time>
      </trkpt>
      <trkpt lat="39.8748383" lon="116.6723936">
        <ele>24.59257</ele>
        <time>2026-09-23T22:39:32.551000Z</time>
      </trkpt>
      <trkpt lat="39.8747741" lon="116.6724784">
        <ele>24.69416</ele>
        <time>2026-09-23T22:39:36.532000Z</time>
      </trkpt>
      <trkpt lat="39.8747094" lon="116.6725647">
        <ele>24.79923</ele>
        <time>2026-09-23T22:39:40.513000Z</time>
      </trkpt>
      <trkpt lat="39.8746436" lon="116.672652">
        <ele>24.9014</ele>
        <time>2026-09-23T22:39:44.494000Z</time>
      </trkpt>
      <trkpt lat="39.8745775" lon="116.6727386">
        <ele>24.97385</ele>
        <time>2026-09-23T22:39:48.475000Z</time>
      </trkpt>
      <trkpt lat="39.8745088" lon="116.6728255">
        <ele>25.01459</ele>
        <time>2026-09-23T22:39:52.456000Z</time>
      </trkpt>
      <trkpt lat="39.8744368" lon="116.6729082">
        <ele>25.04205</ele>
        <time>2026-09-23T22:39:56.437000Z</time>
      </trkpt>
      <trkpt lat="39.8743642" lon="116.6729925">
        <ele>25.07783</ele>
        <time>2026-09-23T22:40:00.418000Z</time>
      </trkpt>
      <trkpt lat="39.8742986" lon="116.6730798">
        <ele>25.13167</ele>
        <time>2026-09-23T22:40:04.399000Z</time>
      </trkpt>
      <trkpt lat="39.8742314" lon="116.673165">
        <ele>25.18959</ele>
        <time>2026-09-23T22:40:08.380000Z</time>
      </trkpt>
      <trkpt lat="39.8741606" lon="116.6732563">
        <ele>25.24901</ele>
        <time>2026-09-23T22:40:12.361000Z</time>
      </trkpt>
      <trkpt lat="39.8740906" lon="116.6733471">
        <ele>25.32581</ele>
        <time>2026-09-23T22:40:16.342000Z</time>
      </trkpt>
      <trkpt lat="39.8740201" lon="116.6734374">
        <ele>25.3898</ele>
        <time>2026-09-23T22:40:20.323000Z</time>
      </trkpt>
      <trkpt lat="39.8739487" lon="116.6735273">
        <ele>25.41798</ele>
        <time>2026-09-23T22:40:24.304000Z</time>
      </trkpt>
      <trkpt lat="39.8738728" lon="116.6736179">
        <ele>25.40179</ele>
        <time>2026-09-23T22:40:28.285000Z</time>
      </trkpt>
      <trkpt lat="39.8737936" lon="116.6737104">
        <ele>25.36146</ele>
        <time>2026-09-23T22:40:32.266000Z</time>
      </trkpt>
      <trkpt lat="39.8737136" lon="116.6737983">
        <ele>25.32727</ele>
        <time>2026-09-23T22:40:36.248000Z</time>
      </trkpt>
      <trkpt lat="39.8736319" lon="116.6738856">
        <ele>25.27669</ele>
        <time>2026-09-23T22:40:40.229000Z</time>
      </trkpt>
      <trkpt lat="39.8735519" lon="116.6739704">
        <ele>25.1732</ele>
        <time>2026-09-23T22:40:44.210000Z</time>
      </trkpt>
      <trkpt lat="39.873478" lon="116.6740584">
        <ele>25.04982</ele>
        <time>2026-09-23T22:40:48.191000Z</time>
      </trkpt>
      <trkpt lat="39.8734116" lon="116.6741496">
        <ele>24.91893</ele>
        <time>2026-09-23T22:40:52.172000Z</time>
      </trkpt>
      <trkpt lat="39.8733481" lon="116.6742355">
        <ele>24.823</ele>
        <time>2026-09-23T22:40:56Z</time>
      </trkpt>
      <trkpt lat="39.8732801" lon="116.6743249">
        <ele>24.76331</ele>
        <time>2026-09-23T22:41:00Z</time>
      </trkpt>
      <trkpt lat="39.8732122" lon="116.6744173">
        <ele>24.67911</ele>
        <time>2026-09-23T22:41:04Z</time>
      </trkpt>
      <trkpt lat="39.8731417" lon="116.6745074">
        <ele>24.61839</ele>
        <time>2026-09-23T22:41:08Z</time>
      </trkpt>
      <trkpt lat="39.8730734" lon="116.6745877">
        <ele>24.67237</ele>
        <time>2026-09-23T22:41:12Z</time>
      </trkpt>
      <trkpt lat="39.8730079" lon="116.6746756">
        <ele>24.82218</ele>
        <time>2026-09-23T22:41:16Z</time>
      </trkpt>
      <trkpt lat="39.8729431" lon="116.6747661">
        <ele>24.92506</ele>
        <time>2026-09-23T22:41:20Z</time>
      </trkpt>
      <trkpt lat="39.8728762" lon="116.6748532">
        <ele>24.90779</ele>
        <time>2026-09-23T22:41:24.020000Z</time>
      </trkpt>
      <trkpt lat="39.8728115" lon="116.6749424">
        <ele>24.78922</ele>
        <time>2026-09-23T22:41:28.001000Z</time>
      </trkpt>
      <trkpt lat="39.8727499" lon="116.6750427">
        <ele>24.64071</ele>
        <time>2026-09-23T22:41:31.982000Z</time>
      </trkpt>
      <trkpt lat="39.872697" lon="116.6751493">
        <ele>24.51809</ele>
        <time>2026-09-23T22:41:35.963000Z</time>
      </trkpt>
      <trkpt lat="39.8726424" lon="116.6752482">
        <ele>24.44326</ele>
        <time>2026-09-23T22:41:39.944000Z</time>
      </trkpt>
      <trkpt lat="39.8725791" lon="116.6753422">
        <ele>24.38914</ele>
        <time>2026-09-23T22:41:43.925000Z</time>
      </trkpt>
      <trkpt lat="39.8725205" lon="116.6754415">
        <ele>24.35461</ele>
        <time>2026-09-23T22:41:47.906000Z</time>
      </trkpt>
      <trkpt lat="39.8724652" lon="116.6755426">
        <ele>24.33788</ele>
        <time>2026-09-23T22:41:51.887000Z</time>
      </trkpt>
      <trkpt lat="39.8724081" lon="116.6756425">
        <ele>24.31862</ele>
        <time>2026-09-23T22:41:55.868000Z</time>
      </trkpt>
      <trkpt lat="39.8723541" lon="116.6757417">
        <ele>24.30103</ele>
        <time>2026-09-23T22:41:59.849000Z</time>
      </trkpt>
      <trkpt lat="39.8723034" lon="116.6758453">
        <ele>24.26005</ele>
        <time>2026-09-23T22:42:03.830000Z</time>
      </trkpt>
      <trkpt lat="39.8722544" lon="116.6759522">
        <ele>24.1819</ele>
        <time>2026-09-23T22:42:07.811000Z</time>
      </trkpt>
      <trkpt lat="39.8722038" lon="116.676057">
        <ele>24.09505</ele>
        <time>2026-09-23T22:42:11.792000Z</time>
      </trkpt>
      <trkpt lat="39.8721504" lon="116.6761617">
        <ele>24.0158</ele>
        <time>2026-09-23T22:42:15.773000Z</time>
      </trkpt>
      <trkpt lat="39.8721001" lon="116.6762668">
        <ele>23.9522</ele>
        <time>2026-09-23T22:42:19.754000Z</time>
      </trkpt>
      <trkpt lat="39.8720498" lon="116.6763719">
        <ele>23.92</ele>
        <time>2026-09-23T22:42:23.735000Z</time>
      </trkpt>
      <trkpt lat="39.872001" lon="116.6764766">
        <ele>23.92063</ele>
        <time>2026-09-23T22:42:27.716000Z</time>
      </trkpt>
      <trkpt lat="39.871955" lon="116.6765826">
        <ele>23.92588</ele>
        <time>2026-09-23T22:42:31.697000Z</time>
      </trkpt>
      <trkpt lat="39.8719043" lon="116.6767111">
        <ele>23.92233</ele>
        <time>2026-09-23T22:42:36.673000Z</time>
      </trkpt>
      <trkpt lat="39.8718559" lon="116.6768363">
        <ele>23.89292</ele>
        <time>2026-09-23T22:42:41.649000Z</time>
      </trkpt>
      <trkpt lat="39.871793" lon="116.6769377">
        <ele>23.87226</ele>
        <time>2026-09-23T22:42:46.626000Z</time>
      </trkpt>
      <trkpt lat="39.8717446" lon="116.6770664">
        <ele>23.87845</ele>
        <time>2026-09-23T22:42:51.602000Z</time>
      </trkpt>
      <trkpt lat="39.8717056" lon="116.6771982">
        <ele>23.89821</ele>
        <time>2026-09-23T22:42:56.578000Z</time>
      </trkpt>
      <trkpt lat="39.8716651" lon="116.6773032">
        <ele>23.90056</ele>
        <time>2026-09-23T22:43:00.559000Z</time>
      </trkpt>
      <trkpt lat="39.8716266" lon="116.6774106">
        <ele>23.89687</ele>
        <time>2026-09-23T22:43:04.540000Z</time>
      </trkpt>
      <trkpt lat="39.8715976" lon="116.6775253">
        <ele>23.86279</ele>
        <time>2026-09-23T22:43:08.521000Z</time>
      </trkpt>
      <trkpt lat="39.8715654" lon="116.6776414">
        <ele>23.76307</ele>
        <time>2026-09-23T22:43:12.502000Z</time>
      </trkpt>
      <trkpt lat="39.8715328" lon="116.677757">
        <ele>23.63841</ele>
        <time>2026-09-23T22:43:16.483000Z</time>
      </trkpt>
      <trkpt lat="39.8715022" lon="116.6778753">
        <ele>23.54778</ele>
        <time>2026-09-23T22:43:20.464000Z</time>
      </trkpt>
      <trkpt lat="39.871471" lon="116.6779924">
        <ele>23.50675</ele>
        <time>2026-09-23T22:43:24.445000Z</time>
      </trkpt>
      <trkpt lat="39.8714418" lon="116.6781108">
        <ele>23.51109</ele>
        <time>2026-09-23T22:43:28.426000Z</time>
      </trkpt>
      <trkpt lat="39.871411" lon="116.6782253">
        <ele>23.55045</ele>
        <time>2026-09-23T22:43:32.407000Z</time>
      </trkpt>
      <trkpt lat="39.8713805" lon="116.6783384">
        <ele>23.63469</ele>
        <time>2026-09-23T22:43:36.388000Z</time>
      </trkpt>
      <trkpt lat="39.8713532" lon="116.6784515">
        <ele>23.73872</ele>
        <time>2026-09-23T22:43:40.369000Z</time>
      </trkpt>
      <trkpt lat="39.8713267" lon="116.6785667">
        <ele>23.82565</ele>
        <time>2026-09-23T22:43:44.350000Z</time>
      </trkpt>
      <trkpt lat="39.8713001" lon="116.6786816">
        <ele>23.86696</ele>
        <time>2026-09-23T22:43:48.331000Z</time>
      </trkpt>
      <trkpt lat="39.8712723" lon="116.6787956">
        <ele>23.85864</ele>
        <time>2026-09-23T22:43:52.312000Z</time>
      </trkpt>
      <trkpt lat="39.8712436" lon="116.6789104">
        <ele>23.82418</ele>
        <time>2026-09-23T22:43:56.293000Z</time>
      </trkpt>
      <trkpt lat="39.8712129" lon="116.6790244">
        <ele>23.81295</ele>
        <time>2026-09-23T22:44:00.274000Z</time>
      </trkpt>
      <trkpt lat="39.8711816" lon="116.6791372">
        <ele>23.88643</ele>
        <time>2026-09-23T22:44:04.255000Z</time>
      </trkpt>
      <trkpt lat="39.8711473" lon="116.6792491">
        <ele>24.04002</ele>
        <time>2026-09-23T22:44:08.236000Z</time>
      </trkpt>
      <trkpt lat="39.8711146" lon="116.6793582">
        <ele>24.19261</ele>
        <time>2026-09-23T22:44:12.217000Z</time>
      </trkpt>
      <trkpt lat="39.8710779" lon="116.6794704">
        <ele>24.28019</ele>
        <time>2026-09-23T22:44:16.198000Z</time>
      </trkpt>
      <trkpt lat="39.8710441" lon="116.6795811">
        <ele>24.28388</ele>
        <time>2026-09-23T22:44:20.179000Z</time>
      </trkpt>
      <trkpt lat="39.8710045" lon="116.6797122">
        <ele>24.19849</ele>
        <time>2026-09-23T22:44:25.155000Z</time>
      </trkpt>
      <trkpt lat="39.8709636" lon="116.6798466">
        <ele>24.10375</ele>
        <time>2026-09-23T22:44:30.131000Z</time>
      </trkpt>
      <trkpt lat="39.8709277" lon="116.6799822">
        <ele>24.05669</ele>
        <time>2026-09-23T22:44:35.107000Z</time>
      </trkpt>
      <trkpt lat="39.8708951" lon="116.6801189">
        <ele>24.09766</ele>
        <time>2026-09-23T22:44:40.083000Z</time>
      </trkpt>
      <trkpt lat="39.8708651" lon="116.6802328">
        <ele>24.1553</ele>
        <time>2026-09-23T22:44:44.063000Z</time>
      </trkpt>
      <trkpt lat="39.8708343" lon="116.6803481">
        <ele>24.1658</ele>
        <time>2026-09-23T22:44:48.044000Z</time>
      </trkpt>
      <trkpt lat="39.8708052" lon="116.6804634">
        <ele>24.14102</ele>
        <time>2026-09-23T22:44:52.025000Z</time>
      </trkpt>
      <trkpt lat="39.870779" lon="116.6805812">
        <ele>24.12742</ele>
        <time>2026-09-23T22:44:56.006000Z</time>
      </trkpt>
      <trkpt lat="39.8707558" lon="116.6807002">
        <ele>24.09775</ele>
        <time>2026-09-23T22:44:59.986000Z</time>
      </trkpt>
      <trkpt lat="39.8707311" lon="116.6808183">
        <ele>24.05969</ele>
        <time>2026-09-23T22:45:03.967000Z</time>
      </trkpt>
      <trkpt lat="39.8707011" lon="116.680935">
        <ele>24.0642</ele>
        <time>2026-09-23T22:45:07.948000Z</time>
      </trkpt>
      <trkpt lat="39.8706694" lon="116.6810524">
        <ele>24.06673</ele>
        <time>2026-09-23T22:45:11.929000Z</time>
      </trkpt>
      <trkpt lat="39.8706424" lon="116.6811654">
        <ele>24.00144</ele>
        <time>2026-09-23T22:45:15.910000Z</time>
      </trkpt>
      <trkpt lat="39.8706148" lon="116.6812802">
        <ele>23.93608</ele>
        <time>2026-09-23T22:45:19.891000Z</time>
      </trkpt>
      <trkpt lat="39.8705845" lon="116.6814203">
        <ele>23.8958</ele>
        <time>2026-09-23T22:45:24.867000Z</time>
      </trkpt>
      <trkpt lat="39.8705602" lon="116.6815341">
        <ele>23.85666</ele>
        <time>2026-09-23T22:45:28.848000Z</time>
      </trkpt>
      <trkpt lat="39.8705327" lon="116.6816482">
        <ele>23.7795</ele>
        <time>2026-09-23T22:45:32.829000Z</time>
      </trkpt>
      <trkpt lat="39.8705032" lon="116.6817643">
        <ele>23.6626</ele>
        <time>2026-09-23T22:45:36.810000Z</time>
      </trkpt>
      <trkpt lat="39.8704753" lon="116.681881">
        <ele>23.5285</ele>
        <time>2026-09-23T22:45:40.791000Z</time>
      </trkpt>
      <trkpt lat="39.8704423" lon="116.6819988">
        <ele>23.40795</ele>
        <time>2026-09-23T22:45:44.772000Z</time>
      </trkpt>
      <trkpt lat="39.8704072" lon="116.6821145">
        <ele>23.27671</ele>
        <time>2026-09-23T22:45:48.753000Z</time>
      </trkpt>
      <trkpt lat="39.8703761" lon="116.6822331">
        <ele>23.11751</ele>
        <time>2026-09-23T22:45:52.734000Z</time>
      </trkpt>
      <trkpt lat="39.8703443" lon="116.6823509">
        <ele>22.95599</ele>
        <time>2026-09-23T22:45:56.715000Z</time>
      </trkpt>
      <trkpt lat="39.870316" lon="116.682469">
        <ele>22.7864</ele>
        <time>2026-09-23T22:46:00.695000Z</time>
      </trkpt>
      <trkpt lat="39.87029" lon="116.682589">
        <ele>22.60563</ele>
        <time>2026-09-23T22:46:04.676000Z</time>
      </trkpt>
      <trkpt lat="39.8702606" lon="116.6827064">
        <ele>22.45054</ele>
        <time>2026-09-23T22:46:08.657000Z</time>
      </trkpt>
      <trkpt lat="39.870231" lon="116.6828209">
        <ele>22.34174</ele>
        <time>2026-09-23T22:46:12.638000Z</time>
      </trkpt>
      <trkpt lat="39.8702053" lon="116.6829356">
        <ele>22.27318</ele>
        <time>2026-09-23T22:46:16.619000Z</time>
      </trkpt>
      <trkpt lat="39.870172" lon="116.6830514">
        <ele>22.26518</ele>
        <time>2026-09-23T22:46:20.600000Z</time>
      </trkpt>
      <trkpt lat="39.8701408" lon="116.6831687">
        <ele>22.33197</ele>
        <time>2026-09-23T22:46:24.581000Z</time>
      </trkpt>
      <trkpt lat="39.8701126" lon="116.6832871">
        <ele>22.44122</ele>
        <time>2026-09-23T22:46:28.562000Z</time>
      </trkpt>
      <trkpt lat="39.870078" lon="116.6834044">
        <ele>22.56658</ele>
        <time>2026-09-23T22:46:32.543000Z</time>
      </trkpt>
      <trkpt lat="39.8700411" lon="116.6835224">
        <ele>22.69301</ele>
        <time>2026-09-23T22:46:36.525000Z</time>
      </trkpt>
      <trkpt lat="39.8700079" lon="116.6836429">
        <ele>22.78547</ele>
        <time>2026-09-23T22:46:40.506000Z</time>
      </trkpt>
      <trkpt lat="39.8699761" lon="116.6837676">
        <ele>22.83864</ele>
        <time>2026-09-23T22:46:44.487000Z</time>
      </trkpt>
      <trkpt lat="39.8699429" lon="116.6838899">
        <ele>22.85585</ele>
        <time>2026-09-23T22:46:48.468000Z</time>
      </trkpt>
      <trkpt lat="39.8699076" lon="116.6840099">
        <ele>22.84373</ele>
        <time>2026-09-23T22:46:52.450000Z</time>
      </trkpt>
      <trkpt lat="39.869875" lon="116.6841287">
        <ele>22.84083</ele>
        <time>2026-09-23T22:46:56.431000Z</time>
      </trkpt>
      <trkpt lat="39.8698439" lon="116.6842438">
        <ele>22.85358</ele>
        <time>2026-09-23T22:47:00.412000Z</time>
      </trkpt>
      <trkpt lat="39.8698087" lon="116.6843827">
        <ele>22.89005</ele>
        <time>2026-09-23T22:47:05.388000Z</time>
      </trkpt>
      <trkpt lat="39.8697803" lon="116.6845">
        <ele>22.92327</ele>
        <time>2026-09-23T22:47:09.369000Z</time>
      </trkpt>
      <trkpt lat="39.8697554" lon="116.6846207">
        <ele>22.95296</ele>
        <time>2026-09-23T22:47:13.350000Z</time>
      </trkpt>
      <trkpt lat="39.8697298" lon="116.684741">
        <ele>22.97039</ele>
        <time>2026-09-23T22:47:17.331000Z</time>
      </trkpt>
      <trkpt lat="39.8697032" lon="116.684859">
        <ele>22.97191</ele>
        <time>2026-09-23T22:47:21.312000Z</time>
      </trkpt>
      <trkpt lat="39.8696688" lon="116.6849734">
        <ele>22.95143</ele>
        <time>2026-09-23T22:47:25.293000Z</time>
      </trkpt>
      <trkpt lat="39.8696307" lon="116.6850911">
        <ele>22.89631</ele>
        <time>2026-09-23T22:47:29.274000Z</time>
      </trkpt>
      <trkpt lat="39.8695955" lon="116.685212">
        <ele>22.8136</ele>
        <time>2026-09-23T22:47:33.254000Z</time>
      </trkpt>
      <trkpt lat="39.869563" lon="116.6853343">
        <ele>22.70002</ele>
        <time>2026-09-23T22:47:37.235000Z</time>
      </trkpt>
      <trkpt lat="39.869533" lon="116.6854532">
        <ele>22.56155</ele>
        <time>2026-09-23T22:47:41.216000Z</time>
      </trkpt>
      <trkpt lat="39.8695033" lon="116.6855695">
        <ele>22.41144</ele>
        <time>2026-09-23T22:47:45.197000Z</time>
      </trkpt>
      <trkpt lat="39.8694611" lon="116.6857049">
        <ele>22.28423</ele>
        <time>2026-09-23T22:47:50Z</time>
      </trkpt>
      <trkpt lat="39.8694282" lon="116.6858223">
        <ele>22.2522</ele>
        <time>2026-09-23T22:47:54Z</time>
      </trkpt>
      <trkpt lat="39.869396" lon="116.6859417">
        <ele>22.26807</ele>
        <time>2026-09-23T22:47:58Z</time>
      </trkpt>
      <trkpt lat="39.8693667" lon="116.686062">
        <ele>22.29423</ele>
        <time>2026-09-23T22:48:02Z</time>
      </trkpt>
      <trkpt lat="39.8693377" lon="116.686184">
        <ele>22.29881</ele>
        <time>2026-09-23T22:48:06Z</time>
      </trkpt>
      <trkpt lat="39.869305" lon="116.6863046">
        <ele>22.30321</ele>
        <time>2026-09-23T22:48:10Z</time>
      </trkpt>
      <trkpt lat="39.869272" lon="116.686429">
        <ele>22.33237</ele>
        <time>2026-09-23T22:48:14Z</time>
      </trkpt>
      <trkpt lat="39.8692398" lon="116.6865518">
        <ele>22.3704</ele>
        <time>2026-09-23T22:48:18Z</time>
      </trkpt>
      <trkpt lat="39.8692058" lon="116.6866712">
        <ele>22.40929</ele>
        <time>2026-09-23T22:48:22Z</time>
      </trkpt>
      <trkpt lat="39.8691719" lon="116.6867883">
        <ele>22.46769</ele>
        <time>2026-09-23T22:48:26Z</time>
      </trkpt>
      <trkpt lat="39.8691436" lon="116.6869035">
        <ele>22.52284</ele>
        <time>2026-09-23T22:48:29.983000Z</time>
      </trkpt>
      <trkpt lat="39.8691141" lon="116.6870236">
        <ele>22.55609</ele>
        <time>2026-09-23T22:48:33.963000Z</time>
      </trkpt>
      <trkpt lat="39.8690808" lon="116.6871476">
        <ele>22.59882</ele>
        <time>2026-09-23T22:48:37.944000Z</time>
      </trkpt>
      <trkpt lat="39.869049" lon="116.6872718">
        <ele>22.67145</ele>
        <time>2026-09-23T22:48:41.925000Z</time>
      </trkpt>
      <trkpt lat="39.8690159" lon="116.6873929">
        <ele>22.77639</ele>
        <time>2026-09-23T22:48:45.906000Z</time>
      </trkpt>
      <trkpt lat="39.8689863" lon="116.6875142">
        <ele>22.8807</ele>
        <time>2026-09-23T22:48:49.887000Z</time>
      </trkpt>
      <trkpt lat="39.8689521" lon="116.687639">
        <ele>22.91619</ele>
        <time>2026-09-23T22:48:53.868000Z</time>
      </trkpt>
      <trkpt lat="39.8689141" lon="116.6877627">
        <ele>22.87038</ele>
        <time>2026-09-23T22:48:57.849000Z</time>
      </trkpt>
      <trkpt lat="39.8688812" lon="116.687883">
        <ele>22.79334</ele>
        <time>2026-09-23T22:49:01.830000Z</time>
      </trkpt>
      <trkpt lat="39.8688635" lon="116.6880048">
        <ele>22.72839</ele>
        <time>2026-09-23T22:49:05.810000Z</time>
      </trkpt>
      <trkpt lat="39.8688362" lon="116.6881275">
        <ele>22.68781</ele>
        <time>2026-09-23T22:49:09.791000Z</time>
      </trkpt>
      <trkpt lat="39.8688003" lon="116.6882531">
        <ele>22.68084</ele>
        <time>2026-09-23T22:49:13.772000Z</time>
      </trkpt>
      <trkpt lat="39.8687631" lon="116.688382">
        <ele>22.70926</ele>
        <time>2026-09-23T22:49:17.753000Z</time>
      </trkpt>
      <trkpt lat="39.8687242" lon="116.6885122">
        <ele>22.78171</ele>
        <time>2026-09-23T22:49:21.734000Z</time>
      </trkpt>
      <trkpt lat="39.8686804" lon="116.6886423">
        <ele>22.8849</ele>
        <time>2026-09-23T22:49:25.715000Z</time>
      </trkpt>
      <trkpt lat="39.8686314" lon="116.6887681">
        <ele>22.97946</ele>
        <time>2026-09-23T22:49:29.696000Z</time>
      </trkpt>
      <trkpt lat="39.8685662" lon="116.6888738">
        <ele>23.03515</ele>
        <time>2026-09-23T22:49:33.677000Z</time>
      </trkpt>
      <trkpt lat="39.8684784" lon="116.6889361">
        <ele>23.04032</ele>
        <time>2026-09-23T22:49:37.658000Z</time>
      </trkpt>
      <trkpt lat="39.8683792" lon="116.6889374">
        <ele>23.01545</ele>
        <time>2026-09-23T22:49:41.639000Z</time>
      </trkpt>
      <trkpt lat="39.8682788" lon="116.6889137">
        <ele>22.98008</ele>
        <time>2026-09-23T22:49:45.619000Z</time>
      </trkpt>
      <trkpt lat="39.868174" lon="116.6888899">
        <ele>22.92262</ele>
        <time>2026-09-23T22:49:49.600000Z</time>
      </trkpt>
      <trkpt lat="39.8680717" lon="116.6888684">
        <ele>22.82542</ele>
        <time>2026-09-23T22:49:53.581000Z</time>
      </trkpt>
      <trkpt lat="39.8679729" lon="116.688856">
        <ele>22.70277</ele>
        <time>2026-09-23T22:49:57.562000Z</time>
      </trkpt>
      <trkpt lat="39.8678742" lon="116.68885">
        <ele>22.5699</ele>
        <time>2026-09-23T22:50:01.543000Z</time>
      </trkpt>
      <trkpt lat="39.8677762" lon="116.6888466">
        <ele>22.44075</ele>
        <time>2026-09-23T22:50:05.524000Z</time>
      </trkpt>
      <trkpt lat="39.8676777" lon="116.6888473">
        <ele>22.33253</ele>
        <time>2026-09-23T22:50:09.505000Z</time>
      </trkpt>
      <trkpt lat="39.8675802" lon="116.6888555">
        <ele>22.25951</ele>
        <time>2026-09-23T22:50:13.486000Z</time>
      </trkpt>
      <trkpt lat="39.8674807" lon="116.6888706">
        <ele>22.22408</ele>
        <time>2026-09-23T22:50:17.467000Z</time>
      </trkpt>
      <trkpt lat="39.867379" lon="116.688892">
        <ele>22.20926</ele>
        <time>2026-09-23T22:50:21.447000Z</time>
      </trkpt>
      <trkpt lat="39.867278" lon="116.6889152">
        <ele>22.20959</ele>
        <time>2026-09-23T22:50:25.428000Z</time>
      </trkpt>
      <trkpt lat="39.8671786" lon="116.6889465">
        <ele>22.22241</ele>
        <time>2026-09-23T22:50:29.409000Z</time>
      </trkpt>
      <trkpt lat="39.8670802" lon="116.688982">
        <ele>22.24978</ele>
        <time>2026-09-23T22:50:33.390000Z</time>
      </trkpt>
      <trkpt lat="39.8669801" lon="116.6890224">
        <ele>22.28792</ele>
        <time>2026-09-23T22:50:37.371000Z</time>
      </trkpt>
      <trkpt lat="39.8668797" lon="116.6890643">
        <ele>22.32718</ele>
        <time>2026-09-23T22:50:41.352000Z</time>
      </trkpt>
      <trkpt lat="39.8667843" lon="116.6891117">
        <ele>22.35843</ele>
        <time>2026-09-23T22:50:45.333000Z</time>
      </trkpt>
      <trkpt lat="39.8666884" lon="116.6891554">
        <ele>22.36764</ele>
        <time>2026-09-23T22:50:49.314000Z</time>
      </trkpt>
      <trkpt lat="39.866594" lon="116.6892044">
        <ele>22.3464</ele>
        <time>2026-09-23T22:50:53.295000Z</time>
      </trkpt>
      <trkpt lat="39.8665014" lon="116.6892515">
        <ele>22.30848</ele>
        <time>2026-09-23T22:50:57.275000Z</time>
      </trkpt>
      <trkpt lat="39.8664071" lon="116.6892943">
        <ele>22.27083</ele>
        <time>2026-09-23T22:51:01.256000Z</time>
      </trkpt>
      <trkpt lat="39.8663144" lon="116.6893363">
        <ele>22.20951</ele>
        <time>2026-09-23T22:51:05.237000Z</time>
      </trkpt>
      <trkpt lat="39.8662201" lon="116.6893851">
        <ele>22.08592</ele>
        <time>2026-09-23T22:51:09.218000Z</time>
      </trkpt>
      <trkpt lat="39.8661263" lon="116.6894314">
        <ele>21.89279</ele>
        <time>2026-09-23T22:51:13.199000Z</time>
      </trkpt>
      <trkpt lat="39.866036" lon="116.6894727">
        <ele>21.71737</ele>
        <time>2026-09-23T22:51:17Z</time>
      </trkpt>
      <trkpt lat="39.8659393" lon="116.6895165">
        <ele>21.65023</ele>
        <time>2026-09-23T22:51:21Z</time>
      </trkpt>
      <trkpt lat="39.8658409" lon="116.6895557">
        <ele>21.63801</ele>
        <time>2026-09-23T22:51:25Z</time>
      </trkpt>
      <trkpt lat="39.8657425" lon="116.6895861">
        <ele>21.60947</ele>
        <time>2026-09-23T22:51:29Z</time>
      </trkpt>
      <trkpt lat="39.8656467" lon="116.6896209">
        <ele>21.5895</ele>
        <time>2026-09-23T22:51:33Z</time>
      </trkpt>
      <trkpt lat="39.8655558" lon="116.689673">
        <ele>21.57649</ele>
        <time>2026-09-23T22:51:37Z</time>
      </trkpt>
      <trkpt lat="39.8654625" lon="116.6897193">
        <ele>21.56273</ele>
        <time>2026-09-23T22:51:41Z</time>
      </trkpt>
      <trkpt lat="39.865368" lon="116.6897688">
        <ele>21.54289</ele>
        <time>2026-09-23T22:51:45Z</time>
      </trkpt>
      <trkpt lat="39.8652747" lon="116.6898243">
        <ele>21.52321</ele>
        <time>2026-09-23T22:51:49Z</time>
      </trkpt>
      <trkpt lat="39.8651785" lon="116.6898752">
        <ele>21.54123</ele>
        <time>2026-09-23T22:51:53Z</time>
      </trkpt>
      <trkpt lat="39.8650797" lon="116.6899129">
        <ele>21.5743</ele>
        <time>2026-09-23T22:51:56.989000Z</time>
      </trkpt>
      <trkpt lat="39.8649814" lon="116.689951">
        <ele>21.56979</ele>
        <time>2026-09-23T22:52:00.970000Z</time>
      </trkpt>
      <trkpt lat="39.8648838" lon="116.6899895">
        <ele>21.53792</ele>
        <time>2026-09-23T22:52:04.951000Z</time>
      </trkpt>
      <trkpt lat="39.8647887" lon="116.6900291">
        <ele>21.50135</ele>
        <time>2026-09-23T22:52:08.931000Z</time>
      </trkpt>
      <trkpt lat="39.8646883" lon="116.690071">
        <ele>21.45344</ele>
        <time>2026-09-23T22:52:12.912000Z</time>
      </trkpt>
      <trkpt lat="39.8645888" lon="116.6901082">
        <ele>21.38581</ele>
        <time>2026-09-23T22:52:16.893000Z</time>
      </trkpt>
      <trkpt lat="39.8644888" lon="116.6901515">
        <ele>21.32477</ele>
        <time>2026-09-23T22:52:20.874000Z</time>
      </trkpt>
      <trkpt lat="39.8643941" lon="116.6902119">
        <ele>21.29322</ele>
        <time>2026-09-23T22:52:24.855000Z</time>
      </trkpt>
      <trkpt lat="39.8643" lon="116.6902719">
        <ele>21.28867</ele>
        <time>2026-09-23T22:52:28.836000Z</time>
      </trkpt>
      <trkpt lat="39.8642041" lon="116.6903171">
        <ele>21.30867</ele>
        <time>2026-09-23T22:52:32.817000Z</time>
      </trkpt>
      <trkpt lat="39.8641083" lon="116.6903634">
        <ele>21.34213</ele>
        <time>2026-09-23T22:52:36.797000Z</time>
      </trkpt>
      <trkpt lat="39.8640124" lon="116.6904156">
        <ele>21.3996</ele>
        <time>2026-09-23T22:52:40.778000Z</time>
      </trkpt>
      <trkpt lat="39.8639139" lon="116.6904654">
        <ele>21.48462</ele>
        <time>2026-09-23T22:52:44.759000Z</time>
      </trkpt>
      <trkpt lat="39.8638175" lon="116.6905128">
        <ele>21.56478</ele>
        <time>2026-09-23T22:52:48.740000Z</time>
      </trkpt>
      <trkpt lat="39.8637197" lon="116.6905525">
        <ele>21.58672</ele>
        <time>2026-09-23T22:52:52.721000Z</time>
      </trkpt>
      <trkpt lat="39.8636192" lon="116.6905851">
        <ele>21.54569</ele>
        <time>2026-09-23T22:52:56.702000Z</time>
      </trkpt>
      <trkpt lat="39.8635191" lon="116.6906243">
        <ele>21.45903</ele>
        <time>2026-09-23T22:53:00.683000Z</time>
      </trkpt>
      <trkpt lat="39.8634304" lon="116.6906841">
        <ele>21.36291</ele>
        <time>2026-09-23T22:53:04.663000Z</time>
      </trkpt>
      <trkpt lat="39.8633432" lon="116.6907399">
        <ele>21.31384</ele>
        <time>2026-09-23T22:53:08.644000Z</time>
      </trkpt>
      <trkpt lat="39.8632481" lon="116.6907806">
        <ele>21.32349</ele>
        <time>2026-09-23T22:53:12.625000Z</time>
      </trkpt>
      <trkpt lat="39.8631514" lon="116.6908159">
        <ele>21.37367</ele>
        <time>2026-09-23T22:53:16.606000Z</time>
      </trkpt>
      <trkpt lat="39.8630565" lon="116.6908546">
        <ele>21.44164</ele>
        <time>2026-09-23T22:53:20.587000Z</time>
      </trkpt>
      <trkpt lat="39.8629582" lon="116.690891">
        <ele>21.49935</ele>
        <time>2026-09-23T22:53:24.568000Z</time>
      </trkpt>
      <trkpt lat="39.8628624" lon="116.6909095">
        <ele>21.53298</ele>
        <time>2026-09-23T22:53:28.549000Z</time>
      </trkpt>
      <trkpt lat="39.8627722" lon="116.6908896">
        <ele>21.57593</ele>
        <time>2026-09-23T22:53:32.529000Z</time>
      </trkpt>
      <trkpt lat="39.8627038" lon="116.6908086">
        <ele>21.65138</ele>
        <time>2026-09-23T22:53:36.510000Z</time>
      </trkpt>
      <trkpt lat="39.8626678" lon="116.6906892">
        <ele>21.73638</ele>
        <time>2026-09-23T22:53:40.491000Z</time>
      </trkpt>
      <trkpt lat="39.8626418" lon="116.6905631">
        <ele>21.78669</ele>
        <time>2026-09-23T22:53:44.472000Z</time>
      </trkpt>
      <trkpt lat="39.8626121" lon="116.6904415">
        <ele>21.81038</ele>
        <time>2026-09-23T22:53:48.453000Z</time>
      </trkpt>
      <trkpt lat="39.8625786" lon="116.6903225">
        <ele>21.80285</ele>
        <time>2026-09-23T22:53:52.434000Z</time>
      </trkpt>
      <trkpt lat="39.8625402" lon="116.6901977">
        <ele>21.77971</ele>
        <time>2026-09-23T22:53:56.415000Z</time>
      </trkpt>
      <trkpt lat="39.8625075" lon="116.6900703">
        <ele>21.75451</ele>
        <time>2026-09-23T22:54:00.395000Z</time>
      </trkpt>
      <trkpt lat="39.8624736" lon="116.6899413">
        <ele>21.71284</ele>
        <time>2026-09-23T22:54:04.376000Z</time>
      </trkpt>
      <trkpt lat="39.8624353" lon="116.6898218">
        <ele>21.64475</ele>
        <time>2026-09-23T22:54:08.357000Z</time>
      </trkpt>
      <trkpt lat="39.8623944" lon="116.6897075">
        <ele>21.56683</ele>
        <time>2026-09-23T22:54:12.338000Z</time>
      </trkpt>
      <trkpt lat="39.8623517" lon="116.6895973">
        <ele>21.50134</ele>
        <time>2026-09-23T22:54:16.319000Z</time>
      </trkpt>
      <trkpt lat="39.8623004" lon="116.6894947">
        <ele>21.47539</ele>
        <time>2026-09-23T22:54:20.300000Z</time>
      </trkpt>
      <trkpt lat="39.8622479" lon="116.6893922">
        <ele>21.49586</ele>
        <time>2026-09-23T22:54:24.280000Z</time>
      </trkpt>
      <trkpt lat="39.8622035" lon="116.689289">
        <ele>21.57009</ele>
        <time>2026-09-23T22:54:28.261000Z</time>
      </trkpt>
      <trkpt lat="39.8621702" lon="116.6891777">
        <ele>21.67987</ele>
        <time>2026-09-23T22:54:32.242000Z</time>
      </trkpt>
      <trkpt lat="39.8621406" lon="116.6890439">
        <ele>21.827</ele>
        <time>2026-09-23T22:54:37.218000Z</time>
      </trkpt>
      <trkpt lat="39.8621092" lon="116.6889157">
        <ele>21.93799</ele>
        <time>2026-09-23T22:54:42Z</time>
      </trkpt>
      <trkpt lat="39.8620767" lon="116.6888015">
        <ele>21.98276</ele>
        <time>2026-09-23T22:54:46.175000Z</time>
      </trkpt>
      <trkpt lat="39.8620322" lon="116.6886673">
        <ele>22.02302</ele>
        <time>2026-09-23T22:54:51Z</time>
      </trkpt>
      <trkpt lat="39.8619916" lon="116.6885459">
        <ele>22.05962</ele>
        <time>2026-09-23T22:54:55.132000Z</time>
      </trkpt>
      <trkpt lat="39.8619535" lon="116.6884285">
        <ele>22.10618</ele>
        <time>2026-09-23T22:54:59.113000Z</time>
      </trkpt>
      <trkpt lat="39.8619148" lon="116.6883163">
        <ele>22.15984</ele>
        <time>2026-09-23T22:55:03.094000Z</time>
      </trkpt>
      <trkpt lat="39.8618744" lon="116.6882069">
        <ele>22.18953</ele>
        <time>2026-09-23T22:55:07.075000Z</time>
      </trkpt>
      <trkpt lat="39.8618479" lon="116.6880868">
        <ele>22.1578</ele>
        <time>2026-09-23T22:55:11.056000Z</time>
      </trkpt>
      <trkpt lat="39.8618285" lon="116.6879655">
        <ele>22.05744</ele>
        <time>2026-09-23T22:55:15.036000Z</time>
      </trkpt>
      <trkpt lat="39.8618093" lon="116.687843">
        <ele>21.93723</ele>
        <time>2026-09-23T22:55:19.017000Z</time>
      </trkpt>
      <trkpt lat="39.8617803" lon="116.6877214">
        <ele>21.84907</ele>
        <time>2026-09-23T22:55:22.998000Z</time>
      </trkpt>
      <trkpt lat="39.8617449" lon="116.6875998">
        <ele>21.79997</ele>
        <time>2026-09-23T22:55:26.979000Z</time>
      </trkpt>
      <trkpt lat="39.8617125" lon="116.68748">
        <ele>21.77866</ele>
        <time>2026-09-23T22:55:30.960000Z</time>
      </trkpt>
      <trkpt lat="39.861686" lon="116.6873613">
        <ele>21.7584</ele>
        <time>2026-09-23T22:55:34.941000Z</time>
      </trkpt>
      <trkpt lat="39.8616718" lon="116.6872366">
        <ele>21.71006</ele>
        <time>2026-09-23T22:55:38.922000Z</time>
      </trkpt>
      <trkpt lat="39.8616675" lon="116.6871056">
        <ele>21.65434</ele>
        <time>2026-09-23T22:55:42.902000Z</time>
      </trkpt>
      <trkpt lat="39.8616594" lon="116.6869762">
        <ele>21.62923</ele>
        <time>2026-09-23T22:55:46.883000Z</time>
      </trkpt>
      <trkpt lat="39.8616453" lon="116.6868482">
        <ele>21.65221</ele>
        <time>2026-09-23T22:55:50.864000Z</time>
      </trkpt>
      <trkpt lat="39.8616304" lon="116.6867186">
        <ele>21.70589</ele>
        <time>2026-09-23T22:55:54.845000Z</time>
      </trkpt>
      <trkpt lat="39.8616177" lon="116.6865922">
        <ele>21.72151</ele>
        <time>2026-09-23T22:55:58.826000Z</time>
      </trkpt>
      <trkpt lat="39.8616088" lon="116.686468">
        <ele>21.70377</ele>
        <time>2026-09-23T22:56:02.807000Z</time>
      </trkpt>
      <trkpt lat="39.8616018" lon="116.686343">
        <ele>21.70719</ele>
        <time>2026-09-23T22:56:06.788000Z</time>
      </trkpt>
      <trkpt lat="39.8616005" lon="116.6862194">
        <ele>21.75868</ele>
        <time>2026-09-23T22:56:10.768000Z</time>
      </trkpt>
      <trkpt lat="39.8615947" lon="116.6860973">
        <ele>21.85315</ele>
        <time>2026-09-23T22:56:14.749000Z</time>
      </trkpt>
      <trkpt lat="39.8615915" lon="116.6859749">
        <ele>21.98459</ele>
        <time>2026-09-23T22:56:18.730000Z</time>
      </trkpt>
      <trkpt lat="39.8615944" lon="116.6858546">
        <ele>22.13566</ele>
        <time>2026-09-23T22:56:22.711000Z</time>
      </trkpt>
      <trkpt lat="39.861599" lon="116.685732">
        <ele>22.26375</ele>
        <time>2026-09-23T22:56:26.692000Z</time>
      </trkpt>
      <trkpt lat="39.8615977" lon="116.6856047">
        <ele>22.34326</ele>
        <time>2026-09-23T22:56:30.673000Z</time>
      </trkpt>
      <trkpt lat="39.8615905" lon="116.6854755">
        <ele>22.41205</ele>
        <time>2026-09-23T22:56:34.654000Z</time>
      </trkpt>
      <trkpt lat="39.8615883" lon="116.6853467">
        <ele>22.48572</ele>
        <time>2026-09-23T22:56:38.634000Z</time>
      </trkpt>
      <trkpt lat="39.8615827" lon="116.6852186">
        <ele>22.57613</ele>
        <time>2026-09-23T22:56:42.615000Z</time>
      </trkpt>
      <trkpt lat="39.8615705" lon="116.685094">
        <ele>22.68141</ele>
        <time>2026-09-23T22:56:46.596000Z</time>
      </trkpt>
      <trkpt lat="39.8615564" lon="116.6849695">
        <ele>22.79442</ele>
        <time>2026-09-23T22:56:50.577000Z</time>
      </trkpt>
      <trkpt lat="39.8615474" lon="116.6848448">
        <ele>22.91058</ele>
        <time>2026-09-23T22:56:54.558000Z</time>
      </trkpt>
      <trkpt lat="39.8615437" lon="116.6847238">
        <ele>23.01254</ele>
        <time>2026-09-23T22:56:58.539000Z</time>
      </trkpt>
      <trkpt lat="39.8615445" lon="116.6845989">
        <ele>23.07929</ele>
        <time>2026-09-23T22:57:02.519000Z</time>
      </trkpt>
      <trkpt lat="39.8615413" lon="116.6844739">
        <ele>23.08623</ele>
        <time>2026-09-23T22:57:06.500000Z</time>
      </trkpt>
      <trkpt lat="39.8615395" lon="116.6843472">
        <ele>23.02985</ele>
        <time>2026-09-23T22:57:10.481000Z</time>
      </trkpt>
      <trkpt lat="39.8615417" lon="116.684223">
        <ele>22.90348</ele>
        <time>2026-09-23T22:57:14.462000Z</time>
      </trkpt>
      <trkpt lat="39.861548" lon="116.6841017">
        <ele>22.76882</ele>
        <time>2026-09-23T22:57:18.443000Z</time>
      </trkpt>
      <trkpt lat="39.8615541" lon="116.6839807">
        <ele>22.72083</ele>
        <time>2026-09-23T22:57:22.424000Z</time>
      </trkpt>
      <trkpt lat="39.861561" lon="116.6838615">
        <ele>22.77573</ele>
        <time>2026-09-23T22:57:26.405000Z</time>
      </trkpt>
      <trkpt lat="39.861557" lon="116.6837513">
        <ele>22.77038</ele>
        <time>2026-09-23T22:57:38.347000Z</time>
      </trkpt>
      <trkpt lat="39.8614545" lon="116.68378">
        <ele>22.79302</ele>
        <time>2026-09-23T22:57:43.323000Z</time>
      </trkpt>
      <trkpt lat="39.8613538" lon="116.6838053">
        <ele>22.82436</ele>
        <time>2026-09-23T22:57:47.304000Z</time>
      </trkpt>
      <trkpt lat="39.8612509" lon="116.6838274">
        <ele>22.83801</ele>
        <time>2026-09-23T22:57:51.285000Z</time>
      </trkpt>
      <trkpt lat="39.861146" lon="116.6838332">
        <ele>22.83514</ele>
        <time>2026-09-23T22:57:55.266000Z</time>
      </trkpt>
      <trkpt lat="39.861042" lon="116.6838242">
        <ele>22.82987</ele>
        <time>2026-09-23T22:57:59.247000Z</time>
      </trkpt>
      <trkpt lat="39.8609357" lon="116.6838021">
        <ele>22.82538</ele>
        <time>2026-09-23T22:58:03.227000Z</time>
      </trkpt>
      <trkpt lat="39.8608328" lon="116.683778">
        <ele>22.80127</ele>
        <time>2026-09-23T22:58:07.208000Z</time>
      </trkpt>
      <trkpt lat="39.8607357" lon="116.6837643">
        <ele>22.78079</ele>
        <time>2026-09-23T22:58:11.189000Z</time>
      </trkpt>
      <trkpt lat="39.860637" lon="116.683757">
        <ele>22.8161</ele>
        <time>2026-09-23T22:58:15.170000Z</time>
      </trkpt>
      <trkpt lat="39.8605375" lon="116.6837553">
        <ele>22.91227</ele>
        <time>2026-09-23T22:58:19.151000Z</time>
      </trkpt>
      <trkpt lat="39.8604331" lon="116.6837569">
        <ele>23.05519</ele>
        <time>2026-09-23T22:58:23.132000Z</time>
      </trkpt>
      <trkpt lat="39.8603268" lon="116.683757">
        <ele>23.22645</ele>
        <time>2026-09-23T22:58:27.112000Z</time>
      </trkpt>
      <trkpt lat="39.8602252" lon="116.6837476">
        <ele>23.38212</ele>
        <time>2026-09-23T22:58:31.093000Z</time>
      </trkpt>
      <trkpt lat="39.8601194" lon="116.6837442">
        <ele>23.50426</ele>
        <time>2026-09-23T22:58:35.074000Z</time>
      </trkpt>
      <trkpt lat="39.8600146" lon="116.683749">
        <ele>23.59058</ele>
        <time>2026-09-23T22:58:39.055000Z</time>
      </trkpt>
      <trkpt lat="39.8599108" lon="116.6837573">
        <ele>23.65916</ele>
        <time>2026-09-23T22:58:43.036000Z</time>
      </trkpt>
      <trkpt lat="39.8598089" lon="116.6837689">
        <ele>23.71913</ele>
        <time>2026-09-23T22:58:47.017000Z</time>
      </trkpt>
      <trkpt lat="39.8597049" lon="116.6837835">
        <ele>23.73577</ele>
        <time>2026-09-23T22:58:50.997000Z</time>
      </trkpt>
      <trkpt lat="39.8596023" lon="116.683793">
        <ele>23.69286</ele>
        <time>2026-09-23T22:58:54.978000Z</time>
      </trkpt>
      <trkpt lat="39.8595015" lon="116.6837901">
        <ele>23.59275</ele>
        <time>2026-09-23T22:58:58.959000Z</time>
      </trkpt>
      <trkpt lat="39.8594014" lon="116.6837844">
        <ele>23.47739</ele>
        <time>2026-09-23T22:59:02.940000Z</time>
      </trkpt>
      <trkpt lat="39.8593019" lon="116.683778">
        <ele>23.37078</ele>
        <time>2026-09-23T22:59:06.921000Z</time>
      </trkpt>
      <trkpt lat="39.8592061" lon="116.6837645">
        <ele>23.28255</ele>
        <time>2026-09-23T22:59:10.901000Z</time>
      </trkpt>
      <trkpt lat="39.8591148" lon="116.6837361">
        <ele>23.24257</ele>
        <time>2026-09-23T22:59:14.882000Z</time>
      </trkpt>
      <trkpt lat="39.8590524" lon="116.6836247">
        <ele>23.27783</ele>
        <time>2026-09-23T22:59:19.858000Z</time>
      </trkpt>
      <trkpt lat="39.8590386" lon="116.6834943">
        <ele>23.32202</ele>
        <time>2026-09-23T22:59:23.839000Z</time>
      </trkpt>
      <trkpt lat="39.8590317" lon="116.6833607">
        <ele>23.32731</ele>
        <time>2026-09-23T22:59:27.820000Z</time>
      </trkpt>
      <trkpt lat="39.8590262" lon="116.6832246">
        <ele>23.26833</ele>
        <time>2026-09-23T22:59:31.801000Z</time>
      </trkpt>
      <trkpt lat="39.8590109" lon="116.6830975">
        <ele>23.16644</ele>
        <time>2026-09-23T22:59:35.782000Z</time>
      </trkpt>
      <trkpt lat="39.8590016" lon="116.6829724">
        <ele>23.05533</ele>
        <time>2026-09-23T22:59:39.762000Z</time>
      </trkpt>
      <trkpt lat="39.8589973" lon="116.6828465">
        <ele>22.96079</ele>
        <time>2026-09-23T22:59:43.743000Z</time>
      </trkpt>
      <trkpt lat="39.858996" lon="116.6827185">
        <ele>22.89331</ele>
        <time>2026-09-23T22:59:47.724000Z</time>
      </trkpt>
      <trkpt lat="39.8590013" lon="116.6825879">
        <ele>22.84187</ele>
        <time>2026-09-23T22:59:51.705000Z</time>
      </trkpt>
      <trkpt lat="39.8590025" lon="116.6824559">
        <ele>22.78504</ele>
        <time>2026-09-23T22:59:55.686000Z</time>
      </trkpt>
      <trkpt lat="39.8589975" lon="116.6823251">
        <ele>22.72077</ele>
        <time>2026-09-23T22:59:59.666000Z</time>
      </trkpt>
      <trkpt lat="39.8589938" lon="116.6821899">
        <ele>22.65636</ele>
        <time>2026-09-23T23:00:03.647000Z</time>
      </trkpt>
      <trkpt lat="39.8589918" lon="116.6820546">
        <ele>22.63801</ele>
        <time>2026-09-23T23:00:07.628000Z</time>
      </trkpt>
      <trkpt lat="39.8589883" lon="116.6819171">
        <ele>22.7092</ele>
        <time>2026-09-23T23:00:11.609000Z</time>
      </trkpt>
      <trkpt lat="39.85899" lon="116.6817828">
        <ele>22.85664</ele>
        <time>2026-09-23T23:00:15.590000Z</time>
      </trkpt>
      <trkpt lat="39.858997" lon="116.6816561">
        <ele>23.04461</ele>
        <time>2026-09-23T23:00:19.571000Z</time>
      </trkpt>
      <trkpt lat="39.8590026" lon="116.6815272">
        <ele>23.21833</ele>
        <time>2026-09-23T23:00:23.551000Z</time>
      </trkpt>
      <trkpt lat="39.8590003" lon="116.6813922">
        <ele>23.31285</ele>
        <time>2026-09-23T23:00:27.532000Z</time>
      </trkpt>
      <trkpt lat="39.8589998" lon="116.6812575">
        <ele>23.3806</ele>
        <time>2026-09-23T23:00:31.513000Z</time>
      </trkpt>
      <trkpt lat="39.8590003" lon="116.6811263">
        <ele>23.48131</ele>
        <time>2026-09-23T23:00:35.494000Z</time>
      </trkpt>
      <trkpt lat="39.8590019" lon="116.6809929">
        <ele>23.59599</ele>
        <time>2026-09-23T23:00:39.475000Z</time>
      </trkpt>
      <trkpt lat="39.8589975" lon="116.6808647">
        <ele>23.65115</ele>
        <time>2026-09-23T23:00:43.455000Z</time>
      </trkpt>
      <trkpt lat="39.8589728" lon="116.6807475">
        <ele>23.61159</ele>
        <time>2026-09-23T23:00:47.436000Z</time>
      </trkpt>
      <trkpt lat="39.8589646" lon="116.6806266">
        <ele>23.49412</ele>
        <time>2026-09-23T23:00:51.417000Z</time>
      </trkpt>
      <trkpt lat="39.8589677" lon="116.6805023">
        <ele>23.32734</ele>
        <time>2026-09-23T23:00:55.398000Z</time>
      </trkpt>
      <trkpt lat="39.8589717" lon="116.680376">
        <ele>23.14108</ele>
        <time>2026-09-23T23:00:59.379000Z</time>
      </trkpt>
      <trkpt lat="39.8589727" lon="116.6802436">
        <ele>22.97179</ele>
        <time>2026-09-23T23:01:03.360000Z</time>
      </trkpt>
      <trkpt lat="39.8589763" lon="116.6801085">
        <ele>22.84904</ele>
        <time>2026-09-23T23:01:07.340000Z</time>
      </trkpt>
      <trkpt lat="39.8589832" lon="116.6799733">
        <ele>22.79301</ele>
        <time>2026-09-23T23:01:11.321000Z</time>
      </trkpt>
      <trkpt lat="39.8589931" lon="116.6798382">
        <ele>22.78629</ele>
        <time>2026-09-23T23:01:15.302000Z</time>
      </trkpt>
      <trkpt lat="39.8589914" lon="116.6797054">
        <ele>22.80277</ele>
        <time>2026-09-23T23:01:19.283000Z</time>
      </trkpt>
      <trkpt lat="39.858989" lon="116.6795707">
        <ele>22.80734</ele>
        <time>2026-09-23T23:01:23.264000Z</time>
      </trkpt>
      <trkpt lat="39.8590059" lon="116.6794307">
        <ele>22.81304</ele>
        <time>2026-09-23T23:01:27.245000Z</time>
      </trkpt>
      <trkpt lat="39.8590176" lon="116.6792925">
        <ele>22.83885</ele>
        <time>2026-09-23T23:01:31.225000Z</time>
      </trkpt>
      <trkpt lat="39.859016" lon="116.6791539">
        <ele>22.89885</ele>
        <time>2026-09-23T23:01:35.206000Z</time>
      </trkpt>
      <trkpt lat="39.8590111" lon="116.6790109">
        <ele>23.00668</ele>
        <time>2026-09-23T23:01:39.187000Z</time>
      </trkpt>
      <trkpt lat="39.8590102" lon="116.6788681">
        <ele>23.15857</ele>
        <time>2026-09-23T23:01:43.168000Z</time>
      </trkpt>
      <trkpt lat="39.8590126" lon="116.6787289">
        <ele>23.34008</ele>
        <time>2026-09-23T23:01:47.149000Z</time>
      </trkpt>
      <trkpt lat="39.8590155" lon="116.6785926">
        <ele>23.51783</ele>
        <time>2026-09-23T23:01:51.130000Z</time>
      </trkpt>
      <trkpt lat="39.8590051" lon="116.6784638">
        <ele>23.65981</ele>
        <time>2026-09-23T23:01:55Z</time>
      </trkpt>
      <trkpt lat="39.8589931" lon="116.6783299">
        <ele>23.75878</ele>
        <time>2026-09-23T23:01:59Z</time>
      </trkpt>
      <trkpt lat="39.8589884" lon="116.6781998">
        <ele>23.82995</ele>
        <time>2026-09-23T23:02:03Z</time>
      </trkpt>
      <trkpt lat="39.8589872" lon="116.6780691">
        <ele>23.87569</ele>
        <time>2026-09-23T23:02:07Z</time>
      </trkpt>
      <trkpt lat="39.8589927" lon="116.6779385">
        <ele>23.89173</ele>
        <time>2026-09-23T23:02:11Z</time>
      </trkpt>
      <trkpt lat="39.8590013" lon="116.6778072">
        <ele>23.88909</ele>
        <time>2026-09-23T23:02:15Z</time>
      </trkpt>
      <trkpt lat="39.8590059" lon="116.6776829">
        <ele>23.84221</ele>
        <time>2026-09-23T23:02:18.996000Z</time>
      </trkpt>
      <trkpt lat="39.8589978" lon="116.6775616">
        <ele>23.74451</ele>
        <time>2026-09-23T23:02:22.976000Z</time>
      </trkpt>
      <trkpt lat="39.858997" lon="116.6774397">
        <ele>23.63109</ele>
        <time>2026-09-23T23:02:26.957000Z</time>
      </trkpt>
      <trkpt lat="39.8589999" lon="116.6773143">
        <ele>23.51987</ele>
        <time>2026-09-23T23:02:30.938000Z</time>
      </trkpt>
      <trkpt lat="39.8590002" lon="116.677191">
        <ele>23.42832</ele>
        <time>2026-09-23T23:02:34.919000Z</time>
      </trkpt>
      <trkpt lat="39.8590014" lon="116.6770651">
        <ele>23.36222</ele>
        <time>2026-09-23T23:02:38.900000Z</time>
      </trkpt>
      <trkpt lat="39.8589977" lon="116.6769356">
        <ele>23.29308</ele>
        <time>2026-09-23T23:02:42.881000Z</time>
      </trkpt>
      <trkpt lat="39.8589984" lon="116.6768082">
        <ele>23.21055</ele>
        <time>2026-09-23T23:02:46.862000Z</time>
      </trkpt>
      <trkpt lat="39.8589954" lon="116.6766825">
        <ele>23.13617</ele>
        <time>2026-09-23T23:02:50.842000Z</time>
      </trkpt>
      <trkpt lat="39.8589919" lon="116.6765566">
        <ele>23.0693</ele>
        <time>2026-09-23T23:02:54.823000Z</time>
      </trkpt>
      <trkpt lat="39.8589918" lon="116.6764322">
        <ele>23.01672</ele>
        <time>2026-09-23T23:02:58.804000Z</time>
      </trkpt>
      <trkpt lat="39.8589944" lon="116.6763059">
        <ele>22.99396</ele>
        <time>2026-09-23T23:03:02.785000Z</time>
      </trkpt>
      <trkpt lat="39.8589979" lon="116.6761791">
        <ele>22.99782</ele>
        <time>2026-09-23T23:03:06.766000Z</time>
      </trkpt>
      <trkpt lat="39.8589984" lon="116.6760517">
        <ele>23.03612</ele>
        <time>2026-09-23T23:03:10.747000Z</time>
      </trkpt>
      <trkpt lat="39.8589973" lon="116.6759212">
        <ele>23.12856</ele>
        <time>2026-09-23T23:03:14.728000Z</time>
      </trkpt>
      <trkpt lat="39.8589916" lon="116.6757884">
        <ele>23.26418</ele>
        <time>2026-09-23T23:03:18.708000Z</time>
      </trkpt>
      <trkpt lat="39.8589876" lon="116.6756564">
        <ele>23.41312</ele>
        <time>2026-09-23T23:03:22.689000Z</time>
      </trkpt>
      <trkpt lat="39.8589763" lon="116.6755223">
        <ele>23.55761</ele>
        <time>2026-09-23T23:03:26.670000Z</time>
      </trkpt>
      <trkpt lat="39.8589655" lon="116.6753838">
        <ele>23.66652</ele>
        <time>2026-09-23T23:03:30.651000Z</time>
      </trkpt>
      <trkpt lat="39.8589697" lon="116.6752407">
        <ele>23.71337</ele>
        <time>2026-09-23T23:03:34.632000Z</time>
      </trkpt>
      <trkpt lat="39.8589762" lon="116.6750936">
        <ele>23.71095</ele>
        <time>2026-09-23T23:03:38.613000Z</time>
      </trkpt>
      <trkpt lat="39.8589762" lon="116.6749472">
        <ele>23.66901</ele>
        <time>2026-09-23T23:03:42.594000Z</time>
      </trkpt>
      <trkpt lat="39.858982" lon="116.6748003">
        <ele>23.58551</ele>
        <time>2026-09-23T23:03:46.574000Z</time>
      </trkpt>
      <trkpt lat="39.8589898" lon="116.6746557">
        <ele>23.49196</ele>
        <time>2026-09-23T23:03:50.555000Z</time>
      </trkpt>
      <trkpt lat="39.8590042" lon="116.6745147">
        <ele>23.40268</ele>
        <time>2026-09-23T23:03:54.536000Z</time>
      </trkpt>
      <trkpt lat="39.859011" lon="116.6743779">
        <ele>23.31647</ele>
        <time>2026-09-23T23:03:58.517000Z</time>
      </trkpt>
      <trkpt lat="39.8590071" lon="116.6742424">
        <ele>23.24538</ele>
        <time>2026-09-23T23:04:02.498000Z</time>
      </trkpt>
      <trkpt lat="39.8590063" lon="116.6741106">
        <ele>23.19235</ele>
        <time>2026-09-23T23:04:06.479000Z</time>
      </trkpt>
      <trkpt lat="39.8590177" lon="116.6739804">
        <ele>23.14181</ele>
        <time>2026-09-23T23:04:10.460000Z</time>
      </trkpt>
      <trkpt lat="39.8590145" lon="116.6738502">
        <ele>23.0684</ele>
        <time>2026-09-23T23:04:14.441000Z</time>
      </trkpt>
      <trkpt lat="39.8589967" lon="116.6737261">
        <ele>22.97415</ele>
        <time>2026-09-23T23:04:18.421000Z</time>
      </trkpt>
      <trkpt lat="39.8589712" lon="116.6736073">
        <ele>22.86606</ele>
        <time>2026-09-23T23:04:22.402000Z</time>
      </trkpt>
      <trkpt lat="39.8589707" lon="116.6734807">
        <ele>22.7602</ele>
        <time>2026-09-23T23:04:26.383000Z</time>
      </trkpt>
      <trkpt lat="39.8589703" lon="116.6733494">
        <ele>22.65945</ele>
        <time>2026-09-23T23:04:30.364000Z</time>
      </trkpt>
      <trkpt lat="39.8589718" lon="116.6732155">
        <ele>22.58129</ele>
        <time>2026-09-23T23:04:34.345000Z</time>
      </trkpt>
      <trkpt lat="39.8589764" lon="116.6730786">
        <ele>22.53068</ele>
        <time>2026-09-23T23:04:38.326000Z</time>
      </trkpt>
      <trkpt lat="39.8589793" lon="116.6729384">
        <ele>22.49107</ele>
        <time>2026-09-23T23:04:42.307000Z</time>
      </trkpt>
      <trkpt lat="39.8589819" lon="116.6727994">
        <ele>22.45033</ele>
        <time>2026-09-23T23:04:46.288000Z</time>
      </trkpt>
      <trkpt lat="39.8589912" lon="116.672659">
        <ele>22.41604</ele>
        <time>2026-09-23T23:04:50.268000Z</time>
      </trkpt>
      <trkpt lat="39.8590084" lon="116.6725145">
        <ele>22.38631</ele>
        <time>2026-09-23T23:04:54.249000Z</time>
      </trkpt>
      <trkpt lat="39.8590209" lon="116.6723703">
        <ele>22.38247</ele>
        <time>2026-09-23T23:04:58.230000Z</time>
      </trkpt>
      <trkpt lat="39.8590243" lon="116.6722301">
        <ele>22.40759</ele>
        <time>2026-09-23T23:05:02.211000Z</time>
      </trkpt>
      <trkpt lat="39.8590301" lon="116.6720934">
        <ele>22.45214</ele>
        <time>2026-09-23T23:05:06.192000Z</time>
      </trkpt>
      <trkpt lat="39.8590361" lon="116.6719615">
        <ele>22.51637</ele>
        <time>2026-09-23T23:05:10.173000Z</time>
      </trkpt>
      <trkpt lat="39.859042" lon="116.6718132">
        <ele>22.5862</ele>
        <time>2026-09-23T23:05:14.154000Z</time>
      </trkpt>
      <trkpt lat="39.8590473" lon="116.6716671">
        <ele>22.65864</ele>
        <time>2026-09-23T23:05:18.135000Z</time>
      </trkpt>
      <trkpt lat="39.859058" lon="116.6715275">
        <ele>22.77013</ele>
        <time>2026-09-23T23:05:22.116000Z</time>
      </trkpt>
      <trkpt lat="39.8590673" lon="116.671388">
        <ele>22.92804</ele>
        <time>2026-09-23T23:05:26.096000Z</time>
      </trkpt>
      <trkpt lat="39.859057" lon="116.6712579">
        <ele>23.11981</ele>
        <time>2026-09-23T23:05:30.077000Z</time>
      </trkpt>
      <trkpt lat="39.8590419" lon="116.6711312">
        <ele>23.32828</ele>
        <time>2026-09-23T23:05:34.058000Z</time>
      </trkpt>
      <trkpt lat="39.8590408" lon="116.6709994">
        <ele>23.39742</ele>
        <time>2026-09-23T23:05:38.039000Z</time>
      </trkpt>
      <trkpt lat="39.8590448" lon="116.6708631">
        <ele>23.33415</ele>
        <time>2026-09-23T23:05:42.020000Z</time>
      </trkpt>
      <trkpt lat="39.8590407" lon="116.6707284">
        <ele>23.24558</ele>
        <time>2026-09-23T23:05:46.001000Z</time>
      </trkpt>
      <trkpt lat="39.8590352" lon="116.6705938">
        <ele>23.07282</ele>
        <time>2026-09-23T23:05:49.982000Z</time>
      </trkpt>
      <trkpt lat="39.8590356" lon="116.6704582">
        <ele>22.92208</ele>
        <time>2026-09-23T23:05:53.963000Z</time>
      </trkpt>
      <trkpt lat="39.8590346" lon="116.6703222">
        <ele>22.84314</ele>
        <time>2026-09-23T23:05:57.944000Z</time>
      </trkpt>
      <trkpt lat="39.8590397" lon="116.6701872">
        <ele>22.83381</ele>
        <time>2026-09-23T23:06:01.924000Z</time>
      </trkpt>
      <trkpt lat="39.8590533" lon="116.6700537">
        <ele>22.84712</ele>
        <time>2026-09-23T23:06:05.905000Z</time>
      </trkpt>
      <trkpt lat="39.8590553" lon="116.6699198">
        <ele>22.85096</ele>
        <time>2026-09-23T23:06:09.886000Z</time>
      </trkpt>
      <trkpt lat="39.8590457" lon="116.6697871">
        <ele>22.84921</ele>
        <time>2026-09-23T23:06:13.867000Z</time>
      </trkpt>
      <trkpt lat="39.8590339" lon="116.6696559">
        <ele>22.87854</ele>
        <time>2026-09-23T23:06:17.848000Z</time>
      </trkpt>
      <trkpt lat="39.859025" lon="116.669526">
        <ele>22.98429</ele>
        <time>2026-09-23T23:06:21.829000Z</time>
      </trkpt>
      <trkpt lat="39.8590237" lon="116.6693953">
        <ele>23.12639</ele>
        <time>2026-09-23T23:06:25.810000Z</time>
      </trkpt>
      <trkpt lat="39.8590261" lon="116.6692575">
        <ele>23.21469</ele>
        <time>2026-09-23T23:06:29.791000Z</time>
      </trkpt>
      <trkpt lat="39.859034" lon="116.6691175">
        <ele>23.22835</ele>
        <time>2026-09-23T23:06:33.772000Z</time>
      </trkpt>
      <trkpt lat="39.8590341" lon="116.6689775">
        <ele>23.18683</ele>
        <time>2026-09-23T23:06:37.752000Z</time>
      </trkpt>
      <trkpt lat="39.8590289" lon="116.6688386">
        <ele>23.12167</ele>
        <time>2026-09-23T23:06:41.733000Z</time>
      </trkpt>
      <trkpt lat="39.8590255" lon="116.6686982">
        <ele>23.07154</ele>
        <time>2026-09-23T23:06:45.714000Z</time>
      </trkpt>
      <trkpt lat="39.8590285" lon="116.6685607">
        <ele>23.06886</ele>
        <time>2026-09-23T23:06:49.695000Z</time>
      </trkpt>
      <trkpt lat="39.8590171" lon="116.6684259">
        <ele>23.11851</ele>
        <time>2026-09-23T23:06:53.676000Z</time>
      </trkpt>
      <trkpt lat="39.8590107" lon="116.6682905">
        <ele>23.20935</ele>
        <time>2026-09-23T23:06:57.657000Z</time>
      </trkpt>
      <trkpt lat="39.8590154" lon="116.6681491">
        <ele>23.28622</ele>
        <time>2026-09-23T23:07:01.638000Z</time>
      </trkpt>
      <trkpt lat="39.8590151" lon="116.668005">
        <ele>23.32534</ele>
        <time>2026-09-23T23:07:05.619000Z</time>
      </trkpt>
      <trkpt lat="39.8590137" lon="116.6678535">
        <ele>23.34974</ele>
        <time>2026-09-23T23:07:09.600000Z</time>
      </trkpt>
      <trkpt lat="39.8590235" lon="116.6676999">
        <ele>23.36196</ele>
        <time>2026-09-23T23:07:13.580000Z</time>
      </trkpt>
      <trkpt lat="39.8590296" lon="116.667549">
        <ele>23.3447</ele>
        <time>2026-09-23T23:07:17.561000Z</time>
      </trkpt>
      <trkpt lat="39.8590287" lon="116.6673991">
        <ele>23.27439</ele>
        <time>2026-09-23T23:07:21.542000Z</time>
      </trkpt>
      <trkpt lat="39.8590283" lon="116.6672528">
        <ele>23.18701</ele>
        <time>2026-09-23T23:07:25.523000Z</time>
      </trkpt>
      <trkpt lat="39.859025" lon="116.6671039">
        <ele>23.1232</ele>
        <time>2026-09-23T23:07:29.504000Z</time>
      </trkpt>
      <trkpt lat="39.8590342" lon="116.6669676">
        <ele>23.08265</ele>
        <time>2026-09-23T23:07:33.485000Z</time>
      </trkpt>
      <trkpt lat="39.8590384" lon="116.666839">
        <ele>23.03958</ele>
        <time>2026-09-23T23:07:37.466000Z</time>
      </trkpt>
      <trkpt lat="39.8590373" lon="116.6667083">
        <ele>22.96635</ele>
        <time>2026-09-23T23:07:41.447000Z</time>
      </trkpt>
      <trkpt lat="39.859038" lon="116.6665761">
        <ele>22.87439</ele>
        <time>2026-09-23T23:07:45.428000Z</time>
      </trkpt>
      <trkpt lat="39.8590403" lon="116.6664445">
        <ele>22.81095</ele>
        <time>2026-09-23T23:07:49.409000Z</time>
      </trkpt>
      <trkpt lat="39.8590354" lon="116.6663114">
        <ele>22.8199</ele>
        <time>2026-09-23T23:07:53.389000Z</time>
      </trkpt>
      <trkpt lat="39.859027" lon="116.6661759">
        <ele>22.88184</ele>
        <time>2026-09-23T23:07:57.370000Z</time>
      </trkpt>
      <trkpt lat="39.8590278" lon="116.6660396">
        <ele>22.94486</ele>
        <time>2026-09-23T23:08:01.351000Z</time>
      </trkpt>
      <trkpt lat="39.8590345" lon="116.6658985">
        <ele>22.97643</ele>
        <time>2026-09-23T23:08:05.332000Z</time>
      </trkpt>
      <trkpt lat="39.8590492" lon="116.6657576">
        <ele>22.96957</ele>
        <time>2026-09-23T23:08:09.313000Z</time>
      </trkpt>
      <trkpt lat="39.8590571" lon="116.6656123">
        <ele>22.96573</ele>
        <time>2026-09-23T23:08:13.294000Z</time>
      </trkpt>
      <trkpt lat="39.8590585" lon="116.6654652">
        <ele>22.99128</ele>
        <time>2026-09-23T23:08:17.275000Z</time>
      </trkpt>
      <trkpt lat="39.8590609" lon="116.6653223">
        <ele>23.06507</ele>
        <time>2026-09-23T23:08:21.256000Z</time>
      </trkpt>
      <trkpt lat="39.8590641" lon="116.665181">
        <ele>23.22932</ele>
        <time>2026-09-23T23:08:25.237000Z</time>
      </trkpt>
      <trkpt lat="39.8590673" lon="116.6650395">
        <ele>23.52079</ele>
        <time>2026-09-23T23:08:29.217000Z</time>
      </trkpt>
      <trkpt lat="39.8590536" lon="116.6649041">
        <ele>23.88684</ele>
        <time>2026-09-23T23:08:33.198000Z</time>
      </trkpt>
      <trkpt lat="39.8590405" lon="116.6647735">
        <ele>24.19974</ele>
        <time>2026-09-23T23:08:37.179000Z</time>
      </trkpt>
      <trkpt lat="39.8590438" lon="116.6646297">
        <ele>24.4572</ele>
        <time>2026-09-23T23:08:41.160000Z</time>
      </trkpt>
      <trkpt lat="39.8590502" lon="116.6644853">
        <ele>24.70923</ele>
        <time>2026-09-23T23:08:45.141000Z</time>
      </trkpt>
      <trkpt lat="39.8590613" lon="116.6643391">
        <ele>24.95215</ele>
        <time>2026-09-23T23:08:49.122000Z</time>
      </trkpt>
      <trkpt lat="39.8590721" lon="116.664197">
        <ele>25.15232</ele>
        <time>2026-09-23T23:08:53.103000Z</time>
      </trkpt>
      <trkpt lat="39.8590769" lon="116.6640537">
        <ele>25.27136</ele>
        <time>2026-09-23T23:08:57.084000Z</time>
      </trkpt>
      <trkpt lat="39.8590792" lon="116.6639137">
        <ele>25.32259</ele>
        <time>2026-09-23T23:09:01.065000Z</time>
      </trkpt>
      <trkpt lat="39.8590817" lon="116.6637733">
        <ele>25.31393</ele>
        <time>2026-09-23T23:09:05.045000Z</time>
      </trkpt>
      <trkpt lat="39.8590808" lon="116.6636301">
        <ele>25.30447</ele>
        <time>2026-09-23T23:09:09.026000Z</time>
      </trkpt>
      <trkpt lat="39.8590772" lon="116.6634866">
        <ele>25.33394</ele>
        <time>2026-09-23T23:09:13.007000Z</time>
      </trkpt>
      <trkpt lat="39.8590693" lon="116.6633424">
        <ele>25.39793</ele>
        <time>2026-09-23T23:09:16.988000Z</time>
      </trkpt>
      <trkpt lat="39.8590635" lon="116.6631943">
        <ele>25.47713</ele>
        <time>2026-09-23T23:09:20.969000Z</time>
      </trkpt>
      <trkpt lat="39.8590637" lon="116.6630406">
        <ele>25.55034</ele>
        <time>2026-09-23T23:09:24.950000Z</time>
      </trkpt>
      <trkpt lat="39.8590595" lon="116.6628855">
        <ele>25.59315</ele>
        <time>2026-09-23T23:09:28.931000Z</time>
      </trkpt>
      <trkpt lat="39.8590497" lon="116.6627335">
        <ele>25.59425</ele>
        <time>2026-09-23T23:09:32.912000Z</time>
      </trkpt>
      <trkpt lat="39.8590476" lon="116.6625937">
        <ele>25.56321</ele>
        <time>2026-09-23T23:09:36.892000Z</time>
      </trkpt>
      <trkpt lat="39.8590354" lon="116.6624631">
        <ele>25.54048</ele>
        <time>2026-09-23T23:09:40.873000Z</time>
      </trkpt>
      <trkpt lat="39.859031" lon="116.6623272">
        <ele>25.59221</ele>
        <time>2026-09-23T23:09:44.854000Z</time>
      </trkpt>
      <trkpt lat="39.8590293" lon="116.6621819">
        <ele>25.704</ele>
        <time>2026-09-23T23:09:48.835000Z</time>
      </trkpt>
      <trkpt lat="39.8590215" lon="116.6620414">
        <ele>25.78863</ele>
        <time>2026-09-23T23:09:52.816000Z</time>
      </trkpt>
      <trkpt lat="39.8590194" lon="116.6618976">
        <ele>25.81348</ele>
        <time>2026-09-23T23:09:56.797000Z</time>
      </trkpt>
      <trkpt lat="39.8590229" lon="116.6617581">
        <ele>25.80035</ele>
        <time>2026-09-23T23:10:00.778000Z</time>
      </trkpt>
      <trkpt lat="39.8590285" lon="116.6616228">
        <ele>25.78619</ele>
        <time>2026-09-23T23:10:04.759000Z</time>
      </trkpt>
      <trkpt lat="39.8590299" lon="116.6614878">
        <ele>25.82008</ele>
        <time>2026-09-23T23:10:08.740000Z</time>
      </trkpt>
      <trkpt lat="39.8590338" lon="116.6613495">
        <ele>25.89804</ele>
        <time>2026-09-23T23:10:12.720000Z</time>
      </trkpt>
      <trkpt lat="39.8590363" lon="116.6612117">
        <ele>25.98381</ele>
        <time>2026-09-23T23:10:16.701000Z</time>
      </trkpt>
      <trkpt lat="39.859036" lon="116.661074">
        <ele>26.05338</ele>
        <time>2026-09-23T23:10:20.682000Z</time>
      </trkpt>
      <trkpt lat="39.8590379" lon="116.6609425">
        <ele>26.07654</ele>
        <time>2026-09-23T23:10:24.663000Z</time>
      </trkpt>
      <trkpt lat="39.8590406" lon="116.6608071">
        <ele>26.05805</ele>
        <time>2026-09-23T23:10:28.644000Z</time>
      </trkpt>
      <trkpt lat="39.859045" lon="116.6606641">
        <ele>25.99668</ele>
        <time>2026-09-23T23:10:32.625000Z</time>
      </trkpt>
      <trkpt lat="39.8590452" lon="116.6605188">
        <ele>25.89404</ele>
        <time>2026-09-23T23:10:36.606000Z</time>
      </trkpt>
      <trkpt lat="39.8590428" lon="116.6603799">
        <ele>25.79569</ele>
        <time>2026-09-23T23:10:40.587000Z</time>
      </trkpt>
      <trkpt lat="39.8590411" lon="116.6602428">
        <ele>25.71284</ele>
        <time>2026-09-23T23:10:44.567000Z</time>
      </trkpt>
      <trkpt lat="39.8590414" lon="116.6601057">
        <ele>25.66786</ele>
        <time>2026-09-23T23:10:48.548000Z</time>
      </trkpt>
      <trkpt lat="39.8590383" lon="116.6599643">
        <ele>25.64584</ele>
        <time>2026-09-23T23:10:52.529000Z</time>
      </trkpt>
      <trkpt lat="39.859035" lon="116.6598214">
        <ele>25.60325</ele>
        <time>2026-09-23T23:10:56.510000Z</time>
      </trkpt>
      <trkpt lat="39.8590338" lon="116.6596782">
        <ele>25.51984</ele>
        <time>2026-09-23T23:11:00.491000Z</time>
      </trkpt>
      <trkpt lat="39.8590374" lon="116.6595382">
        <ele>25.40946</ele>
        <time>2026-09-23T23:11:04.472000Z</time>
      </trkpt>
      <trkpt lat="39.8590412" lon="116.659399">
        <ele>25.2654</ele>
        <time>2026-09-23T23:11:08.453000Z</time>
      </trkpt>
      <trkpt lat="39.8590456" lon="116.6592639">
        <ele>25.08757</ele>
        <time>2026-09-23T23:11:12.433000Z</time>
      </trkpt>
      <trkpt lat="39.8590494" lon="116.6591276">
        <ele>24.87793</ele>
        <time>2026-09-23T23:11:16.414000Z</time>
      </trkpt>
      <trkpt lat="39.8590559" lon="116.6589918">
        <ele>24.63398</ele>
        <time>2026-09-23T23:11:20.395000Z</time>
      </trkpt>
      <trkpt lat="39.8590597" lon="116.6588502">
        <ele>24.39614</ele>
        <time>2026-09-23T23:11:24.376000Z</time>
      </trkpt>
      <trkpt lat="39.85906" lon="116.6587072">
        <ele>24.25958</ele>
        <time>2026-09-23T23:11:28.357000Z</time>
      </trkpt>
      <trkpt lat="39.85906" lon="116.6585656">
        <ele>24.27071</ele>
        <time>2026-09-23T23:11:32.338000Z</time>
      </trkpt>
      <trkpt lat="39.8590629" lon="116.6584267">
        <ele>24.38012</ele>
        <time>2026-09-23T23:11:36.319000Z</time>
      </trkpt>
      <trkpt lat="39.8590679" lon="116.6582879">
        <ele>24.54606</ele>
        <time>2026-09-23T23:11:40.300000Z</time>
      </trkpt>
      <trkpt lat="39.8590725" lon="116.6581532">
        <ele>24.75273</ele>
        <time>2026-09-23T23:11:44.280000Z</time>
      </trkpt>
      <trkpt lat="39.8590737" lon="116.6580113">
        <ele>24.96011</ele>
        <time>2026-09-23T23:11:48.261000Z</time>
      </trkpt>
      <trkpt lat="39.8590739" lon="116.6578654">
        <ele>25.13285</ele>
        <time>2026-09-23T23:11:52.242000Z</time>
      </trkpt>
      <trkpt lat="39.8590796" lon="116.6577139">
        <ele>25.22852</ele>
        <time>2026-09-23T23:11:56.223000Z</time>
      </trkpt>
      <trkpt lat="39.8590842" lon="116.6575706">
        <ele>25.16241</ele>
        <time>2026-09-23T23:12:00.204000Z</time>
      </trkpt>
      <trkpt lat="39.8590826" lon="116.6574275">
        <ele>24.89489</ele>
        <time>2026-09-23T23:12:04.185000Z</time>
      </trkpt>
      <trkpt lat="39.8590754" lon="116.6572874">
        <ele>24.44838</ele>
        <time>2026-09-23T23:12:08.166000Z</time>
      </trkpt>
      <trkpt lat="39.8590568" lon="116.6571653">
        <ele>24.05619</ele>
        <time>2026-09-23T23:12:12Z</time>
      </trkpt>
      <trkpt lat="39.8590491" lon="116.6570374">
        <ele>23.92959</ele>
        <time>2026-09-23T23:12:16Z</time>
      </trkpt>
      <trkpt lat="39.8590483" lon="116.6568929">
        <ele>23.93187</ele>
        <time>2026-09-23T23:12:20Z</time>
      </trkpt>
      <trkpt lat="39.8590471" lon="116.6567516">
        <ele>23.96217</ele>
        <time>2026-09-23T23:12:24Z</time>
      </trkpt>
      <trkpt lat="39.8590428" lon="116.6566129">
        <ele>23.9947</ele>
        <time>2026-09-23T23:12:28Z</time>
      </trkpt>
      <trkpt lat="39.85904" lon="116.6564688">
        <ele>23.99184</ele>
        <time>2026-09-23T23:12:32Z</time>
      </trkpt>
      <trkpt lat="39.8590383" lon="116.6563237">
        <ele>23.99113</ele>
        <time>2026-09-23T23:12:36Z</time>
      </trkpt>
      <trkpt lat="39.8590403" lon="116.6561838">
        <ele>24.08407</ele>
        <time>2026-09-23T23:12:40Z</time>
      </trkpt>
      <trkpt lat="39.8590419" lon="116.6560465">
        <ele>24.30529</ele>
        <time>2026-09-23T23:12:43.994000Z</time>
      </trkpt>
      <trkpt lat="39.8590407" lon="116.6559083">
        <ele>24.5115</ele>
        <time>2026-09-23T23:12:47.975000Z</time>
      </trkpt>
      <trkpt lat="39.8590392" lon="116.6557702">
        <ele>24.64269</ele>
        <time>2026-09-23T23:12:51.956000Z</time>
      </trkpt>
      <trkpt lat="39.8590418" lon="116.6556336">
        <ele>24.70374</ele>
        <time>2026-09-23T23:12:55.937000Z</time>
      </trkpt>
      <trkpt lat="39.8590481" lon="116.6554959">
        <ele>24.70183</ele>
        <time>2026-09-23T23:12:59.917000Z</time>
      </trkpt>
      <trkpt lat="39.8590564" lon="116.6553565">
        <ele>24.65435</ele>
        <time>2026-09-23T23:13:03.898000Z</time>
      </trkpt>
      <trkpt lat="39.8590618" lon="116.6552174">
        <ele>24.60252</ele>
        <time>2026-09-23T23:13:07.879000Z</time>
      </trkpt>
      <trkpt lat="39.859066" lon="116.6550782">
        <ele>24.57072</ele>
        <time>2026-09-23T23:13:11.860000Z</time>
      </trkpt>
      <trkpt lat="39.859067" lon="116.6549355">
        <ele>24.54266</ele>
        <time>2026-09-23T23:13:15.841000Z</time>
      </trkpt>
      <trkpt lat="39.8590622" lon="116.6547907">
        <ele>24.53379</ele>
        <time>2026-09-23T23:13:19.822000Z</time>
      </trkpt>
      <trkpt lat="39.8590577" lon="116.6546412">
        <ele>24.58523</ele>
        <time>2026-09-23T23:13:23.803000Z</time>
      </trkpt>
      <trkpt lat="39.8590571" lon="116.6544874">
        <ele>24.69622</ele>
        <time>2026-09-23T23:13:27.784000Z</time>
      </trkpt>
      <trkpt lat="39.8590603" lon="116.6543357">
        <ele>24.8297</ele>
        <time>2026-09-23T23:13:31.765000Z</time>
      </trkpt>
      <trkpt lat="39.8590629" lon="116.6542189">
        <ele>24.91753</ele>
        <time>2026-09-23T23:13:34.750000Z</time>
      </trkpt>
      <trkpt lat="39.8590609" lon="116.6540961">
        <ele>24.98416</ele>
        <time>2026-09-23T23:13:37.736000Z</time>
      </trkpt>
      <trkpt lat="39.8590553" lon="116.6539737">
        <ele>25.03765</ele>
        <time>2026-09-23T23:13:40.722000Z</time>
      </trkpt>
      <trkpt lat="39.8590509" lon="116.6538205">
        <ele>25.09051</ele>
        <time>2026-09-23T23:13:44.702000Z</time>
      </trkpt>
      <trkpt lat="39.8590504" lon="116.6536751">
        <ele>25.09125</ele>
        <time>2026-09-23T23:13:48.683000Z</time>
      </trkpt>
      <trkpt lat="39.8590579" lon="116.6535282">
        <ele>25.06723</ele>
        <time>2026-09-23T23:13:52.664000Z</time>
      </trkpt>
      <trkpt lat="39.8590677" lon="116.6533852">
        <ele>25.03437</ele>
        <time>2026-09-23T23:13:56.645000Z</time>
      </trkpt>
      <trkpt lat="39.8590735" lon="116.6532466">
        <ele>24.9951</ele>
        <time>2026-09-23T23:14:00.626000Z</time>
      </trkpt>
      <trkpt lat="39.8590671" lon="116.6531152">
        <ele>25.00356</ele>
        <time>2026-09-23T23:14:04.607000Z</time>
      </trkpt>
      <trkpt lat="39.8590668" lon="116.6529846">
        <ele>25.0955</ele>
        <time>2026-09-23T23:14:08.588000Z</time>
      </trkpt>
      <trkpt lat="39.8590653" lon="116.6528457">
        <ele>25.23855</ele>
        <time>2026-09-23T23:14:12.569000Z</time>
      </trkpt>
      <trkpt lat="39.8590577" lon="116.6527058">
        <ele>25.37412</ele>
        <time>2026-09-23T23:14:16.549000Z</time>
      </trkpt>
      <trkpt lat="39.8590521" lon="116.6525713">
        <ele>25.47865</ele>
        <time>2026-09-23T23:14:20.530000Z</time>
      </trkpt>
      <trkpt lat="39.859042" lon="116.6524346">
        <ele>25.58158</ele>
        <time>2026-09-23T23:14:24.511000Z</time>
      </trkpt>
      <trkpt lat="39.8590307" lon="116.6522957">
        <ele>25.67544</ele>
        <time>2026-09-23T23:14:28.492000Z</time>
      </trkpt>
      <trkpt lat="39.8590244" lon="116.6521487">
        <ele>25.70597</ele>
        <time>2026-09-23T23:14:32.473000Z</time>
      </trkpt>
      <trkpt lat="39.8590352" lon="116.6520055">
        <ele>25.67368</ele>
        <time>2026-09-23T23:14:36.454000Z</time>
      </trkpt>
      <trkpt lat="39.8591007" lon="116.6518921">
        <ele>25.59441</ele>
        <time>2026-09-23T23:14:40.435000Z</time>
      </trkpt>
      <trkpt lat="39.8592107" lon="116.6518455">
        <ele>25.4742</ele>
        <time>2026-09-23T23:14:44.415000Z</time>
      </trkpt>
      <trkpt lat="39.8593258" lon="116.6518454">
        <ele>25.38355</ele>
        <time>2026-09-23T23:14:48.396000Z</time>
      </trkpt>
      <trkpt lat="39.8594336" lon="116.6518525">
        <ele>25.39374</ele>
        <time>2026-09-23T23:14:52.377000Z</time>
      </trkpt>
      <trkpt lat="39.8595407" lon="116.6518539">
        <ele>25.49824</ele>
        <time>2026-09-23T23:14:56.358000Z</time>
      </trkpt>
      <trkpt lat="39.8596482" lon="116.6518486">
        <ele>25.61173</ele>
        <time>2026-09-23T23:15:00.339000Z</time>
      </trkpt>
      <trkpt lat="39.8597577" lon="116.6518432">
        <ele>25.69027</ele>
        <time>2026-09-23T23:15:04.320000Z</time>
      </trkpt>
      <trkpt lat="39.8598689" lon="116.6518387">
        <ele>25.72205</ele>
        <time>2026-09-23T23:15:08.301000Z</time>
      </trkpt>
      <trkpt lat="39.8599818" lon="116.6518351">
        <ele>25.7035</ele>
        <time>2026-09-23T23:15:12.281000Z</time>
      </trkpt>
      <trkpt lat="39.8600976" lon="116.6518327">
        <ele>25.64691</ele>
        <time>2026-09-23T23:15:16.262000Z</time>
      </trkpt>
      <trkpt lat="39.8601884" lon="116.6518325">
        <ele>25.57724</ele>
        <time>2026-09-23T23:15:19.248000Z</time>
      </trkpt>
      <trkpt lat="39.8602812" lon="116.6518327">
        <ele>25.48381</ele>
        <time>2026-09-23T23:15:22.234000Z</time>
      </trkpt>
      <trkpt lat="39.8603771" lon="116.6518325">
        <ele>25.37439</ele>
        <time>2026-09-23T23:15:25.219000Z</time>
      </trkpt>
      <trkpt lat="39.8604765" lon="116.6518318">
        <ele>25.24872</ele>
        <time>2026-09-23T23:15:28.205000Z</time>
      </trkpt>
      <trkpt lat="39.8605704" lon="116.6518317">
        <ele>25.11585</ele>
        <time>2026-09-23T23:15:31Z</time>
      </trkpt>
      <trkpt lat="39.8606687" lon="116.6518263">
        <ele>24.97159</ele>
        <time>2026-09-23T23:15:34Z</time>
      </trkpt>
      <trkpt lat="39.8607709" lon="116.6518109">
        <ele>24.84783</ele>
        <time>2026-09-23T23:15:37.162000Z</time>
      </trkpt>
      <trkpt lat="39.8608675" lon="116.65179">
        <ele>24.74848</ele>
        <time>2026-09-23T23:15:40.147000Z</time>
      </trkpt>
      <trkpt lat="39.8609638" lon="116.6517705">
        <ele>24.6579</ele>
        <time>2026-09-23T23:15:43.133000Z</time>
      </trkpt>
      <trkpt lat="39.861057" lon="116.6517601">
        <ele>24.57978</ele>
        <time>2026-09-23T23:15:46.119000Z</time>
      </trkpt>
      <trkpt lat="39.8611495" lon="116.6517514">
        <ele>24.51121</ele>
        <time>2026-09-23T23:15:49.104000Z</time>
      </trkpt>
      <trkpt lat="39.8612457" lon="116.6517383">
        <ele>24.45335</ele>
        <time>2026-09-23T23:15:52.090000Z</time>
      </trkpt>
      <trkpt lat="39.8613447" lon="116.6517275">
        <ele>24.41096</ele>
        <time>2026-09-23T23:15:55.075000Z</time>
      </trkpt>
      <trkpt lat="39.861446" lon="116.6517213">
        <ele>24.39923</ele>
        <time>2026-09-23T23:15:58.061000Z</time>
      </trkpt>
      <trkpt lat="39.8615463" lon="116.6517157">
        <ele>24.42468</ele>
        <time>2026-09-23T23:16:01.047000Z</time>
      </trkpt>
      <trkpt lat="39.8616462" lon="116.6517142">
        <ele>24.47406</ele>
        <time>2026-09-23T23:16:04.032000Z</time>
      </trkpt>
      <trkpt lat="39.8617462" lon="116.6517137">
        <ele>24.51914</ele>
        <time>2026-09-23T23:16:07.018000Z</time>
      </trkpt>
      <trkpt lat="39.8618473" lon="116.6517156">
        <ele>24.53205</ele>
        <time>2026-09-23T23:16:10.004000Z</time>
      </trkpt>
      <trkpt lat="39.8619503" lon="116.6517242">
        <ele>24.50553</ele>
        <time>2026-09-23T23:16:12.989000Z</time>
      </trkpt>
      <trkpt lat="39.8620563" lon="116.651741">
        <ele>24.46529</ele>
        <time>2026-09-23T23:16:15.975000Z</time>
      </trkpt>
      <trkpt lat="39.862164" lon="116.6517718">
        <ele>24.45149</ele>
        <time>2026-09-23T23:16:18.960000Z</time>
      </trkpt>
      <trkpt lat="39.8622794" lon="116.6517961">
        <ele>24.4455</ele>
        <time>2026-09-23T23:16:21.946000Z</time>
      </trkpt>
      <trkpt lat="39.8623937" lon="116.651806">
        <ele>24.43415</ele>
        <time>2026-09-23T23:16:24.932000Z</time>
      </trkpt>
      <trkpt lat="39.862503" lon="116.6518">
        <ele>24.4268</ele>
        <time>2026-09-23T23:16:27.917000Z</time>
      </trkpt>
      <trkpt lat="39.8626065" lon="116.651773">
        <ele>24.43175</ele>
        <time>2026-09-23T23:16:30.903000Z</time>
      </trkpt>
      <trkpt lat="39.8627" lon="116.6517465">
        <ele>24.44764</ele>
        <time>2026-09-23T23:16:33.889000Z</time>
      </trkpt>
      <trkpt lat="39.8628101" lon="116.6517329">
        <ele>24.47068</ele>
        <time>2026-09-23T23:16:37.869000Z</time>
      </trkpt>
      <trkpt lat="39.8629117" lon="116.6517129">
        <ele>24.46923</ele>
        <time>2026-09-23T23:16:41.850000Z</time>
      </trkpt>
      <trkpt lat="39.8630121" lon="116.6516966">
        <ele>24.49005</ele>
        <time>2026-09-23T23:16:45.831000Z</time>
      </trkpt>
      <trkpt lat="39.8631133" lon="116.651694">
        <ele>24.56985</ele>
        <time>2026-09-23T23:16:49.812000Z</time>
      </trkpt>
      <trkpt lat="39.8632152" lon="116.651707">
        <ele>24.69222</ele>
        <time>2026-09-23T23:16:53.793000Z</time>
      </trkpt>
      <trkpt lat="39.8633118" lon="116.6517195">
        <ele>24.82254</ele>
        <time>2026-09-23T23:16:57.773000Z</time>
      </trkpt>
      <trkpt lat="39.8634077" lon="116.6517236">
        <ele>24.90256</ele>
        <time>2026-09-23T23:17:01.754000Z</time>
      </trkpt>
      <trkpt lat="39.8635044" lon="116.6517301">
        <ele>24.93325</ele>
        <time>2026-09-23T23:17:05.735000Z</time>
      </trkpt>
      <trkpt lat="39.8635975" lon="116.6517314">
        <ele>24.9456</ele>
        <time>2026-09-23T23:17:09.716000Z</time>
      </trkpt>
      <trkpt lat="39.8636911" lon="116.6517308">
        <ele>24.98833</ele>
        <time>2026-09-23T23:17:13.697000Z</time>
      </trkpt>
      <trkpt lat="39.8637871" lon="116.6517326">
        <ele>25.06787</ele>
        <time>2026-09-23T23:17:17.678000Z</time>
      </trkpt>
      <trkpt lat="39.8638825" lon="116.6517278">
        <ele>25.14408</ele>
        <time>2026-09-23T23:17:21.658000Z</time>
      </trkpt>
      <trkpt lat="39.8639801" lon="116.6517247">
        <ele>25.20746</ele>
        <time>2026-09-23T23:17:25.639000Z</time>
      </trkpt>
      <trkpt lat="39.8640796" lon="116.6517219">
        <ele>25.29295</ele>
        <time>2026-09-23T23:17:29.620000Z</time>
      </trkpt>
      <trkpt lat="39.8641777" lon="116.6517255">
        <ele>25.39432</ele>
        <time>2026-09-23T23:17:33.601000Z</time>
      </trkpt>
      <trkpt lat="39.8642755" lon="116.6517372">
        <ele>25.47051</ele>
        <time>2026-09-23T23:17:37.582000Z</time>
      </trkpt>
      <trkpt lat="39.8643697" lon="116.6517388">
        <ele>25.53709</ele>
        <time>2026-09-23T23:17:41.562000Z</time>
      </trkpt>
      <trkpt lat="39.8644664" lon="116.6517331">
        <ele>25.59412</ele>
        <time>2026-09-23T23:17:45.543000Z</time>
      </trkpt>
      <trkpt lat="39.8645627" lon="116.6517299">
        <ele>25.63692</ele>
        <time>2026-09-23T23:17:49.524000Z</time>
      </trkpt>
      <trkpt lat="39.86466" lon="116.6517229">
        <ele>25.65266</ele>
        <time>2026-09-23T23:17:53.505000Z</time>
      </trkpt>
      <trkpt lat="39.8647572" lon="116.6517175">
        <ele>25.631</ele>
        <time>2026-09-23T23:17:57.486000Z</time>
      </trkpt>
      <trkpt lat="39.8648549" lon="116.6517177">
        <ele>25.57565</ele>
        <time>2026-09-23T23:18:01.466000Z</time>
      </trkpt>
      <trkpt lat="39.8649559" lon="116.6517176">
        <ele>25.51687</ele>
        <time>2026-09-23T23:18:05.447000Z</time>
      </trkpt>
      <trkpt lat="39.8650598" lon="116.6517221">
        <ele>25.51669</ele>
        <time>2026-09-23T23:18:09.428000Z</time>
      </trkpt>
      <trkpt lat="39.8651642" lon="116.6517349">
        <ele>25.62374</ele>
        <time>2026-09-23T23:18:13.409000Z</time>
      </trkpt>
      <trkpt lat="39.8652694" lon="116.6517417">
        <ele>25.79901</ele>
        <time>2026-09-23T23:18:17.390000Z</time>
      </trkpt>
      <trkpt lat="39.8653755" lon="116.6517378">
        <ele>25.93951</ele>
        <time>2026-09-23T23:18:21.371000Z</time>
      </trkpt>
      <trkpt lat="39.865477" lon="116.6517261">
        <ele>26.04234</ele>
        <time>2026-09-23T23:18:25.352000Z</time>
      </trkpt>
      <trkpt lat="39.8655761" lon="116.6517157">
        <ele>26.13627</ele>
        <time>2026-09-23T23:18:29.332000Z</time>
      </trkpt>
      <trkpt lat="39.8656727" lon="116.6517048">
        <ele>26.198</ele>
        <time>2026-09-23T23:18:33.313000Z</time>
      </trkpt>
      <trkpt lat="39.8657719" lon="116.6517008">
        <ele>26.2251</ele>
        <time>2026-09-23T23:18:37.294000Z</time>
      </trkpt>
      <trkpt lat="39.8658691" lon="116.6516971">
        <ele>26.25335</ele>
        <time>2026-09-23T23:18:41.275000Z</time>
      </trkpt>
      <trkpt lat="39.8659685" lon="116.6516973">
        <ele>26.27886</ele>
        <time>2026-09-23T23:18:45.256000Z</time>
      </trkpt>
      <trkpt lat="39.8660671" lon="116.6516898">
        <ele>26.25879</ele>
        <time>2026-09-23T23:18:49.237000Z</time>
      </trkpt>
      <trkpt lat="39.8661638" lon="116.6516902">
        <ele>26.13084</ele>
        <time>2026-09-23T23:18:53.218000Z</time>
      </trkpt>
      <trkpt lat="39.8662591" lon="116.6517059">
        <ele>25.83861</ele>
        <time>2026-09-23T23:18:57.198000Z</time>
      </trkpt>
      <trkpt lat="39.8663528" lon="116.6517179">
        <ele>25.42364</ele>
        <time>2026-09-23T23:19:01.179000Z</time>
      </trkpt>
      <trkpt lat="39.8664494" lon="116.6517192">
        <ele>25.10467</ele>
        <time>2026-09-23T23:19:05.160000Z</time>
      </trkpt>
      <trkpt lat="39.8665452" lon="116.6517173">
        <ele>24.64807</ele>
        <time>2026-09-23T23:19:09.141000Z</time>
      </trkpt>
      <trkpt lat="39.8666397" lon="116.6517195">
        <ele>24.14273</ele>
        <time>2026-09-23T23:19:13Z</time>
      </trkpt>
      <trkpt lat="39.8667404" lon="116.6517109">
        <ele>23.95132</ele>
        <time>2026-09-23T23:19:17Z</time>
      </trkpt>
      <trkpt lat="39.8668431" lon="116.6517014">
        <ele>24.10839</ele>
        <time>2026-09-23T23:19:21Z</time>
      </trkpt>
      <trkpt lat="39.8669481" lon="116.6517">
        <ele>24.6932</ele>
        <time>2026-09-23T23:19:25.064000Z</time>
      </trkpt>
      <trkpt lat="39.8670484" lon="116.6517058">
        <ele>25.28164</ele>
        <time>2026-09-23T23:19:29.045000Z</time>
      </trkpt>
      <trkpt lat="39.8671452" lon="116.6517018">
        <ele>25.62894</ele>
        <time>2026-09-23T23:19:33.026000Z</time>
      </trkpt>
      <trkpt lat="39.8672403" lon="116.6516977">
        <ele>25.79452</ele>
        <time>2026-09-23T23:19:37.007000Z</time>
      </trkpt>
      <trkpt lat="39.867335" lon="116.6517076">
        <ele>25.86867</ele>
        <time>2026-09-23T23:19:40.988000Z</time>
      </trkpt>
      <trkpt lat="39.8674309" lon="116.6517223">
        <ele>25.88916</ele>
        <time>2026-09-23T23:19:44.969000Z</time>
      </trkpt>
      <trkpt lat="39.8675219" lon="116.6517365">
        <ele>25.84631</ele>
        <time>2026-09-23T23:19:48.949000Z</time>
      </trkpt>
      <trkpt lat="39.8676195" lon="116.6517536">
        <ele>25.70835</ele>
        <time>2026-09-23T23:19:53.926000Z</time>
      </trkpt>
      <trkpt lat="39.8677159" lon="116.6517724">
        <ele>25.45705</ele>
        <time>2026-09-23T23:20:00.892000Z</time>
      </trkpt>
      <trkpt lat="39.8678216" lon="116.6517714">
        <ele>25.23287</ele>
        <time>2026-09-23T23:20:07.859000Z</time>
      </trkpt>
      <trkpt lat="39.8679194" lon="116.651769">
        <ele>25.06614</ele>
        <time>2026-09-23T23:20:12.835000Z</time>
      </trkpt>
      <trkpt lat="39.8680259" lon="116.6517683">
        <ele>24.91703</ele>
        <time>2026-09-23T23:20:16.815000Z</time>
      </trkpt>
      <trkpt lat="39.8681331" lon="116.6517756">
        <ele>24.76379</ele>
        <time>2026-09-23T23:20:20.796000Z</time>
      </trkpt>
      <trkpt lat="39.8682434" lon="116.6517774">
        <ele>24.63656</ele>
        <time>2026-09-23T23:20:24.777000Z</time>
      </trkpt>
      <trkpt lat="39.8683486" lon="116.6517677">
        <ele>24.56111</ele>
        <time>2026-09-23T23:20:28.758000Z</time>
      </trkpt>
      <trkpt lat="39.8684502" lon="116.6517693">
        <ele>24.52955</ele>
        <time>2026-09-23T23:20:32.739000Z</time>
      </trkpt>
      <trkpt lat="39.8685535" lon="116.6517732">
        <ele>24.49863</ele>
        <time>2026-09-23T23:20:36.720000Z</time>
      </trkpt>
      <trkpt lat="39.8686571" lon="116.6517718">
        <ele>24.44406</ele>
        <time>2026-09-23T23:20:40.700000Z</time>
      </trkpt>
      <trkpt lat="39.8687572" lon="116.6517668">
        <ele>24.38931</ele>
        <time>2026-09-23T23:20:44.681000Z</time>
      </trkpt>
      <trkpt lat="39.8688567" lon="116.6517615">
        <ele>24.3614</ele>
        <time>2026-09-23T23:20:48.662000Z</time>
      </trkpt>
      <trkpt lat="39.8689559" lon="116.6517606">
        <ele>24.37556</ele>
        <time>2026-09-23T23:20:52.643000Z</time>
      </trkpt>
      <trkpt lat="39.8690556" lon="116.6517564">
        <ele>24.43315</ele>
        <time>2026-09-23T23:20:56.624000Z</time>
      </trkpt>
      <trkpt lat="39.8691555" lon="116.6517539">
        <ele>24.47801</ele>
        <time>2026-09-23T23:21:00.605000Z</time>
      </trkpt>
      <trkpt lat="39.869259" lon="116.6517537">
        <ele>24.47489</ele>
        <time>2026-09-23T23:21:04.585000Z</time>
      </trkpt>
      <trkpt lat="39.8693578" lon="116.6517484">
        <ele>24.40695</ele>
        <time>2026-09-23T23:21:08.566000Z</time>
      </trkpt>
      <trkpt lat="39.8694534" lon="116.6517386">
        <ele>24.31592</ele>
        <time>2026-09-23T23:21:12.547000Z</time>
      </trkpt>
      <trkpt lat="39.8695512" lon="116.6517301">
        <ele>24.25223</ele>
        <time>2026-09-23T23:21:16.528000Z</time>
      </trkpt>
      <trkpt lat="39.8696461" lon="116.6517259">
        <ele>24.24182</ele>
        <time>2026-09-23T23:21:20.509000Z</time>
      </trkpt>
      <trkpt lat="39.8697451" lon="116.6517226">
        <ele>24.27543</ele>
        <time>2026-09-23T23:21:24.490000Z</time>
      </trkpt>
      <trkpt lat="39.869843" lon="116.651712">
        <ele>24.27631</ele>
        <time>2026-09-23T23:21:28.471000Z</time>
      </trkpt>
      <trkpt lat="39.8699369" lon="116.6517123">
        <ele>24.18586</ele>
        <time>2026-09-23T23:21:32.451000Z</time>
      </trkpt>
      <trkpt lat="39.8700397" lon="116.6517345">
        <ele>23.98266</ele>
        <time>2026-09-23T23:21:37.427000Z</time>
      </trkpt>
      <trkpt lat="39.8701256" lon="116.6517813">
        <ele>23.65686</ele>
        <time>2026-09-23T23:21:47Z</time>
      </trkpt>
      <trkpt lat="39.8702241" lon="116.6517955">
        <ele>23.94618</ele>
        <time>2026-09-23T23:21:53.351000Z</time>
      </trkpt>
      <trkpt lat="39.8703304" lon="116.6517891">
        <ele>24.18819</ele>
        <time>2026-09-23T23:21:57.332000Z</time>
      </trkpt>
      <trkpt lat="39.8704471" lon="116.6517909">
        <ele>24.37857</ele>
        <time>2026-09-23T23:22:01.313000Z</time>
      </trkpt>
      <trkpt lat="39.8705611" lon="116.6517997">
        <ele>24.50714</ele>
        <time>2026-09-23T23:22:05.293000Z</time>
      </trkpt>
      <trkpt lat="39.8706736" lon="116.6518108">
        <ele>24.57956</ele>
        <time>2026-09-23T23:22:09.274000Z</time>
      </trkpt>
      <trkpt lat="39.8707817" lon="116.6518121">
        <ele>24.63894</ele>
        <time>2026-09-23T23:22:13.255000Z</time>
      </trkpt>
      <trkpt lat="39.8708892" lon="116.6518101">
        <ele>24.69702</ele>
        <time>2026-09-23T23:22:17.236000Z</time>
      </trkpt>
      <trkpt lat="39.8709972" lon="116.6517984">
        <ele>24.74546</ele>
        <time>2026-09-23T23:22:21.217000Z</time>
      </trkpt>
      <trkpt lat="39.8710999" lon="116.6517678">
        <ele>24.80091</ele>
        <time>2026-09-23T23:22:25.198000Z</time>
      </trkpt>
      <trkpt lat="39.8712054" lon="116.6517573">
        <ele>24.88642</ele>
        <time>2026-09-23T23:22:29.179000Z</time>
      </trkpt>
      <trkpt lat="39.8713118" lon="116.6517575">
        <ele>24.98454</ele>
        <time>2026-09-23T23:22:33.159000Z</time>
      </trkpt>
      <trkpt lat="39.8714194" lon="116.651759">
        <ele>25.06851</ele>
        <time>2026-09-23T23:22:37.140000Z</time>
      </trkpt>
      <trkpt lat="39.871529" lon="116.651761">
        <ele>25.10012</ele>
        <time>2026-09-23T23:22:41.121000Z</time>
      </trkpt>
      <trkpt lat="39.8716379" lon="116.651759">
        <ele>25.02463</ele>
        <time>2026-09-23T23:22:45.102000Z</time>
      </trkpt>
      <trkpt lat="39.871749" lon="116.6517488">
        <ele>24.83443</ele>
        <time>2026-09-23T23:22:49.083000Z</time>
      </trkpt>
      <trkpt lat="39.8718609" lon="116.6517329">
        <ele>24.51492</ele>
        <time>2026-09-23T23:22:53.064000Z</time>
      </trkpt>
      <trkpt lat="39.8719693" lon="116.6517244">
        <ele>24.14165</ele>
        <time>2026-09-23T23:22:57Z</time>
      </trkpt>
      <trkpt lat="39.8720763" lon="116.6517243">
        <ele>23.93787</ele>
        <time>2026-09-23T23:23:01Z</time>
      </trkpt>
      <trkpt lat="39.8721824" lon="116.6517271">
        <ele>24.01294</ele>
        <time>2026-09-23T23:23:05Z</time>
      </trkpt>
      <trkpt lat="39.8722865" lon="116.651734">
        <ele>24.3466</ele>
        <time>2026-09-23T23:23:08.987000Z</time>
      </trkpt>
      <trkpt lat="39.8723903" lon="116.6517456">
        <ele>24.68471</ele>
        <time>2026-09-23T23:23:12.968000Z</time>
      </trkpt>
      <trkpt lat="39.8724971" lon="116.65175">
        <ele>24.95751</ele>
        <time>2026-09-23T23:23:16.949000Z</time>
      </trkpt>
      <trkpt lat="39.8726077" lon="116.6517487">
        <ele>25.13647</ele>
        <time>2026-09-23T23:23:20.930000Z</time>
      </trkpt>
      <trkpt lat="39.8727125" lon="116.6517483">
        <ele>25.19628</ele>
        <time>2026-09-23T23:23:24.911000Z</time>
      </trkpt>
      <trkpt lat="39.8728141" lon="116.6517489">
        <ele>25.15537</ele>
        <time>2026-09-23T23:23:28.892000Z</time>
      </trkpt>
      <trkpt lat="39.8729164" lon="116.6517502">
        <ele>25.03259</ele>
        <time>2026-09-23T23:23:32.872000Z</time>
      </trkpt>
      <trkpt lat="39.8730162" lon="116.65175">
        <ele>24.8718</ele>
        <time>2026-09-23T23:23:36.853000Z</time>
      </trkpt>
      <trkpt lat="39.8731182" lon="116.651747">
        <ele>24.72709</ele>
        <time>2026-09-23T23:23:40.834000Z</time>
      </trkpt>
      <trkpt lat="39.8732203" lon="116.6517441">
        <ele>24.64723</ele>
        <time>2026-09-23T23:23:44.815000Z</time>
      </trkpt>
      <trkpt lat="39.8733223" lon="116.6517406">
        <ele>24.61699</ele>
        <time>2026-09-23T23:23:48.796000Z</time>
      </trkpt>
      <trkpt lat="39.8734251" lon="116.6517426">
        <ele>24.58393</ele>
        <time>2026-09-23T23:23:52.777000Z</time>
      </trkpt>
      <trkpt lat="39.8735259" lon="116.6517502">
        <ele>24.52592</ele>
        <time>2026-09-23T23:23:56.758000Z</time>
      </trkpt>
      <trkpt lat="39.8736281" lon="116.6517514">
        <ele>24.47674</ele>
        <time>2026-09-23T23:24:00.739000Z</time>
      </trkpt>
      <trkpt lat="39.8737274" lon="116.6517483">
        <ele>24.48901</ele>
        <time>2026-09-23T23:24:04.719000Z</time>
      </trkpt>
      <trkpt lat="39.8738279" lon="116.6517507">
        <ele>24.56013</ele>
        <time>2026-09-23T23:24:08.700000Z</time>
      </trkpt>
      <trkpt lat="39.8739307" lon="116.65175">
        <ele>24.62728</ele>
        <time>2026-09-23T23:24:12.681000Z</time>
      </trkpt>
      <trkpt lat="39.8740333" lon="116.65175">
        <ele>24.68295</ele>
        <time>2026-09-23T23:24:16.662000Z</time>
      </trkpt>
      <trkpt lat="39.8741299" lon="116.6517677">
        <ele>24.73893</ele>
        <time>2026-09-23T23:24:20.643000Z</time>
      </trkpt>
      <trkpt lat="39.8742095" lon="116.6518362">
        <ele>24.7895</ele>
        <time>2026-09-23T23:24:24.624000Z</time>
      </trkpt>
      <trkpt lat="39.8742496" lon="116.6519683">
        <ele>24.7947</ele>
        <time>2026-09-23T23:24:28.605000Z</time>
      </trkpt>
      <trkpt lat="39.8742586" lon="116.6520869">
        <ele>24.772</ele>
        <time>2026-09-23T23:24:31.590000Z</time>
      </trkpt>
      <trkpt lat="39.8742619" lon="116.6522396">
        <ele>24.73155</ele>
        <time>2026-09-23T23:24:35.571000Z</time>
      </trkpt>
      <trkpt lat="39.874268" lon="116.6523849">
        <ele>24.68098</ele>
        <time>2026-09-23T23:24:39.552000Z</time>
      </trkpt>
      <trkpt lat="39.8742738" lon="116.6525284">
        <ele>24.61793</ele>
        <time>2026-09-23T23:24:43.533000Z</time>
      </trkpt>
      <trkpt lat="39.8742774" lon="116.6526703">
        <ele>24.56642</ele>
        <time>2026-09-23T23:24:47.514000Z</time>
      </trkpt>
      <trkpt lat="39.8742787" lon="116.6528123">
        <ele>24.53034</ele>
        <time>2026-09-23T23:24:51.495000Z</time>
      </trkpt>
      <trkpt lat="39.8742823" lon="116.6529537">
        <ele>24.49189</ele>
        <time>2026-09-23T23:24:55.475000Z</time>
      </trkpt>
      <trkpt lat="39.8742899" lon="116.6530923">
        <ele>24.46788</ele>
        <time>2026-09-23T23:24:59.456000Z</time>
      </trkpt>
      <trkpt lat="39.8742971" lon="116.6532273">
        <ele>24.50655</ele>
        <time>2026-09-23T23:25:03.437000Z</time>
      </trkpt>
      <trkpt lat="39.8743038" lon="116.6533606">
        <ele>24.57553</ele>
        <time>2026-09-23T23:25:07.418000Z</time>
      </trkpt>
      <trkpt lat="39.8743102" lon="116.6534941">
        <ele>24.64984</ele>
        <time>2026-09-23T23:25:11.399000Z</time>
      </trkpt>
      <trkpt lat="39.8743141" lon="116.65363">
        <ele>24.73428</ele>
        <time>2026-09-23T23:25:15.380000Z</time>
      </trkpt>
      <trkpt lat="39.874318" lon="116.6537652">
        <ele>24.80938</ele>
        <time>2026-09-23T23:25:19.361000Z</time>
      </trkpt>
      <trkpt lat="39.8743224" lon="116.653904">
        <ele>24.86642</ele>
        <time>2026-09-23T23:25:23.342000Z</time>
      </trkpt>
      <trkpt lat="39.8743218" lon="116.6540444">
        <ele>24.9036</ele>
        <time>2026-09-23T23:25:27.322000Z</time>
      </trkpt>
      <trkpt lat="39.8743211" lon="116.654184">
        <ele>24.90124</ele>
        <time>2026-09-23T23:25:31.303000Z</time>
      </trkpt>
      <trkpt lat="39.8743179" lon="116.6543203">
        <ele>24.86289</ele>
        <time>2026-09-23T23:25:35.284000Z</time>
      </trkpt>
      <trkpt lat="39.8743097" lon="116.6544591">
        <ele>24.79838</ele>
        <time>2026-09-23T23:25:39.265000Z</time>
      </trkpt>
      <trkpt lat="39.8743055" lon="116.6546021">
        <ele>24.72986</ele>
        <time>2026-09-23T23:25:43.246000Z</time>
      </trkpt>
      <trkpt lat="39.8743029" lon="116.6547434">
        <ele>24.63112</ele>
        <time>2026-09-23T23:25:47.227000Z</time>
      </trkpt>
      <trkpt lat="39.8742974" lon="116.6548796">
        <ele>24.39481</ele>
        <time>2026-09-23T23:25:51.208000Z</time>
      </trkpt>
      <trkpt lat="39.8742927" lon="116.6550139">
        <ele>23.95694</ele>
        <time>2026-09-23T23:25:55.188000Z</time>
      </trkpt>
      <trkpt lat="39.8743011" lon="116.6551373">
        <ele>23.47459</ele>
        <time>2026-09-23T23:25:59Z</time>
      </trkpt>
      <trkpt lat="39.8743106" lon="116.6552639">
        <ele>23.22257</ele>
        <time>2026-09-23T23:26:03Z</time>
      </trkpt>
      <trkpt lat="39.874306" lon="116.6554032">
        <ele>23.18771</ele>
        <time>2026-09-23T23:26:07Z</time>
      </trkpt>
      <trkpt lat="39.8743072" lon="116.6555451">
        <ele>23.2106</ele>
        <time>2026-09-23T23:26:11Z</time>
      </trkpt>
      <trkpt lat="39.8743019" lon="116.6556841">
        <ele>23.18354</ele>
        <time>2026-09-23T23:26:15Z</time>
      </trkpt>
      <trkpt lat="39.8742991" lon="116.6558261">
        <ele>23.13087</ele>
        <time>2026-09-23T23:26:19Z</time>
      </trkpt>
      <trkpt lat="39.8743074" lon="116.6559651">
        <ele>23.09704</ele>
        <time>2026-09-23T23:26:23Z</time>
      </trkpt>
      <trkpt lat="39.8743145" lon="116.6561045">
        <ele>23.18903</ele>
        <time>2026-09-23T23:26:27Z</time>
      </trkpt>
      <trkpt lat="39.8743235" lon="116.6562428">
        <ele>23.54039</ele>
        <time>2026-09-23T23:26:31.016000Z</time>
      </trkpt>
      <trkpt lat="39.8743352" lon="116.6563758">
        <ele>24.05476</ele>
        <time>2026-09-23T23:26:34.997000Z</time>
      </trkpt>
      <trkpt lat="39.874343" lon="116.6565109">
        <ele>24.60971</ele>
        <time>2026-09-23T23:26:38.978000Z</time>
      </trkpt>
      <trkpt lat="39.8743465" lon="116.6566478">
        <ele>25.05161</ele>
        <time>2026-09-23T23:26:42.959000Z</time>
      </trkpt>
      <trkpt lat="39.8743461" lon="116.6567827">
        <ele>25.31754</ele>
        <time>2026-09-23T23:26:46.940000Z</time>
      </trkpt>
      <trkpt lat="39.8743477" lon="116.6569171">
        <ele>25.45297</ele>
        <time>2026-09-23T23:26:50.921000Z</time>
      </trkpt>
      <trkpt lat="39.8743551" lon="116.6570503">
        <ele>25.52623</ele>
        <time>2026-09-23T23:26:54.901000Z</time>
      </trkpt>
      <trkpt lat="39.8743565" lon="116.6571873">
        <ele>25.5113</ele>
        <time>2026-09-23T23:26:58.882000Z</time>
      </trkpt>
      <trkpt lat="39.8743581" lon="116.6573219">
        <ele>25.40283</ele>
        <time>2026-09-23T23:27:02.863000Z</time>
      </trkpt>
      <trkpt lat="39.874357" lon="116.65746">
        <ele>25.31368</ele>
        <time>2026-09-23T23:27:06.844000Z</time>
      </trkpt>
      <trkpt lat="39.8743598" lon="116.6576031">
        <ele>25.29496</ele>
        <time>2026-09-23T23:27:10.825000Z</time>
      </trkpt>
      <trkpt lat="39.8743652" lon="116.6577541">
        <ele>25.25101</ele>
        <time>2026-09-23T23:27:14.806000Z</time>
      </trkpt>
      <trkpt lat="39.8743656" lon="116.6579038">
        <ele>25.1426</ele>
        <time>2026-09-23T23:27:18.787000Z</time>
      </trkpt>
      <trkpt lat="39.8743682" lon="116.6580557">
        <ele>24.99032</ele>
        <time>2026-09-23T23:27:22.768000Z</time>
      </trkpt>
      <trkpt lat="39.8743692" lon="116.6581762">
        <ele>24.8908</ele>
        <time>2026-09-23T23:27:25.753000Z</time>
      </trkpt>
      <trkpt lat="39.8743723" lon="116.6583022">
        <ele>24.83089</ele>
        <time>2026-09-23T23:27:28.739000Z</time>
      </trkpt>
      <trkpt lat="39.8743764" lon="116.6584264">
        <ele>24.80752</ele>
        <time>2026-09-23T23:27:31.724000Z</time>
      </trkpt>
      <trkpt lat="39.8743755" lon="116.6585486">
        <ele>24.80524</ele>
        <time>2026-09-23T23:27:34.710000Z</time>
      </trkpt>
      <trkpt lat="39.8743703" lon="116.6586684">
        <ele>24.82138</ele>
        <time>2026-09-23T23:27:37.696000Z</time>
      </trkpt>
      <trkpt lat="39.8743625" lon="116.6587883">
        <ele>24.84305</ele>
        <time>2026-09-23T23:27:40.681000Z</time>
      </trkpt>
      <trkpt lat="39.8743564" lon="116.6589122">
        <ele>24.84284</ele>
        <time>2026-09-23T23:27:43.667000Z</time>
      </trkpt>
      <trkpt lat="39.8743539" lon="116.6590373">
        <ele>24.80406</ele>
        <time>2026-09-23T23:27:46.653000Z</time>
      </trkpt>
      <trkpt lat="39.8743564" lon="116.6591556">
        <ele>24.74742</ele>
        <time>2026-09-23T23:27:49.638000Z</time>
      </trkpt>
      <trkpt lat="39.8743617" lon="116.6592735">
        <ele>24.70306</ele>
        <time>2026-09-23T23:27:52.624000Z</time>
      </trkpt>
      <trkpt lat="39.8743665" lon="116.6594223">
        <ele>24.67715</ele>
        <time>2026-09-23T23:27:56.605000Z</time>
      </trkpt>
      <trkpt lat="39.8743648" lon="116.6595701">
        <ele>24.65262</ele>
        <time>2026-09-23T23:28:00.586000Z</time>
      </trkpt>
      <trkpt lat="39.8743579" lon="116.6597197">
        <ele>24.60822</ele>
        <time>2026-09-23T23:28:04.566000Z</time>
      </trkpt>
      <trkpt lat="39.8743502" lon="116.6598666">
        <ele>24.55665</ele>
        <time>2026-09-23T23:28:08.547000Z</time>
      </trkpt>
      <trkpt lat="39.8743536" lon="116.6600035">
        <ele>24.52577</ele>
        <time>2026-09-23T23:28:12.528000Z</time>
      </trkpt>
      <trkpt lat="39.8743501" lon="116.6601396">
        <ele>24.53053</ele>
        <time>2026-09-23T23:28:16.509000Z</time>
      </trkpt>
      <trkpt lat="39.874336" lon="116.660285">
        <ele>24.52678</ele>
        <time>2026-09-23T23:28:20.490000Z</time>
      </trkpt>
      <trkpt lat="39.8743249" lon="116.6604326">
        <ele>24.46526</ele>
        <time>2026-09-23T23:28:24.471000Z</time>
      </trkpt>
      <trkpt lat="39.8743155" lon="116.6605764">
        <ele>24.36757</ele>
        <time>2026-09-23T23:28:28.452000Z</time>
      </trkpt>
      <trkpt lat="39.8743137" lon="116.6607193">
        <ele>24.26798</ele>
        <time>2026-09-23T23:28:32.432000Z</time>
      </trkpt>
      <trkpt lat="39.8743125" lon="116.6608616">
        <ele>24.18843</ele>
        <time>2026-09-23T23:28:36.413000Z</time>
      </trkpt>
      <trkpt lat="39.8743059" lon="116.6610064">
        <ele>24.12602</ele>
        <time>2026-09-23T23:28:40.394000Z</time>
      </trkpt>
      <trkpt lat="39.8743016" lon="116.6611468">
        <ele>24.05241</ele>
        <time>2026-09-23T23:28:44.375000Z</time>
      </trkpt>
      <trkpt lat="39.8743029" lon="116.6612847">
        <ele>23.96803</ele>
        <time>2026-09-23T23:28:48.356000Z</time>
      </trkpt>
      <trkpt lat="39.8743051" lon="116.6614264">
        <ele>23.90638</ele>
        <time>2026-09-23T23:28:52.337000Z</time>
      </trkpt>
      <trkpt lat="39.8743011" lon="116.6615668">
        <ele>23.87011</ele>
        <time>2026-09-23T23:28:56.317000Z</time>
      </trkpt>
      <trkpt lat="39.8742934" lon="116.6617045">
        <ele>23.84197</ele>
        <time>2026-09-23T23:29:00.298000Z</time>
      </trkpt>
      <trkpt lat="39.874289" lon="116.6618419">
        <ele>23.80167</ele>
        <time>2026-09-23T23:29:04.279000Z</time>
      </trkpt>
      <trkpt lat="39.8742877" lon="116.6619795">
        <ele>23.74121</ele>
        <time>2026-09-23T23:29:08.260000Z</time>
      </trkpt>
      <trkpt lat="39.8742868" lon="116.6621171">
        <ele>23.60657</ele>
        <time>2026-09-23T23:29:12.241000Z</time>
      </trkpt>
      <trkpt lat="39.8742883" lon="116.6622581">
        <ele>23.35077</ele>
        <time>2026-09-23T23:29:16.222000Z</time>
      </trkpt>
      <trkpt lat="39.8742897" lon="116.6623971">
        <ele>22.94136</ele>
        <time>2026-09-23T23:29:20.202000Z</time>
      </trkpt>
      <trkpt lat="39.874287" lon="116.6625284">
        <ele>22.54606</ele>
        <time>2026-09-23T23:29:24Z</time>
      </trkpt>
      <trkpt lat="39.8742813" lon="116.6626673">
        <ele>22.37607</ele>
        <time>2026-09-23T23:29:28Z</time>
      </trkpt>
      <trkpt lat="39.8742747" lon="116.6628088">
        <ele>22.42615</ele>
        <time>2026-09-23T23:29:32Z</time>
      </trkpt>
      <trkpt lat="39.874265" lon="116.6629473">
        <ele>22.56491</ele>
        <time>2026-09-23T23:29:36Z</time>
      </trkpt>
      <trkpt lat="39.8742574" lon="116.6630888">
        <ele>22.59665</ele>
        <time>2026-09-23T23:29:40Z</time>
      </trkpt>
      <trkpt lat="39.8742556" lon="116.663228">
        <ele>22.45709</ele>
        <time>2026-09-23T23:29:44Z</time>
      </trkpt>
      <trkpt lat="39.8742636" lon="116.6633617">
        <ele>22.2641</ele>
        <time>2026-09-23T23:29:48Z</time>
      </trkpt>
      <trkpt lat="39.8742627" lon="116.6634942">
        <ele>22.1099</ele>
        <time>2026-09-23T23:29:52Z</time>
      </trkpt>
      <trkpt lat="39.8742632" lon="116.6636303">
        <ele>22.05363</ele>
        <time>2026-09-23T23:29:56Z</time>
      </trkpt>
      <trkpt lat="39.8742714" lon="116.6637608">
        <ele>22.28696</ele>
        <time>2026-09-23T23:30:00Z</time>
      </trkpt>
      <trkpt lat="39.8742845" lon="116.6638932">
        <ele>22.91439</ele>
        <time>2026-09-23T23:30:03.992000Z</time>
      </trkpt>
      <trkpt lat="39.8742944" lon="116.6640276">
        <ele>23.46812</ele>
        <time>2026-09-23T23:30:07.972000Z</time>
      </trkpt>
      <trkpt lat="39.8743042" lon="116.6641613">
        <ele>23.69705</ele>
        <time>2026-09-23T23:30:11.953000Z</time>
      </trkpt>
      <trkpt lat="39.87432" lon="116.6643015">
        <ele>23.70648</ele>
        <time>2026-09-23T23:30:15.934000Z</time>
      </trkpt>
      <trkpt lat="39.8743375" lon="116.6644418">
        <ele>23.61641</ele>
        <time>2026-09-23T23:30:19.915000Z</time>
      </trkpt>
      <trkpt lat="39.8743537" lon="116.664572">
        <ele>23.49618</ele>
        <time>2026-09-23T23:30:23.896000Z</time>
      </trkpt>
      <trkpt lat="39.8743663" lon="116.6647164">
        <ele>23.40176</ele>
        <time>2026-09-23T23:30:28.872000Z</time>
      </trkpt>
      <trkpt lat="39.874388" lon="116.6648469">
        <ele>23.39756</ele>
        <time>2026-09-23T23:30:32.853000Z</time>
      </trkpt>
      <trkpt lat="39.8744157" lon="116.6649715">
        <ele>23.43487</ele>
        <time>2026-09-23T23:30:36.833000Z</time>
      </trkpt>
      <trkpt lat="39.8744424" lon="116.6651005">
        <ele>23.46974</ele>
        <time>2026-09-23T23:30:40.814000Z</time>
      </trkpt>
      <trkpt lat="39.8744644" lon="116.6652338">
        <ele>23.42571</ele>
        <time>2026-09-23T23:30:44.795000Z</time>
      </trkpt>
      <trkpt lat="39.8744948" lon="116.6653626">
        <ele>23.31569</ele>
        <time>2026-09-23T23:30:48.776000Z</time>
      </trkpt>
      <trkpt lat="39.8745388" lon="116.6654879">
        <ele>23.18134</ele>
        <time>2026-09-23T23:30:52.757000Z</time>
      </trkpt>
      <trkpt lat="39.8745833" lon="116.6656064">
        <ele>23.02923</ele>
        <time>2026-09-23T23:30:56.737000Z</time>
      </trkpt>
      <trkpt lat="39.8746146" lon="116.6657329">
        <ele>22.86135</ele>
        <time>2026-09-23T23:31:01.714000Z</time>
      </trkpt>
      <trkpt lat="39.874598" lon="116.6657429">
        <ele>22.78296</ele>
        <time>2026-09-23T23:31:04.699000Z</time>
      </trkpt>
      <trkpt lat="39.8745359" lon="116.6656348">
        <ele>22.68439</ele>
        <time>2026-09-23T23:31:09.675000Z</time>
      </trkpt>
      <trkpt lat="39.8744737" lon="116.6655163">
        <ele>22.67774</ele>
        <time>2026-09-23T23:31:13.656000Z</time>
      </trkpt>
      <trkpt lat="39.8743925" lon="116.6654467">
        <ele>22.77718</ele>
        <time>2026-09-23T23:31:17.637000Z</time>
      </trkpt>
      <trkpt lat="39.8742999" lon="116.6654779">
        <ele>22.97027</ele>
        <time>2026-09-23T23:31:21.618000Z</time>
      </trkpt>
      <trkpt lat="39.8742125" lon="116.6655479">
        <ele>23.15744</ele>
        <time>2026-09-23T23:31:25.599000Z</time>
      </trkpt>
      <trkpt lat="39.8741249" lon="116.6656061">
        <ele>23.25234</ele>
        <time>2026-09-23T23:31:29.579000Z</time>
      </trkpt>
      <trkpt lat="39.8740307" lon="116.665664">
        <ele>23.19554</ele>
        <time>2026-09-23T23:31:34.555000Z</time>
      </trkpt>
      <trkpt lat="39.8739379" lon="116.6657318">
        <ele>23.02916</ele>
        <time>2026-09-23T23:31:39.531000Z</time>
      </trkpt>
      <trkpt lat="39.8738528" lon="116.6657937">
        <ele>22.85834</ele>
        <time>2026-09-23T23:31:43.512000Z</time>
      </trkpt>
      <trkpt lat="39.8737644" lon="116.6658534">
        <ele>22.69202</ele>
        <time>2026-09-23T23:31:47.493000Z</time>
      </trkpt>
    </trkseg>
  </trk>
</gpx>