<?xml version="1.0" encoding="UTF-8"?>
<gpx xmlns="http://www.topografix.com/GPX/1/1" xmlns:gpxtpx="http://www.garmin.com/xmlschemas/TrackPointExtension/v1" xmlns:xsi="http://www.w3.org/2001/XMLSchema-instance" xsi:schemaLocation="http://www.topografix.com/GPX/1/1 http://www.topografix.com/GPX/1/1/gpx.xsd" version="1.1" creator="gpx.py -- https://github.com/tkrajina/gpxpy">
  <trk>
    <name>gpx from codoon</name>
    <type>Run</type>
    <trkseg>
      <trkpt lat="39.8751509" lon="116.6678698">
        <ele>22.94497</ele>
        <time>2026-09-27T09:41:35.001000Z</time>
      </trkpt>
      <trkpt lat="39.8750837" lon="116.6677674">
        <ele>22.73194</ele>
        <time>2026-09-27T09:41:40.610000Z</time>
      </trkpt>
      <trkpt lat="39.8749925" lon="116.6676912">
        <ele>22.51806</ele>
        <time>2026-09-27T09:41:44.591000Z</time>
      </trkpt>
      <trkpt lat="39.8749062" lon="116.6676409">
        <ele>22.37576</ele>
        <time>2026-09-27T09:41:47.577000Z</time>
      </trkpt>
      <trkpt lat="39.8748159" lon="116.6675966">
        <ele>22.28814</ele>
        <time>2026-09-27T09:41:50.563000Z</time>
      </trkpt>
      <trkpt lat="39.8747228" lon="116.6675665">
        <ele>22.24577</ele>
        <time>2026-09-27T09:41:53.549000Z</time>
      </trkpt>
      <trkpt lat="39.8746275" lon="116.6675468">
        <ele>22.22608</ele>
        <time>2026-09-27T09:41:56.535000Z</time>
      </trkpt>
      <trkpt lat="39.874531" lon="116.6675395">
        <ele>22.20235</ele>
        <time>2026-09-27T09:41:59.521000Z</time>
      </trkpt>
      <trkpt lat="39.8744358" lon="116.6675532">
        <ele>22.15802</ele>
        <time>2026-09-27T09:42:02.507000Z</time>
      </trkpt>
      <trkpt lat="39.8743431" lon="116.6675824">
        <ele>22.08623</ele>
        <time>2026-09-27T09:42:05.493000Z</time>
      </trkpt>
      <trkpt lat="39.874251" lon="116.6676142">
        <ele>21.98374</ele>
        <time>2026-09-27T09:42:08.479000Z</time>
      </trkpt>
      <trkpt lat="39.8741635" lon="116.6676579">
        <ele>21.86229</ele>
        <time>2026-09-27T09:42:11.465000Z</time>
      </trkpt>
      <trkpt lat="39.8740805" lon="116.6677092">
        <ele>21.7393</ele>
        <time>2026-09-27T09:42:14.451000Z</time>
      </trkpt>
      <trkpt lat="39.8739969" lon="116.6677532">
        <ele>21.61757</ele>
        <time>2026-09-27T09:42:17.437000Z</time>
      </trkpt>
      <trkpt lat="39.8738818" lon="116.6677857">
        <ele>21.45315</ele>
        <time>2026-09-27T09:42:21.418000Z</time>
      </trkpt>
      <trkpt lat="39.8737657" lon="116.6677857">
        <ele>21.29323</ele>
        <time>2026-09-27T09:42:25.399000Z</time>
      </trkpt>
      <trkpt lat="39.8736518" lon="116.6677667">
        <ele>21.14554</ele>
        <time>2026-09-27T09:42:29.381000Z</time>
      </trkpt>
      <trkpt lat="39.873563" lon="116.6677438">
        <ele>21.04646</ele>
        <time>2026-09-27T09:42:32.367000Z</time>
      </trkpt>
      <trkpt lat="39.8734719" lon="116.6677285">
        <ele>20.96767</ele>
        <time>2026-09-27T09:42:35.353000Z</time>
      </trkpt>
      <trkpt lat="39.8733809" lon="116.66773">
        <ele>20.91555</ele>
        <time>2026-09-27T09:42:38.338000Z</time>
      </trkpt>
      <trkpt lat="39.8732684" lon="116.6677618">
        <ele>20.86023</ele>
        <time>2026-09-27T09:42:42.320000Z</time>
      </trkpt>
      <trkpt lat="39.8731636" lon="116.6678117">
        <ele>20.77956</ele>
        <time>2026-09-27T09:42:46.301000Z</time>
      </trkpt>
      <trkpt lat="39.8730505" lon="116.6678246">
        <ele>20.6956</ele>
        <time>2026-09-27T09:42:50.282000Z</time>
      </trkpt>
      <trkpt lat="39.8729348" lon="116.6677963">
        <ele>20.65302</ele>
        <time>2026-09-27T09:42:54.263000Z</time>
      </trkpt>
      <trkpt lat="39.8728213" lon="116.6677432">
        <ele>20.66847</ele>
        <time>2026-09-27T09:42:58.245000Z</time>
      </trkpt>
      <trkpt lat="39.8727355" lon="116.6677026">
        <ele>20.70682</ele>
        <time>2026-09-27T09:43:01.231000Z</time>
      </trkpt>
      <trkpt lat="39.8726197" lon="116.6676639">
        <ele>20.79943</ele>
        <time>2026-09-27T09:43:05.212000Z</time>
      </trkpt>
      <trkpt lat="39.8725034" lon="116.667645">
        <ele>20.92201</ele>
        <time>2026-09-27T09:43:09.193000Z</time>
      </trkpt>
      <trkpt lat="39.8723885" lon="116.6676426">
        <ele>21.00601</ele>
        <time>2026-09-27T09:43:13.174000Z</time>
      </trkpt>
      <trkpt lat="39.8722736" lon="116.667648">
        <ele>20.99904</ele>
        <time>2026-09-27T09:43:17.155000Z</time>
      </trkpt>
      <trkpt lat="39.872159" lon="116.6676476">
        <ele>20.92705</ele>
        <time>2026-09-27T09:43:21.137000Z</time>
      </trkpt>
      <trkpt lat="39.8720445" lon="116.6676354">
        <ele>20.84213</ele>
        <time>2026-09-27T09:43:25.118000Z</time>
      </trkpt>
      <trkpt lat="39.8719317" lon="116.6676088">
        <ele>20.82371</ele>
        <time>2026-09-27T09:43:29.099000Z</time>
      </trkpt>
      <trkpt lat="39.8718214" lon="116.6675632">
        <ele>20.95419</ele>
        <time>2026-09-27T09:43:33.080000Z</time>
      </trkpt>
      <trkpt lat="39.8717159" lon="116.6675147">
        <ele>21.34462</ele>
        <time>2026-09-27T09:43:37.062000Z</time>
      </trkpt>
      <trkpt lat="39.8716071" lon="116.6674807">
        <ele>22.04537</ele>
        <time>2026-09-27T09:43:41.043000Z</time>
      </trkpt>
      <trkpt lat="39.8714989" lon="116.6674821">
        <ele>22.7292</ele>
        <time>2026-09-27T09:43:45Z</time>
      </trkpt>
      <trkpt lat="39.8713884" lon="116.6674843">
        <ele>22.67662</ele>
        <time>2026-09-27T09:43:49Z</time>
      </trkpt>
      <trkpt lat="39.871277" lon="116.6674849">
        <ele>21.9224</ele>
        <time>2026-09-27T09:43:52.986000Z</time>
      </trkpt>
      <trkpt lat="39.8711677" lon="116.6674987">
        <ele>21.15712</ele>
        <time>2026-09-27T09:43:56.968000Z</time>
      </trkpt>
      <trkpt lat="39.8710738" lon="116.6675551">
        <ele>20.66657</ele>
        <time>2026-09-27T09:44:00.949000Z</time>
      </trkpt>
      <trkpt lat="39.8710199" lon="116.6676804">
        <ele>20.443</ele>
        <time>2026-09-27T09:44:04.930000Z</time>
      </trkpt>
      <trkpt lat="39.8709785" lon="116.6677845">
        <ele>20.3865</ele>
        <time>2026-09-27T09:44:07.916000Z</time>
      </trkpt>
      <trkpt lat="39.8708821" lon="116.6678664">
        <ele>20.37501</ele>
        <time>2026-09-27T09:44:11.897000Z</time>
      </trkpt>
      <trkpt lat="39.8707906" lon="116.6678776">
        <ele>20.38096</ele>
        <time>2026-09-27T09:44:14.883000Z</time>
      </trkpt>
      <trkpt lat="39.8707004" lon="116.6678703">
        <ele>20.39775</ele>
        <time>2026-09-27T09:44:17.869000Z</time>
      </trkpt>
      <trkpt lat="39.8705817" lon="116.6678603">
        <ele>20.44595</ele>
        <time>2026-09-27T09:44:21.850000Z</time>
      </trkpt>
      <trkpt lat="39.8704675" lon="116.6678512">
        <ele>20.52623</ele>
        <time>2026-09-27T09:44:25.831000Z</time>
      </trkpt>
      <trkpt lat="39.8703607" lon="116.6678201">
        <ele>20.62489</ele>
        <time>2026-09-27T09:44:29.812000Z</time>
      </trkpt>
      <trkpt lat="39.8702558" lon="116.6677646">
        <ele>20.69962</ele>
        <time>2026-09-27T09:44:33.793000Z</time>
      </trkpt>
      <trkpt lat="39.8701471" lon="116.6677617">
        <ele>20.6877</ele>
        <time>2026-09-27T09:44:37.775000Z</time>
      </trkpt>
      <trkpt lat="39.87004" lon="116.6677918">
        <ele>20.5962</ele>
        <time>2026-09-27T09:44:41.756000Z</time>
      </trkpt>
      <trkpt lat="39.8699285" lon="116.6677815">
        <ele>20.4994</ele>
        <time>2026-09-27T09:44:45.737000Z</time>
      </trkpt>
      <trkpt lat="39.8698184" lon="116.6677474">
        <ele>20.46825</ele>
        <time>2026-09-27T09:44:49.718000Z</time>
      </trkpt>
      <trkpt lat="39.8697089" lon="116.6677277">
        <ele>20.53303</ele>
        <time>2026-09-27T09:44:53.699000Z</time>
      </trkpt>
      <trkpt lat="39.8696065" lon="116.6677521">
        <ele>20.65043</ele>
        <time>2026-09-27T09:44:57.680000Z</time>
      </trkpt>
      <trkpt lat="39.8695254" lon="116.6678312">
        <ele>20.74871</ele>
        <time>2026-09-27T09:45:01.662000Z</time>
      </trkpt>
      <trkpt lat="39.869481" lon="116.6679582">
        <ele>20.81465</ele>
        <time>2026-09-27T09:45:05.643000Z</time>
      </trkpt>
      <trkpt lat="39.8694707" lon="116.6680995">
        <ele>20.84142</ele>
        <time>2026-09-27T09:45:09.624000Z</time>
      </trkpt>
      <trkpt lat="39.8694869" lon="116.668236">
        <ele>20.83063</ele>
        <time>2026-09-27T09:45:13.605000Z</time>
      </trkpt>
      <trkpt lat="39.8695477" lon="116.6683423">
        <ele>20.77104</ele>
        <time>2026-09-27T09:45:17.586000Z</time>
      </trkpt>
      <trkpt lat="39.869642" lon="116.6683932">
        <ele>20.66342</ele>
        <time>2026-09-27T09:45:21.567000Z</time>
      </trkpt>
      <trkpt lat="39.869744" lon="116.6683714">
        <ele>20.5296</ele>
        <time>2026-09-27T09:45:25.549000Z</time>
      </trkpt>
      <trkpt lat="39.8698418" lon="116.6683201">
        <ele>20.41624</ele>
        <time>2026-09-27T09:45:29.530000Z</time>
      </trkpt>
      <trkpt lat="39.869948" lon="116.6682886">
        <ele>20.33864</ele>
        <time>2026-09-27T09:45:33.511000Z</time>
      </trkpt>
      <trkpt lat="39.8700578" lon="116.668282">
        <ele>20.26501</ele>
        <time>2026-09-27T09:45:37.492000Z</time>
      </trkpt>
      <trkpt lat="39.8701633" lon="116.6682571">
        <ele>20.19368</ele>
        <time>2026-09-27T09:45:41.473000Z</time>
      </trkpt>
      <trkpt lat="39.8702646" lon="116.6682113">
        <ele>20.15538</ele>
        <time>2026-09-27T09:45:45.454000Z</time>
      </trkpt>
      <trkpt lat="39.8703638" lon="116.6681525">
        <ele>20.17105</ele>
        <time>2026-09-27T09:45:49.435000Z</time>
      </trkpt>
      <trkpt lat="39.8704655" lon="116.668099">
        <ele>20.24844</ele>
        <time>2026-09-27T09:45:53.416000Z</time>
      </trkpt>
      <trkpt lat="39.8705685" lon="116.6680541">
        <ele>20.37492</ele>
        <time>2026-09-27T09:45:57.398000Z</time>
      </trkpt>
      <trkpt lat="39.8706784" lon="116.668052">
        <ele>20.51163</ele>
        <time>2026-09-27T09:46:01.379000Z</time>
      </trkpt>
      <trkpt lat="39.8707889" lon="116.6680821">
        <ele>20.62937</ele>
        <time>2026-09-27T09:46:05.360000Z</time>
      </trkpt>
      <trkpt lat="39.8709043" lon="116.6680929">
        <ele>20.70985</ele>
        <time>2026-09-27T09:46:09.341000Z</time>
      </trkpt>
      <trkpt lat="39.8710168" lon="116.668074">
        <ele>20.7652</ele>
        <time>2026-09-27T09:46:13.322000Z</time>
      </trkpt>
      <trkpt lat="39.8711173" lon="116.668027">
        <ele>20.78969</ele>
        <time>2026-09-27T09:46:17.303000Z</time>
      </trkpt>
      <trkpt lat="39.8712127" lon="116.6679706">
        <ele>20.77472</ele>
        <time>2026-09-27T09:46:21.284000Z</time>
      </trkpt>
      <trkpt lat="39.8713187" lon="116.6679405">
        <ele>20.73326</ele>
        <time>2026-09-27T09:46:25.265000Z</time>
      </trkpt>
      <trkpt lat="39.8714323" lon="116.6679384">
        <ele>20.74494</ele>
        <time>2026-09-27T09:46:29.247000Z</time>
      </trkpt>
      <trkpt lat="39.8715394" lon="116.667966">
        <ele>20.94139</ele>
        <time>2026-09-27T09:46:33.228000Z</time>
      </trkpt>
      <trkpt lat="39.8716406" lon="116.6680196">
        <ele>21.41994</ele>
        <time>2026-09-27T09:46:37.209000Z</time>
      </trkpt>
      <trkpt lat="39.8717369" lon="116.6680886">
        <ele>22.13985</ele>
        <time>2026-09-27T09:46:41.190000Z</time>
      </trkpt>
      <trkpt lat="39.8718284" lon="116.6681464">
        <ele>22.68623</ele>
        <time>2026-09-27T09:46:45Z</time>
      </trkpt>
      <trkpt lat="39.8719299" lon="116.668185">
        <ele>22.90875</ele>
        <time>2026-09-27T09:46:49Z</time>
      </trkpt>
      <trkpt lat="39.8720344" lon="116.6681997">
        <ele>23.01899</ele>
        <time>2026-09-27T09:46:53Z</time>
      </trkpt>
      <trkpt lat="39.8721424" lon="116.668197">
        <ele>23.13603</ele>
        <time>2026-09-27T09:46:57Z</time>
      </trkpt>
      <trkpt lat="39.872252" lon="116.6682022">
        <ele>23.2815</ele>
        <time>2026-09-27T09:47:01Z</time>
      </trkpt>
      <trkpt lat="39.8723559" lon="116.6682544">
        <ele>23.44552</ele>
        <time>2026-09-27T09:47:05Z</time>
      </trkpt>
      <trkpt lat="39.872448" lon="116.6683403">
        <ele>23.58238</ele>
        <time>2026-09-27T09:47:09Z</time>
      </trkpt>
      <trkpt lat="39.8725252" lon="116.6684463">
        <ele>23.63458</ele>
        <time>2026-09-27T09:47:13Z</time>
      </trkpt>
      <trkpt lat="39.8725866" lon="116.6685695">
        <ele>23.52606</ele>
        <time>2026-09-27T09:47:17Z</time>
      </trkpt>
      <trkpt lat="39.872622" lon="116.6687102">
        <ele>23.14513</ele>
        <time>2026-09-27T09:47:21Z</time>
      </trkpt>
      <trkpt lat="39.8726298" lon="116.6688539">
        <ele>22.58962</ele>
        <time>2026-09-27T09:47:24.982000Z</time>
      </trkpt>
      <trkpt lat="39.8726151" lon="116.6689926">
        <ele>22.12349</ele>
        <time>2026-09-27T09:47:28.963000Z</time>
      </trkpt>
      <trkpt lat="39.8725838" lon="116.6691296">
        <ele>21.82819</ele>
        <time>2026-09-27T09:47:32.944000Z</time>
      </trkpt>
      <trkpt lat="39.8725471" lon="116.6692679">
        <ele>21.66115</ele>
        <time>2026-09-27T09:47:36.925000Z</time>
      </trkpt>
      <trkpt lat="39.8725199" lon="116.6694084">
        <ele>21.55973</ele>
        <time>2026-09-27T09:47:40.906000Z</time>
      </trkpt>
      <trkpt lat="39.8725127" lon="116.669553">
        <ele>21.48164</ele>
        <time>2026-09-27T09:47:44.887000Z</time>
      </trkpt>
      <trkpt lat="39.8725257" lon="116.6696975">
        <ele>21.40603</ele>
        <time>2026-09-27T09:47:48.868000Z</time>
      </trkpt>
      <trkpt lat="39.8725633" lon="116.6698339">
        <ele>21.3476</ele>
        <time>2026-09-27T09:47:52.849000Z</time>
      </trkpt>
      <trkpt lat="39.8726267" lon="116.669949">
        <ele>21.30791</ele>
        <time>2026-09-27T09:47:56.830000Z</time>
      </trkpt>
      <trkpt lat="39.8727089" lon="116.670038">
        <ele>21.25967</ele>
        <time>2026-09-27T09:48:00.811000Z</time>
      </trkpt>
      <trkpt lat="39.8728002" lon="116.6700972">
        <ele>21.1688</ele>
        <time>2026-09-27T09:48:04.793000Z</time>
      </trkpt>
      <trkpt lat="39.8728972" lon="116.6701244">
        <ele>21.01314</ele>
        <time>2026-09-27T09:48:08.774000Z</time>
      </trkpt>
      <trkpt lat="39.8729959" lon="116.6701351">
        <ele>20.84611</ele>
        <time>2026-09-27T09:48:12.755000Z</time>
      </trkpt>
      <trkpt lat="39.8730948" lon="116.6701292">
        <ele>20.71057</ele>
        <time>2026-09-27T09:48:16.736000Z</time>
      </trkpt>
      <trkpt lat="39.8731947" lon="116.67011">
        <ele>20.61751</ele>
        <time>2026-09-27T09:48:20.717000Z</time>
      </trkpt>
      <trkpt lat="39.8732981" lon="116.670079">
        <ele>20.5808</ele>
        <time>2026-09-27T09:48:24.698000Z</time>
      </trkpt>
      <trkpt lat="39.8733977" lon="116.6700339">
        <ele>20.59869</ele>
        <time>2026-09-27T09:48:28.679000Z</time>
      </trkpt>
      <trkpt lat="39.8734885" lon="116.6699631">
        <ele>20.64115</ele>
        <time>2026-09-27T09:48:32.660000Z</time>
      </trkpt>
      <trkpt lat="39.8735749" lon="116.669885">
        <ele>20.70233</ele>
        <time>2026-09-27T09:48:36.641000Z</time>
      </trkpt>
      <trkpt lat="39.8736634" lon="116.6698132">
        <ele>20.78246</ele>
        <time>2026-09-27T09:48:40.622000Z</time>
      </trkpt>
      <trkpt lat="39.8737615" lon="116.6697717">
        <ele>20.86758</ele>
        <time>2026-09-27T09:48:44.603000Z</time>
      </trkpt>
      <trkpt lat="39.8738653" lon="116.6697741">
        <ele>20.91843</ele>
        <time>2026-09-27T09:48:48.584000Z</time>
      </trkpt>
      <trkpt lat="39.8739679" lon="116.6697953">
        <ele>20.9329</ele>
        <time>2026-09-27T09:48:52.565000Z</time>
      </trkpt>
      <trkpt lat="39.8740723" lon="116.6698116">
        <ele>20.91746</ele>
        <time>2026-09-27T09:48:56.546000Z</time>
      </trkpt>
      <trkpt lat="39.8741774" lon="116.6698071">
        <ele>20.898</ele>
        <time>2026-09-27T09:49:00.527000Z</time>
      </trkpt>
      <trkpt lat="39.8742786" lon="116.6697693">
        <ele>20.92146</ele>
        <time>2026-09-27T09:49:04.508000Z</time>
      </trkpt>
      <trkpt lat="39.8743623" lon="116.6696933">
        <ele>21.03637</ele>
        <time>2026-09-27T09:49:08.489000Z</time>
      </trkpt>
      <trkpt lat="39.8744333" lon="116.6695939">
        <ele>21.20983</ele>
        <time>2026-09-27T09:49:12.470000Z</time>
      </trkpt>
      <trkpt lat="39.8745091" lon="116.6695032">
        <ele>21.40623</ele>
        <time>2026-09-27T09:49:16.451000Z</time>
      </trkpt>
      <trkpt lat="39.8746058" lon="116.6694577">
        <ele>21.61449</ele>
        <time>2026-09-27T09:49:20.432000Z</time>
      </trkpt>
      <trkpt lat="39.8747065" lon="116.6694633">
        <ele>21.8231</ele>
        <time>2026-09-27T09:49:24.413000Z</time>
      </trkpt>
      <trkpt lat="39.8748024" lon="116.6695095">
        <ele>22.01485</ele>
        <time>2026-09-27T09:49:28.394000Z</time>
      </trkpt>
      <trkpt lat="39.8748904" lon="116.6695644">
        <ele>22.20005</ele>
        <time>2026-09-27T09:49:32.376000Z</time>
      </trkpt>
      <trkpt lat="39.8749791" lon="116.6696229">
        <ele>22.37099</ele>
        <time>2026-09-27T09:49:36.357000Z</time>
      </trkpt>
      <trkpt lat="39.8750715" lon="116.6696613">
        <ele>22.50057</ele>
        <time>2026-09-27T09:49:40.338000Z</time>
      </trkpt>
      <trkpt lat="39.8751643" lon="116.6696385">
        <ele>22.57358</ele>
        <time>2026-09-27T09:49:44.319000Z</time>
      </trkpt>
      <trkpt lat="39.8752493" lon="116.6695726">
        <ele>22.62311</ele>
        <time>2026-09-27T09:49:48.300000Z</time>
      </trkpt>
      <trkpt lat="39.8753323" lon="116.6695222">
        <ele>22.72053</ele>
        <time>2026-09-27T09:49:52.281000Z</time>
      </trkpt>
      <trkpt lat="39.8754275" lon="116.6695035">
        <ele>22.89983</ele>
        <time>2026-09-27T09:49:56.262000Z</time>
      </trkpt>
      <trkpt lat="39.8755249" lon="116.6694757">
        <ele>23.14461</ele>
        <time>2026-09-27T09:50:00.243000Z</time>
      </trkpt>
      <trkpt lat="39.8756107" lon="116.6694036">
        <ele>23.45335</ele>
        <time>2026-09-27T09:50:04.224000Z</time>
      </trkpt>
      <trkpt lat="39.8756683" lon="116.6693047">
        <ele>23.83295</ele>
        <time>2026-09-27T09:50:08.205000Z</time>
      </trkpt>
      <trkpt lat="39.8756925" lon="116.6691729">
        <ele>24.17379</ele>
        <time>2026-09-27T09:50:13Z</time>
      </trkpt>
      <trkpt lat="39.875673" lon="116.6690358">
        <ele>24.21364</ele>
        <time>2026-09-27T09:50:18Z</time>
      </trkpt>
      <trkpt lat="39.8756378" lon="116.6689238">
        <ele>24.12302</ele>
        <time>2026-09-27T09:50:22Z</time>
      </trkpt>
      <trkpt lat="39.875578" lon="116.6688209">
        <ele>23.99985</ele>
        <time>2026-09-27T09:50:26Z</time>
      </trkpt>
      <trkpt lat="39.8755055" lon="116.6687297">
        <ele>23.89333</ele>
        <time>2026-09-27T09:50:30Z</time>
      </trkpt>
      <trkpt lat="39.8754272" lon="116.6686428">
        <ele>23.7872</ele>
        <time>2026-09-27T09:50:34Z</time>
      </trkpt>
      <trkpt lat="39.8753503" lon="116.6685543">
        <ele>23.66164</ele>
        <time>2026-09-27T09:50:38Z</time>
      </trkpt>
      <trkpt lat="39.8752943" lon="116.6684443">
        <ele>23.52506</ele>
        <time>2026-09-27T09:50:42Z</time>
      </trkpt>
      <trkpt lat="39.8752617" lon="116.6683155">
        <ele>23.37152</ele>
        <time>2026-09-27T09:50:46Z</time>
      </trkpt>
      <trkpt lat="39.8752379" lon="116.6681856">
        <ele>23.15487</ele>
        <time>2026-09-27T09:50:50Z</time>
      </trkpt>
      <trkpt lat="39.8752104" lon="116.6680603">
        <ele>22.83374</ele>
        <time>2026-09-27T09:50:53.986000Z</time>
      </trkpt>
      <trkpt lat="39.875177" lon="116.6679399">
        <ele>22.51489</ele>
        <time>2026-09-27T09:50:57.967000Z</time>
      </trkpt>
      <trkpt lat="39.8751323" lon="116.6678245">
        <ele>22.24851</ele>
        <time>2026-09-27T09:51:01.948000Z</time>
      </trkpt>
      <trkpt lat="39.8750707" lon="116.6677268">
        <ele>22.02197</ele>
        <time>2026-09-27T09:51:05.929000Z</time>
      </trkpt>
      <trkpt lat="39.8749966" lon="116.667647">
        <ele>21.82261</ele>
        <time>2026-09-27T09:51:09.910000Z</time>
      </trkpt>
      <trkpt lat="39.8749096" lon="116.6676022">
        <ele>21.67425</ele>
        <time>2026-09-27T09:51:13.891000Z</time>
      </trkpt>
      <trkpt lat="39.8748179" lon="116.6675644">
        <ele>21.59413</ele>
        <time>2026-09-27T09:51:17.872000Z</time>
      </trkpt>
      <trkpt lat="39.8747228" lon="116.6675347">
        <ele>21.56628</ele>
        <time>2026-09-27T09:51:21.853000Z</time>
      </trkpt>
      <trkpt lat="39.874623" lon="116.6675189">
        <ele>21.56779</ele>
        <time>2026-09-27T09:51:25.834000Z</time>
      </trkpt>
      <trkpt lat="39.8745205" lon="116.6675109">
        <ele>21.58703</ele>
        <time>2026-09-27T09:51:29.815000Z</time>
      </trkpt>
      <trkpt lat="39.8744197" lon="116.6675232">
        <ele>21.62032</ele>
        <time>2026-09-27T09:51:33.796000Z</time>
      </trkpt>
      <trkpt lat="39.8743257" lon="116.6675616">
        <ele>21.64927</ele>
        <time>2026-09-27T09:51:37.777000Z</time>
      </trkpt>
      <trkpt lat="39.8742392" lon="116.6676178">
        <ele>21.64212</ele>
        <time>2026-09-27T09:51:41.758000Z</time>
      </trkpt>
      <trkpt lat="39.8741541" lon="116.6676787">
        <ele>21.58312</ele>
        <time>2026-09-27T09:51:45.739000Z</time>
      </trkpt>
      <trkpt lat="39.8740688" lon="116.6677404">
        <ele>21.49876</ele>
        <time>2026-09-27T09:51:49.720000Z</time>
      </trkpt>
      <trkpt lat="39.8739825" lon="116.6677925">
        <ele>21.4182</ele>
        <time>2026-09-27T09:51:53.701000Z</time>
      </trkpt>
      <trkpt lat="39.8738879" lon="116.6678121">
        <ele>21.36359</ele>
        <time>2026-09-27T09:51:57.682000Z</time>
      </trkpt>
      <trkpt lat="39.87379" lon="116.6678103">
        <ele>21.34524</ele>
        <time>2026-09-27T09:52:01.663000Z</time>
      </trkpt>
      <trkpt lat="39.873689" lon="116.6677959">
        <ele>21.36318</ele>
        <time>2026-09-27T09:52:05.642000Z</time>
      </trkpt>
      <trkpt lat="39.8735853" lon="116.6677761">
        <ele>21.4121</ele>
        <time>2026-09-27T09:52:09.624000Z</time>
      </trkpt>
      <trkpt lat="39.8734821" lon="116.6677565">
        <ele>21.48289</ele>
        <time>2026-09-27T09:52:13.605000Z</time>
      </trkpt>
      <trkpt lat="39.8733767" lon="116.6677572">
        <ele>21.5486</ele>
        <time>2026-09-27T09:52:17.586000Z</time>
      </trkpt>
      <trkpt lat="39.8732791" lon="116.6677963">
        <ele>21.59809</ele>
        <time>2026-09-27T09:52:21.568000Z</time>
      </trkpt>
      <trkpt lat="39.8731906" lon="116.6678549">
        <ele>21.64141</ele>
        <time>2026-09-27T09:52:25.549000Z</time>
      </trkpt>
      <trkpt lat="39.8730958" lon="116.6678867">
        <ele>21.66218</ele>
        <time>2026-09-27T09:52:29.530000Z</time>
      </trkpt>
      <trkpt lat="39.8729955" lon="116.667876">
        <ele>21.63475</ele>
        <time>2026-09-27T09:52:33.511000Z</time>
      </trkpt>
      <trkpt lat="39.8728984" lon="116.6678388">
        <ele>21.55526</ele>
        <time>2026-09-27T09:52:37.492000Z</time>
      </trkpt>
      <trkpt lat="39.8728017" lon="116.6678044">
        <ele>21.43584</ele>
        <time>2026-09-27T09:52:41.473000Z</time>
      </trkpt>
      <trkpt lat="39.8727048" lon="116.6677716">
        <ele>21.3203</ele>
        <time>2026-09-27T09:52:45.454000Z</time>
      </trkpt>
      <trkpt lat="39.8726045" lon="116.6677477">
        <ele>21.27535</ele>
        <time>2026-09-27T09:52:49.435000Z</time>
      </trkpt>
      <trkpt lat="39.8725076" lon="116.6677416">
        <ele>21.32221</ele>
        <time>2026-09-27T09:52:53.416000Z</time>
      </trkpt>
      <trkpt lat="39.8724117" lon="116.6677518">
        <ele>21.40372</ele>
        <time>2026-09-27T09:52:57.397000Z</time>
      </trkpt>
      <trkpt lat="39.872316" lon="116.6677713">
        <ele>21.439</ele>
        <time>2026-09-27T09:53:01.378000Z</time>
      </trkpt>
      <trkpt lat="39.8722214" lon="116.6677835">
        <ele>21.3724</ele>
        <time>2026-09-27T09:53:05.359000Z</time>
      </trkpt>
      <trkpt lat="39.8721221" lon="116.6677806">
        <ele>21.18177</ele>
        <time>2026-09-27T09:53:09.340000Z</time>
      </trkpt>
      <trkpt lat="39.8720239" lon="116.6677594">
        <ele>20.88511</ele>
        <time>2026-09-27T09:53:13.321000Z</time>
      </trkpt>
      <trkpt lat="39.8719272" lon="116.6677223">
        <ele>20.5532</ele>
        <time>2026-09-27T09:53:17.302000Z</time>
      </trkpt>
      <trkpt lat="39.8718326" lon="116.6676683">
        <ele>20.26026</ele>
        <time>2026-09-27T09:53:21.283000Z</time>
      </trkpt>
      <trkpt lat="39.8717386" lon="116.6676106">
        <ele>20.05505</ele>
        <time>2026-09-27T09:53:25.264000Z</time>
      </trkpt>
      <trkpt lat="39.8716413" lon="116.6675654">
        <ele>19.94935</ele>
        <time>2026-09-27T09:53:29.245000Z</time>
      </trkpt>
      <trkpt lat="39.8715399" lon="116.6675353">
        <ele>19.90674</ele>
        <time>2026-09-27T09:53:33.226000Z</time>
      </trkpt>
      <trkpt lat="39.8714387" lon="116.6675237">
        <ele>19.87144</ele>
        <time>2026-09-27T09:53:37.207000Z</time>
      </trkpt>
      <trkpt lat="39.8713398" lon="116.6675286">
        <ele>19.82027</ele>
        <time>2026-09-27T09:53:41.188000Z</time>
      </trkpt>
      <trkpt lat="39.8712443" lon="116.6675386">
        <ele>19.76749</ele>
        <time>2026-09-27T09:53:45.169000Z</time>
      </trkpt>
      <trkpt lat="39.8711475" lon="116.6675529">
        <ele>19.74139</ele>
        <time>2026-09-27T09:53:49.150000Z</time>
      </trkpt>
      <trkpt lat="39.8710558" lon="116.6675851">
        <ele>19.76316</ele>
        <time>2026-09-27T09:53:53.131000Z</time>
      </trkpt>
      <trkpt lat="39.8709891" lon="116.6676936">
        <ele>19.8652</ele>
        <time>2026-09-27T09:53:58.107000Z</time>
      </trkpt>
      <trkpt lat="39.8709611" lon="116.6678062">
        <ele>20.00598</ele>
        <time>2026-09-27T09:54:02.088000Z</time>
      </trkpt>
      <trkpt lat="39.8708745" lon="116.6678742">
        <ele>20.25733</ele>
        <time>2026-09-27T09:54:07.065000Z</time>
      </trkpt>
      <trkpt lat="39.8707773" lon="116.6678709">
        <ele>20.46042</ele>
        <time>2026-09-27T09:54:11.045000Z</time>
      </trkpt>
      <trkpt lat="39.8706805" lon="116.6678639">
        <ele>20.60052</ele>
        <time>2026-09-27T09:54:15Z</time>
      </trkpt>
      <trkpt lat="39.8705823" lon="116.6678628">
        <ele>20.67768</ele>
        <time>2026-09-27T09:54:19Z</time>
      </trkpt>
      <trkpt lat="39.8704859" lon="116.6678666">
        <ele>20.69202</ele>
        <time>2026-09-27T09:54:22.988000Z</time>
      </trkpt>
      <trkpt lat="39.8703934" lon="116.6678542">
        <ele>20.67424</ele>
        <time>2026-09-27T09:54:26.969000Z</time>
      </trkpt>
      <trkpt lat="39.8703146" lon="116.6677959">
        <ele>20.6409</ele>
        <time>2026-09-27T09:54:30.950000Z</time>
      </trkpt>
      <trkpt lat="39.8702381" lon="116.6677318">
        <ele>20.5704</ele>
        <time>2026-09-27T09:54:34.931000Z</time>
      </trkpt>
      <trkpt lat="39.8701477" lon="116.6677365">
        <ele>20.45817</ele>
        <time>2026-09-27T09:54:38.912000Z</time>
      </trkpt>
      <trkpt lat="39.8700516" lon="116.6677532">
        <ele>20.34682</ele>
        <time>2026-09-27T09:54:42.893000Z</time>
      </trkpt>
      <trkpt lat="39.8699567" lon="116.6677589">
        <ele>20.28622</ele>
        <time>2026-09-27T09:54:46.874000Z</time>
      </trkpt>
      <trkpt lat="39.8698628" lon="116.667741">
        <ele>20.29749</ele>
        <time>2026-09-27T09:54:50.855000Z</time>
      </trkpt>
      <trkpt lat="39.8697686" lon="116.6677184">
        <ele>20.36904</ele>
        <time>2026-09-27T09:54:54.836000Z</time>
      </trkpt>
      <trkpt lat="39.8696755" lon="116.667722">
        <ele>20.46462</ele>
        <time>2026-09-27T09:54:58.817000Z</time>
      </trkpt>
      <trkpt lat="39.8695865" lon="116.6677556">
        <ele>20.56296</ele>
        <time>2026-09-27T09:55:02.798000Z</time>
      </trkpt>
      <trkpt lat="39.8695168" lon="116.6678311">
        <ele>20.66827</ele>
        <time>2026-09-27T09:55:06.779000Z</time>
      </trkpt>
      <trkpt lat="39.8694813" lon="116.6679429">
        <ele>20.77095</ele>
        <time>2026-09-27T09:55:10.760000Z</time>
      </trkpt>
      <trkpt lat="39.8694713" lon="116.668065">
        <ele>20.84785</ele>
        <time>2026-09-27T09:55:14.741000Z</time>
      </trkpt>
      <trkpt lat="39.8694894" lon="116.6681842">
        <ele>20.88114</ele>
        <time>2026-09-27T09:55:18.722000Z</time>
      </trkpt>
      <trkpt lat="39.8695367" lon="116.6682851">
        <ele>20.86977</ele>
        <time>2026-09-27T09:55:22.703000Z</time>
      </trkpt>
      <trkpt lat="39.869633" lon="116.6683501">
        <ele>20.80555</ele>
        <time>2026-09-27T09:55:27.679000Z</time>
      </trkpt>
      <trkpt lat="39.8697237" lon="116.6683378">
        <ele>20.72698</ele>
        <time>2026-09-27T09:55:31.660000Z</time>
      </trkpt>
      <trkpt lat="39.8698158" lon="116.6682941">
        <ele>20.65703</ele>
        <time>2026-09-27T09:55:35.641000Z</time>
      </trkpt>
      <trkpt lat="39.8699102" lon="116.668261">
        <ele>20.62793</ele>
        <time>2026-09-27T09:55:39.622000Z</time>
      </trkpt>
      <trkpt lat="39.8700101" lon="116.6682555">
        <ele>20.62776</ele>
        <time>2026-09-27T09:55:43.603000Z</time>
      </trkpt>
      <trkpt lat="39.8701075" lon="116.6682476">
        <ele>20.60894</ele>
        <time>2026-09-27T09:55:47.584000Z</time>
      </trkpt>
      <trkpt lat="39.870202" lon="116.6682128">
        <ele>20.556</ele>
        <time>2026-09-27T09:55:51.565000Z</time>
      </trkpt>
      <trkpt lat="39.8702943" lon="116.6681577">
        <ele>20.47015</ele>
        <time>2026-09-27T09:55:55.546000Z</time>
      </trkpt>
      <trkpt lat="39.8703856" lon="116.6680972">
        <ele>20.36253</ele>
        <time>2026-09-27T09:55:59.527000Z</time>
      </trkpt>
      <trkpt lat="39.8704859" lon="116.668059">
        <ele>20.28463</ele>
        <time>2026-09-27T09:56:03.508000Z</time>
      </trkpt>
      <trkpt lat="39.870589" lon="116.6680549">
        <ele>20.29633</ele>
        <time>2026-09-27T09:56:07.488000Z</time>
      </trkpt>
      <trkpt lat="39.8706953" lon="116.6680764">
        <ele>20.41043</ele>
        <time>2026-09-27T09:56:11.469000Z</time>
      </trkpt>
      <trkpt lat="39.8708006" lon="116.6681017">
        <ele>20.58696</ele>
        <time>2026-09-27T09:56:15.450000Z</time>
      </trkpt>
      <trkpt lat="39.8709084" lon="116.6681028">
        <ele>20.76679</ele>
        <time>2026-09-27T09:56:19.431000Z</time>
      </trkpt>
      <trkpt lat="39.8710166" lon="116.6680795">
        <ele>20.89969</ele>
        <time>2026-09-27T09:56:23.412000Z</time>
      </trkpt>
      <trkpt lat="39.8711184" lon="116.6680346">
        <ele>20.93619</ele>
        <time>2026-09-27T09:56:27.393000Z</time>
      </trkpt>
      <trkpt lat="39.8712163" lon="116.6679846">
        <ele>20.8576</ele>
        <time>2026-09-27T09:56:31.374000Z</time>
      </trkpt>
      <trkpt lat="39.8713161" lon="116.6679474">
        <ele>20.71402</ele>
        <time>2026-09-27T09:56:35.355000Z</time>
      </trkpt>
      <trkpt lat="39.8714176" lon="116.6679408">
        <ele>20.5958</ele>
        <time>2026-09-27T09:56:39.336000Z</time>
      </trkpt>
      <trkpt lat="39.8715173" lon="116.6679638">
        <ele>20.54711</ele>
        <time>2026-09-27T09:56:43.317000Z</time>
      </trkpt>
      <trkpt lat="39.8716121" lon="116.668003">
        <ele>20.57707</ele>
        <time>2026-09-27T09:56:47.298000Z</time>
      </trkpt>
      <trkpt lat="39.871702" lon="116.6680483">
        <ele>20.66608</ele>
        <time>2026-09-27T09:56:51.279000Z</time>
      </trkpt>
      <trkpt lat="39.8717956" lon="116.6681041">
        <ele>20.80212</ele>
        <time>2026-09-27T09:56:55.260000Z</time>
      </trkpt>
      <trkpt lat="39.8718954" lon="116.66816">
        <ele>20.98977</ele>
        <time>2026-09-27T09:56:59.241000Z</time>
      </trkpt>
      <trkpt lat="39.8720032" lon="116.6681924">
        <ele>21.21688</ele>
        <time>2026-09-27T09:57:03.222000Z</time>
      </trkpt>
      <trkpt lat="39.8721092" lon="116.6681995">
        <ele>21.43446</ele>
        <time>2026-09-27T09:57:07.203000Z</time>
      </trkpt>
      <trkpt lat="39.8722143" lon="116.6682004">
        <ele>21.60849</ele>
        <time>2026-09-27T09:57:11Z</time>
      </trkpt>
      <trkpt lat="39.8723211" lon="116.668233">
        <ele>21.69901</ele>
        <time>2026-09-27T09:57:15Z</time>
      </trkpt>
      <trkpt lat="39.8724165" lon="116.6683119">
        <ele>21.61846</ele>
        <time>2026-09-27T09:57:19.145000Z</time>
      </trkpt>
      <trkpt lat="39.87249" lon="116.6684168">
        <ele>21.47182</ele>
        <time>2026-09-27T09:57:23.126000Z</time>
      </trkpt>
      <trkpt lat="39.8725504" lon="116.668535">
        <ele>21.37894</ele>
        <time>2026-09-27T09:57:27.107000Z</time>
      </trkpt>
      <trkpt lat="39.8725946" lon="116.6686677">
        <ele>21.38736</ele>
        <time>2026-09-27T09:57:31.088000Z</time>
      </trkpt>
      <trkpt lat="39.8726153" lon="116.6688063">
        <ele>21.49798</ele>
        <time>2026-09-27T09:57:35.069000Z</time>
      </trkpt>
      <trkpt lat="39.8726136" lon="116.6689445">
        <ele>21.62567</ele>
        <time>2026-09-27T09:57:39Z</time>
      </trkpt>
      <trkpt lat="39.8725871" lon="116.6690777">
        <ele>21.6537</ele>
        <time>2026-09-27T09:57:43Z</time>
      </trkpt>
      <trkpt lat="39.8725467" lon="116.6692056">
        <ele>21.59543</ele>
        <time>2026-09-27T09:57:47Z</time>
      </trkpt>
      <trkpt lat="39.8725163" lon="116.6693368">
        <ele>21.48466</ele>
        <time>2026-09-27T09:57:50.993000Z</time>
      </trkpt>
      <trkpt lat="39.8725029" lon="116.6694698">
        <ele>21.38746</ele>
        <time>2026-09-27T09:57:54.974000Z</time>
      </trkpt>
      <trkpt lat="39.8725024" lon="116.6696035">
        <ele>21.35381</ele>
        <time>2026-09-27T09:57:58.954000Z</time>
      </trkpt>
      <trkpt lat="39.8725194" lon="116.6697294">
        <ele>21.35385</ele>
        <time>2026-09-27T09:58:02.935000Z</time>
      </trkpt>
      <trkpt lat="39.8725558" lon="116.6698485">
        <ele>21.36131</ele>
        <time>2026-09-27T09:58:06.916000Z</time>
      </trkpt>
      <trkpt lat="39.872614" lon="116.6699469">
        <ele>21.36563</ele>
        <time>2026-09-27T09:58:10.897000Z</time>
      </trkpt>
      <trkpt lat="39.8726873" lon="116.6700226">
        <ele>21.37108</ele>
        <time>2026-09-27T09:58:14.878000Z</time>
      </trkpt>
      <trkpt lat="39.8727733" lon="116.6700884">
        <ele>21.35704</ele>
        <time>2026-09-27T09:58:18.859000Z</time>
      </trkpt>
      <trkpt lat="39.8728676" lon="116.6701314">
        <ele>21.30808</ele>
        <time>2026-09-27T09:58:22.840000Z</time>
      </trkpt>
      <trkpt lat="39.8729688" lon="116.6701558">
        <ele>21.23757</ele>
        <time>2026-09-27T09:58:26.821000Z</time>
      </trkpt>
      <trkpt lat="39.8730718" lon="116.6701611">
        <ele>21.15546</ele>
        <time>2026-09-27T09:58:30.802000Z</time>
      </trkpt>
      <trkpt lat="39.8731739" lon="116.6701455">
        <ele>21.06429</ele>
        <time>2026-09-27T09:58:34.783000Z</time>
      </trkpt>
      <trkpt lat="39.873274" lon="116.6701174">
        <ele>20.95197</ele>
        <time>2026-09-27T09:58:38.764000Z</time>
      </trkpt>
      <trkpt lat="39.8733721" lon="116.6700765">
        <ele>20.81195</ele>
        <time>2026-09-27T09:58:42.744000Z</time>
      </trkpt>
      <trkpt lat="39.8734666" lon="116.6700155">
        <ele>20.69466</ele>
        <time>2026-09-27T09:58:46.725000Z</time>
      </trkpt>
      <trkpt lat="39.8735547" lon="116.669938">
        <ele>20.65797</ele>
        <time>2026-09-27T09:58:50.706000Z</time>
      </trkpt>
      <trkpt lat="39.8736406" lon="116.6698595">
        <ele>20.69587</ele>
        <time>2026-09-27T09:58:54.687000Z</time>
      </trkpt>
      <trkpt lat="39.8737357" lon="116.6698019">
        <ele>20.79445</ele>
        <time>2026-09-27T09:58:58.668000Z</time>
      </trkpt>
      <trkpt lat="39.8738366" lon="116.6697844">
        <ele>20.9302</ele>
        <time>2026-09-27T09:59:02.649000Z</time>
      </trkpt>
      <trkpt lat="39.8739362" lon="116.6698019">
        <ele>21.05539</ele>
        <time>2026-09-27T09:59:06.630000Z</time>
      </trkpt>
      <trkpt lat="39.8740367" lon="116.6698289">
        <ele>21.13723</ele>
        <time>2026-09-27T09:59:10.611000Z</time>
      </trkpt>
      <trkpt lat="39.874139" lon="116.6698378">
        <ele>21.16984</ele>
        <time>2026-09-27T09:59:14.591000Z</time>
      </trkpt>
      <trkpt lat="39.874238" lon="116.6698126">
        <ele>21.17714</ele>
        <time>2026-09-27T09:59:18.592000Z</time>
      </trkpt>
      <trkpt lat="39.8743209" lon="116.6697467">
        <ele>21.19012</ele>
        <time>2026-09-27T09:59:22.573000Z</time>
      </trkpt>
      <trkpt lat="39.874398" lon="116.6696627">
        <ele>21.23942</ele>
        <time>2026-09-27T09:59:26.554000Z</time>
      </trkpt>
      <trkpt lat="39.8744675" lon="116.6695712">
        <ele>21.35021</ele>
        <time>2026-09-27T09:59:30.535000Z</time>
      </trkpt>
      <trkpt lat="39.8745367" lon="116.6694893">
        <ele>21.52697</ele>
        <time>2026-09-27T09:59:34.516000Z</time>
      </trkpt>
      <trkpt lat="39.8746307" lon="116.6694622">
        <ele>21.77628</ele>
        <time>2026-09-27T09:59:38.497000Z</time>
      </trkpt>
      <trkpt lat="39.8747349" lon="116.6694802">
        <ele>22.06695</ele>
        <time>2026-09-27T09:59:42.478000Z</time>
      </trkpt>
      <trkpt lat="39.8748363" lon="116.6695232">
        <ele>22.34158</ele>
        <time>2026-09-27T09:59:46.458000Z</time>
      </trkpt>
      <trkpt lat="39.8749269" lon="116.669573">
        <ele>22.5578</ele>
        <time>2026-09-27T09:59:50.439000Z</time>
      </trkpt>
      <trkpt lat="39.875014" lon="116.66962">
        <ele>22.69984</ele>
        <time>2026-09-27T09:59:54.420000Z</time>
      </trkpt>
      <trkpt lat="39.8751034" lon="116.6696407">
        <ele>22.74441</ele>
        <time>2026-09-27T09:59:58.401000Z</time>
      </trkpt>
      <trkpt lat="39.8751961" lon="116.6695874">
        <ele>22.70956</ele>
        <time>2026-09-27T10:00:03.377000Z</time>
      </trkpt>
      <trkpt lat="39.8752707" lon="116.6695204">
        <ele>22.69295</ele>
        <time>2026-09-27T10:00:07.358000Z</time>
      </trkpt>
      <trkpt lat="39.8753573" lon="116.6694871">
        <ele>22.71409</ele>
        <time>2026-09-27T10:00:11.339000Z</time>
      </trkpt>
      <trkpt lat="39.8754485" lon="116.6694692">
        <ele>22.75554</ele>
        <time>2026-09-27T10:00:15.320000Z</time>
      </trkpt>
      <trkpt lat="39.8755351" lon="116.6694215">
        <ele>22.78862</ele>
        <time>2026-09-27T10:00:19.301000Z</time>
      </trkpt>
      <trkpt lat="39.8756105" lon="116.6693409">
        <ele>22.7887</ele>
        <time>2026-09-27T10:00:23.282000Z</time>
      </trkpt>
      <trkpt lat="39.8756567" lon="116.6692109">
        <ele>22.75599</ele>
        <time>2026-09-27T10:00:28.258000Z</time>
      </trkpt>
      <trkpt lat="39.8756489" lon="116.6690893">
        <ele>22.74041</ele>
        <time>2026-09-27T10:00:32.239000Z</time>
      </trkpt>
      <trkpt lat="39.8756216" lon="116.6689718">
        <ele>22.74188</ele>
        <time>2026-09-27T10:00:36.219000Z</time>
      </trkpt>
      <trkpt lat="39.875579" lon="116.6688652">
        <ele>22.75069</ele>
        <time>2026-09-27T10:00:40.200000Z</time>
      </trkpt>
      <trkpt lat="39.875523" lon="116.6687711">
        <ele>22.7589</ele>
        <time>2026-09-27T10:00:44.181000Z</time>
      </trkpt>
      <trkpt lat="39.87544" lon="116.6686723">
        <ele>22.76368</ele>
        <time>2026-09-27T10:00:49Z</time>
      </trkpt>
      <trkpt lat="39.8753775" lon="116.6685815">
        <ele>22.7331</ele>
        <time>2026-09-27T10:00:53Z</time>
      </trkpt>
      <trkpt lat="39.8753336" lon="116.6684668">
        <ele>22.66924</ele>
        <time>2026-09-27T10:00:57Z</time>
      </trkpt>
      <trkpt lat="39.8752999" lon="116.6683393">
        <ele>22.58425</ele>
        <time>2026-09-27T10:01:01.100000Z</time>
      </trkpt>
      <trkpt lat="39.8752777" lon="116.6682145">
        <ele>22.54173</ele>
        <time>2026-09-27T10:01:05Z</time>
      </trkpt>
      <trkpt lat="39.8752453" lon="116.6680873">
        <ele>22.58774</ele>
        <time>2026-09-27T10:01:09Z</time>
      </trkpt>
      <trkpt lat="39.8752002" lon="116.6679649">
        <ele>22.64963</ele>
        <time>2026-09-27T10:01:13Z</time>
      </trkpt>
      <trkpt lat="39.8751477" lon="116.667851">
        <ele>22.62023</ele>
        <time>2026-09-27T10:01:17Z</time>
      </trkpt>
      <trkpt lat="39.8750854" lon="116.6677528">
        <ele>22.50271</ele>
        <time>2026-09-27T10:01:21Z</time>
      </trkpt>
      <trkpt lat="39.8750131" lon="116.6676661">
        <ele>22.31872</ele>
        <time>2026-09-27T10:01:24.985000Z</time>
      </trkpt>
      <trkpt lat="39.8749295" lon="116.667604">
        <ele>22.14179</ele>
        <time>2026-09-27T10:01:28.966000Z</time>
      </trkpt>
      <trkpt lat="39.8748357" lon="116.6675676">
        <ele>21.99684</ele>
        <time>2026-09-27T10:01:32.947000Z</time>
      </trkpt>
      <trkpt lat="39.8747424" lon="116.6675393">
        <ele>21.88381</ele>
        <time>2026-09-27T10:01:36.928000Z</time>
      </trkpt>
      <trkpt lat="39.8746438" lon="116.6675161">
        <ele>21.78774</ele>
        <time>2026-09-27T10:01:40.909000Z</time>
      </trkpt>
      <trkpt lat="39.8745442" lon="116.6675018">
        <ele>21.69472</ele>
        <time>2026-09-27T10:01:44.890000Z</time>
      </trkpt>
      <trkpt lat="39.8744438" lon="116.6675112">
        <ele>21.5955</ele>
        <time>2026-09-27T10:01:48.871000Z</time>
      </trkpt>
      <trkpt lat="39.8743456" lon="116.6675464">
        <ele>21.51151</ele>
        <time>2026-09-27T10:01:52.852000Z</time>
      </trkpt>
      <trkpt lat="39.8742536" lon="116.6675972">
        <ele>21.46788</ele>
        <time>2026-09-27T10:01:56.833000Z</time>
      </trkpt>
      <trkpt lat="39.874165" lon="116.6676622">
        <ele>21.44022</ele>
        <time>2026-09-27T10:02:00.814000Z</time>
      </trkpt>
      <trkpt lat="39.8740756" lon="116.6677326">
        <ele>21.39332</ele>
        <time>2026-09-27T10:02:04.794000Z</time>
      </trkpt>
      <trkpt lat="39.8739827" lon="116.6677885">
        <ele>21.31714</ele>
        <time>2026-09-27T10:02:08.775000Z</time>
      </trkpt>
      <trkpt lat="39.8738823" lon="116.6678192">
        <ele>21.22751</ele>
        <time>2026-09-27T10:02:12.756000Z</time>
      </trkpt>
      <trkpt lat="39.87378" lon="116.6678197">
        <ele>21.15368</ele>
        <time>2026-09-27T10:02:16.737000Z</time>
      </trkpt>
      <trkpt lat="39.873676" lon="116.6677995">
        <ele>21.15491</ele>
        <time>2026-09-27T10:02:20.718000Z</time>
      </trkpt>
      <trkpt lat="39.8735719" lon="116.6677682">
        <ele>21.26178</ele>
        <time>2026-09-27T10:02:24.699000Z</time>
      </trkpt>
      <trkpt lat="39.8734684" lon="116.6677436">
        <ele>21.43802</ele>
        <time>2026-09-27T10:02:28.680000Z</time>
      </trkpt>
      <trkpt lat="39.8733625" lon="116.6677523">
        <ele>21.59413</ele>
        <time>2026-09-27T10:02:32.661000Z</time>
      </trkpt>
      <trkpt lat="39.8732593" lon="116.6677851">
        <ele>21.67866</ele>
        <time>2026-09-27T10:02:36.642000Z</time>
      </trkpt>
      <trkpt lat="39.8731573" lon="116.6678292">
        <ele>21.69238</ele>
        <time>2026-09-27T10:02:40.622000Z</time>
      </trkpt>
      <trkpt lat="39.87305" lon="116.6678539">
        <ele>21.64859</ele>
        <time>2026-09-27T10:02:44.603000Z</time>
      </trkpt>
      <trkpt lat="39.8729385" lon="116.6678446">
        <ele>21.58575</ele>
        <time>2026-09-27T10:02:48.584000Z</time>
      </trkpt>
      <trkpt lat="39.8728299" lon="116.6678133">
        <ele>21.52161</ele>
        <time>2026-09-27T10:02:52.565000Z</time>
      </trkpt>
      <trkpt lat="39.8727252" lon="116.6677814">
        <ele>21.46466</ele>
        <time>2026-09-27T10:02:56.546000Z</time>
      </trkpt>
      <trkpt lat="39.8726204" lon="116.6677607">
        <ele>21.43394</ele>
        <time>2026-09-27T10:03:00.527000Z</time>
      </trkpt>
      <trkpt lat="39.8725163" lon="116.6677573">
        <ele>21.44382</ele>
        <time>2026-09-27T10:03:04.508000Z</time>
      </trkpt>
      <trkpt lat="39.872411" lon="116.667764">
        <ele>21.48188</ele>
        <time>2026-09-27T10:03:08.489000Z</time>
      </trkpt>
      <trkpt lat="39.8723071" lon="116.6677717">
        <ele>21.50671</ele>
        <time>2026-09-27T10:03:12.469000Z</time>
      </trkpt>
      <trkpt lat="39.8722049" lon="116.6677709">
        <ele>21.47504</ele>
        <time>2026-09-27T10:03:16.450000Z</time>
      </trkpt>
      <trkpt lat="39.8721003" lon="116.6677546">
        <ele>21.34627</ele>
        <time>2026-09-27T10:03:20.431000Z</time>
      </trkpt>
      <trkpt lat="39.8719993" lon="116.6677252">
        <ele>21.15278</ele>
        <time>2026-09-27T10:03:24.412000Z</time>
      </trkpt>
      <trkpt lat="39.8718993" lon="116.6676732">
        <ele>20.95386</ele>
        <time>2026-09-27T10:03:28.393000Z</time>
      </trkpt>
      <trkpt lat="39.8717995" lon="116.6676169">
        <ele>20.77075</ele>
        <time>2026-09-27T10:03:32.374000Z</time>
      </trkpt>
      <trkpt lat="39.8717" lon="116.6675708">
        <ele>20.64721</ele>
        <time>2026-09-27T10:03:36.355000Z</time>
      </trkpt>
      <trkpt lat="39.8715977" lon="116.6675348">
        <ele>20.58571</ele>
        <time>2026-09-27T10:03:40.336000Z</time>
      </trkpt>
      <trkpt lat="39.8714951" lon="116.6675178">
        <ele>20.57427</ele>
        <time>2026-09-27T10:03:44.316000Z</time>
      </trkpt>
      <trkpt lat="39.8713916" lon="116.6675215">
        <ele>20.56458</ele>
        <time>2026-09-27T10:03:48.297000Z</time>
      </trkpt>
      <trkpt lat="39.8712889" lon="116.6675366">
        <ele>20.52093</ele>
        <time>2026-09-27T10:03:52.278000Z</time>
      </trkpt>
      <trkpt lat="39.8711839" lon="116.6675495">
        <ele>20.44923</ele>
        <time>2026-09-27T10:03:56.259000Z</time>
      </trkpt>
      <trkpt lat="39.8710853" lon="116.6675808">
        <ele>20.33974</ele>
        <time>2026-09-27T10:04:00.240000Z</time>
      </trkpt>
      <trkpt lat="39.8710154" lon="116.6676889">
        <ele>20.20738</ele>
        <time>2026-09-27T10:04:05.216000Z</time>
      </trkpt>
      <trkpt lat="39.8709705" lon="116.6678087">
        <ele>20.14889</ele>
        <time>2026-09-27T10:04:09.197000Z</time>
      </trkpt>
      <trkpt lat="39.8708932" lon="116.6678752">
        <ele>20.09861</ele>
        <time>2026-09-27T10:04:13Z</time>
      </trkpt>
      <trkpt lat="39.8707908" lon="116.6678933">
        <ele>20.10081</ele>
        <time>2026-09-27T10:04:17Z</time>
      </trkpt>
      <trkpt lat="39.8706841" lon="116.6678983">
        <ele>20.19212</ele>
        <time>2026-09-27T10:04:21Z</time>
      </trkpt>
      <trkpt lat="39.8705778" lon="116.6678969">
        <ele>20.33588</ele>
        <time>2026-09-27T10:04:25Z</time>
      </trkpt>
      <trkpt lat="39.8704738" lon="116.6678878">
        <ele>20.54124</ele>
        <time>2026-09-27T10:04:29Z</time>
      </trkpt>
      <trkpt lat="39.8703754" lon="116.6678516">
        <ele>20.85873</ele>
        <time>2026-09-27T10:04:33Z</time>
      </trkpt>
      <trkpt lat="39.8702859" lon="116.6677928">
        <ele>21.22937</ele>
        <time>2026-09-27T10:04:37.063000Z</time>
      </trkpt>
      <trkpt lat="39.8701933" lon="116.6677696">
        <ele>21.49084</ele>
        <time>2026-09-27T10:04:41.044000Z</time>
      </trkpt>
      <trkpt lat="39.8700986" lon="116.6677702">
        <ele>21.58801</ele>
        <time>2026-09-27T10:04:45Z</time>
      </trkpt>
      <trkpt lat="39.8699995" lon="116.6677759">
        <ele>21.4911</ele>
        <time>2026-09-27T10:04:49.006000Z</time>
      </trkpt>
      <trkpt lat="39.8698977" lon="116.6677624">
        <ele>21.26411</ele>
        <time>2026-09-27T10:04:52.987000Z</time>
      </trkpt>
      <trkpt lat="39.8697932" lon="116.6677433">
        <ele>21.01061</ele>
        <time>2026-09-27T10:04:56.967000Z</time>
      </trkpt>
      <trkpt lat="39.8696907" lon="116.6677361">
        <ele>20.807</ele>
        <time>2026-09-27T10:05:00.948000Z</time>
      </trkpt>
      <trkpt lat="39.8695942" lon="116.6677616">
        <ele>20.68643</ele>
        <time>2026-09-27T10:05:04.929000Z</time>
      </trkpt>
      <trkpt lat="39.8695207" lon="116.6678383">
        <ele>20.67878</ele>
        <time>2026-09-27T10:05:08.910000Z</time>
      </trkpt>
      <trkpt lat="39.8694839" lon="116.6679516">
        <ele>20.75844</ele>
        <time>2026-09-27T10:05:12.891000Z</time>
      </trkpt>
      <trkpt lat="39.8694791" lon="116.6680759">
        <ele>20.88513</ele>
        <time>2026-09-27T10:05:16.872000Z</time>
      </trkpt>
      <trkpt lat="39.8694943" lon="116.6681998">
        <ele>21.09517</ele>
        <time>2026-09-27T10:05:20.853000Z</time>
      </trkpt>
      <trkpt lat="39.8694592" lon="116.6683279">
        <ele>21.55326</ele>
        <time>2026-09-27T10:05:25.829000Z</time>
      </trkpt>
      <trkpt lat="39.8693544" lon="116.6683818">
        <ele>22.05691</ele>
        <time>2026-09-27T10:05:30.805000Z</time>
      </trkpt>
      <trkpt lat="39.8692829" lon="116.668453">
        <ele>22.32159</ele>
        <time>2026-09-27T10:05:34.786000Z</time>
      </trkpt>
      <trkpt lat="39.8692456" lon="116.6685709">
        <ele>22.46251</ele>
        <time>2026-09-27T10:05:38.767000Z</time>
      </trkpt>
      <trkpt lat="39.8692268" lon="116.6687003">
        <ele>22.52357</ele>
        <time>2026-09-27T10:05:42.748000Z</time>
      </trkpt>
      <trkpt lat="39.8692086" lon="116.6688313">
        <ele>22.5789</ele>
        <time>2026-09-27T10:05:46.729000Z</time>
      </trkpt>
      <trkpt lat="39.8691613" lon="116.6689419">
        <ele>22.66737</ele>
        <time>2026-09-27T10:05:50.709000Z</time>
      </trkpt>
      <trkpt lat="39.8690747" lon="116.6690039">
        <ele>22.76094</ele>
        <time>2026-09-27T10:05:54.690000Z</time>
      </trkpt>
      <trkpt lat="39.8689752" lon="116.6690282">
        <ele>22.8435</ele>
        <time>2026-09-27T10:05:58.671000Z</time>
      </trkpt>
      <trkpt lat="39.8688751" lon="116.6690367">
        <ele>22.92757</ele>
        <time>2026-09-27T10:06:02.652000Z</time>
      </trkpt>
      <trkpt lat="39.8687743" lon="116.6690431">
        <ele>23.03198</ele>
        <time>2026-09-27T10:06:06.633000Z</time>
      </trkpt>
      <trkpt lat="39.8686742" lon="116.6690487">
        <ele>23.14866</ele>
        <time>2026-09-27T10:06:10.614000Z</time>
      </trkpt>
      <trkpt lat="39.8685734" lon="116.6690517">
        <ele>23.24833</ele>
        <time>2026-09-27T10:06:14.595000Z</time>
      </trkpt>
      <trkpt lat="39.8684698" lon="116.6690449">
        <ele>23.28453</ele>
        <time>2026-09-27T10:06:18.576000Z</time>
      </trkpt>
      <trkpt lat="39.868359" lon="116.6690389">
        <ele>23.24942</ele>
        <time>2026-09-27T10:06:22.556000Z</time>
      </trkpt>
      <trkpt lat="39.8682482" lon="116.6690373">
        <ele>23.18614</ele>
        <time>2026-09-27T10:06:26.537000Z</time>
      </trkpt>
      <trkpt lat="39.8681393" lon="116.6690276">
        <ele>23.1365</ele>
        <time>2026-09-27T10:06:30.518000Z</time>
      </trkpt>
      <trkpt lat="39.8680368" lon="116.6689888">
        <ele>23.12331</ele>
        <time>2026-09-27T10:06:34.499000Z</time>
      </trkpt>
      <trkpt lat="39.8679275" lon="116.6689543">
        <ele>23.11621</ele>
        <time>2026-09-27T10:06:38.480000Z</time>
      </trkpt>
      <trkpt lat="39.8678126" lon="116.6689417">
        <ele>23.10422</ele>
        <time>2026-09-27T10:06:42.461000Z</time>
      </trkpt>
      <trkpt lat="39.867702" lon="116.6689359">
        <ele>23.12604</ele>
        <time>2026-09-27T10:06:46.442000Z</time>
      </trkpt>
      <trkpt lat="39.8675934" lon="116.6689259">
        <ele>23.20293</ele>
        <time>2026-09-27T10:06:50.423000Z</time>
      </trkpt>
      <trkpt lat="39.8674855" lon="116.6689152">
        <ele>23.2932</ele>
        <time>2026-09-27T10:06:54.404000Z</time>
      </trkpt>
      <trkpt lat="39.8673737" lon="116.6689162">
        <ele>23.33567</ele>
        <time>2026-09-27T10:06:58.384000Z</time>
      </trkpt>
      <trkpt lat="39.8672654" lon="116.6689176">
        <ele>23.34369</ele>
        <time>2026-09-27T10:07:02.365000Z</time>
      </trkpt>
      <trkpt lat="39.8671573" lon="116.668915">
        <ele>23.39426</ele>
        <time>2026-09-27T10:07:06.346000Z</time>
      </trkpt>
      <trkpt lat="39.8670484" lon="116.6689164">
        <ele>23.53215</ele>
        <time>2026-09-27T10:07:10.327000Z</time>
      </trkpt>
      <trkpt lat="39.8669438" lon="116.6689195">
        <ele>23.73206</ele>
        <time>2026-09-27T10:07:14.308000Z</time>
      </trkpt>
      <trkpt lat="39.8668348" lon="116.6689184">
        <ele>23.9361</ele>
        <time>2026-09-27T10:07:18.289000Z</time>
      </trkpt>
      <trkpt lat="39.8667266" lon="116.6689056">
        <ele>24.09133</ele>
        <time>2026-09-27T10:07:22.270000Z</time>
      </trkpt>
      <trkpt lat="39.8666212" lon="116.6688966">
        <ele>24.16776</ele>
        <time>2026-09-27T10:07:26.251000Z</time>
      </trkpt>
      <trkpt lat="39.8665144" lon="116.668898">
        <ele>24.12367</ele>
        <time>2026-09-27T10:07:30.232000Z</time>
      </trkpt>
      <trkpt lat="39.8664101" lon="116.6689173">
        <ele>23.9588</ele>
        <time>2026-09-27T10:07:34.213000Z</time>
      </trkpt>
      <trkpt lat="39.8663044" lon="116.6689356">
        <ele>23.74018</ele>
        <time>2026-09-27T10:07:38.194000Z</time>
      </trkpt>
      <trkpt lat="39.8661961" lon="116.6689345">
        <ele>23.53068</ele>
        <time>2026-09-27T10:07:42.174000Z</time>
      </trkpt>
      <trkpt lat="39.8660886" lon="116.6689341">
        <ele>23.35344</ele>
        <time>2026-09-27T10:07:46.155000Z</time>
      </trkpt>
      <trkpt lat="39.8659812" lon="116.6689378">
        <ele>23.23192</ele>
        <time>2026-09-27T10:07:50.136000Z</time>
      </trkpt>
      <trkpt lat="39.86588" lon="116.6689466">
        <ele>23.17423</ele>
        <time>2026-09-27T10:07:54Z</time>
      </trkpt>
      <trkpt lat="39.8657802" lon="116.6689517">
        <ele>23.08964</ele>
        <time>2026-09-27T10:07:58Z</time>
      </trkpt>
      <trkpt lat="39.8656804" lon="116.6689566">
        <ele>23.00627</ele>
        <time>2026-09-27T10:08:02Z</time>
      </trkpt>
      <trkpt lat="39.8655803" lon="116.6689656">
        <ele>22.96729</ele>
        <time>2026-09-27T10:08:06Z</time>
      </trkpt>
      <trkpt lat="39.8654795" lon="116.668985">
        <ele>22.95322</ele>
        <time>2026-09-27T10:08:10Z</time>
      </trkpt>
      <trkpt lat="39.8653812" lon="116.6690108">
        <ele>22.94193</ele>
        <time>2026-09-27T10:08:14Z</time>
      </trkpt>
      <trkpt lat="39.8652832" lon="116.6690386">
        <ele>22.93883</ele>
        <time>2026-09-27T10:08:18Z</time>
      </trkpt>
      <trkpt lat="39.8651868" lon="116.6690521">
        <ele>22.92029</ele>
        <time>2026-09-27T10:08:21.984000Z</time>
      </trkpt>
      <trkpt lat="39.8650911" lon="116.669041">
        <ele>22.84161</ele>
        <time>2026-09-27T10:08:25.965000Z</time>
      </trkpt>
      <trkpt lat="39.8649934" lon="116.6690255">
        <ele>22.72383</ele>
        <time>2026-09-27T10:08:29.946000Z</time>
      </trkpt>
      <trkpt lat="39.8648923" lon="116.6690212">
        <ele>22.64989</ele>
        <time>2026-09-27T10:08:33.927000Z</time>
      </trkpt>
      <trkpt lat="39.8647916" lon="116.6690312">
        <ele>22.63379</ele>
        <time>2026-09-27T10:08:37.907000Z</time>
      </trkpt>
      <trkpt lat="39.8646931" lon="116.6690378">
        <ele>22.67464</ele>
        <time>2026-09-27T10:08:41.888000Z</time>
      </trkpt>
      <trkpt lat="39.8645966" lon="116.6690389">
        <ele>22.8267</ele>
        <time>2026-09-27T10:08:45.869000Z</time>
      </trkpt>
      <trkpt lat="39.8644988" lon="116.6690395">
        <ele>23.07569</ele>
        <time>2026-09-27T10:08:49.850000Z</time>
      </trkpt>
      <trkpt lat="39.864396" lon="116.6690438">
        <ele>23.34016</ele>
        <time>2026-09-27T10:08:53.831000Z</time>
      </trkpt>
      <trkpt lat="39.8642982" lon="116.6690501">
        <ele>23.54969</ele>
        <time>2026-09-27T10:08:57.812000Z</time>
      </trkpt>
      <trkpt lat="39.8641992" lon="116.6690592">
        <ele>23.68153</ele>
        <time>2026-09-27T10:09:01.793000Z</time>
      </trkpt>
      <trkpt lat="39.8640981" lon="116.6690754">
        <ele>23.77721</ele>
        <time>2026-09-27T10:09:05.774000Z</time>
      </trkpt>
      <trkpt lat="39.8639949" lon="116.6690873">
        <ele>23.91937</ele>
        <time>2026-09-27T10:09:09.755000Z</time>
      </trkpt>
      <trkpt lat="39.8638917" lon="116.6690947">
        <ele>24.1434</ele>
        <time>2026-09-27T10:09:13.736000Z</time>
      </trkpt>
      <trkpt lat="39.8637865" lon="116.6691011">
        <ele>24.41074</ele>
        <time>2026-09-27T10:09:17.717000Z</time>
      </trkpt>
      <trkpt lat="39.8636817" lon="116.669103">
        <ele>24.66976</ele>
        <time>2026-09-27T10:09:21.698000Z</time>
      </trkpt>
      <trkpt lat="39.8635772" lon="116.6690993">
        <ele>24.86405</ele>
        <time>2026-09-27T10:09:25.679000Z</time>
      </trkpt>
      <trkpt lat="39.8634712" lon="116.6690978">
        <ele>24.98118</ele>
        <time>2026-09-27T10:09:29.660000Z</time>
      </trkpt>
      <trkpt lat="39.863365" lon="116.6690951">
        <ele>25.01388</ele>
        <time>2026-09-27T10:09:33.641000Z</time>
      </trkpt>
      <trkpt lat="39.8632571" lon="116.6690839">
        <ele>24.98873</ele>
        <time>2026-09-27T10:09:37.622000Z</time>
      </trkpt>
      <trkpt lat="39.8631501" lon="116.6690696">
        <ele>24.95442</ele>
        <time>2026-09-27T10:09:41.603000Z</time>
      </trkpt>
      <trkpt lat="39.8630443" lon="116.6690531">
        <ele>24.92942</ele>
        <time>2026-09-27T10:09:45.584000Z</time>
      </trkpt>
      <trkpt lat="39.8629383" lon="116.6690338">
        <ele>24.88587</ele>
        <time>2026-09-27T10:09:49.565000Z</time>
      </trkpt>
      <trkpt lat="39.8628303" lon="116.6690151">
        <ele>24.80518</ele>
        <time>2026-09-27T10:09:53.546000Z</time>
      </trkpt>
      <trkpt lat="39.8627195" lon="116.6690006">
        <ele>24.65774</ele>
        <time>2026-09-27T10:09:57.526000Z</time>
      </trkpt>
      <trkpt lat="39.8626109" lon="116.6689782">
        <ele>24.44657</ele>
        <time>2026-09-27T10:10:01.507000Z</time>
      </trkpt>
      <trkpt lat="39.8625209" lon="116.6689143">
        <ele>24.21332</ele>
        <time>2026-09-27T10:10:05.488000Z</time>
      </trkpt>
      <trkpt lat="39.8624863" lon="116.6687898">
        <ele>24.00715</ele>
        <time>2026-09-27T10:10:09.469000Z</time>
      </trkpt>
      <trkpt lat="39.8624846" lon="116.6686527">
        <ele>23.85523</ele>
        <time>2026-09-27T10:10:13.450000Z</time>
      </trkpt>
      <trkpt lat="39.8624832" lon="116.6685147">
        <ele>23.73176</ele>
        <time>2026-09-27T10:10:17.431000Z</time>
      </trkpt>
      <trkpt lat="39.8624815" lon="116.6683779">
        <ele>23.61543</ele>
        <time>2026-09-27T10:10:21.412000Z</time>
      </trkpt>
      <trkpt lat="39.8624774" lon="116.6682439">
        <ele>23.51042</ele>
        <time>2026-09-27T10:10:25.393000Z</time>
      </trkpt>
      <trkpt lat="39.8624736" lon="116.6681083">
        <ele>23.43971</ele>
        <time>2026-09-27T10:10:29.374000Z</time>
      </trkpt>
      <trkpt lat="39.8624694" lon="116.6679716">
        <ele>23.42173</ele>
        <time>2026-09-27T10:10:33.355000Z</time>
      </trkpt>
      <trkpt lat="39.8624633" lon="116.6678298">
        <ele>23.47852</ele>
        <time>2026-09-27T10:10:37.336000Z</time>
      </trkpt>
      <trkpt lat="39.862465" lon="116.6676859">
        <ele>23.60431</ele>
        <time>2026-09-27T10:10:41.317000Z</time>
      </trkpt>
      <trkpt lat="39.8624747" lon="116.6675416">
        <ele>23.7421</ele>
        <time>2026-09-27T10:10:45.298000Z</time>
      </trkpt>
      <trkpt lat="39.8624925" lon="116.6674011">
        <ele>23.84831</ele>
        <time>2026-09-27T10:10:49.279000Z</time>
      </trkpt>
      <trkpt lat="39.8625068" lon="116.6672625">
        <ele>23.92333</ele>
        <time>2026-09-27T10:10:53.260000Z</time>
      </trkpt>
      <trkpt lat="39.8625096" lon="116.6671205">
        <ele>23.99138</ele>
        <time>2026-09-27T10:10:57.241000Z</time>
      </trkpt>
      <trkpt lat="39.8625122" lon="116.6669807">
        <ele>24.09977</ele>
        <time>2026-09-27T10:11:01.222000Z</time>
      </trkpt>
      <trkpt lat="39.86251" lon="116.6668431">
        <ele>24.26577</ele>
        <time>2026-09-27T10:11:05.203000Z</time>
      </trkpt>
      <trkpt lat="39.8625007" lon="116.6667132">
        <ele>24.44128</ele>
        <time>2026-09-27T10:11:09Z</time>
      </trkpt>
      <trkpt lat="39.8624953" lon="116.6665795">
        <ele>24.57031</ele>
        <time>2026-09-27T10:11:13Z</time>
      </trkpt>
      <trkpt lat="39.8624946" lon="116.6664414">
        <ele>24.65489</ele>
        <time>2026-09-27T10:11:17Z</time>
      </trkpt>
      <trkpt lat="39.8624927" lon="116.6663017">
        <ele>24.71065</ele>
        <time>2026-09-27T10:11:21Z</time>
      </trkpt>
      <trkpt lat="39.8624876" lon="116.6661592">
        <ele>24.70061</ele>
        <time>2026-09-27T10:11:25Z</time>
      </trkpt>
      <trkpt lat="39.8624778" lon="116.6660167">
        <ele>24.61391</ele>
        <time>2026-09-27T10:11:29Z</time>
      </trkpt>
      <trkpt lat="39.8624695" lon="116.6658756">
        <ele>24.51768</ele>
        <time>2026-09-27T10:11:33Z</time>
      </trkpt>
      <trkpt lat="39.8624626" lon="116.6657373">
        <ele>24.46746</ele>
        <time>2026-09-27T10:11:37Z</time>
      </trkpt>
      <trkpt lat="39.8624654" lon="116.6655947">
        <ele>24.47206</ele>
        <time>2026-09-27T10:11:41.031000Z</time>
      </trkpt>
      <trkpt lat="39.8624726" lon="116.6654512">
        <ele>24.47796</ele>
        <time>2026-09-27T10:11:45Z</time>
      </trkpt>
      <trkpt lat="39.8624759" lon="116.6653099">
        <ele>24.35089</ele>
        <time>2026-09-27T10:11:48.993000Z</time>
      </trkpt>
      <trkpt lat="39.8624783" lon="116.665169">
        <ele>24.13938</ele>
        <time>2026-09-27T10:11:52.974000Z</time>
      </trkpt>
      <trkpt lat="39.8624801" lon="116.6650299">
        <ele>23.94987</ele>
        <time>2026-09-27T10:11:56.955000Z</time>
      </trkpt>
      <trkpt lat="39.8624799" lon="116.6648903">
        <ele>23.80221</ele>
        <time>2026-09-27T10:12:00.936000Z</time>
      </trkpt>
      <trkpt lat="39.8624817" lon="116.6647499">
        <ele>23.6873</ele>
        <time>2026-09-27T10:12:04.917000Z</time>
      </trkpt>
      <trkpt lat="39.8624829" lon="116.6646071">
        <ele>23.5946</ele>
        <time>2026-09-27T10:12:08.898000Z</time>
      </trkpt>
      <trkpt lat="39.8624845" lon="116.6644661">
        <ele>23.52338</ele>
        <time>2026-09-27T10:12:12.879000Z</time>
      </trkpt>
      <trkpt lat="39.8624866" lon="116.6643263">
        <ele>23.48779</ele>
        <time>2026-09-27T10:12:16.860000Z</time>
      </trkpt>
      <trkpt lat="39.8624858" lon="116.6641862">
        <ele>23.48794</ele>
        <time>2026-09-27T10:12:20.841000Z</time>
      </trkpt>
      <trkpt lat="39.8624859" lon="116.6640476">
        <ele>23.51692</ele>
        <time>2026-09-27T10:12:24.822000Z</time>
      </trkpt>
      <trkpt lat="39.8624875" lon="116.6639094">
        <ele>23.57797</ele>
        <time>2026-09-27T10:12:28.803000Z</time>
      </trkpt>
      <trkpt lat="39.8624864" lon="116.6637722">
        <ele>23.64716</ele>
        <time>2026-09-27T10:12:32.784000Z</time>
      </trkpt>
      <trkpt lat="39.8624868" lon="116.6636329">
        <ele>23.6615</ele>
        <time>2026-09-27T10:12:36.765000Z</time>
      </trkpt>
      <trkpt lat="39.8624857" lon="116.6634902">
        <ele>23.59253</ele>
        <time>2026-09-27T10:12:40.746000Z</time>
      </trkpt>
      <trkpt lat="39.862476" lon="116.6633466">
        <ele>23.46986</ele>
        <time>2026-09-27T10:12:44.727000Z</time>
      </trkpt>
      <trkpt lat="39.8624622" lon="116.6632041">
        <ele>23.34255</ele>
        <time>2026-09-27T10:12:48.708000Z</time>
      </trkpt>
      <trkpt lat="39.8624558" lon="116.6630638">
        <ele>23.23279</ele>
        <time>2026-09-27T10:12:52.689000Z</time>
      </trkpt>
      <trkpt lat="39.8624637" lon="116.6629215">
        <ele>23.13469</ele>
        <time>2026-09-27T10:12:56.670000Z</time>
      </trkpt>
      <trkpt lat="39.8624775" lon="116.6627779">
        <ele>23.04273</ele>
        <time>2026-09-27T10:13:00.651000Z</time>
      </trkpt>
      <trkpt lat="39.8624903" lon="116.6626374">
        <ele>22.96167</ele>
        <time>2026-09-27T10:13:04.632000Z</time>
      </trkpt>
      <trkpt lat="39.8624925" lon="116.6624969">
        <ele>22.88716</ele>
        <time>2026-09-27T10:13:08.613000Z</time>
      </trkpt>
      <trkpt lat="39.8624925" lon="116.6623564">
        <ele>22.81808</ele>
        <time>2026-09-27T10:13:12.594000Z</time>
      </trkpt>
      <trkpt lat="39.8624939" lon="116.6622136">
        <ele>22.77078</ele>
        <time>2026-09-27T10:13:16.575000Z</time>
      </trkpt>
      <trkpt lat="39.8624939" lon="116.6620743">
        <ele>22.76482</ele>
        <time>2026-09-27T10:13:20.556000Z</time>
      </trkpt>
      <trkpt lat="39.8624872" lon="116.6619384">
        <ele>22.79688</ele>
        <time>2026-09-27T10:13:24.537000Z</time>
      </trkpt>
      <trkpt lat="39.8624774" lon="116.6618018">
        <ele>22.86935</ele>
        <time>2026-09-27T10:13:28.518000Z</time>
      </trkpt>
      <trkpt lat="39.8624746" lon="116.6616629">
        <ele>22.96166</ele>
        <time>2026-09-27T10:13:32.499000Z</time>
      </trkpt>
      <trkpt lat="39.8624775" lon="116.6615211">
        <ele>23.05636</ele>
        <time>2026-09-27T10:13:36.480000Z</time>
      </trkpt>
      <trkpt lat="39.862486" lon="116.6613746">
        <ele>23.18298</ele>
        <time>2026-09-27T10:13:40.461000Z</time>
      </trkpt>
      <trkpt lat="39.8624903" lon="116.661227">
        <ele>23.32984</ele>
        <time>2026-09-27T10:13:44.442000Z</time>
      </trkpt>
      <trkpt lat="39.862488" lon="116.6610815">
        <ele>23.45057</ele>
        <time>2026-09-27T10:13:48.423000Z</time>
      </trkpt>
      <trkpt lat="39.8624849" lon="116.6609351">
        <ele>23.51548</ele>
        <time>2026-09-27T10:13:52.404000Z</time>
      </trkpt>
      <trkpt lat="39.8624913" lon="116.660788">
        <ele>23.49408</ele>
        <time>2026-09-27T10:13:56.385000Z</time>
      </trkpt>
      <trkpt lat="39.8624971" lon="116.6606476">
        <ele>23.37289</ele>
        <time>2026-09-27T10:14:00.366000Z</time>
      </trkpt>
      <trkpt lat="39.8624978" lon="116.6605219">
        <ele>23.18322</ele>
        <time>2026-09-27T10:14:04.347000Z</time>
      </trkpt>
      <trkpt lat="39.8624967" lon="116.660401">
        <ele>22.99728</ele>
        <time>2026-09-27T10:14:08.328000Z</time>
      </trkpt>
      <trkpt lat="39.8625026" lon="116.6602574">
        <ele>22.84517</ele>
        <time>2026-09-27T10:14:13.304000Z</time>
      </trkpt>
      <trkpt lat="39.8625107" lon="116.6601243">
        <ele>22.79799</ele>
        <time>2026-09-27T10:14:17.285000Z</time>
      </trkpt>
      <trkpt lat="39.8625153" lon="116.6599753">
        <ele>22.82256</ele>
        <time>2026-09-27T10:14:21.266000Z</time>
      </trkpt>
      <trkpt lat="39.8625143" lon="116.659825">
        <ele>22.93295</ele>
        <time>2026-09-27T10:14:25.247000Z</time>
      </trkpt>
      <trkpt lat="39.8625146" lon="116.6596783">
        <ele>23.13118</ele>
        <time>2026-09-27T10:14:29.228000Z</time>
      </trkpt>
      <trkpt lat="39.862515" lon="116.6595387">
        <ele>23.38521</ele>
        <time>2026-09-27T10:14:33.209000Z</time>
      </trkpt>
      <trkpt lat="39.8625112" lon="116.6594074">
        <ele>23.62289</ele>
        <time>2026-09-27T10:14:37Z</time>
      </trkpt>
      <trkpt lat="39.8625088" lon="116.6592716">
        <ele>23.74384</ele>
        <time>2026-09-27T10:14:41Z</time>
      </trkpt>
      <trkpt lat="39.8625067" lon="116.659133">
        <ele>23.73731</ele>
        <time>2026-09-27T10:14:45Z</time>
      </trkpt>
      <trkpt lat="39.8625041" lon="116.6589928">
        <ele>23.72656</ele>
        <time>2026-09-27T10:14:49Z</time>
      </trkpt>
      <trkpt lat="39.8624976" lon="116.6588564">
        <ele>23.76742</ele>
        <time>2026-09-27T10:14:53Z</time>
      </trkpt>
      <trkpt lat="39.8624892" lon="116.6587226">
        <ele>23.81491</ele>
        <time>2026-09-27T10:14:57Z</time>
      </trkpt>
      <trkpt lat="39.8624788" lon="116.6585897">
        <ele>23.85536</ele>
        <time>2026-09-27T10:15:01Z</time>
      </trkpt>
      <trkpt lat="39.8624786" lon="116.6584531">
        <ele>23.90146</ele>
        <time>2026-09-27T10:15:05Z</time>
      </trkpt>
      <trkpt lat="39.8624813" lon="116.6583189">
        <ele>23.93839</ele>
        <time>2026-09-27T10:15:09Z</time>
      </trkpt>
      <trkpt lat="39.8624826" lon="116.6581844">
        <ele>23.95495</ele>
        <time>2026-09-27T10:15:13Z</time>
      </trkpt>
      <trkpt lat="39.8624848" lon="116.658049">
        <ele>23.89824</ele>
        <time>2026-09-27T10:15:17Z</time>
      </trkpt>
      <trkpt lat="39.8624818" lon="116.6579136">
        <ele>23.77282</ele>
        <time>2026-09-27T10:15:20.981000Z</time>
      </trkpt>
      <trkpt lat="39.8624787" lon="116.6577809">
        <ele>23.66479</ele>
        <time>2026-09-27T10:15:24.962000Z</time>
      </trkpt>
      <trkpt lat="39.8624784" lon="116.6576519">
        <ele>23.61005</ele>
        <time>2026-09-27T10:15:28.943000Z</time>
      </trkpt>
      <trkpt lat="39.8624801" lon="116.6575232">
        <ele>23.59544</ele>
        <time>2026-09-27T10:15:32.924000Z</time>
      </trkpt>
      <trkpt lat="39.8624796" lon="116.6573929">
        <ele>23.59188</ele>
        <time>2026-09-27T10:15:36.905000Z</time>
      </trkpt>
      <trkpt lat="39.8624769" lon="116.65726">
        <ele>23.58565</ele>
        <time>2026-09-27T10:15:40.886000Z</time>
      </trkpt>
      <trkpt lat="39.8624766" lon="116.6571238">
        <ele>23.59247</ele>
        <time>2026-09-27T10:15:44.867000Z</time>
      </trkpt>
      <trkpt lat="39.862477" lon="116.6569873">
        <ele>23.62202</ele>
        <time>2026-09-27T10:15:48.848000Z</time>
      </trkpt>
      <trkpt lat="39.8624785" lon="116.6568564">
        <ele>23.68114</ele>
        <time>2026-09-27T10:15:52.829000Z</time>
      </trkpt>
      <trkpt lat="39.8624852" lon="116.6567298">
        <ele>23.75436</ele>
        <time>2026-09-27T10:15:56.810000Z</time>
      </trkpt>
      <trkpt lat="39.8625041" lon="116.6566025">
        <ele>23.85205</ele>
        <time>2026-09-27T10:16:00.791000Z</time>
      </trkpt>
      <trkpt lat="39.8625067" lon="116.6564668">
        <ele>23.98064</ele>
        <time>2026-09-27T10:16:04.772000Z</time>
      </trkpt>
      <trkpt lat="39.8625093" lon="116.6563264">
        <ele>24.09349</ele>
        <time>2026-09-27T10:16:08.753000Z</time>
      </trkpt>
      <trkpt lat="39.8625101" lon="116.6561905">
        <ele>24.14321</ele>
        <time>2026-09-27T10:16:12.734000Z</time>
      </trkpt>
      <trkpt lat="39.8625073" lon="116.6560571">
        <ele>24.11911</ele>
        <time>2026-09-27T10:16:16.715000Z</time>
      </trkpt>
      <trkpt lat="39.8625043" lon="116.6559377">
        <ele>24.03668</ele>
        <time>2026-09-27T10:16:20.696000Z</time>
      </trkpt>
      <trkpt lat="39.8625025" lon="116.6558146">
        <ele>23.86305</ele>
        <time>2026-09-27T10:16:27Z</time>
      </trkpt>
      <trkpt lat="39.8625134" lon="116.6556957">
        <ele>23.94958</ele>
        <time>2026-09-27T10:16:34.630000Z</time>
      </trkpt>
      <trkpt lat="39.86256" lon="116.6556227">
        <ele>24.26158</ele>
        <time>2026-09-27T10:16:44.583000Z</time>
      </trkpt>
      <trkpt lat="39.8625473" lon="116.6556025">
        <ele>24.54681</ele>
        <time>2026-09-27T10:16:56.526000Z</time>
      </trkpt>
      <trkpt lat="39.8625244" lon="116.6555926">
        <ele>24.66232</ele>
        <time>2026-09-27T10:17:00.507000Z</time>
      </trkpt>
      <trkpt lat="39.862421" lon="116.6555604">
        <ele>24.9111</ele>
        <time>2026-09-27T10:17:07.473000Z</time>
      </trkpt>
      <trkpt lat="39.8623086" lon="116.6555528">
        <ele>25.03978</ele>
        <time>2026-09-27T10:17:11.454000Z</time>
      </trkpt>
      <trkpt lat="39.862197" lon="116.6555515">
        <ele>25.14765</ele>
        <time>2026-09-27T10:17:15.435000Z</time>
      </trkpt>
      <trkpt lat="39.8621061" lon="116.6555108">
        <ele>25.24983</ele>
        <time>2026-09-27T10:17:19.416000Z</time>
      </trkpt>
      <trkpt lat="39.862041" lon="116.655412">
        <ele>25.34407</ele>
        <time>2026-09-27T10:17:23.397000Z</time>
      </trkpt>
      <trkpt lat="39.8619643" lon="116.6553357">
        <ele>25.40716</ele>
        <time>2026-09-27T10:17:27.378000Z</time>
      </trkpt>
      <trkpt lat="39.8618684" lon="116.6553033">
        <ele>25.40726</ele>
        <time>2026-09-27T10:17:31.360000Z</time>
      </trkpt>
      <trkpt lat="39.8617661" lon="116.6552845">
        <ele>25.36575</ele>
        <time>2026-09-27T10:17:35.341000Z</time>
      </trkpt>
      <trkpt lat="39.8616644" lon="116.6552581">
        <ele>25.33511</ele>
        <time>2026-09-27T10:17:39.322000Z</time>
      </trkpt>
      <trkpt lat="39.8615645" lon="116.655223">
        <ele>25.28689</ele>
        <time>2026-09-27T10:17:43.303000Z</time>
      </trkpt>
      <trkpt lat="39.8614652" lon="116.6551969">
        <ele>25.18033</ele>
        <time>2026-09-27T10:17:47.284000Z</time>
      </trkpt>
      <trkpt lat="39.8613702" lon="116.6551525">
        <ele>24.9988</ele>
        <time>2026-09-27T10:17:51.265000Z</time>
      </trkpt>
      <trkpt lat="39.8612698" lon="116.6551045">
        <ele>24.75496</ele>
        <time>2026-09-27T10:17:55.246000Z</time>
      </trkpt>
      <trkpt lat="39.8611674" lon="116.6550679">
        <ele>24.41965</ele>
        <time>2026-09-27T10:17:59.227000Z</time>
      </trkpt>
      <trkpt lat="39.8610631" lon="116.6550368">
        <ele>23.97668</ele>
        <time>2026-09-27T10:18:03.208000Z</time>
      </trkpt>
      <trkpt lat="39.8609603" lon="116.6550113">
        <ele>23.55012</ele>
        <time>2026-09-27T10:18:07Z</time>
      </trkpt>
      <trkpt lat="39.8608491" lon="116.6549811">
        <ele>23.30263</ele>
        <time>2026-09-27T10:18:11Z</time>
      </trkpt>
      <trkpt lat="39.8607376" lon="116.6549457">
        <ele>23.25871</ele>
        <time>2026-09-27T10:18:15Z</time>
      </trkpt>
      <trkpt lat="39.8606297" lon="116.654907">
        <ele>23.35772</ele>
        <time>2026-09-27T10:18:19Z</time>
      </trkpt>
      <trkpt lat="39.8605531" lon="116.6548169">
        <ele>23.54622</ele>
        <time>2026-09-27T10:18:23Z</time>
      </trkpt>
      <trkpt lat="39.8605187" lon="116.6546754">
        <ele>23.76716</ele>
        <time>2026-09-27T10:18:27Z</time>
      </trkpt>
      <trkpt lat="39.8604519" lon="116.6545605">
        <ele>23.86631</ele>
        <time>2026-09-27T10:18:31Z</time>
      </trkpt>
      <trkpt lat="39.8603459" lon="116.654514">
        <ele>23.81168</ele>
        <time>2026-09-27T10:18:35Z</time>
      </trkpt>
      <trkpt lat="39.860235" lon="116.6544867">
        <ele>23.79651</ele>
        <time>2026-09-27T10:18:39.037000Z</time>
      </trkpt>
      <trkpt lat="39.8601259" lon="116.6544583">
        <ele>23.83343</ele>
        <time>2026-09-27T10:18:43.018000Z</time>
      </trkpt>
      <trkpt lat="39.8600183" lon="116.6544316">
        <ele>23.93857</ele>
        <time>2026-09-27T10:18:46.999000Z</time>
      </trkpt>
      <trkpt lat="39.8599112" lon="116.654405">
        <ele>24.19366</ele>
        <time>2026-09-27T10:18:50.980000Z</time>
      </trkpt>
      <trkpt lat="39.8598064" lon="116.6543803">
        <ele>24.44507</ele>
        <time>2026-09-27T10:18:54.961000Z</time>
      </trkpt>
      <trkpt lat="39.8597011" lon="116.6543545">
        <ele>24.66219</ele>
        <time>2026-09-27T10:18:58.942000Z</time>
      </trkpt>
      <trkpt lat="39.8595967" lon="116.6543103">
        <ele>24.82954</ele>
        <time>2026-09-27T10:19:02.923000Z</time>
      </trkpt>
      <trkpt lat="39.8594949" lon="116.6542738">
        <ele>24.92152</ele>
        <time>2026-09-27T10:19:06.904000Z</time>
      </trkpt>
      <trkpt lat="39.8593944" lon="116.6542392">
        <ele>24.9311</ele>
        <time>2026-09-27T10:19:10.885000Z</time>
      </trkpt>
      <trkpt lat="39.8592935" lon="116.6542062">
        <ele>24.86259</ele>
        <time>2026-09-27T10:19:14.866000Z</time>
      </trkpt>
      <trkpt lat="39.8591964" lon="116.6541725">
        <ele>24.75779</ele>
        <time>2026-09-27T10:19:18.847000Z</time>
      </trkpt>
      <trkpt lat="39.8591166" lon="116.6541049">
        <ele>24.65472</ele>
        <time>2026-09-27T10:19:22.828000Z</time>
      </trkpt>
      <trkpt lat="39.8590731" lon="116.6539843">
        <ele>24.5673</ele>
        <time>2026-09-27T10:19:26.809000Z</time>
      </trkpt>
      <trkpt lat="39.8590628" lon="116.653847">
        <ele>24.49436</ele>
        <time>2026-09-27T10:19:30.790000Z</time>
      </trkpt>
      <trkpt lat="39.8590622" lon="116.6537126">
        <ele>24.44642</ele>
        <time>2026-09-27T10:19:34.770000Z</time>
      </trkpt>
      <trkpt lat="39.8590623" lon="116.6535798">
        <ele>24.43956</ele>
        <time>2026-09-27T10:19:38.751000Z</time>
      </trkpt>
      <trkpt lat="39.8590607" lon="116.6534495">
        <ele>24.47404</ele>
        <time>2026-09-27T10:19:42.731000Z</time>
      </trkpt>
      <trkpt lat="39.859061" lon="116.6533166">
        <ele>24.53428</ele>
        <time>2026-09-27T10:19:46.712000Z</time>
      </trkpt>
      <trkpt lat="39.8590625" lon="116.6531841">
        <ele>24.58459</ele>
        <time>2026-09-27T10:19:50.693000Z</time>
      </trkpt>
      <trkpt lat="39.8590605" lon="116.6530513">
        <ele>24.59132</ele>
        <time>2026-09-27T10:19:54.673000Z</time>
      </trkpt>
      <trkpt lat="39.8590572" lon="116.6529191">
        <ele>24.58757</ele>
        <time>2026-09-27T10:19:58.654000Z</time>
      </trkpt>
      <trkpt lat="39.8590559" lon="116.6527831">
        <ele>24.6273</ele>
        <time>2026-09-27T10:20:02.635000Z</time>
      </trkpt>
      <trkpt lat="39.8590546" lon="116.6526461">
        <ele>24.72535</ele>
        <time>2026-09-27T10:20:06.616000Z</time>
      </trkpt>
      <trkpt lat="39.8590497" lon="116.6525094">
        <ele>24.83881</ele>
        <time>2026-09-27T10:20:10.597000Z</time>
      </trkpt>
      <trkpt lat="39.8590424" lon="116.6523743">
        <ele>24.92599</ele>
        <time>2026-09-27T10:20:14.578000Z</time>
      </trkpt>
      <trkpt lat="39.8590364" lon="116.6522386">
        <ele>24.96806</ele>
        <time>2026-09-27T10:20:18.559000Z</time>
      </trkpt>
      <trkpt lat="39.8590428" lon="116.6520982">
        <ele>24.98508</ele>
        <time>2026-09-27T10:20:22.540000Z</time>
      </trkpt>
      <trkpt lat="39.8590805" lon="116.6519667">
        <ele>25.01738</ele>
        <time>2026-09-27T10:20:26.521000Z</time>
      </trkpt>
      <trkpt lat="39.8591685" lon="116.6518825">
        <ele>25.08088</ele>
        <time>2026-09-27T10:20:30.502000Z</time>
      </trkpt>
      <trkpt lat="39.8592808" lon="116.6518581">
        <ele>25.17604</ele>
        <time>2026-09-27T10:20:34.483000Z</time>
      </trkpt>
      <trkpt lat="39.859389" lon="116.6518557">
        <ele>25.28349</ele>
        <time>2026-09-27T10:20:38.464000Z</time>
      </trkpt>
      <trkpt lat="39.8594926" lon="116.6518557">
        <ele>25.36491</ele>
        <time>2026-09-27T10:20:42.445000Z</time>
      </trkpt>
      <trkpt lat="39.8595946" lon="116.6518552">
        <ele>25.39583</ele>
        <time>2026-09-27T10:20:46.426000Z</time>
      </trkpt>
      <trkpt lat="39.8596971" lon="116.65185">
        <ele>25.37139</ele>
        <time>2026-09-27T10:20:50.407000Z</time>
      </trkpt>
      <trkpt lat="39.8597986" lon="116.6518393">
        <ele>25.30722</ele>
        <time>2026-09-27T10:20:54.388000Z</time>
      </trkpt>
      <trkpt lat="39.8599003" lon="116.6518302">
        <ele>25.23358</ele>
        <time>2026-09-27T10:20:58.369000Z</time>
      </trkpt>
      <trkpt lat="39.8600005" lon="116.6518259">
        <ele>25.17158</ele>
        <time>2026-09-27T10:21:02.350000Z</time>
      </trkpt>
      <trkpt lat="39.8600999" lon="116.6518251">
        <ele>25.12688</ele>
        <time>2026-09-27T10:21:06.331000Z</time>
      </trkpt>
      <trkpt lat="39.8602013" lon="116.651826">
        <ele>25.09376</ele>
        <time>2026-09-27T10:21:10.312000Z</time>
      </trkpt>
      <trkpt lat="39.8603048" lon="116.6518245">
        <ele>25.07011</ele>
        <time>2026-09-27T10:21:14.293000Z</time>
      </trkpt>
      <trkpt lat="39.8604093" lon="116.6518206">
        <ele>25.04009</ele>
        <time>2026-09-27T10:21:18.274000Z</time>
      </trkpt>
      <trkpt lat="39.8605148" lon="116.6518213">
        <ele>24.97733</ele>
        <time>2026-09-27T10:21:22.255000Z</time>
      </trkpt>
      <trkpt lat="39.860621" lon="116.6518264">
        <ele>24.84555</ele>
        <time>2026-09-27T10:21:26.236000Z</time>
      </trkpt>
      <trkpt lat="39.8607267" lon="116.6518281">
        <ele>24.60731</ele>
        <time>2026-09-27T10:21:30.217000Z</time>
      </trkpt>
      <trkpt lat="39.860832" lon="116.6518195">
        <ele>24.22998</ele>
        <time>2026-09-27T10:21:34.199000Z</time>
      </trkpt>
      <trkpt lat="39.8609383" lon="116.6518115">
        <ele>23.76799</ele>
        <time>2026-09-27T10:21:38.180000Z</time>
      </trkpt>
      <trkpt lat="39.8610403" lon="116.6518085">
        <ele>23.53565</ele>
        <time>2026-09-27T10:21:41.998000Z</time>
      </trkpt>
      <trkpt lat="39.8611487" lon="116.6518043">
        <ele>23.70896</ele>
        <time>2026-09-27T10:21:46.143000Z</time>
      </trkpt>
      <trkpt lat="39.8612547" lon="116.6518001">
        <ele>23.96139</ele>
        <time>2026-09-27T10:21:50.125000Z</time>
      </trkpt>
      <trkpt lat="39.8613583" lon="116.6518064">
        <ele>24.14816</ele>
        <time>2026-09-27T10:21:54.106000Z</time>
      </trkpt>
      <trkpt lat="39.8614618" lon="116.6518054">
        <ele>24.26156</ele>
        <time>2026-09-27T10:21:58.087000Z</time>
      </trkpt>
      <trkpt lat="39.8615648" lon="116.6517983">
        <ele>24.32099</ele>
        <time>2026-09-27T10:22:02.068000Z</time>
      </trkpt>
      <trkpt lat="39.8616676" lon="116.6517749">
        <ele>24.36232</ele>
        <time>2026-09-27T10:22:06.049000Z</time>
      </trkpt>
      <trkpt lat="39.8617724" lon="116.6517652">
        <ele>24.40535</ele>
        <time>2026-09-27T10:22:10.030000Z</time>
      </trkpt>
      <trkpt lat="39.8618786" lon="116.6517675">
        <ele>24.43721</ele>
        <time>2026-09-27T10:22:14.012000Z</time>
      </trkpt>
      <trkpt lat="39.8619922" lon="116.6517813">
        <ele>24.44446</ele>
        <time>2026-09-27T10:22:17.993000Z</time>
      </trkpt>
      <trkpt lat="39.8620834" lon="116.6517967">
        <ele>24.44869</ele>
        <time>2026-09-27T10:22:20.978000Z</time>
      </trkpt>
      <trkpt lat="39.8621763" lon="116.6518054">
        <ele>24.45905</ele>
        <time>2026-09-27T10:22:23.964000Z</time>
      </trkpt>
      <trkpt lat="39.8622674" lon="116.6518076">
        <ele>24.46442</ele>
        <time>2026-09-27T10:22:26.950000Z</time>
      </trkpt>
      <trkpt lat="39.8623593" lon="116.651803">
        <ele>24.44969</ele>
        <time>2026-09-27T10:22:29.936000Z</time>
      </trkpt>
      <trkpt lat="39.8624519" lon="116.6517912">
        <ele>24.40944</ele>
        <time>2026-09-27T10:22:32.922000Z</time>
      </trkpt>
      <trkpt lat="39.8625446" lon="116.6517732">
        <ele>24.3624</ele>
        <time>2026-09-27T10:22:35.907000Z</time>
      </trkpt>
      <trkpt lat="39.8626371" lon="116.6517494">
        <ele>24.33884</ele>
        <time>2026-09-27T10:22:38.893000Z</time>
      </trkpt>
      <trkpt lat="39.8627291" lon="116.6517352">
        <ele>24.34239</ele>
        <time>2026-09-27T10:22:41.879000Z</time>
      </trkpt>
      <trkpt lat="39.8628458" lon="116.6517343">
        <ele>24.36826</ele>
        <time>2026-09-27T10:22:45.860000Z</time>
      </trkpt>
      <trkpt lat="39.8629555" lon="116.6517179">
        <ele>24.44854</ele>
        <time>2026-09-27T10:22:49.841000Z</time>
      </trkpt>
      <trkpt lat="39.8630658" lon="116.6517042">
        <ele>24.61834</ele>
        <time>2026-09-27T10:22:53.822000Z</time>
      </trkpt>
      <trkpt lat="39.8631815" lon="116.6517074">
        <ele>24.87362</ele>
        <time>2026-09-27T10:22:57.803000Z</time>
      </trkpt>
      <trkpt lat="39.8632953" lon="116.6517094">
        <ele>25.15355</ele>
        <time>2026-09-27T10:23:01.784000Z</time>
      </trkpt>
      <trkpt lat="39.8634076" lon="116.6517076">
        <ele>25.38044</ele>
        <time>2026-09-27T10:23:05.765000Z</time>
      </trkpt>
      <trkpt lat="39.8635215" lon="116.6517082">
        <ele>25.51571</ele>
        <time>2026-09-27T10:23:09.746000Z</time>
      </trkpt>
      <trkpt lat="39.8636348" lon="116.6517032">
        <ele>25.55653</ele>
        <time>2026-09-27T10:23:13.727000Z</time>
      </trkpt>
      <trkpt lat="39.8637478" lon="116.6516986">
        <ele>25.51835</ele>
        <time>2026-09-27T10:23:17.708000Z</time>
      </trkpt>
      <trkpt lat="39.8638603" lon="116.6516963">
        <ele>25.4439</ele>
        <time>2026-09-27T10:23:21.689000Z</time>
      </trkpt>
      <trkpt lat="39.8639744" lon="116.6516899">
        <ele>25.37827</ele>
        <time>2026-09-27T10:23:25.670000Z</time>
      </trkpt>
      <trkpt lat="39.86409" lon="116.6516799">
        <ele>25.34045</ele>
        <time>2026-09-27T10:23:29.651000Z</time>
      </trkpt>
      <trkpt lat="39.8642054" lon="116.6516746">
        <ele>25.33392</ele>
        <time>2026-09-27T10:23:33.632000Z</time>
      </trkpt>
      <trkpt lat="39.86432" lon="116.6516724">
        <ele>25.37752</ele>
        <time>2026-09-27T10:23:37.613000Z</time>
      </trkpt>
      <trkpt lat="39.864431" lon="116.6516748">
        <ele>25.46603</ele>
        <time>2026-09-27T10:23:41.594000Z</time>
      </trkpt>
      <trkpt lat="39.8645413" lon="116.6516802">
        <ele>25.57238</ele>
        <time>2026-09-27T10:23:45.575000Z</time>
      </trkpt>
      <trkpt lat="39.8646518" lon="116.6516821">
        <ele>25.6479</ele>
        <time>2026-09-27T10:23:49.556000Z</time>
      </trkpt>
      <trkpt lat="39.8647634" lon="116.651686">
        <ele>25.68348</ele>
        <time>2026-09-27T10:23:53.537000Z</time>
      </trkpt>
      <trkpt lat="39.8648785" lon="116.6516919">
        <ele>25.71545</ele>
        <time>2026-09-27T10:23:57.518000Z</time>
      </trkpt>
      <trkpt lat="39.8649973" lon="116.6516919">
        <ele>25.79477</ele>
        <time>2026-09-27T10:24:01.499000Z</time>
      </trkpt>
      <trkpt lat="39.8651159" lon="116.6516882">
        <ele>25.91869</ele>
        <time>2026-09-27T10:24:05.480000Z</time>
      </trkpt>
      <trkpt lat="39.8652353" lon="116.6516823">
        <ele>26.02971</ele>
        <time>2026-09-27T10:24:09.461000Z</time>
      </trkpt>
      <trkpt lat="39.8653554" lon="116.6516766">
        <ele>26.10089</ele>
        <time>2026-09-27T10:24:13.442000Z</time>
      </trkpt>
      <trkpt lat="39.8654741" lon="116.6516745">
        <ele>26.13647</ele>
        <time>2026-09-27T10:24:17.423000Z</time>
      </trkpt>
      <trkpt lat="39.8655909" lon="116.6516722">
        <ele>26.16128</ele>
        <time>2026-09-27T10:24:21.405000Z</time>
      </trkpt>
      <trkpt lat="39.8657086" lon="116.6516645">
        <ele>26.18608</ele>
        <time>2026-09-27T10:24:25.386000Z</time>
      </trkpt>
      <trkpt lat="39.8658265" lon="116.651657">
        <ele>26.21098</ele>
        <time>2026-09-27T10:24:29.367000Z</time>
      </trkpt>
      <trkpt lat="39.8659457" lon="116.6516582">
        <ele>26.23229</ele>
        <time>2026-09-27T10:24:33.348000Z</time>
      </trkpt>
      <trkpt lat="39.8660362" lon="116.6516662">
        <ele>26.23557</ele>
        <time>2026-09-27T10:24:36.333000Z</time>
      </trkpt>
      <trkpt lat="39.8661537" lon="116.6516784">
        <ele>26.21984</ele>
        <time>2026-09-27T10:24:40.314000Z</time>
      </trkpt>
      <trkpt lat="39.86627" lon="116.6516742">
        <ele>26.2074</ele>
        <time>2026-09-27T10:24:44.295000Z</time>
      </trkpt>
      <trkpt lat="39.8663831" lon="116.6516654">
        <ele>26.17465</ele>
        <time>2026-09-27T10:24:48.276000Z</time>
      </trkpt>
      <trkpt lat="39.8664993" lon="116.651665">
        <ele>26.00744</ele>
        <time>2026-09-27T10:24:52.257000Z</time>
      </trkpt>
      <trkpt lat="39.866615" lon="116.6516616">
        <ele>25.60592</ele>
        <time>2026-09-27T10:24:56.238000Z</time>
      </trkpt>
      <trkpt lat="39.8667305" lon="116.6516566">
        <ele>24.91822</ele>
        <time>2026-09-27T10:25:00.219000Z</time>
      </trkpt>
      <trkpt lat="39.866845" lon="116.6516538">
        <ele>23.92972</ele>
        <time>2026-09-27T10:25:04.200000Z</time>
      </trkpt>
      <trkpt lat="39.8669524" lon="116.6516585">
        <ele>23.05549</ele>
        <time>2026-09-27T10:25:08Z</time>
      </trkpt>
      <trkpt lat="39.8670658" lon="116.6516672">
        <ele>22.72982</ele>
        <time>2026-09-27T10:25:12Z</time>
      </trkpt>
      <trkpt lat="39.8671799" lon="116.6516733">
        <ele>22.73291</ele>
        <time>2026-09-27T10:25:16Z</time>
      </trkpt>
      <trkpt lat="39.8672972" lon="116.651675">
        <ele>22.80979</ele>
        <time>2026-09-27T10:25:20Z</time>
      </trkpt>
      <trkpt lat="39.8673874" lon="116.6516773">
        <ele>22.88251</ele>
        <time>2026-09-27T10:25:23Z</time>
      </trkpt>
      <trkpt lat="39.8674801" lon="116.6516779">
        <ele>22.9476</ele>
        <time>2026-09-27T10:25:26Z</time>
      </trkpt>
      <trkpt lat="39.8675738" lon="116.6516792">
        <ele>22.99877</ele>
        <time>2026-09-27T10:25:29Z</time>
      </trkpt>
      <trkpt lat="39.8676688" lon="116.6516831">
        <ele>23.03929</ele>
        <time>2026-09-27T10:25:32Z</time>
      </trkpt>
      <trkpt lat="39.8677648" lon="116.6516871">
        <ele>23.05931</ele>
        <time>2026-09-27T10:25:35Z</time>
      </trkpt>
      <trkpt lat="39.8678604" lon="116.6516918">
        <ele>23.05751</ele>
        <time>2026-09-27T10:25:38Z</time>
      </trkpt>
      <trkpt lat="39.8679559" lon="116.6517013">
        <ele>23.07553</ele>
        <time>2026-09-27T10:25:41Z</time>
      </trkpt>
      <trkpt lat="39.8680491" lon="116.6517137">
        <ele>23.18653</ele>
        <time>2026-09-27T10:25:44Z</time>
      </trkpt>
      <trkpt lat="39.868141" lon="116.6517247">
        <ele>23.42285</ele>
        <time>2026-09-27T10:25:46.996000Z</time>
      </trkpt>
      <trkpt lat="39.8682594" lon="116.6517215">
        <ele>23.77729</ele>
        <time>2026-09-27T10:25:50.977000Z</time>
      </trkpt>
      <trkpt lat="39.8683724" lon="116.6517068">
        <ele>24.04966</ele>
        <time>2026-09-27T10:25:54.958000Z</time>
      </trkpt>
      <trkpt lat="39.8684886" lon="116.6517071">
        <ele>24.23724</ele>
        <time>2026-09-27T10:25:58.939000Z</time>
      </trkpt>
      <trkpt lat="39.8686072" lon="116.651714">
        <ele>24.34474</ele>
        <time>2026-09-27T10:26:02.920000Z</time>
      </trkpt>
      <trkpt lat="39.8687255" lon="116.6517211">
        <ele>24.38949</ele>
        <time>2026-09-27T10:26:06.901000Z</time>
      </trkpt>
      <trkpt lat="39.8688427" lon="116.6517274">
        <ele>24.40638</ele>
        <time>2026-09-27T10:26:10.882000Z</time>
      </trkpt>
      <trkpt lat="39.868953" lon="116.6517341">
        <ele>24.42967</ele>
        <time>2026-09-27T10:26:14.863000Z</time>
      </trkpt>
      <trkpt lat="39.8690555" lon="116.6517344">
        <ele>24.45534</ele>
        <time>2026-09-27T10:26:18.844000Z</time>
      </trkpt>
      <trkpt lat="39.8691579" lon="116.6517296">
        <ele>24.46263</ele>
        <time>2026-09-27T10:26:22.825000Z</time>
      </trkpt>
      <trkpt lat="39.8692659" lon="116.6517296">
        <ele>24.44246</ele>
        <time>2026-09-27T10:26:26.806000Z</time>
      </trkpt>
      <trkpt lat="39.8693745" lon="116.6517298">
        <ele>24.40053</ele>
        <time>2026-09-27T10:26:30.787000Z</time>
      </trkpt>
      <trkpt lat="39.8694817" lon="116.651727">
        <ele>24.35723</ele>
        <time>2026-09-27T10:26:34.768000Z</time>
      </trkpt>
      <trkpt lat="39.8695933" lon="116.6517259">
        <ele>24.31801</ele>
        <time>2026-09-27T10:26:38.749000Z</time>
      </trkpt>
      <trkpt lat="39.8697028" lon="116.6517258">
        <ele>24.2604</ele>
        <time>2026-09-27T10:26:42.730000Z</time>
      </trkpt>
      <trkpt lat="39.8698085" lon="116.6517284">
        <ele>24.19314</ele>
        <time>2026-09-27T10:26:46.711000Z</time>
      </trkpt>
      <trkpt lat="39.869911" lon="116.6517333">
        <ele>24.14917</ele>
        <time>2026-09-27T10:26:50.692000Z</time>
      </trkpt>
      <trkpt lat="39.8700163" lon="116.65174">
        <ele>24.14657</ele>
        <time>2026-09-27T10:26:54.673000Z</time>
      </trkpt>
      <trkpt lat="39.8701251" lon="116.6517339">
        <ele>24.18696</ele>
        <time>2026-09-27T10:26:58.654000Z</time>
      </trkpt>
      <trkpt lat="39.8702343" lon="116.6517227">
        <ele>24.24822</ele>
        <time>2026-09-27T10:27:02.635000Z</time>
      </trkpt>
      <trkpt lat="39.8703416" lon="116.6517198">
        <ele>24.32539</ele>
        <time>2026-09-27T10:27:06.616000Z</time>
      </trkpt>
      <trkpt lat="39.8704461" lon="116.6517256">
        <ele>24.40753</ele>
        <time>2026-09-27T10:27:10.597000Z</time>
      </trkpt>
      <trkpt lat="39.8705499" lon="116.6517232">
        <ele>24.43606</ele>
        <time>2026-09-27T10:27:14.578000Z</time>
      </trkpt>
      <trkpt lat="39.8706551" lon="116.6517215">
        <ele>24.39219</ele>
        <time>2026-09-27T10:27:18.559000Z</time>
      </trkpt>
      <trkpt lat="39.8707589" lon="116.6517184">
        <ele>24.35258</ele>
        <time>2026-09-27T10:27:22.540000Z</time>
      </trkpt>
      <trkpt lat="39.8708644" lon="116.651711">
        <ele>24.41952</ele>
        <time>2026-09-27T10:27:26.521000Z</time>
      </trkpt>
      <trkpt lat="39.8709727" lon="116.6517045">
        <ele>24.6034</ele>
        <time>2026-09-27T10:27:30.502000Z</time>
      </trkpt>
      <trkpt lat="39.8710799" lon="116.6517052">
        <ele>24.83544</ele>
        <time>2026-09-27T10:27:34.483000Z</time>
      </trkpt>
      <trkpt lat="39.8711884" lon="116.6517087">
        <ele>25.04424</ele>
        <time>2026-09-27T10:27:38.464000Z</time>
      </trkpt>
      <trkpt lat="39.8712928" lon="116.6517106">
        <ele>25.18306</ele>
        <time>2026-09-27T10:27:42.445000Z</time>
      </trkpt>
      <trkpt lat="39.8713942" lon="116.6517111">
        <ele>25.25291</ele>
        <time>2026-09-27T10:27:46.426000Z</time>
      </trkpt>
      <trkpt lat="39.8714966" lon="116.6517062">
        <ele>25.25563</ele>
        <time>2026-09-27T10:27:50.407000Z</time>
      </trkpt>
      <trkpt lat="39.8716017" lon="116.6517006">
        <ele>25.16604</ele>
        <time>2026-09-27T10:27:54.388000Z</time>
      </trkpt>
      <trkpt lat="39.8717073" lon="116.6516982">
        <ele>25.06306</ele>
        <time>2026-09-27T10:27:58.369000Z</time>
      </trkpt>
      <trkpt lat="39.8718111" lon="116.6516961">
        <ele>25.04223</ele>
        <time>2026-09-27T10:28:02.350000Z</time>
      </trkpt>
      <trkpt lat="39.8719128" lon="116.6516998">
        <ele>25.07893</ele>
        <time>2026-09-27T10:28:06.332000Z</time>
      </trkpt>
      <trkpt lat="39.8720101" lon="116.6517027">
        <ele>25.11892</ele>
        <time>2026-09-27T10:28:10.313000Z</time>
      </trkpt>
      <trkpt lat="39.8721039" lon="116.6516874">
        <ele>25.12435</ele>
        <time>2026-09-27T10:28:14.294000Z</time>
      </trkpt>
      <trkpt lat="39.8722027" lon="116.6516823">
        <ele>25.07133</ele>
        <time>2026-09-27T10:28:18.275000Z</time>
      </trkpt>
      <trkpt lat="39.8723071" lon="116.6516959">
        <ele>24.92803</ele>
        <time>2026-09-27T10:28:22.256000Z</time>
      </trkpt>
      <trkpt lat="39.8724099" lon="116.6517121">
        <ele>24.66409</ele>
        <time>2026-09-27T10:28:26.237000Z</time>
      </trkpt>
      <trkpt lat="39.8725131" lon="116.6517176">
        <ele>24.26624</ele>
        <time>2026-09-27T10:28:30.218000Z</time>
      </trkpt>
      <trkpt lat="39.8726144" lon="116.6517184">
        <ele>23.74772</ele>
        <time>2026-09-27T10:28:34.199000Z</time>
      </trkpt>
      <trkpt lat="39.8727079" lon="116.6517139">
        <ele>23.25481</ele>
        <time>2026-09-27T10:28:38Z</time>
      </trkpt>
      <trkpt lat="39.8728068" lon="116.6517152">
        <ele>22.9493</ele>
        <time>2026-09-27T10:28:42Z</time>
      </trkpt>
      <trkpt lat="39.8729102" lon="116.6517281">
        <ele>22.83836</ele>
        <time>2026-09-27T10:28:46Z</time>
      </trkpt>
      <trkpt lat="39.8730172" lon="116.6517422">
        <ele>22.82125</ele>
        <time>2026-09-27T10:28:50Z</time>
      </trkpt>
      <trkpt lat="39.8731223" lon="116.6517492">
        <ele>22.84923</ele>
        <time>2026-09-27T10:28:54Z</time>
      </trkpt>
      <trkpt lat="39.8732262" lon="116.6517509">
        <ele>22.86553</ele>
        <time>2026-09-27T10:28:58Z</time>
      </trkpt>
      <trkpt lat="39.8733329" lon="116.6517557">
        <ele>22.84901</ele>
        <time>2026-09-27T10:29:02Z</time>
      </trkpt>
      <trkpt lat="39.8734393" lon="116.651761">
        <ele>22.80771</ele>
        <time>2026-09-27T10:29:06Z</time>
      </trkpt>
      <trkpt lat="39.873545" lon="116.6517677">
        <ele>22.79592</ele>
        <time>2026-09-27T10:29:10Z</time>
      </trkpt>
      <trkpt lat="39.8736472" lon="116.6517725">
        <ele>22.9292</ele>
        <time>2026-09-27T10:29:14Z</time>
      </trkpt>
      <trkpt lat="39.8737471" lon="116.6517775">
        <ele>23.27621</ele>
        <time>2026-09-27T10:29:17.990000Z</time>
      </trkpt>
      <trkpt lat="39.87385" lon="116.6517788">
        <ele>23.65575</ele>
        <time>2026-09-27T10:29:21.971000Z</time>
      </trkpt>
      <trkpt lat="39.8739485" lon="116.6517777">
        <ele>23.95372</ele>
        <time>2026-09-27T10:29:25.952000Z</time>
      </trkpt>
      <trkpt lat="39.8740449" lon="116.6517742">
        <ele>24.18048</ele>
        <time>2026-09-27T10:29:29.933000Z</time>
      </trkpt>
      <trkpt lat="39.8741395" lon="116.6517848">
        <ele>24.35266</ele>
        <time>2026-09-27T10:29:33.914000Z</time>
      </trkpt>
      <trkpt lat="39.8742186" lon="116.651845">
        <ele>24.48104</ele>
        <time>2026-09-27T10:29:37.895000Z</time>
      </trkpt>
      <trkpt lat="39.874263" lon="116.6519564">
        <ele>24.56298</ele>
        <time>2026-09-27T10:29:41.876000Z</time>
      </trkpt>
      <trkpt lat="39.8742751" lon="116.6520879">
        <ele>24.58998</ele>
        <time>2026-09-27T10:29:45.857000Z</time>
      </trkpt>
      <trkpt lat="39.8742755" lon="116.6522262">
        <ele>24.56024</ele>
        <time>2026-09-27T10:29:49.838000Z</time>
      </trkpt>
      <trkpt lat="39.8742761" lon="116.6523583">
        <ele>24.50041</ele>
        <time>2026-09-27T10:29:53.819000Z</time>
      </trkpt>
      <trkpt lat="39.8742876" lon="116.652484">
        <ele>24.46256</ele>
        <time>2026-09-27T10:29:57.800000Z</time>
      </trkpt>
      <trkpt lat="39.8742984" lon="116.652613">
        <ele>24.46259</ele>
        <time>2026-09-27T10:30:01.781000Z</time>
      </trkpt>
      <trkpt lat="39.8742975" lon="116.6527458">
        <ele>24.4773</ele>
        <time>2026-09-27T10:30:05.762000Z</time>
      </trkpt>
      <trkpt lat="39.8742779" lon="116.6528748">
        <ele>24.48529</ele>
        <time>2026-09-27T10:30:09.743000Z</time>
      </trkpt>
      <trkpt lat="39.8742664" lon="116.6530068">
        <ele>24.49038</ele>
        <time>2026-09-27T10:30:13.724000Z</time>
      </trkpt>
      <trkpt lat="39.8742685" lon="116.6531431">
        <ele>24.51098</ele>
        <time>2026-09-27T10:30:17.705000Z</time>
      </trkpt>
      <trkpt lat="39.8742769" lon="116.6532804">
        <ele>24.55253</ele>
        <time>2026-09-27T10:30:21.686000Z</time>
      </trkpt>
      <trkpt lat="39.8742845" lon="116.6534172">
        <ele>24.60581</ele>
        <time>2026-09-27T10:30:25.667000Z</time>
      </trkpt>
      <trkpt lat="39.8742875" lon="116.6535509">
        <ele>24.67982</ele>
        <time>2026-09-27T10:30:29.648000Z</time>
      </trkpt>
      <trkpt lat="39.8742902" lon="116.6536818">
        <ele>24.79535</ele>
        <time>2026-09-27T10:30:33.629000Z</time>
      </trkpt>
      <trkpt lat="39.8742904" lon="116.6538079">
        <ele>24.93277</ele>
        <time>2026-09-27T10:30:37.610000Z</time>
      </trkpt>
      <trkpt lat="39.8742926" lon="116.6539354">
        <ele>25.03868</ele>
        <time>2026-09-27T10:30:41.591000Z</time>
      </trkpt>
      <trkpt lat="39.8742966" lon="116.6540617">
        <ele>25.08309</ele>
        <time>2026-09-27T10:30:45.572000Z</time>
      </trkpt>
      <trkpt lat="39.8743034" lon="116.65419">
        <ele>25.03454</ele>
        <time>2026-09-27T10:30:49.553000Z</time>
      </trkpt>
      <trkpt lat="39.8743132" lon="116.6543167">
        <ele>24.89839</ele>
        <time>2026-09-27T10:30:53.534000Z</time>
      </trkpt>
      <trkpt lat="39.8743168" lon="116.6544448">
        <ele>24.74949</ele>
        <time>2026-09-27T10:30:57.515000Z</time>
      </trkpt>
      <trkpt lat="39.8743126" lon="116.6545786">
        <ele>24.67041</ele>
        <time>2026-09-27T10:31:01.496000Z</time>
      </trkpt>
      <trkpt lat="39.8743081" lon="116.6547109">
        <ele>24.65689</ele>
        <time>2026-09-27T10:31:05.477000Z</time>
      </trkpt>
      <trkpt lat="39.8743021" lon="116.6548441">
        <ele>24.68298</ele>
        <time>2026-09-27T10:31:09.458000Z</time>
      </trkpt>
      <trkpt lat="39.8742987" lon="116.6549776">
        <ele>24.72989</ele>
        <time>2026-09-27T10:31:13.439000Z</time>
      </trkpt>
      <trkpt lat="39.8743001" lon="116.6551115">
        <ele>24.80396</ele>
        <time>2026-09-27T10:31:17.420000Z</time>
      </trkpt>
      <trkpt lat="39.874302" lon="116.6552467">
        <ele>24.90677</ele>
        <time>2026-09-27T10:31:21.401000Z</time>
      </trkpt>
      <trkpt lat="39.8743033" lon="116.6553821">
        <ele>25.00321</ele>
        <time>2026-09-27T10:31:25.382000Z</time>
      </trkpt>
      <trkpt lat="39.8743062" lon="116.6555159">
        <ele>25.04907</ele>
        <time>2026-09-27T10:31:29.363000Z</time>
      </trkpt>
      <trkpt lat="39.8743091" lon="116.6556526">
        <ele>25.04994</ele>
        <time>2026-09-27T10:31:33.344000Z</time>
      </trkpt>
      <trkpt lat="39.8743147" lon="116.6557916">
        <ele>25.03599</ele>
        <time>2026-09-27T10:31:37.325000Z</time>
      </trkpt>
      <trkpt lat="39.8743184" lon="116.6559322">
        <ele>25.01121</ele>
        <time>2026-09-27T10:31:41.306000Z</time>
      </trkpt>
      <trkpt lat="39.874319" lon="116.6560694">
        <ele>24.98075</ele>
        <time>2026-09-27T10:31:45.287000Z</time>
      </trkpt>
      <trkpt lat="39.8743207" lon="116.6562035">
        <ele>24.94211</ele>
        <time>2026-09-27T10:31:49.268000Z</time>
      </trkpt>
      <trkpt lat="39.8743249" lon="116.6563386">
        <ele>24.88671</ele>
        <time>2026-09-27T10:31:53.249000Z</time>
      </trkpt>
      <trkpt lat="39.8743182" lon="116.656476">
        <ele>24.77949</ele>
        <time>2026-09-27T10:31:57.230000Z</time>
      </trkpt>
      <trkpt lat="39.8743143" lon="116.656608">
        <ele>24.5438</ele>
        <time>2026-09-27T10:32:01.211000Z</time>
      </trkpt>
      <trkpt lat="39.8743222" lon="116.6567378">
        <ele>24.13431</ele>
        <time>2026-09-27T10:32:05.192000Z</time>
      </trkpt>
      <trkpt lat="39.8743279" lon="116.6568636">
        <ele>23.55577</ele>
        <time>2026-09-27T10:32:09.173000Z</time>
      </trkpt>
      <trkpt lat="39.8743335" lon="116.6569836">
        <ele>23.00735</ele>
        <time>2026-09-27T10:32:13Z</time>
      </trkpt>
      <trkpt lat="39.8743506" lon="116.6571072">
        <ele>22.7682</ele>
        <time>2026-09-27T10:32:17Z</time>
      </trkpt>
      <trkpt lat="39.8743613" lon="116.657237">
        <ele>22.78449</ele>
        <time>2026-09-27T10:32:21Z</time>
      </trkpt>
      <trkpt lat="39.8743654" lon="116.6573716">
        <ele>22.84466</ele>
        <time>2026-09-27T10:32:25Z</time>
      </trkpt>
      <trkpt lat="39.8743651" lon="116.6575052">
        <ele>22.88301</ele>
        <time>2026-09-27T10:32:29Z</time>
      </trkpt>
      <trkpt lat="39.8743685" lon="116.6576373">
        <ele>22.9048</ele>
        <time>2026-09-27T10:32:33Z</time>
      </trkpt>
      <trkpt lat="39.8743726" lon="116.6577744">
        <ele>22.90809</ele>
        <time>2026-09-27T10:32:37Z</time>
      </trkpt>
      <trkpt lat="39.8743802" lon="116.6579139">
        <ele>22.93993</ele>
        <time>2026-09-27T10:32:41Z</time>
      </trkpt>
      <trkpt lat="39.8743878" lon="116.6580549">
        <ele>23.15119</ele>
        <time>2026-09-27T10:32:45Z</time>
      </trkpt>
      <trkpt lat="39.8743854" lon="116.6581961">
        <ele>23.51855</ele>
        <time>2026-09-27T10:32:48.984000Z</time>
      </trkpt>
      <trkpt lat="39.8743753" lon="116.6583379">
        <ele>23.82906</ele>
        <time>2026-09-27T10:32:52.965000Z</time>
      </trkpt>
      <trkpt lat="39.8743701" lon="116.6584782">
        <ele>24.04631</ele>
        <time>2026-09-27T10:32:56.946000Z</time>
      </trkpt>
      <trkpt lat="39.8743633" lon="116.6586201">
        <ele>24.19058</ele>
        <time>2026-09-27T10:33:00.927000Z</time>
      </trkpt>
      <trkpt lat="39.8743457" lon="116.6587584">
        <ele>24.28527</ele>
        <time>2026-09-27T10:33:04.908000Z</time>
      </trkpt>
      <trkpt lat="39.8743342" lon="116.6589057">
        <ele>24.34664</ele>
        <time>2026-09-27T10:33:08.889000Z</time>
      </trkpt>
      <trkpt lat="39.8743352" lon="116.6590502">
        <ele>24.36991</ele>
        <time>2026-09-27T10:33:12.870000Z</time>
      </trkpt>
      <trkpt lat="39.874346" lon="116.6591905">
        <ele>24.34388</ele>
        <time>2026-09-27T10:33:16.851000Z</time>
      </trkpt>
      <trkpt lat="39.8743464" lon="116.6593277">
        <ele>24.27527</ele>
        <time>2026-09-27T10:33:20.832000Z</time>
      </trkpt>
      <trkpt lat="39.8743346" lon="116.6594685">
        <ele>24.20847</ele>
        <time>2026-09-27T10:33:24.813000Z</time>
      </trkpt>
      <trkpt lat="39.8743252" lon="116.6596071">
        <ele>24.17585</ele>
        <time>2026-09-27T10:33:28.794000Z</time>
      </trkpt>
      <trkpt lat="39.8743181" lon="116.6597431">
        <ele>24.15735</ele>
        <time>2026-09-27T10:33:32.775000Z</time>
      </trkpt>
      <trkpt lat="39.8743158" lon="116.6598785">
        <ele>24.13355</ele>
        <time>2026-09-27T10:33:36.756000Z</time>
      </trkpt>
      <trkpt lat="39.8743146" lon="116.6600164">
        <ele>24.0912</ele>
        <time>2026-09-27T10:33:40.737000Z</time>
      </trkpt>
      <trkpt lat="39.8743043" lon="116.6601591">
        <ele>24.02542</ele>
        <time>2026-09-27T10:33:44.718000Z</time>
      </trkpt>
      <trkpt lat="39.8742948" lon="116.660298">
        <ele>23.93744</ele>
        <time>2026-09-27T10:33:48.699000Z</time>
      </trkpt>
      <trkpt lat="39.8742932" lon="116.6604321">
        <ele>23.84341</ele>
        <time>2026-09-27T10:33:52.680000Z</time>
      </trkpt>
      <trkpt lat="39.8742882" lon="116.6605732">
        <ele>23.76794</ele>
        <time>2026-09-27T10:33:56.661000Z</time>
      </trkpt>
      <trkpt lat="39.8742845" lon="116.6607105">
        <ele>23.71273</ele>
        <time>2026-09-27T10:34:00.642000Z</time>
      </trkpt>
      <trkpt lat="39.8742826" lon="116.6608454">
        <ele>23.67142</ele>
        <time>2026-09-27T10:34:04.623000Z</time>
      </trkpt>
      <trkpt lat="39.8742803" lon="116.6609822">
        <ele>23.65358</ele>
        <time>2026-09-27T10:34:08.604000Z</time>
      </trkpt>
      <trkpt lat="39.8742801" lon="116.6611178">
        <ele>23.65908</ele>
        <time>2026-09-27T10:34:12.585000Z</time>
      </trkpt>
      <trkpt lat="39.8742777" lon="116.6612517">
        <ele>23.67585</ele>
        <time>2026-09-27T10:34:16.566000Z</time>
      </trkpt>
      <trkpt lat="39.8742775" lon="116.6613845">
        <ele>23.70278</ele>
        <time>2026-09-27T10:34:20.548000Z</time>
      </trkpt>
      <trkpt lat="39.8742787" lon="116.6615169">
        <ele>23.73594</ele>
        <time>2026-09-27T10:34:24.529000Z</time>
      </trkpt>
      <trkpt lat="39.874279" lon="116.6616441">
        <ele>23.76998</ele>
        <time>2026-09-27T10:34:28.510000Z</time>
      </trkpt>
      <trkpt lat="39.874278" lon="116.6617778">
        <ele>23.80377</ele>
        <time>2026-09-27T10:34:32.491000Z</time>
      </trkpt>
      <trkpt lat="39.8742778" lon="116.6619091">
        <ele>23.83475</ele>
        <time>2026-09-27T10:34:36.472000Z</time>
      </trkpt>
      <trkpt lat="39.8742774" lon="116.6620434">
        <ele>23.8564</ele>
        <time>2026-09-27T10:34:40.453000Z</time>
      </trkpt>
      <trkpt lat="39.8742744" lon="116.6621768">
        <ele>23.85962</ele>
        <time>2026-09-27T10:34:44.434000Z</time>
      </trkpt>
      <trkpt lat="39.8742646" lon="116.6623108">
        <ele>23.83604</ele>
        <time>2026-09-27T10:34:48.415000Z</time>
      </trkpt>
      <trkpt lat="39.8742558" lon="116.6624431">
        <ele>23.79056</ele>
        <time>2026-09-27T10:34:52.396000Z</time>
      </trkpt>
      <trkpt lat="39.8742502" lon="116.6625698">
        <ele>23.76077</ele>
        <time>2026-09-27T10:34:56.377000Z</time>
      </trkpt>
      <trkpt lat="39.8742462" lon="116.6627025">
        <ele>23.74705</ele>
        <time>2026-09-27T10:35:00.358000Z</time>
      </trkpt>
      <trkpt lat="39.8742399" lon="116.6628318">
        <ele>23.71042</ele>
        <time>2026-09-27T10:35:04.339000Z</time>
      </trkpt>
      <trkpt lat="39.8742304" lon="116.6629632">
        <ele>23.6749</ele>
        <time>2026-09-27T10:35:08.320000Z</time>
      </trkpt>
      <trkpt lat="39.8742237" lon="116.6631013">
        <ele>23.67354</ele>
        <time>2026-09-27T10:35:12.301000Z</time>
      </trkpt>
      <trkpt lat="39.8742192" lon="116.6632413">
        <ele>23.67644</ele>
        <time>2026-09-27T10:35:16.282000Z</time>
      </trkpt>
      <trkpt lat="39.8742106" lon="116.6633762">
        <ele>23.62478</ele>
        <time>2026-09-27T10:35:20.263000Z</time>
      </trkpt>
      <trkpt lat="39.8741983" lon="116.6635077">
        <ele>23.46927</ele>
        <time>2026-09-27T10:35:24.244000Z</time>
      </trkpt>
      <trkpt lat="39.8741925" lon="116.6636369">
        <ele>23.20845</ele>
        <time>2026-09-27T10:35:28.225000Z</time>
      </trkpt>
      <trkpt lat="39.8742049" lon="116.6637542">
        <ele>22.84891</ele>
        <time>2026-09-27T10:35:32.206000Z</time>
      </trkpt>
      <trkpt lat="39.8742492" lon="116.6638727">
        <ele>22.43309</ele>
        <time>2026-09-27T10:35:37Z</time>
      </trkpt>
      <trkpt lat="39.8742464" lon="116.6639966">
        <ele>22.32915</ele>
        <time>2026-09-27T10:35:41Z</time>
      </trkpt>
      <trkpt lat="39.8742525" lon="116.664125">
        <ele>22.3055</ele>
        <time>2026-09-27T10:35:45Z</time>
      </trkpt>
      <trkpt lat="39.8742714" lon="116.6642538">
        <ele>22.29203</ele>
        <time>2026-09-27T10:35:49Z</time>
      </trkpt>
      <trkpt lat="39.8742884" lon="116.6643836">
        <ele>22.28661</ele>
        <time>2026-09-27T10:35:53Z</time>
      </trkpt>
      <trkpt lat="39.8743074" lon="116.6645164">
        <ele>22.26393</ele>
        <time>2026-09-27T10:35:57Z</time>
      </trkpt>
      <trkpt lat="39.8743304" lon="116.6646499">
        <ele>22.19785</ele>
        <time>2026-09-27T10:36:01Z</time>
      </trkpt>
      <trkpt lat="39.8743562" lon="116.6647797">
        <ele>22.11895</ele>
        <time>2026-09-27T10:36:05Z</time>
      </trkpt>
      <trkpt lat="39.8743829" lon="116.664908">
        <ele>22.05898</ele>
        <time>2026-09-27T10:36:09Z</time>
      </trkpt>
      <trkpt lat="39.874408" lon="116.6650418">
        <ele>22.05015</ele>
        <time>2026-09-27T10:36:13Z</time>
      </trkpt>
      <trkpt lat="39.8744381" lon="116.6651707">
        <ele>22.10975</ele>
        <time>2026-09-27T10:36:16.993000Z</time>
      </trkpt>
      <trkpt lat="39.8744724" lon="116.6652842">
        <ele>22.20236</ele>
        <time>2026-09-27T10:36:21.970000Z</time>
      </trkpt>
      <trkpt lat="39.874517" lon="116.6653939">
        <ele>22.53286</ele>
        <time>2026-09-27T10:36:27.941000Z</time>
      </trkpt>
      <trkpt lat="39.8745561" lon="116.6655217">
        <ele>22.79112</ele>
        <time>2026-09-27T10:36:31.922000Z</time>
      </trkpt>
      <trkpt lat="39.8745938" lon="116.665653">
        <ele>22.94567</ele>
        <time>2026-09-27T10:36:35.903000Z</time>
      </trkpt>
      <trkpt lat="39.8746354" lon="116.6657822">
        <ele>22.98125</ele>
        <time>2026-09-27T10:36:39.884000Z</time>
      </trkpt>
      <trkpt lat="39.8746808" lon="116.6659">
        <ele>22.93521</ele>
        <time>2026-09-27T10:36:43.865000Z</time>
      </trkpt>
      <trkpt lat="39.8747269" lon="116.6660156">
        <ele>22.84948</ele>
        <time>2026-09-27T10:36:47.846000Z</time>
      </trkpt>
      <trkpt lat="39.8747812" lon="116.6661394">
        <ele>22.75173</ele>
        <time>2026-09-27T10:36:51.828000Z</time>
      </trkpt>
      <trkpt lat="39.8748375" lon="116.6662591">
        <ele>22.66121</ele>
        <time>2026-09-27T10:36:55.809000Z</time>
      </trkpt>
      <trkpt lat="39.874898" lon="116.6663782">
        <ele>22.58784</ele>
        <time>2026-09-27T10:36:59.790000Z</time>
      </trkpt>
      <trkpt lat="39.8749589" lon="116.6664946">
        <ele>22.55892</ele>
        <time>2026-09-27T10:37:03.771000Z</time>
      </trkpt>
      <trkpt lat="39.8750227" lon="116.6666123">
        <ele>22.57511</ele>
        <time>2026-09-27T10:37:07.752000Z</time>
      </trkpt>
      <trkpt lat="39.8750908" lon="116.6667257">
        <ele>22.60698</ele>
        <time>2026-09-27T10:37:11.733000Z</time>
      </trkpt>
      <trkpt lat="39.8751617" lon="116.6668348">
        <ele>22.63715</ele>
        <time>2026-09-27T10:37:15.714000Z</time>
      </trkpt>
      <trkpt lat="39.87523" lon="116.6669425">
        <ele>22.67299</ele>
        <time>2026-09-27T10:37:19.695000Z</time>
      </trkpt>
      <trkpt lat="39.8752875" lon="116.6670533">
        <ele>22.71962</ele>
        <time>2026-09-27T10:37:23.676000Z</time>
      </trkpt>
      <trkpt lat="39.875313" lon="116.6671812">
        <ele>22.77408</ele>
        <time>2026-09-27T10:37:27.657000Z</time>
      </trkpt>
      <trkpt lat="39.875311" lon="116.6673227">
        <ele>22.82484</ele>
        <time>2026-09-27T10:37:31.638000Z</time>
      </trkpt>
      <trkpt lat="39.8753344" lon="116.6674568">
        <ele>22.86209</ele>
        <time>2026-09-27T10:37:35.619000Z</time>
      </trkpt>
      <trkpt lat="39.8753895" lon="116.667568">
        <ele>22.88597</ele>
        <time>2026-09-27T10:37:39.600000Z</time>
      </trkpt>
      <trkpt lat="39.8754612" lon="116.6676582">
        <ele>22.89819</ele>
        <time>2026-09-27T10:37:43.582000Z</time>
      </trkpt>
      <trkpt lat="39.8755428" lon="116.6677344">
        <ele>22.8879</ele>
        <time>2026-09-27T10:37:47.563000Z</time>
      </trkpt>
      <trkpt lat="39.8756119" lon="116.6678343">
        <ele>22.85755</ele>
        <time>2026-09-27T10:37:51.544000Z</time>
      </trkpt>
      <trkpt lat="39.8756582" lon="116.667949">
        <ele>22.81911</ele>
        <time>2026-09-27T10:37:55.525000Z</time>
      </trkpt>
      <trkpt lat="39.8756517" lon="116.6680664">
        <ele>22.75937</ele>
        <time>2026-09-27T10:37:59.516000Z</time>
      </trkpt>
      <trkpt lat="39.8755554" lon="116.6681243">
        <ele>22.61749</ele>
        <time>2026-09-27T10:38:04.492000Z</time>
      </trkpt>
      <trkpt lat="39.8754604" lon="116.6680816">
        <ele>22.47283</ele>
        <time>2026-09-27T10:38:08.473000Z</time>
      </trkpt>
      <trkpt lat="39.8753623" lon="116.6680356">
        <ele>22.33125</ele>
        <time>2026-09-27T10:38:12.454000Z</time>
      </trkpt>
      <trkpt lat="39.8752591" lon="116.6679977">
        <ele>22.20058</ele>
        <time>2026-09-27T10:38:16.435000Z</time>
      </trkpt>
      <trkpt lat="39.8751794" lon="116.6679061">
        <ele>22.06802</ele>
        <time>2026-09-27T10:38:20.417000Z</time>
      </trkpt>
      <trkpt lat="39.8751169" lon="116.6677835">
        <ele>21.91743</ele>
        <time>2026-09-27T10:38:24.398000Z</time>
      </trkpt>
      <trkpt lat="39.8750391" lon="116.6676795">
        <ele>21.7628</ele>
        <time>2026-09-27T10:38:28.379000Z</time>
      </trkpt>
      <trkpt lat="39.8749445" lon="116.6676123">
        <ele>21.61451</ele>
        <time>2026-09-27T10:38:32.360000Z</time>
      </trkpt>
      <trkpt lat="39.8748425" lon="116.6675696">
        <ele>21.48113</ele>
        <time>2026-09-27T10:38:36.341000Z</time>
      </trkpt>
      <trkpt lat="39.8747383" lon="116.6675311">
        <ele>21.38483</ele>
        <time>2026-09-27T10:38:40.322000Z</time>
      </trkpt>
      <trkpt lat="39.8746304" lon="116.6675066">
        <ele>21.33645</ele>
        <time>2026-09-27T10:38:44.303000Z</time>
      </trkpt>
      <trkpt lat="39.8745218" lon="116.6675123">
        <ele>21.30527</ele>
        <time>2026-09-27T10:38:48.284000Z</time>
      </trkpt>
      <trkpt lat="39.8744154" lon="116.6675417">
        <ele>21.25782</ele>
        <time>2026-09-27T10:38:52.265000Z</time>
      </trkpt>
      <trkpt lat="39.8743111" lon="116.6675923">
        <ele>21.15422</ele>
        <time>2026-09-27T10:38:56.246000Z</time>
      </trkpt>
      <trkpt lat="39.8742111" lon="116.6676551">
        <ele>20.98302</ele>
        <time>2026-09-27T10:39:00.227000Z</time>
      </trkpt>
      <trkpt lat="39.8741131" lon="116.6677222">
        <ele>20.76034</ele>
        <time>2026-09-27T10:39:04.208000Z</time>
      </trkpt>
      <trkpt lat="39.8740114" lon="116.6677822">
        <ele>20.51297</ele>
        <time>2026-09-27T10:39:08.189000Z</time>
      </trkpt>
      <trkpt lat="39.8739096" lon="116.6678152">
        <ele>20.35922</ele>
        <time>2026-09-27T10:39:12Z</time>
      </trkpt>
      <trkpt lat="39.8737928" lon="116.6678207">
        <ele>20.46132</ele>
        <time>2026-09-27T10:39:16.151000Z</time>
      </trkpt>
      <trkpt lat="39.8736793" lon="116.6678065">
        <ele>20.71098</ele>
        <time>2026-09-27T10:39:20.132000Z</time>
      </trkpt>
      <trkpt lat="39.873565" lon="116.6677825">
        <ele>20.91073</ele>
        <time>2026-09-27T10:39:24.113000Z</time>
      </trkpt>
      <trkpt lat="39.8734484" lon="116.6677662">
        <ele>20.97731</ele>
        <time>2026-09-27T10:39:28.094000Z</time>
      </trkpt>
      <trkpt lat="39.8733363" lon="116.6677846">
        <ele>20.86176</ele>
        <time>2026-09-27T10:39:32.075000Z</time>
      </trkpt>
      <trkpt lat="39.8732314" lon="116.6678301">
        <ele>20.51939</ele>
        <time>2026-09-27T10:39:36.056000Z</time>
      </trkpt>
      <trkpt lat="39.8731282" lon="116.6678763">
        <ele>20.05413</ele>
        <time>2026-09-27T10:39:40Z</time>
      </trkpt>
      <trkpt lat="39.8730157" lon="116.6678914">
        <ele>19.82318</ele>
        <time>2026-09-27T10:39:44Z</time>
      </trkpt>
      <trkpt lat="39.8729026" lon="116.6678688">
        <ele>19.96761</ele>
        <time>2026-09-27T10:39:47.999000Z</time>
      </trkpt>
      <trkpt lat="39.872791" lon="116.6678399">
        <ele>20.27964</ele>
        <time>2026-09-27T10:39:51.980000Z</time>
      </trkpt>
      <trkpt lat="39.8726786" lon="116.6678036">
        <ele>20.56676</ele>
        <time>2026-09-27T10:39:55.961000Z</time>
      </trkpt>
      <trkpt lat="39.8725617" lon="116.6677783">
        <ele>20.81492</ele>
        <time>2026-09-27T10:39:59.942000Z</time>
      </trkpt>
      <trkpt lat="39.8724444" lon="116.6677755">
        <ele>21.02784</ele>
        <time>2026-09-27T10:40:03.923000Z</time>
      </trkpt>
      <trkpt lat="39.8723277" lon="116.6677868">
        <ele>21.172</ele>
        <time>2026-09-27T10:40:07.904000Z</time>
      </trkpt>
      <trkpt lat="39.8722098" lon="116.667791">
        <ele>21.2197</ele>
        <time>2026-09-27T10:40:11.885000Z</time>
      </trkpt>
      <trkpt lat="39.8720946" lon="116.6677726">
        <ele>21.18511</ele>
        <time>2026-09-27T10:40:15.866000Z</time>
      </trkpt>
      <trkpt lat="39.8719845" lon="116.6677361">
        <ele>21.079</ele>
        <time>2026-09-27T10:40:19.847000Z</time>
      </trkpt>
      <trkpt lat="39.8718778" lon="116.6676828">
        <ele>20.92564</ele>
        <time>2026-09-27T10:40:23.828000Z</time>
      </trkpt>
      <trkpt lat="39.8717746" lon="116.6676273">
        <ele>20.77599</ele>
        <time>2026-09-27T10:40:27.809000Z</time>
      </trkpt>
      <trkpt lat="39.871665" lon="116.6675824">
        <ele>20.65291</ele>
        <time>2026-09-27T10:40:31.790000Z</time>
      </trkpt>
      <trkpt lat="39.8715525" lon="116.6675528">
        <ele>20.56007</ele>
        <time>2026-09-27T10:40:35.771000Z</time>
      </trkpt>
      <trkpt lat="39.8714384" lon="116.6675396">
        <ele>20.49775</ele>
        <time>2026-09-27T10:40:39.752000Z</time>
      </trkpt>
      <trkpt lat="39.8713266" lon="116.6675474">
        <ele>20.47786</ele>
        <time>2026-09-27T10:40:43.733000Z</time>
      </trkpt>
      <trkpt lat="39.8712154" lon="116.6675618">
        <ele>20.49719</ele>
        <time>2026-09-27T10:40:47.714000Z</time>
      </trkpt>
      <trkpt lat="39.8711058" lon="116.6675739">
        <ele>20.51919</ele>
        <time>2026-09-27T10:40:51.695000Z</time>
      </trkpt>
      <trkpt lat="39.8710203" lon="116.6676438">
        <ele>20.51441</ele>
        <time>2026-09-27T10:40:55.676000Z</time>
      </trkpt>
      <trkpt lat="39.8709705" lon="116.6677673">
        <ele>20.53625</ele>
        <time>2026-09-27T10:40:59.657000Z</time>
      </trkpt>
      <trkpt lat="39.8709055" lon="116.6678684">
        <ele>20.6027</ele>
        <time>2026-09-27T10:41:03.638000Z</time>
      </trkpt>
      <trkpt lat="39.8708105" lon="116.6679167">
        <ele>20.65065</ele>
        <time>2026-09-27T10:41:07.619000Z</time>
      </trkpt>
      <trkpt lat="39.8707017" lon="116.6679285">
        <ele>20.65306</ele>
        <time>2026-09-27T10:41:11.600000Z</time>
      </trkpt>
      <trkpt lat="39.8706117" lon="116.6679245">
        <ele>20.6363</ele>
        <time>2026-09-27T10:41:14.586000Z</time>
      </trkpt>
      <trkpt lat="39.870521" lon="116.6679129">
        <ele>20.6371</ele>
        <time>2026-09-27T10:41:17.571000Z</time>
      </trkpt>
      <trkpt lat="39.8704325" lon="116.6678898">
        <ele>20.67791</ele>
        <time>2026-09-27T10:41:20.557000Z</time>
      </trkpt>
      <trkpt lat="39.8703241" lon="116.6678241">
        <ele>20.781</ele>
        <time>2026-09-27T10:41:24.538000Z</time>
      </trkpt>
      <trkpt lat="39.8702175" lon="116.6677638">
        <ele>20.86112</ele>
        <time>2026-09-27T10:41:28.519000Z</time>
      </trkpt>
      <trkpt lat="39.8700997" lon="116.6677422">
        <ele>20.86218</ele>
        <time>2026-09-27T10:41:32.500000Z</time>
      </trkpt>
      <trkpt lat="39.870009" lon="116.6677281">
        <ele>20.81592</ele>
        <time>2026-09-27T10:41:35.486000Z</time>
      </trkpt>
      <trkpt lat="39.8699186" lon="116.6677121">
        <ele>20.74276</ele>
        <time>2026-09-27T10:41:38.471000Z</time>
      </trkpt>
      <trkpt lat="39.8698281" lon="116.6677027">
        <ele>20.65669</ele>
        <time>2026-09-27T10:41:41.457000Z</time>
      </trkpt>
      <trkpt lat="39.8697101" lon="116.6677039">
        <ele>20.5601</ele>
        <time>2026-09-27T10:41:45.438000Z</time>
      </trkpt>
      <trkpt lat="39.8696016" lon="116.6677421">
        <ele>20.52799</ele>
        <time>2026-09-27T10:41:49.419000Z</time>
      </trkpt>
      <trkpt lat="39.8695201" lon="116.6678278">
        <ele>20.56984</ele>
        <time>2026-09-27T10:41:53.400000Z</time>
      </trkpt>
      <trkpt lat="39.8694828" lon="116.6679603">
        <ele>20.65197</ele>
        <time>2026-09-27T10:41:57.381000Z</time>
      </trkpt>
      <trkpt lat="39.8694866" lon="116.6681051">
        <ele>20.72067</ele>
        <time>2026-09-27T10:42:01.362000Z</time>
      </trkpt>
      <trkpt lat="39.8695277" lon="116.66824">
        <ele>20.74614</ele>
        <time>2026-09-27T10:42:05.343000Z</time>
      </trkpt>
      <trkpt lat="39.8696039" lon="116.6683438">
        <ele>20.71754</ele>
        <time>2026-09-27T10:42:09.324000Z</time>
      </trkpt>
      <trkpt lat="39.8697023" lon="116.668375">
        <ele>20.6428</ele>
        <time>2026-09-27T10:42:13.305000Z</time>
      </trkpt>
      <trkpt lat="39.8697999" lon="116.6683335">
        <ele>20.56052</ele>
        <time>2026-09-27T10:42:17.286000Z</time>
      </trkpt>
      <trkpt lat="39.8699097" lon="116.6683042">
        <ele>20.50246</ele>
        <time>2026-09-27T10:42:21.266000Z</time>
      </trkpt>
      <trkpt lat="39.87" lon="116.6683046">
        <ele>20.44071</ele>
        <time>2026-09-27T10:42:24.252000Z</time>
      </trkpt>
      <trkpt lat="39.8700914" lon="116.6683073">
        <ele>20.29921</ele>
        <time>2026-09-27T10:42:27.238000Z</time>
      </trkpt>
      <trkpt lat="39.8702085" lon="116.6682857">
        <ele>19.88972</ele>
        <time>2026-09-27T10:42:31.219000Z</time>
      </trkpt>
      <trkpt lat="39.8702931" lon="116.6682421">
        <ele>19.37805</ele>
        <time>2026-09-27T10:42:34.205000Z</time>
      </trkpt>
      <trkpt lat="39.8703739" lon="116.6681843">
        <ele>18.75639</ele>
        <time>2026-09-27T10:42:37.190000Z</time>
      </trkpt>
      <trkpt lat="39.8704778" lon="116.6681183">
        <ele>18.10095</ele>
        <time>2026-09-27T10:42:41Z</time>
      </trkpt>
      <trkpt lat="39.8705954" lon="116.6680929">
        <ele>17.76111</ele>
        <time>2026-09-27T10:42:45Z</time>
      </trkpt>
      <trkpt lat="39.8707142" lon="116.6681061">
        <ele>17.5762</ele>
        <time>2026-09-27T10:42:49Z</time>
      </trkpt>
      <trkpt lat="39.8708313" lon="116.6681252">
        <ele>17.42089</ele>
        <time>2026-09-27T10:42:53Z</time>
      </trkpt>
      <trkpt lat="39.8709489" lon="116.6681133">
        <ele>17.29535</ele>
        <time>2026-09-27T10:42:57Z</time>
      </trkpt>
      <trkpt lat="39.8710365" lon="116.6680819">
        <ele>17.24217</ele>
        <time>2026-09-27T10:43:00Z</time>
      </trkpt>
      <trkpt lat="39.8711205" lon="116.6680366">
        <ele>17.25397</ele>
        <time>2026-09-27T10:43:03Z</time>
      </trkpt>
      <trkpt lat="39.8712037" lon="116.6679861">
        <ele>17.33379</ele>
        <time>2026-09-27T10:43:06Z</time>
      </trkpt>
      <trkpt lat="39.8713177" lon="116.6679429">
        <ele>17.50675</ele>
        <time>2026-09-27T10:43:10Z</time>
      </trkpt>
      <trkpt lat="39.8714303" lon="116.6679336">
        <ele>17.78808</ele>
        <time>2026-09-27T10:43:14Z</time>
      </trkpt>
      <trkpt lat="39.8715411" lon="116.6679459">
        <ele>18.39204</ele>
        <time>2026-09-27T10:43:17.995000Z</time>
      </trkpt>
      <trkpt lat="39.8716529" lon="116.6679926">
        <ele>19.16902</ele>
        <time>2026-09-27T10:43:21.976000Z</time>
      </trkpt>
      <trkpt lat="39.8717547" lon="116.668064">
        <ele>19.79907</ele>
        <time>2026-09-27T10:43:25.957000Z</time>
      </trkpt>
      <trkpt lat="39.8718563" lon="116.668138">
        <ele>20.25953</ele>
        <time>2026-09-27T10:43:29.937000Z</time>
      </trkpt>
      <trkpt lat="39.8719658" lon="116.6681809">
        <ele>20.61385</ele>
        <time>2026-09-27T10:43:33.918000Z</time>
      </trkpt>
      <trkpt lat="39.872078" lon="116.6681846">
        <ele>20.90279</ele>
        <time>2026-09-27T10:43:37.899000Z</time>
      </trkpt>
      <trkpt lat="39.8721925" lon="116.6681768">
        <ele>21.11641</ele>
        <time>2026-09-27T10:43:41.880000Z</time>
      </trkpt>
      <trkpt lat="39.8723048" lon="116.6681976">
        <ele>21.22227</ele>
        <time>2026-09-27T10:43:45.861000Z</time>
      </trkpt>
      <trkpt lat="39.8724075" lon="116.6682684">
        <ele>21.23425</ele>
        <time>2026-09-27T10:43:49.842000Z</time>
      </trkpt>
      <trkpt lat="39.8724891" lon="116.6683823">
        <ele>21.18947</ele>
        <time>2026-09-27T10:43:53.823000Z</time>
      </trkpt>
      <trkpt lat="39.8725405" lon="116.66848">
        <ele>21.13688</ele>
        <time>2026-09-27T10:43:56.809000Z</time>
      </trkpt>
      <trkpt lat="39.8725945" lon="116.6686151">
        <ele>21.06029</ele>
        <time>2026-09-27T10:44:00.789000Z</time>
      </trkpt>
      <trkpt lat="39.8726329" lon="116.6687535">
        <ele>20.99833</ele>
        <time>2026-09-27T10:44:04.770000Z</time>
      </trkpt>
      <trkpt lat="39.8726345" lon="116.6688958">
        <ele>20.9668</ele>
        <time>2026-09-27T10:44:08.751000Z</time>
      </trkpt>
      <trkpt lat="39.8726066" lon="116.6690338">
        <ele>20.96788</ele>
        <time>2026-09-27T10:44:12.732000Z</time>
      </trkpt>
      <trkpt lat="39.8725718" lon="116.6691697">
        <ele>20.98771</ele>
        <time>2026-09-27T10:44:16.713000Z</time>
      </trkpt>
      <trkpt lat="39.8725386" lon="116.669302">
        <ele>21.03772</ele>
        <time>2026-09-27T10:44:20.694000Z</time>
      </trkpt>
      <trkpt lat="39.8725146" lon="116.6694377">
        <ele>21.11925</ele>
        <time>2026-09-27T10:44:24.675000Z</time>
      </trkpt>
      <trkpt lat="39.8725151" lon="116.6695807">
        <ele>21.20784</ele>
        <time>2026-09-27T10:44:28.656000Z</time>
      </trkpt>
      <trkpt lat="39.8725288" lon="116.6697217">
        <ele>21.27941</ele>
        <time>2026-09-27T10:44:32.637000Z</time>
      </trkpt>
      <trkpt lat="39.872569" lon="116.6698573">
        <ele>21.32674</ele>
        <time>2026-09-27T10:44:36.617000Z</time>
      </trkpt>
      <trkpt lat="39.872638" lon="116.6699678">
        <ele>21.35276</ele>
        <time>2026-09-27T10:44:40.598000Z</time>
      </trkpt>
      <trkpt lat="39.872728" lon="116.6700483">
        <ele>21.36564</ele>
        <time>2026-09-27T10:44:44.579000Z</time>
      </trkpt>
      <trkpt lat="39.872826" lon="116.6701002">
        <ele>21.34846</ele>
        <time>2026-09-27T10:44:48.560000Z</time>
      </trkpt>
      <trkpt lat="39.872926" lon="116.6701335">
        <ele>21.28109</ele>
        <time>2026-09-27T10:44:52.541000Z</time>
      </trkpt>
      <trkpt lat="39.8730257" lon="116.670148">
        <ele>21.18367</ele>
        <time>2026-09-27T10:44:56.522000Z</time>
      </trkpt>
      <trkpt lat="39.8731274" lon="116.6701323">
        <ele>21.09006</ele>
        <time>2026-09-27T10:45:00.503000Z</time>
      </trkpt>
      <trkpt lat="39.8732326" lon="116.6701079">
        <ele>21.01822</ele>
        <time>2026-09-27T10:45:04.484000Z</time>
      </trkpt>
      <trkpt lat="39.873342" lon="116.6700747">
        <ele>20.96535</ele>
        <time>2026-09-27T10:45:08.465000Z</time>
      </trkpt>
      <trkpt lat="39.8734455" lon="116.6700165">
        <ele>20.91719</ele>
        <time>2026-09-27T10:45:12.445000Z</time>
      </trkpt>
      <trkpt lat="39.8735389" lon="116.6699323">
        <ele>20.88418</ele>
        <time>2026-09-27T10:45:16.426000Z</time>
      </trkpt>
      <trkpt lat="39.873631" lon="116.6698454">
        <ele>20.90054</ele>
        <time>2026-09-27T10:45:20.407000Z</time>
      </trkpt>
      <trkpt lat="39.8737372" lon="116.6697908">
        <ele>20.97543</ele>
        <time>2026-09-27T10:45:24.388000Z</time>
      </trkpt>
      <trkpt lat="39.8738482" lon="116.6697846">
        <ele>21.05013</ele>
        <time>2026-09-27T10:45:28.369000Z</time>
      </trkpt>
      <trkpt lat="39.8739612" lon="116.6698132">
        <ele>21.05277</ele>
        <time>2026-09-27T10:45:32.350000Z</time>
      </trkpt>
      <trkpt lat="39.8740762" lon="116.669837">
        <ele>20.96394</ele>
        <time>2026-09-27T10:45:36.331000Z</time>
      </trkpt>
      <trkpt lat="39.8741947" lon="116.6698273">
        <ele>20.82263</ele>
        <time>2026-09-27T10:45:40.311000Z</time>
      </trkpt>
      <trkpt lat="39.8743048" lon="116.6697712">
        <ele>20.66811</ele>
        <time>2026-09-27T10:45:44.292000Z</time>
      </trkpt>
      <trkpt lat="39.8743968" lon="116.6696749">
        <ele>20.52982</ele>
        <time>2026-09-27T10:45:48.273000Z</time>
      </trkpt>
      <trkpt lat="39.8744845" lon="116.6695702">
        <ele>20.36672</ele>
        <time>2026-09-27T10:45:52.254000Z</time>
      </trkpt>
      <trkpt lat="39.8745873" lon="116.6694937">
        <ele>20.06023</ele>
        <time>2026-09-27T10:45:56.235000Z</time>
      </trkpt>
      <trkpt lat="39.8747036" lon="116.6694798">
        <ele>19.50547</ele>
        <time>2026-09-27T10:46:00.216000Z</time>
      </trkpt>
      <trkpt lat="39.8747929" lon="116.6695061">
        <ele>18.9548</ele>
        <time>2026-09-27T10:46:03.201000Z</time>
      </trkpt>
      <trkpt lat="39.8749039" lon="116.6695659">
        <ele>18.39692</ele>
        <time>2026-09-27T10:46:07Z</time>
      </trkpt>
      <trkpt lat="39.8749878" lon="116.6696167">
        <ele>18.34011</ele>
        <time>2026-09-27T10:46:10Z</time>
      </trkpt>
      <trkpt lat="39.8750755" lon="116.6696505">
        <ele>18.51176</ele>
        <time>2026-09-27T10:46:13Z</time>
      </trkpt>
      <trkpt lat="39.875192" lon="116.6696314">
        <ele>18.80403</ele>
        <time>2026-09-27T10:46:17Z</time>
      </trkpt>
      <trkpt lat="39.8752904" lon="116.6695551">
        <ele>19.00417</ele>
        <time>2026-09-27T10:46:21Z</time>
      </trkpt>
      <trkpt lat="39.8753913" lon="116.669502">
        <ele>19.09977</ele>
        <time>2026-09-27T10:46:25Z</time>
      </trkpt>
      <trkpt lat="39.8755016" lon="116.6694565">
        <ele>19.11642</ele>
        <time>2026-09-27T10:46:29Z</time>
      </trkpt>
      <trkpt lat="39.875578" lon="116.669391">
        <ele>19.11013</ele>
        <time>2026-09-27T10:46:32Z</time>
      </trkpt>
      <trkpt lat="39.8756338" lon="116.6692987">
        <ele>19.11714</ele>
        <time>2026-09-27T10:46:35Z</time>
      </trkpt>
      <trkpt lat="39.875662" lon="116.6691481">
        <ele>19.19407</ele>
        <time>2026-09-27T10:46:39Z</time>
      </trkpt>
      <trkpt lat="39.8756513" lon="116.6690319">
        <ele>19.38891</ele>
        <time>2026-09-27T10:46:42Z</time>
      </trkpt>
      <trkpt lat="39.8756169" lon="116.6689223">
        <ele>19.84966</ele>
        <time>2026-09-27T10:46:45Z</time>
      </trkpt>
      <trkpt lat="39.8755613" lon="116.668825">
        <ele>20.53049</ele>
        <time>2026-09-27T10:46:47.986000Z</time>
      </trkpt>
      <trkpt lat="39.8754937" lon="116.6687344">
        <ele>21.15751</ele>
        <time>2026-09-27T10:46:50.972000Z</time>
      </trkpt>
      <trkpt lat="39.8754269" lon="116.6686395">
        <ele>21.616</ele>
        <time>2026-09-27T10:46:53.957000Z</time>
      </trkpt>
      <trkpt lat="39.8753711" lon="116.6685334">
        <ele>21.90142</ele>
        <time>2026-09-27T10:46:56.943000Z</time>
      </trkpt>
      <trkpt lat="39.875332" lon="116.6684162">
        <ele>22.05438</ele>
        <time>2026-09-27T10:46:59.929000Z</time>
      </trkpt>
      <trkpt lat="39.8753032" lon="116.6682909">
        <ele>22.11833</ele>
        <time>2026-09-27T10:47:02.914000Z</time>
      </trkpt>
      <trkpt lat="39.8752743" lon="116.6681656">
        <ele>22.12611</ele>
        <time>2026-09-27T10:47:05.900000Z</time>
      </trkpt>
      <trkpt lat="39.8752388" lon="116.6680449">
        <ele>22.10341</ele>
        <time>2026-09-27T10:47:08.885000Z</time>
      </trkpt>
      <trkpt lat="39.8751958" lon="116.6679328">
        <ele>22.0568</ele>
        <time>2026-09-27T10:47:11.871000Z</time>
      </trkpt>
      <trkpt lat="39.8751409" lon="116.6678308">
        <ele>21.98731</ele>
        <time>2026-09-27T10:47:14.857000Z</time>
      </trkpt>
      <trkpt lat="39.8750728" lon="116.6677495">
        <ele>21.90706</ele>
        <time>2026-09-27T10:47:17.842000Z</time>
      </trkpt>
      <trkpt lat="39.8749951" lon="116.667688">
        <ele>21.83758</ele>
        <time>2026-09-27T10:47:20.828000Z</time>
      </trkpt>
      <trkpt lat="39.8749158" lon="116.667632">
        <ele>21.79793</ele>
        <time>2026-09-27T10:47:23.814000Z</time>
      </trkpt>
      <trkpt lat="39.8748291" lon="116.6675849">
        <ele>21.79135</ele>
        <time>2026-09-27T10:47:26.799000Z</time>
      </trkpt>
      <trkpt lat="39.8747391" lon="116.6675467">
        <ele>21.80653</ele>
        <time>2026-09-27T10:47:29.785000Z</time>
      </trkpt>
      <trkpt lat="39.8746446" lon="116.6675198">
        <ele>21.82931</ele>
        <time>2026-09-27T10:47:32.770000Z</time>
      </trkpt>
      <trkpt lat="39.8745486" lon="116.6675119">
        <ele>21.847</ele>
        <time>2026-09-27T10:47:35.756000Z</time>
      </trkpt>
      <trkpt lat="39.8744527" lon="116.6675264">
        <ele>21.84731</ele>
        <time>2026-09-27T10:47:38.742000Z</time>
      </trkpt>
      <trkpt lat="39.8743604" lon="116.6675655">
        <ele>21.82666</ele>
        <time>2026-09-27T10:47:41.727000Z</time>
      </trkpt>
      <trkpt lat="39.8742712" lon="116.6676191">
        <ele>21.79134</ele>
        <time>2026-09-27T10:47:44.713000Z</time>
      </trkpt>
      <trkpt lat="39.8741825" lon="116.667677">
        <ele>21.74258</ele>
        <time>2026-09-27T10:47:47.698000Z</time>
      </trkpt>
      <trkpt lat="39.8740918" lon="116.6677307">
        <ele>21.6851</ele>
        <time>2026-09-27T10:47:50.684000Z</time>
      </trkpt>
      <trkpt lat="39.873998" lon="116.6677713">
        <ele>21.62334</ele>
        <time>2026-09-27T10:47:53.670000Z</time>
      </trkpt>
      <trkpt lat="39.8739032" lon="116.6677923">
        <ele>21.56066</ele>
        <time>2026-09-27T10:47:56.655000Z</time>
      </trkpt>
      <trkpt lat="39.8738092" lon="116.667797">
        <ele>21.51579</ele>
        <time>2026-09-27T10:47:59.641000Z</time>
      </trkpt>
      <trkpt lat="39.8737162" lon="116.6677791">
        <ele>21.50565</ele>
        <time>2026-09-27T10:48:02.627000Z</time>
      </trkpt>
      <trkpt lat="39.8736207" lon="116.667748">
        <ele>21.52954</ele>
        <time>2026-09-27T10:48:05.612000Z</time>
      </trkpt>
      <trkpt lat="39.8735249" lon="116.6677362">
        <ele>21.57706</ele>
        <time>2026-09-27T10:48:08.607000Z</time>
      </trkpt>
    </trkseg>
  </trk>
</gpx>