<?xml version="1.0" encoding="UTF-8"?>
<gpx xmlns="http://www.topografix.com/GPX/1/1" xmlns:gpxtpx="http://www.garmin.com/xmlschemas/TrackPointExtension/v1" xmlns:xsi="http://www.w3.org/2001/XMLSchema-instance" xsi:schemaLocation="http://www.topografix.com/GPX/1/1 http://www.topografix.com/GPX/1/1/gpx.xsd" version="1.1" creator="gpx.py -- https://github.com/tkrajina/gpxpy">
  <trk>
    <name>gpx from codoon</name>
    <type>Run</type>
    <trkseg>
      <trkpt lat="39.8731924" lon="116.6656588">
        <ele>22.71601</ele>
        <time>2026-09-29T22:26:10.545000Z</time>
      </trkpt>
      <trkpt lat="39.8732664" lon="116.6657712">
        <ele>22.68101</ele>
        <time>2026-09-29T22:26:15.289000Z</time>
      </trkpt>
      <trkpt lat="39.8733432" lon="116.6658416">
        <ele>22.64857</ele>
        <time>2026-09-29T22:26:18.275000Z</time>
      </trkpt>
      <trkpt lat="39.8734478" lon="116.6658961">
        <ele>22.6598</ele>
        <time>2026-09-29T22:26:22.257000Z</time>
      </trkpt>
      <trkpt lat="39.8735511" lon="116.6659128">
        <ele>22.83866</ele>
        <time>2026-09-29T22:26:26.238000Z</time>
      </trkpt>
      <trkpt lat="39.8736467" lon="116.6658644">
        <ele>23.27663</ele>
        <time>2026-09-29T22:26:30.220000Z</time>
      </trkpt>
      <trkpt lat="39.8737397" lon="116.6657922">
        <ele>24.05684</ele>
        <time>2026-09-29T22:26:34.201000Z</time>
      </trkpt>
      <trkpt lat="39.8738251" lon="116.6657248">
        <ele>24.83916</ele>
        <time>2026-09-29T22:26:37.999000Z</time>
      </trkpt>
      <trkpt lat="39.8739092" lon="116.6656419">
        <ele>25.19712</ele>
        <time>2026-09-29T22:26:41.999000Z</time>
      </trkpt>
      <trkpt lat="39.874003" lon="116.6655679">
        <ele>25.14126</ele>
        <time>2026-09-29T22:26:46.144000Z</time>
      </trkpt>
      <trkpt lat="39.8741113" lon="116.665512">
        <ele>25.00574</ele>
        <time>2026-09-29T22:26:50.125000Z</time>
      </trkpt>
      <trkpt lat="39.8741984" lon="116.6654712">
        <ele>24.97754</ele>
        <time>2026-09-29T22:26:53.111000Z</time>
      </trkpt>
      <trkpt lat="39.8743109" lon="116.6654206">
        <ele>25.00064</ele>
        <time>2026-09-29T22:26:57.092000Z</time>
      </trkpt>
      <trkpt lat="39.8744167" lon="116.665422">
        <ele>24.99868</ele>
        <time>2026-09-29T22:27:01.073000Z</time>
      </trkpt>
      <trkpt lat="39.8744901" lon="116.6655303">
        <ele>24.94915</ele>
        <time>2026-09-29T22:27:05Z</time>
      </trkpt>
      <trkpt lat="39.8745353" lon="116.6656364">
        <ele>24.89497</ele>
        <time>2026-09-29T22:27:08Z</time>
      </trkpt>
      <trkpt lat="39.8745938" lon="116.6657697">
        <ele>24.82057</ele>
        <time>2026-09-29T22:27:12Z</time>
      </trkpt>
      <trkpt lat="39.8746394" lon="116.6658742">
        <ele>24.64019</ele>
        <time>2026-09-29T22:27:15Z</time>
      </trkpt>
      <trkpt lat="39.8746878" lon="116.6659783">
        <ele>24.26139</ele>
        <time>2026-09-29T22:27:17.992000Z</time>
      </trkpt>
      <trkpt lat="39.8747363" lon="116.6660827">
        <ele>23.85892</ele>
        <time>2026-09-29T22:27:20.978000Z</time>
      </trkpt>
      <trkpt lat="39.8747847" lon="116.6661849">
        <ele>23.56839</ele>
        <time>2026-09-29T22:27:23.963000Z</time>
      </trkpt>
      <trkpt lat="39.8748333" lon="116.6662858">
        <ele>23.40066</ele>
        <time>2026-09-29T22:27:26.949000Z</time>
      </trkpt>
      <trkpt lat="39.8748829" lon="116.6663853">
        <ele>23.31964</ele>
        <time>2026-09-29T22:27:29.935000Z</time>
      </trkpt>
      <trkpt lat="39.8749342" lon="116.6664815">
        <ele>23.28934</ele>
        <time>2026-09-29T22:27:32.920000Z</time>
      </trkpt>
      <trkpt lat="39.8750041" lon="116.6666013">
        <ele>23.26136</ele>
        <time>2026-09-29T22:27:36.901000Z</time>
      </trkpt>
      <trkpt lat="39.87508" lon="116.6667211">
        <ele>23.18843</ele>
        <time>2026-09-29T22:27:40.882000Z</time>
      </trkpt>
      <trkpt lat="39.8751556" lon="116.6668383">
        <ele>23.0553</ele>
        <time>2026-09-29T22:27:44.863000Z</time>
      </trkpt>
      <trkpt lat="39.875228" lon="116.6669516">
        <ele>22.88436</ele>
        <time>2026-09-29T22:27:48.844000Z</time>
      </trkpt>
      <trkpt lat="39.875297" lon="116.6670597">
        <ele>22.73414</ele>
        <time>2026-09-29T22:27:52.824000Z</time>
      </trkpt>
      <trkpt lat="39.8753729" lon="116.6671563">
        <ele>22.65513</ele>
        <time>2026-09-29T22:27:56.805000Z</time>
      </trkpt>
      <trkpt lat="39.8754555" lon="116.6672375">
        <ele>22.68483</ele>
        <time>2026-09-29T22:28:00.786000Z</time>
      </trkpt>
      <trkpt lat="39.8755281" lon="116.6673362">
        <ele>22.8333</ele>
        <time>2026-09-29T22:28:04.767000Z</time>
      </trkpt>
      <trkpt lat="39.8755962" lon="116.6674445">
        <ele>23.03731</ele>
        <time>2026-09-29T22:28:08.748000Z</time>
      </trkpt>
      <trkpt lat="39.8756644" lon="116.667557">
        <ele>23.23082</ele>
        <time>2026-09-29T22:28:12.728000Z</time>
      </trkpt>
      <trkpt lat="39.8757336" lon="116.6676638">
        <ele>23.3829</ele>
        <time>2026-09-29T22:28:16.709000Z</time>
      </trkpt>
      <trkpt lat="39.8758049" lon="116.6677644">
        <ele>23.51163</ele>
        <time>2026-09-29T22:28:20.690000Z</time>
      </trkpt>
      <trkpt lat="39.8758806" lon="116.6678611">
        <ele>23.63873</ele>
        <time>2026-09-29T22:28:24.671000Z</time>
      </trkpt>
      <trkpt lat="39.8759537" lon="116.6679593">
        <ele>23.76051</ele>
        <time>2026-09-29T22:28:28.651000Z</time>
      </trkpt>
      <trkpt lat="39.876022" lon="116.6680564">
        <ele>23.87174</ele>
        <time>2026-09-29T22:28:32.632000Z</time>
      </trkpt>
      <trkpt lat="39.8760977" lon="116.668148">
        <ele>23.96736</ele>
        <time>2026-09-29T22:28:36.613000Z</time>
      </trkpt>
      <trkpt lat="39.8761754" lon="116.6682268">
        <ele>24.03785</ele>
        <time>2026-09-29T22:28:40.594000Z</time>
      </trkpt>
      <trkpt lat="39.876262" lon="116.6683018">
        <ele>24.07413</ele>
        <time>2026-09-29T22:28:44.574000Z</time>
      </trkpt>
      <trkpt lat="39.8763451" lon="116.6683819">
        <ele>24.07811</ele>
        <time>2026-09-29T22:28:48.555000Z</time>
      </trkpt>
      <trkpt lat="39.8764237" lon="116.6684763">
        <ele>24.05308</ele>
        <time>2026-09-29T22:28:52.536000Z</time>
      </trkpt>
      <trkpt lat="39.8764992" lon="116.6685837">
        <ele>24.01574</ele>
        <time>2026-09-29T22:28:56.517000Z</time>
      </trkpt>
      <trkpt lat="39.8765704" lon="116.6687006">
        <ele>24.01835</ele>
        <time>2026-09-29T22:29:00.497000Z</time>
      </trkpt>
      <trkpt lat="39.8766393" lon="116.6688157">
        <ele>24.09264</ele>
        <time>2026-09-29T22:29:04.478000Z</time>
      </trkpt>
      <trkpt lat="39.8767098" lon="116.6689246">
        <ele>24.2162</ele>
        <time>2026-09-29T22:29:08.459000Z</time>
      </trkpt>
      <trkpt lat="39.8767807" lon="116.6690261">
        <ele>24.35179</ele>
        <time>2026-09-29T22:29:12.439000Z</time>
      </trkpt>
      <trkpt lat="39.8768568" lon="116.6691257">
        <ele>24.46494</ele>
        <time>2026-09-29T22:29:16.420000Z</time>
      </trkpt>
      <trkpt lat="39.8769328" lon="116.6692271">
        <ele>24.5388</ele>
        <time>2026-09-29T22:29:20.401000Z</time>
      </trkpt>
      <trkpt lat="39.8769995" lon="116.669337">
        <ele>24.56364</ele>
        <time>2026-09-29T22:29:24.382000Z</time>
      </trkpt>
      <trkpt lat="39.8770427" lon="116.6694664">
        <ele>24.55238</ele>
        <time>2026-09-29T22:29:28.362000Z</time>
      </trkpt>
      <trkpt lat="39.8770445" lon="116.6696022">
        <ele>24.52257</ele>
        <time>2026-09-29T22:29:32.343000Z</time>
      </trkpt>
      <trkpt lat="39.8769957" lon="116.6697172">
        <ele>24.46508</ele>
        <time>2026-09-29T22:29:36.324000Z</time>
      </trkpt>
      <trkpt lat="39.8769191" lon="116.6698174">
        <ele>24.40948</ele>
        <time>2026-09-29T22:29:40.304000Z</time>
      </trkpt>
      <trkpt lat="39.8768337" lon="116.6699122">
        <ele>24.37357</ele>
        <time>2026-09-29T22:29:44.285000Z</time>
      </trkpt>
      <trkpt lat="39.8767442" lon="116.6700092">
        <ele>24.33272</ele>
        <time>2026-09-29T22:29:48.265000Z</time>
      </trkpt>
      <trkpt lat="39.8766605" lon="116.6701096">
        <ele>24.28052</ele>
        <time>2026-09-29T22:29:52.246000Z</time>
      </trkpt>
      <trkpt lat="39.8765872" lon="116.6702144">
        <ele>24.22772</ele>
        <time>2026-09-29T22:29:56.227000Z</time>
      </trkpt>
      <trkpt lat="39.876513" lon="116.6703194">
        <ele>24.20336</ele>
        <time>2026-09-29T22:30:00.207000Z</time>
      </trkpt>
      <trkpt lat="39.876434" lon="116.6704211">
        <ele>24.2524</ele>
        <time>2026-09-29T22:30:04.188000Z</time>
      </trkpt>
      <trkpt lat="39.8763508" lon="116.6705201">
        <ele>24.38287</ele>
        <time>2026-09-29T22:30:08.169000Z</time>
      </trkpt>
      <trkpt lat="39.8762683" lon="116.6706154">
        <ele>24.58061</ele>
        <time>2026-09-29T22:30:12.149000Z</time>
      </trkpt>
      <trkpt lat="39.8761856" lon="116.6707058">
        <ele>24.67527</ele>
        <time>2026-09-29T22:30:16.130000Z</time>
      </trkpt>
      <trkpt lat="39.8761004" lon="116.670789">
        <ele>24.63065</ele>
        <time>2026-09-29T22:30:20.111000Z</time>
      </trkpt>
      <trkpt lat="39.8760159" lon="116.6708724">
        <ele>24.58477</ele>
        <time>2026-09-29T22:30:24.091000Z</time>
      </trkpt>
      <trkpt lat="39.8759369" lon="116.6709591">
        <ele>24.55712</ele>
        <time>2026-09-29T22:30:28.072000Z</time>
      </trkpt>
      <trkpt lat="39.8758623" lon="116.671051">
        <ele>24.53077</ele>
        <time>2026-09-29T22:30:32.053000Z</time>
      </trkpt>
      <trkpt lat="39.8757889" lon="116.6711463">
        <ele>24.53718</ele>
        <time>2026-09-29T22:30:36.033000Z</time>
      </trkpt>
      <trkpt lat="39.8757173" lon="116.6712436">
        <ele>24.58511</ele>
        <time>2026-09-29T22:30:40.014000Z</time>
      </trkpt>
      <trkpt lat="39.8756493" lon="116.6713388">
        <ele>24.58917</ele>
        <time>2026-09-29T22:30:43.995000Z</time>
      </trkpt>
      <trkpt lat="39.8755828" lon="116.6714377">
        <ele>24.44374</ele>
        <time>2026-09-29T22:30:47.975000Z</time>
      </trkpt>
      <trkpt lat="39.8755148" lon="116.671533">
        <ele>24.25708</ele>
        <time>2026-09-29T22:30:51.956000Z</time>
      </trkpt>
      <trkpt lat="39.8754428" lon="116.6716177">
        <ele>24.10898</ele>
        <time>2026-09-29T22:30:55.936000Z</time>
      </trkpt>
      <trkpt lat="39.8753673" lon="116.6716985">
        <ele>24.04363</ele>
        <time>2026-09-29T22:30:59.917000Z</time>
      </trkpt>
      <trkpt lat="39.8752934" lon="116.6717854">
        <ele>24.03429</ele>
        <time>2026-09-29T22:31:03.898000Z</time>
      </trkpt>
      <trkpt lat="39.8752196" lon="116.6718805">
        <ele>24.07699</ele>
        <time>2026-09-29T22:31:07.878000Z</time>
      </trkpt>
      <trkpt lat="39.8751506" lon="116.6719829">
        <ele>24.14265</ele>
        <time>2026-09-29T22:31:11.859000Z</time>
      </trkpt>
      <trkpt lat="39.8750945" lon="116.6720916">
        <ele>24.19059</ele>
        <time>2026-09-29T22:31:15.839000Z</time>
      </trkpt>
      <trkpt lat="39.8750299" lon="116.6721916">
        <ele>24.20736</ele>
        <time>2026-09-29T22:31:19.820000Z</time>
      </trkpt>
      <trkpt lat="39.8749634" lon="116.6722919">
        <ele>24.21494</ele>
        <time>2026-09-29T22:31:23.801000Z</time>
      </trkpt>
      <trkpt lat="39.8748932" lon="116.6723913">
        <ele>24.25784</ele>
        <time>2026-09-29T22:31:27.781000Z</time>
      </trkpt>
      <trkpt lat="39.8748255" lon="116.6724889">
        <ele>24.35295</ele>
        <time>2026-09-29T22:31:31.762000Z</time>
      </trkpt>
      <trkpt lat="39.8747565" lon="116.6725859">
        <ele>24.49365</ele>
        <time>2026-09-29T22:31:35.742000Z</time>
      </trkpt>
      <trkpt lat="39.8746868" lon="116.6726834">
        <ele>24.63169</ele>
        <time>2026-09-29T22:31:39.723000Z</time>
      </trkpt>
      <trkpt lat="39.8746173" lon="116.6727797">
        <ele>24.72718</ele>
        <time>2026-09-29T22:31:43.704000Z</time>
      </trkpt>
      <trkpt lat="39.8745431" lon="116.672872">
        <ele>24.78617</ele>
        <time>2026-09-29T22:31:47.684000Z</time>
      </trkpt>
      <trkpt lat="39.874466" lon="116.672959">
        <ele>24.83159</ele>
        <time>2026-09-29T22:31:51.665000Z</time>
      </trkpt>
      <trkpt lat="39.8743856" lon="116.6730433">
        <ele>24.88032</ele>
        <time>2026-09-29T22:31:55.645000Z</time>
      </trkpt>
      <trkpt lat="39.8743046" lon="116.6731299">
        <ele>24.93085</ele>
        <time>2026-09-29T22:31:59.626000Z</time>
      </trkpt>
      <trkpt lat="39.8742218" lon="116.6732115">
        <ele>24.94507</ele>
        <time>2026-09-29T22:32:03.607000Z</time>
      </trkpt>
      <trkpt lat="39.874138" lon="116.6732936">
        <ele>24.92109</ele>
        <time>2026-09-29T22:32:07.587000Z</time>
      </trkpt>
      <trkpt lat="39.8740568" lon="116.6733798">
        <ele>24.91993</ele>
        <time>2026-09-29T22:32:11.568000Z</time>
      </trkpt>
      <trkpt lat="39.8739828" lon="116.6734747">
        <ele>24.98651</ele>
        <time>2026-09-29T22:32:15.548000Z</time>
      </trkpt>
      <trkpt lat="39.8739078" lon="116.6735719">
        <ele>25.0668</ele>
        <time>2026-09-29T22:32:19.529000Z</time>
      </trkpt>
      <trkpt lat="39.8738326" lon="116.6736679">
        <ele>25.1173</ele>
        <time>2026-09-29T22:32:23.509000Z</time>
      </trkpt>
      <trkpt lat="39.8737583" lon="116.6737548">
        <ele>25.13922</ele>
        <time>2026-09-29T22:32:27.490000Z</time>
      </trkpt>
      <trkpt lat="39.8736803" lon="116.6738339">
        <ele>25.11643</ele>
        <time>2026-09-29T22:32:31.471000Z</time>
      </trkpt>
      <trkpt lat="39.8736001" lon="116.6739168">
        <ele>25.05015</ele>
        <time>2026-09-29T22:32:35.451000Z</time>
      </trkpt>
      <trkpt lat="39.8735222" lon="116.674003">
        <ele>24.96835</ele>
        <time>2026-09-29T22:32:39.432000Z</time>
      </trkpt>
      <trkpt lat="39.8734488" lon="116.6740946">
        <ele>24.89133</ele>
        <time>2026-09-29T22:32:43.412000Z</time>
      </trkpt>
      <trkpt lat="39.8733719" lon="116.6741824">
        <ele>24.83662</ele>
        <time>2026-09-29T22:32:47.393000Z</time>
      </trkpt>
      <trkpt lat="39.8733063" lon="116.6742736">
        <ele>24.81013</ele>
        <time>2026-09-29T22:32:51.374000Z</time>
      </trkpt>
      <trkpt lat="39.873248" lon="116.6743723">
        <ele>24.79271</ele>
        <time>2026-09-29T22:32:55.354000Z</time>
      </trkpt>
      <trkpt lat="39.8731768" lon="116.6744637">
        <ele>24.77432</ele>
        <time>2026-09-29T22:32:59.335000Z</time>
      </trkpt>
      <trkpt lat="39.873109" lon="116.674554">
        <ele>24.77845</ele>
        <time>2026-09-29T22:33:03.315000Z</time>
      </trkpt>
      <trkpt lat="39.8730445" lon="116.6746455">
        <ele>24.80763</ele>
        <time>2026-09-29T22:33:07.296000Z</time>
      </trkpt>
      <trkpt lat="39.8729744" lon="116.6747346">
        <ele>24.82762</ele>
        <time>2026-09-29T22:33:11.276000Z</time>
      </trkpt>
      <trkpt lat="39.8728953" lon="116.6747952">
        <ele>24.80431</ele>
        <time>2026-09-29T22:33:15.257000Z</time>
      </trkpt>
      <trkpt lat="39.872803" lon="116.6748007">
        <ele>24.73423</ele>
        <time>2026-09-29T22:33:19.238000Z</time>
      </trkpt>
      <trkpt lat="39.8727087" lon="116.6748">
        <ele>24.65157</ele>
        <time>2026-09-29T22:33:23.218000Z</time>
      </trkpt>
      <trkpt lat="39.872608" lon="116.6747976">
        <ele>24.56942</ele>
        <time>2026-09-29T22:33:27.199000Z</time>
      </trkpt>
      <trkpt lat="39.8725059" lon="116.6748007">
        <ele>24.39556</ele>
        <time>2026-09-29T22:33:31.179000Z</time>
      </trkpt>
      <trkpt lat="39.8724061" lon="116.6748043">
        <ele>24.16904</ele>
        <time>2026-09-29T22:33:35.160000Z</time>
      </trkpt>
      <trkpt lat="39.8723057" lon="116.6748155">
        <ele>23.96013</ele>
        <time>2026-09-29T22:33:39.140000Z</time>
      </trkpt>
      <trkpt lat="39.8722058" lon="116.6748311">
        <ele>23.78838</ele>
        <time>2026-09-29T22:33:43.121000Z</time>
      </trkpt>
      <trkpt lat="39.8721102" lon="116.6748583">
        <ele>23.68049</ele>
        <time>2026-09-29T22:33:47.101000Z</time>
      </trkpt>
      <trkpt lat="39.8720085" lon="116.6748954">
        <ele>23.64399</ele>
        <time>2026-09-29T22:33:52.077000Z</time>
      </trkpt>
      <trkpt lat="39.8720109" lon="116.6750217">
        <ele>23.73894</ele>
        <time>2026-09-29T22:33:58.048000Z</time>
      </trkpt>
      <trkpt lat="39.8721041" lon="116.6750792">
        <ele>23.89337</ele>
        <time>2026-09-29T22:34:02.028000Z</time>
      </trkpt>
      <trkpt lat="39.8722063" lon="116.6750974">
        <ele>24.09374</ele>
        <time>2026-09-29T22:34:06.009000Z</time>
      </trkpt>
      <trkpt lat="39.8723099" lon="116.6750967">
        <ele>24.22512</ele>
        <time>2026-09-29T22:34:09.989000Z</time>
      </trkpt>
      <trkpt lat="39.872413" lon="116.6750957">
        <ele>24.26313</ele>
        <time>2026-09-29T22:34:13.970000Z</time>
      </trkpt>
      <trkpt lat="39.8725109" lon="116.6750926">
        <ele>24.26702</ele>
        <time>2026-09-29T22:34:17.950000Z</time>
      </trkpt>
      <trkpt lat="39.8726014" lon="116.6750853">
        <ele>24.25662</ele>
        <time>2026-09-29T22:34:21.931000Z</time>
      </trkpt>
      <trkpt lat="39.8726583" lon="116.6751888">
        <ele>24.26109</ele>
        <time>2026-09-29T22:34:28.897000Z</time>
      </trkpt>
      <trkpt lat="39.8726077" lon="116.6752919">
        <ele>24.26461</ele>
        <time>2026-09-29T22:34:32.877000Z</time>
      </trkpt>
      <trkpt lat="39.8725503" lon="116.6753917">
        <ele>24.2186</ele>
        <time>2026-09-29T22:34:36.858000Z</time>
      </trkpt>
      <trkpt lat="39.8724951" lon="116.6755008">
        <ele>24.09853</ele>
        <time>2026-09-29T22:34:40.838000Z</time>
      </trkpt>
      <trkpt lat="39.8724404" lon="116.6756084">
        <ele>23.95516</ele>
        <time>2026-09-29T22:34:44.819000Z</time>
      </trkpt>
      <trkpt lat="39.872379" lon="116.675716">
        <ele>23.85188</ele>
        <time>2026-09-29T22:34:48.799000Z</time>
      </trkpt>
      <trkpt lat="39.8723215" lon="116.6758274">
        <ele>23.81988</ele>
        <time>2026-09-29T22:34:52.780000Z</time>
      </trkpt>
      <trkpt lat="39.8722675" lon="116.6759421">
        <ele>23.85995</ele>
        <time>2026-09-29T22:34:56.760000Z</time>
      </trkpt>
      <trkpt lat="39.8722173" lon="116.6760522">
        <ele>23.94714</ele>
        <time>2026-09-29T22:35:00.741000Z</time>
      </trkpt>
      <trkpt lat="39.8721657" lon="116.6761638">
        <ele>24.03599</ele>
        <time>2026-09-29T22:35:04.721000Z</time>
      </trkpt>
      <trkpt lat="39.8721133" lon="116.6762768">
        <ele>24.12974</ele>
        <time>2026-09-29T22:35:08.702000Z</time>
      </trkpt>
      <trkpt lat="39.8720641" lon="116.6763827">
        <ele>24.17743</ele>
        <time>2026-09-29T22:35:12.682000Z</time>
      </trkpt>
      <trkpt lat="39.8720158" lon="116.6764901">
        <ele>24.12274</ele>
        <time>2026-09-29T22:35:16.663000Z</time>
      </trkpt>
      <trkpt lat="39.8719638" lon="116.6765997">
        <ele>24.03217</ele>
        <time>2026-09-29T22:35:20.643000Z</time>
      </trkpt>
      <trkpt lat="39.8719129" lon="116.6767105">
        <ele>23.98677</ele>
        <time>2026-09-29T22:35:24.623000Z</time>
      </trkpt>
      <trkpt lat="39.8718682" lon="116.6768238">
        <ele>24.03337</ele>
        <time>2026-09-29T22:35:28.604000Z</time>
      </trkpt>
      <trkpt lat="39.8718304" lon="116.6769425">
        <ele>24.13307</ele>
        <time>2026-09-29T22:35:32.584000Z</time>
      </trkpt>
      <trkpt lat="39.8717919" lon="116.6770602">
        <ele>24.23334</ele>
        <time>2026-09-29T22:35:36.565000Z</time>
      </trkpt>
      <trkpt lat="39.8717489" lon="116.6771725">
        <ele>24.3161</ele>
        <time>2026-09-29T22:35:40.545000Z</time>
      </trkpt>
      <trkpt lat="39.8717056" lon="116.6772843">
        <ele>24.38107</ele>
        <time>2026-09-29T22:35:44.526000Z</time>
      </trkpt>
      <trkpt lat="39.8716609" lon="116.6774037">
        <ele>24.4089</ele>
        <time>2026-09-29T22:35:48.506000Z</time>
      </trkpt>
      <trkpt lat="39.871625" lon="116.6775294">
        <ele>24.37297</ele>
        <time>2026-09-29T22:35:52.487000Z</time>
      </trkpt>
      <trkpt lat="39.8715887" lon="116.677657">
        <ele>24.26149</ele>
        <time>2026-09-29T22:35:56.467000Z</time>
      </trkpt>
      <trkpt lat="39.871555" lon="116.6777847">
        <ele>24.11176</ele>
        <time>2026-09-29T22:36:00.448000Z</time>
      </trkpt>
      <trkpt lat="39.8715213" lon="116.6779095">
        <ele>23.99096</ele>
        <time>2026-09-29T22:36:04.428000Z</time>
      </trkpt>
      <trkpt lat="39.8714843" lon="116.6780356">
        <ele>23.9234</ele>
        <time>2026-09-29T22:36:08.409000Z</time>
      </trkpt>
      <trkpt lat="39.8714508" lon="116.6781631">
        <ele>23.90779</ele>
        <time>2026-09-29T22:36:12.389000Z</time>
      </trkpt>
      <trkpt lat="39.8714199" lon="116.6782911">
        <ele>23.96579</ele>
        <time>2026-09-29T22:36:16.369000Z</time>
      </trkpt>
      <trkpt lat="39.8713862" lon="116.6784207">
        <ele>24.10835</ele>
        <time>2026-09-29T22:36:20.350000Z</time>
      </trkpt>
      <trkpt lat="39.8713516" lon="116.6785485">
        <ele>24.28284</ele>
        <time>2026-09-29T22:36:24.330000Z</time>
      </trkpt>
      <trkpt lat="39.8713243" lon="116.6786757">
        <ele>24.39439</ele>
        <time>2026-09-29T22:36:28.311000Z</time>
      </trkpt>
      <trkpt lat="39.8712973" lon="116.6787993">
        <ele>24.44231</ele>
        <time>2026-09-29T22:36:32.291000Z</time>
      </trkpt>
      <trkpt lat="39.871269" lon="116.6789214">
        <ele>24.45707</ele>
        <time>2026-09-29T22:36:36.272000Z</time>
      </trkpt>
      <trkpt lat="39.8712402" lon="116.6790403">
        <ele>24.45656</ele>
        <time>2026-09-29T22:36:40.252000Z</time>
      </trkpt>
      <trkpt lat="39.8712107" lon="116.6791578">
        <ele>24.42443</ele>
        <time>2026-09-29T22:36:44.233000Z</time>
      </trkpt>
      <trkpt lat="39.8711742" lon="116.6792749">
        <ele>24.32812</ele>
        <time>2026-09-29T22:36:48.213000Z</time>
      </trkpt>
      <trkpt lat="39.8711416" lon="116.6793853">
        <ele>24.18424</ele>
        <time>2026-09-29T22:36:52Z</time>
      </trkpt>
      <trkpt lat="39.8711114" lon="116.6795057">
        <ele>24.10761</ele>
        <time>2026-09-29T22:36:56Z</time>
      </trkpt>
      <trkpt lat="39.8710821" lon="116.6796242">
        <ele>24.2158</ele>
        <time>2026-09-29T22:37:00Z</time>
      </trkpt>
      <trkpt lat="39.8710468" lon="116.6797399">
        <ele>24.39329</ele>
        <time>2026-09-29T22:37:04Z</time>
      </trkpt>
      <trkpt lat="39.8710161" lon="116.6798604">
        <ele>24.48355</ele>
        <time>2026-09-29T22:37:08Z</time>
      </trkpt>
      <trkpt lat="39.8709835" lon="116.6799781">
        <ele>24.41978</ele>
        <time>2026-09-29T22:37:12Z</time>
      </trkpt>
      <trkpt lat="39.8709506" lon="116.6800971">
        <ele>24.13177</ele>
        <time>2026-09-29T22:37:16Z</time>
      </trkpt>
      <trkpt lat="39.870911" lon="116.6802153">
        <ele>23.70242</ele>
        <time>2026-09-29T22:37:20Z</time>
      </trkpt>
      <trkpt lat="39.8708684" lon="116.6803364">
        <ele>23.33602</ele>
        <time>2026-09-29T22:37:24Z</time>
      </trkpt>
      <trkpt lat="39.8708277" lon="116.6804582">
        <ele>23.24973</ele>
        <time>2026-09-29T22:37:28Z</time>
      </trkpt>
      <trkpt lat="39.8707888" lon="116.6805811">
        <ele>23.54037</ele>
        <time>2026-09-29T22:37:31.998000Z</time>
      </trkpt>
      <trkpt lat="39.8707542" lon="116.6807031">
        <ele>23.89674</ele>
        <time>2026-09-29T22:37:35.978000Z</time>
      </trkpt>
      <trkpt lat="39.8707314" lon="116.6808328">
        <ele>24.1274</ele>
        <time>2026-09-29T22:37:39.959000Z</time>
      </trkpt>
      <trkpt lat="39.8707047" lon="116.6809669">
        <ele>24.27495</ele>
        <time>2026-09-29T22:37:43.939000Z</time>
      </trkpt>
      <trkpt lat="39.870674" lon="116.681099">
        <ele>24.32676</ele>
        <time>2026-09-29T22:37:47.919000Z</time>
      </trkpt>
      <trkpt lat="39.8706498" lon="116.6812338">
        <ele>24.30723</ele>
        <time>2026-09-29T22:37:51.900000Z</time>
      </trkpt>
      <trkpt lat="39.8706325" lon="116.6813662">
        <ele>24.26979</ele>
        <time>2026-09-29T22:37:55.880000Z</time>
      </trkpt>
      <trkpt lat="39.8706082" lon="116.6814979">
        <ele>24.17832</ele>
        <time>2026-09-29T22:37:59.861000Z</time>
      </trkpt>
      <trkpt lat="39.8705743" lon="116.6816275">
        <ele>23.99849</ele>
        <time>2026-09-29T22:38:03.841000Z</time>
      </trkpt>
      <trkpt lat="39.8705352" lon="116.6817539">
        <ele>23.78528</ele>
        <time>2026-09-29T22:38:07.821000Z</time>
      </trkpt>
      <trkpt lat="39.8704941" lon="116.6818795">
        <ele>23.59676</ele>
        <time>2026-09-29T22:38:11.802000Z</time>
      </trkpt>
      <trkpt lat="39.8704561" lon="116.6820052">
        <ele>23.4352</ele>
        <time>2026-09-29T22:38:15.782000Z</time>
      </trkpt>
      <trkpt lat="39.8704192" lon="116.6821296">
        <ele>23.26169</ele>
        <time>2026-09-29T22:38:19.763000Z</time>
      </trkpt>
      <trkpt lat="39.8703844" lon="116.6822494">
        <ele>23.04641</ele>
        <time>2026-09-29T22:38:23.743000Z</time>
      </trkpt>
      <trkpt lat="39.8703464" lon="116.6823706">
        <ele>22.8426</ele>
        <time>2026-09-29T22:38:27.723000Z</time>
      </trkpt>
      <trkpt lat="39.8703162" lon="116.6824899">
        <ele>22.69809</ele>
        <time>2026-09-29T22:38:31.704000Z</time>
      </trkpt>
      <trkpt lat="39.8702911" lon="116.6826103">
        <ele>22.61839</ele>
        <time>2026-09-29T22:38:35.684000Z</time>
      </trkpt>
      <trkpt lat="39.8702611" lon="116.6827328">
        <ele>22.54225</ele>
        <time>2026-09-29T22:38:39.665000Z</time>
      </trkpt>
      <trkpt lat="39.870232" lon="116.6828559">
        <ele>22.45215</ele>
        <time>2026-09-29T22:38:43.645000Z</time>
      </trkpt>
      <trkpt lat="39.8702065" lon="116.6829818">
        <ele>22.37119</ele>
        <time>2026-09-29T22:38:47.626000Z</time>
      </trkpt>
      <trkpt lat="39.8701763" lon="116.6831069">
        <ele>22.32182</ele>
        <time>2026-09-29T22:38:51.606000Z</time>
      </trkpt>
      <trkpt lat="39.8701422" lon="116.6832313">
        <ele>22.30862</ele>
        <time>2026-09-29T22:38:55.586000Z</time>
      </trkpt>
      <trkpt lat="39.8701038" lon="116.6833592">
        <ele>22.31098</ele>
        <time>2026-09-29T22:38:59.567000Z</time>
      </trkpt>
      <trkpt lat="39.87007" lon="116.683488">
        <ele>22.30672</ele>
        <time>2026-09-29T22:39:03.547000Z</time>
      </trkpt>
      <trkpt lat="39.8700426" lon="116.6836176">
        <ele>22.29338</ele>
        <time>2026-09-29T22:39:07.528000Z</time>
      </trkpt>
      <trkpt lat="39.8700097" lon="116.6837482">
        <ele>22.28119</ele>
        <time>2026-09-29T22:39:11.508000Z</time>
      </trkpt>
      <trkpt lat="39.8699733" lon="116.6838793">
        <ele>22.26092</ele>
        <time>2026-09-29T22:39:15.488000Z</time>
      </trkpt>
      <trkpt lat="39.8699331" lon="116.6840097">
        <ele>22.24899</ele>
        <time>2026-09-29T22:39:19.469000Z</time>
      </trkpt>
      <trkpt lat="39.8698983" lon="116.6841417">
        <ele>22.25658</ele>
        <time>2026-09-29T22:39:23.449000Z</time>
      </trkpt>
      <trkpt lat="39.869868" lon="116.6842758">
        <ele>22.27854</ele>
        <time>2026-09-29T22:39:27.430000Z</time>
      </trkpt>
      <trkpt lat="39.8698336" lon="116.6844037">
        <ele>22.2809</ele>
        <time>2026-09-29T22:39:31.410000Z</time>
      </trkpt>
      <trkpt lat="39.8697962" lon="116.6845271">
        <ele>22.25045</ele>
        <time>2026-09-29T22:39:35.391000Z</time>
      </trkpt>
      <trkpt lat="39.8697627" lon="116.6846449">
        <ele>22.20376</ele>
        <time>2026-09-29T22:39:39.371000Z</time>
      </trkpt>
      <trkpt lat="39.8697313" lon="116.6847643">
        <ele>22.19436</ele>
        <time>2026-09-29T22:39:43.351000Z</time>
      </trkpt>
      <trkpt lat="39.8697064" lon="116.6848826">
        <ele>22.23454</ele>
        <time>2026-09-29T22:39:47.332000Z</time>
      </trkpt>
      <trkpt lat="39.8696758" lon="116.6850011">
        <ele>22.28709</ele>
        <time>2026-09-29T22:39:51.312000Z</time>
      </trkpt>
      <trkpt lat="39.8696423" lon="116.6851249">
        <ele>22.30804</ele>
        <time>2026-09-29T22:39:55.293000Z</time>
      </trkpt>
      <trkpt lat="39.8696112" lon="116.685252">
        <ele>22.29227</ele>
        <time>2026-09-29T22:39:59.273000Z</time>
      </trkpt>
      <trkpt lat="39.8695761" lon="116.6853783">
        <ele>22.28222</ele>
        <time>2026-09-29T22:40:03.253000Z</time>
      </trkpt>
      <trkpt lat="39.8695383" lon="116.6855028">
        <ele>22.31132</ele>
        <time>2026-09-29T22:40:07.234000Z</time>
      </trkpt>
      <trkpt lat="39.8695058" lon="116.6856322">
        <ele>22.35325</ele>
        <time>2026-09-29T22:40:11.214000Z</time>
      </trkpt>
      <trkpt lat="39.8694751" lon="116.6857529">
        <ele>22.37944</ele>
        <time>2026-09-29T22:40:15Z</time>
      </trkpt>
      <trkpt lat="39.8694404" lon="116.6858793">
        <ele>22.39796</ele>
        <time>2026-09-29T22:40:19Z</time>
      </trkpt>
      <trkpt lat="39.8694079" lon="116.6860058">
        <ele>22.41087</ele>
        <time>2026-09-29T22:40:23Z</time>
      </trkpt>
      <trkpt lat="39.8693768" lon="116.6861307">
        <ele>22.42354</ele>
        <time>2026-09-29T22:40:27Z</time>
      </trkpt>
      <trkpt lat="39.8693483" lon="116.6862575">
        <ele>22.43563</ele>
        <time>2026-09-29T22:40:31Z</time>
      </trkpt>
      <trkpt lat="39.8693162" lon="116.6863804">
        <ele>22.46563</ele>
        <time>2026-09-29T22:40:35Z</time>
      </trkpt>
      <trkpt lat="39.8692821" lon="116.6865021">
        <ele>22.51525</ele>
        <time>2026-09-29T22:40:39Z</time>
      </trkpt>
      <trkpt lat="39.8692495" lon="116.6866274">
        <ele>22.56201</ele>
        <time>2026-09-29T22:40:43Z</time>
      </trkpt>
      <trkpt lat="39.8692186" lon="116.6867503">
        <ele>22.61886</ele>
        <time>2026-09-29T22:40:47Z</time>
      </trkpt>
      <trkpt lat="39.8691913" lon="116.6868676">
        <ele>22.66965</ele>
        <time>2026-09-29T22:40:51Z</time>
      </trkpt>
      <trkpt lat="39.8691613" lon="116.6869834">
        <ele>22.68563</ele>
        <time>2026-09-29T22:40:54.999000Z</time>
      </trkpt>
      <trkpt lat="39.8691327" lon="116.6871064">
        <ele>22.66701</ele>
        <time>2026-09-29T22:40:58.979000Z</time>
      </trkpt>
      <trkpt lat="39.8691011" lon="116.6872305">
        <ele>22.62252</ele>
        <time>2026-09-29T22:41:02.960000Z</time>
      </trkpt>
      <trkpt lat="39.8690684" lon="116.6873531">
        <ele>22.58638</ele>
        <time>2026-09-29T22:41:06.940000Z</time>
      </trkpt>
      <trkpt lat="39.8690363" lon="116.6874757">
        <ele>22.58276</ele>
        <time>2026-09-29T22:41:10.921000Z</time>
      </trkpt>
      <trkpt lat="39.8690138" lon="116.6876015">
        <ele>22.57478</ele>
        <time>2026-09-29T22:41:14.901000Z</time>
      </trkpt>
      <trkpt lat="39.8689898" lon="116.6877269">
        <ele>22.54752</ele>
        <time>2026-09-29T22:41:18.881000Z</time>
      </trkpt>
      <trkpt lat="39.8689642" lon="116.6878508">
        <ele>22.51253</ele>
        <time>2026-09-29T22:41:22.862000Z</time>
      </trkpt>
      <trkpt lat="39.8689367" lon="116.6879728">
        <ele>22.4985</ele>
        <time>2026-09-29T22:41:26.842000Z</time>
      </trkpt>
      <trkpt lat="39.8689018" lon="116.6880896">
        <ele>22.53623</ele>
        <time>2026-09-29T22:41:30.823000Z</time>
      </trkpt>
      <trkpt lat="39.8688628" lon="116.6882066">
        <ele>22.59079</ele>
        <time>2026-09-29T22:41:34.803000Z</time>
      </trkpt>
      <trkpt lat="39.8688243" lon="116.6883257">
        <ele>22.60264</ele>
        <time>2026-09-29T22:41:38.784000Z</time>
      </trkpt>
      <trkpt lat="39.8687923" lon="116.6884469">
        <ele>22.54859</ele>
        <time>2026-09-29T22:41:42.764000Z</time>
      </trkpt>
      <trkpt lat="39.8687565" lon="116.6885688">
        <ele>22.42803</ele>
        <time>2026-09-29T22:41:46.744000Z</time>
      </trkpt>
      <trkpt lat="39.8687187" lon="116.6886918">
        <ele>22.28947</ele>
        <time>2026-09-29T22:41:50.725000Z</time>
      </trkpt>
      <trkpt lat="39.8686694" lon="116.6888073">
        <ele>22.20059</ele>
        <time>2026-09-29T22:41:54.705000Z</time>
      </trkpt>
      <trkpt lat="39.8685954" lon="116.6888952">
        <ele>22.17992</ele>
        <time>2026-09-29T22:41:58.686000Z</time>
      </trkpt>
      <trkpt lat="39.868495" lon="116.6889232">
        <ele>22.20492</ele>
        <time>2026-09-29T22:42:02.666000Z</time>
      </trkpt>
      <trkpt lat="39.8683883" lon="116.688904">
        <ele>22.23928</ele>
        <time>2026-09-29T22:42:06.647000Z</time>
      </trkpt>
      <trkpt lat="39.8682834" lon="116.6888784">
        <ele>22.26352</ele>
        <time>2026-09-29T22:42:10.627000Z</time>
      </trkpt>
      <trkpt lat="39.8681827" lon="116.6888613">
        <ele>22.26888</ele>
        <time>2026-09-29T22:42:14.607000Z</time>
      </trkpt>
      <trkpt lat="39.8680854" lon="116.6888596">
        <ele>22.25164</ele>
        <time>2026-09-29T22:42:18.588000Z</time>
      </trkpt>
      <trkpt lat="39.8679851" lon="116.6888573">
        <ele>22.20027</ele>
        <time>2026-09-29T22:42:22.568000Z</time>
      </trkpt>
      <trkpt lat="39.8678863" lon="116.688855">
        <ele>22.12093</ele>
        <time>2026-09-29T22:42:26.549000Z</time>
      </trkpt>
      <trkpt lat="39.8677877" lon="116.6888583">
        <ele>22.02669</ele>
        <time>2026-09-29T22:42:30.529000Z</time>
      </trkpt>
      <trkpt lat="39.8676876" lon="116.6888668">
        <ele>21.92815</ele>
        <time>2026-09-29T22:42:34.510000Z</time>
      </trkpt>
      <trkpt lat="39.867592" lon="116.6888765">
        <ele>21.83879</ele>
        <time>2026-09-29T22:42:38.490000Z</time>
      </trkpt>
      <trkpt lat="39.8674961" lon="116.6888933">
        <ele>21.77604</ele>
        <time>2026-09-29T22:42:42.471000Z</time>
      </trkpt>
      <trkpt lat="39.8674018" lon="116.6889134">
        <ele>21.74351</ele>
        <time>2026-09-29T22:42:46.451000Z</time>
      </trkpt>
      <trkpt lat="39.8673056" lon="116.6889435">
        <ele>21.72978</ele>
        <time>2026-09-29T22:42:50.431000Z</time>
      </trkpt>
      <trkpt lat="39.8672091" lon="116.688975">
        <ele>21.74156</ele>
        <time>2026-09-29T22:42:54.412000Z</time>
      </trkpt>
      <trkpt lat="39.8671119" lon="116.6890083">
        <ele>21.7755</ele>
        <time>2026-09-29T22:42:58.392000Z</time>
      </trkpt>
      <trkpt lat="39.8670182" lon="116.6890429">
        <ele>21.82222</ele>
        <time>2026-09-29T22:43:02.373000Z</time>
      </trkpt>
      <trkpt lat="39.8669219" lon="116.6890783">
        <ele>21.8873</ele>
        <time>2026-09-29T22:43:06.353000Z</time>
      </trkpt>
      <trkpt lat="39.8668268" lon="116.6891169">
        <ele>21.9786</ele>
        <time>2026-09-29T22:43:10.333000Z</time>
      </trkpt>
      <trkpt lat="39.8667337" lon="116.6891553">
        <ele>22.08036</ele>
        <time>2026-09-29T22:43:14.314000Z</time>
      </trkpt>
      <trkpt lat="39.8666425" lon="116.6891924">
        <ele>22.16914</ele>
        <time>2026-09-29T22:43:18.294000Z</time>
      </trkpt>
      <trkpt lat="39.8665492" lon="116.689228">
        <ele>22.21805</ele>
        <time>2026-09-29T22:43:22.275000Z</time>
      </trkpt>
      <trkpt lat="39.8664538" lon="116.6892646">
        <ele>22.20364</ele>
        <time>2026-09-29T22:43:26.255000Z</time>
      </trkpt>
      <trkpt lat="39.8663612" lon="116.6893028">
        <ele>22.14031</ele>
        <time>2026-09-29T22:43:30.235000Z</time>
      </trkpt>
      <trkpt lat="39.8662699" lon="116.6893448">
        <ele>22.07653</ele>
        <time>2026-09-29T22:43:34.216000Z</time>
      </trkpt>
      <trkpt lat="39.8661751" lon="116.6893869">
        <ele>22.02725</ele>
        <time>2026-09-29T22:43:38.196000Z</time>
      </trkpt>
      <trkpt lat="39.8660836" lon="116.6894259">
        <ele>21.97736</ele>
        <time>2026-09-29T22:43:42Z</time>
      </trkpt>
      <trkpt lat="39.8659896" lon="116.6894668">
        <ele>21.90818</ele>
        <time>2026-09-29T22:43:46Z</time>
      </trkpt>
      <trkpt lat="39.8658974" lon="116.6895112">
        <ele>21.8468</ele>
        <time>2026-09-29T22:43:50Z</time>
      </trkpt>
      <trkpt lat="39.8658056" lon="116.6895506">
        <ele>21.80319</ele>
        <time>2026-09-29T22:43:54Z</time>
      </trkpt>
      <trkpt lat="39.8657143" lon="116.6895882">
        <ele>21.73709</ele>
        <time>2026-09-29T22:43:58Z</time>
      </trkpt>
      <trkpt lat="39.8656221" lon="116.6896293">
        <ele>21.63168</ele>
        <time>2026-09-29T22:44:02Z</time>
      </trkpt>
      <trkpt lat="39.8655317" lon="116.6896723">
        <ele>21.53595</ele>
        <time>2026-09-29T22:44:06Z</time>
      </trkpt>
      <trkpt lat="39.8654428" lon="116.689713">
        <ele>21.49809</ele>
        <time>2026-09-29T22:44:10Z</time>
      </trkpt>
      <trkpt lat="39.8653546" lon="116.6897525">
        <ele>21.51353</ele>
        <time>2026-09-29T22:44:14.020000Z</time>
      </trkpt>
      <trkpt lat="39.8652672" lon="116.689807">
        <ele>21.5327</ele>
        <time>2026-09-29T22:44:18Z</time>
      </trkpt>
      <trkpt lat="39.8651786" lon="116.6898615">
        <ele>21.56593</ele>
        <time>2026-09-29T22:44:21.980000Z</time>
      </trkpt>
      <trkpt lat="39.8650849" lon="116.6899013">
        <ele>21.61278</ele>
        <time>2026-09-29T22:44:25.961000Z</time>
      </trkpt>
      <trkpt lat="39.8649888" lon="116.6899384">
        <ele>21.64736</ele>
        <time>2026-09-29T22:44:29.941000Z</time>
      </trkpt>
      <trkpt lat="39.8648928" lon="116.6899815">
        <ele>21.67302</ele>
        <time>2026-09-29T22:44:33.922000Z</time>
      </trkpt>
      <trkpt lat="39.864798" lon="116.6900286">
        <ele>21.70679</ele>
        <time>2026-09-29T22:44:37.902000Z</time>
      </trkpt>
      <trkpt lat="39.8647038" lon="116.6900734">
        <ele>21.74258</ele>
        <time>2026-09-29T22:44:41.882000Z</time>
      </trkpt>
      <trkpt lat="39.8646097" lon="116.6901181">
        <ele>21.75855</ele>
        <time>2026-09-29T22:44:45.863000Z</time>
      </trkpt>
      <trkpt lat="39.8645133" lon="116.6901617">
        <ele>21.74392</ele>
        <time>2026-09-29T22:44:49.843000Z</time>
      </trkpt>
      <trkpt lat="39.8644161" lon="116.6902057">
        <ele>21.69692</ele>
        <time>2026-09-29T22:44:53.823000Z</time>
      </trkpt>
      <trkpt lat="39.8643225" lon="116.6902524">
        <ele>21.60408</ele>
        <time>2026-09-29T22:44:57.804000Z</time>
      </trkpt>
      <trkpt lat="39.8642251" lon="116.6902947">
        <ele>21.47743</ele>
        <time>2026-09-29T22:45:01.784000Z</time>
      </trkpt>
      <trkpt lat="39.8641302" lon="116.6903391">
        <ele>21.34294</ele>
        <time>2026-09-29T22:45:05.764000Z</time>
      </trkpt>
      <trkpt lat="39.864038" lon="116.6903848">
        <ele>21.21837</ele>
        <time>2026-09-29T22:45:09.745000Z</time>
      </trkpt>
      <trkpt lat="39.8639439" lon="116.6904285">
        <ele>21.12592</ele>
        <time>2026-09-29T22:45:13.725000Z</time>
      </trkpt>
      <trkpt lat="39.8638481" lon="116.6904772">
        <ele>21.08832</ele>
        <time>2026-09-29T22:45:17.706000Z</time>
      </trkpt>
      <trkpt lat="39.8637531" lon="116.6905302">
        <ele>21.12122</ele>
        <time>2026-09-29T22:45:21.686000Z</time>
      </trkpt>
      <trkpt lat="39.8636553" lon="116.6905799">
        <ele>21.21308</ele>
        <time>2026-09-29T22:45:25.666000Z</time>
      </trkpt>
      <trkpt lat="39.8635574" lon="116.6906309">
        <ele>21.31753</ele>
        <time>2026-09-29T22:45:29.647000Z</time>
      </trkpt>
      <trkpt lat="39.8634608" lon="116.6906826">
        <ele>21.40613</ele>
        <time>2026-09-29T22:45:33.627000Z</time>
      </trkpt>
      <trkpt lat="39.8633673" lon="116.6907311">
        <ele>21.48681</ele>
        <time>2026-09-29T22:45:37.607000Z</time>
      </trkpt>
      <trkpt lat="39.863276" lon="116.6907757">
        <ele>21.55078</ele>
        <time>2026-09-29T22:45:41.588000Z</time>
      </trkpt>
      <trkpt lat="39.8631808" lon="116.6908116">
        <ele>21.58463</ele>
        <time>2026-09-29T22:45:45.568000Z</time>
      </trkpt>
      <trkpt lat="39.8630832" lon="116.6908453">
        <ele>21.58093</ele>
        <time>2026-09-29T22:45:49.548000Z</time>
      </trkpt>
      <trkpt lat="39.8629834" lon="116.6908823">
        <ele>21.52521</ele>
        <time>2026-09-29T22:45:53.529000Z</time>
      </trkpt>
      <trkpt lat="39.8628853" lon="116.6909198">
        <ele>21.43858</ele>
        <time>2026-09-29T22:45:57.509000Z</time>
      </trkpt>
      <trkpt lat="39.8627857" lon="116.6909377">
        <ele>21.37692</ele>
        <time>2026-09-29T22:46:01.489000Z</time>
      </trkpt>
      <trkpt lat="39.8627077" lon="116.6908782">
        <ele>21.35872</ele>
        <time>2026-09-29T22:46:05.470000Z</time>
      </trkpt>
      <trkpt lat="39.8626631" lon="116.6907561">
        <ele>21.37503</ele>
        <time>2026-09-29T22:46:09.450000Z</time>
      </trkpt>
      <trkpt lat="39.8626243" lon="116.6906352">
        <ele>21.40214</ele>
        <time>2026-09-29T22:46:13.431000Z</time>
      </trkpt>
      <trkpt lat="39.8625876" lon="116.6905168">
        <ele>21.41899</ele>
        <time>2026-09-29T22:46:17.411000Z</time>
      </trkpt>
      <trkpt lat="39.8625495" lon="116.6903978">
        <ele>21.43739</ele>
        <time>2026-09-29T22:46:21.391000Z</time>
      </trkpt>
      <trkpt lat="39.8625098" lon="116.6902779">
        <ele>21.45423</ele>
        <time>2026-09-29T22:46:25.372000Z</time>
      </trkpt>
      <trkpt lat="39.8624719" lon="116.6901618">
        <ele>21.46449</ele>
        <time>2026-09-29T22:46:29.352000Z</time>
      </trkpt>
      <trkpt lat="39.8624362" lon="116.690047">
        <ele>21.46728</ele>
        <time>2026-09-29T22:46:33.332000Z</time>
      </trkpt>
      <trkpt lat="39.8624059" lon="116.6899326">
        <ele>21.4832</ele>
        <time>2026-09-29T22:46:37.313000Z</time>
      </trkpt>
      <trkpt lat="39.8623757" lon="116.6898162">
        <ele>21.51433</ele>
        <time>2026-09-29T22:46:41.293000Z</time>
      </trkpt>
      <trkpt lat="39.8623401" lon="116.6896998">
        <ele>21.55753</ele>
        <time>2026-09-29T22:46:45.273000Z</time>
      </trkpt>
      <trkpt lat="39.8623023" lon="116.6895863">
        <ele>21.65219</ele>
        <time>2026-09-29T22:46:49.254000Z</time>
      </trkpt>
      <trkpt lat="39.862263" lon="116.6894791">
        <ele>21.86661</ele>
        <time>2026-09-29T22:46:53.234000Z</time>
      </trkpt>
      <trkpt lat="39.8622154" lon="116.6893696">
        <ele>22.23204</ele>
        <time>2026-09-29T22:46:57.214000Z</time>
      </trkpt>
      <trkpt lat="39.8621777" lon="116.6892616">
        <ele>22.64577</ele>
        <time>2026-09-29T22:47:01Z</time>
      </trkpt>
      <trkpt lat="39.8621419" lon="116.6891449">
        <ele>22.99459</ele>
        <time>2026-09-29T22:47:05Z</time>
      </trkpt>
      <trkpt lat="39.8621105" lon="116.6890236">
        <ele>23.08237</ele>
        <time>2026-09-29T22:47:09Z</time>
      </trkpt>
      <trkpt lat="39.8620803" lon="116.6888994">
        <ele>22.87926</ele>
        <time>2026-09-29T22:47:13.135000Z</time>
      </trkpt>
      <trkpt lat="39.8620513" lon="116.6887834">
        <ele>22.57138</ele>
        <time>2026-09-29T22:47:17.116000Z</time>
      </trkpt>
      <trkpt lat="39.8620218" lon="116.6886644">
        <ele>22.32312</ele>
        <time>2026-09-29T22:47:21.096000Z</time>
      </trkpt>
      <trkpt lat="39.8619909" lon="116.6885434">
        <ele>22.16251</ele>
        <time>2026-09-29T22:47:25.076000Z</time>
      </trkpt>
      <trkpt lat="39.8619594" lon="116.6884198">
        <ele>22.08875</ele>
        <time>2026-09-29T22:47:29.057000Z</time>
      </trkpt>
      <trkpt lat="39.861929" lon="116.6882978">
        <ele>22.05659</ele>
        <time>2026-09-29T22:47:33.037000Z</time>
      </trkpt>
      <trkpt lat="39.8619029" lon="116.6881731">
        <ele>22.01265</ele>
        <time>2026-09-29T22:47:37.018000Z</time>
      </trkpt>
      <trkpt lat="39.8618785" lon="116.6880487">
        <ele>21.9213</ele>
        <time>2026-09-29T22:47:40.998000Z</time>
      </trkpt>
      <trkpt lat="39.8618529" lon="116.6879263">
        <ele>21.77955</ele>
        <time>2026-09-29T22:47:44.978000Z</time>
      </trkpt>
      <trkpt lat="39.8618225" lon="116.6878113">
        <ele>21.62699</ele>
        <time>2026-09-29T22:47:48.959000Z</time>
      </trkpt>
      <trkpt lat="39.8617817" lon="116.6876992">
        <ele>21.52183</ele>
        <time>2026-09-29T22:47:52.939000Z</time>
      </trkpt>
      <trkpt lat="39.8617469" lon="116.6875865">
        <ele>21.49242</ele>
        <time>2026-09-29T22:47:56.919000Z</time>
      </trkpt>
      <trkpt lat="39.8617227" lon="116.6874621">
        <ele>21.48819</ele>
        <time>2026-09-29T22:48:00.900000Z</time>
      </trkpt>
      <trkpt lat="39.8616999" lon="116.687336">
        <ele>21.46669</ele>
        <time>2026-09-29T22:48:04.880000Z</time>
      </trkpt>
      <trkpt lat="39.8616808" lon="116.6872082">
        <ele>21.41978</ele>
        <time>2026-09-29T22:48:08.860000Z</time>
      </trkpt>
      <trkpt lat="39.8616684" lon="116.6870788">
        <ele>21.35713</ele>
        <time>2026-09-29T22:48:12.841000Z</time>
      </trkpt>
      <trkpt lat="39.8616438" lon="116.6869539">
        <ele>21.31039</ele>
        <time>2026-09-29T22:48:16.821000Z</time>
      </trkpt>
      <trkpt lat="39.8615756" lon="116.6868734">
        <ele>21.29599</ele>
        <time>2026-09-29T22:48:20.801000Z</time>
      </trkpt>
      <trkpt lat="39.8614756" lon="116.6868606">
        <ele>21.31425</ele>
        <time>2026-09-29T22:48:24.782000Z</time>
      </trkpt>
      <trkpt lat="39.8613755" lon="116.6868993">
        <ele>21.37175</ele>
        <time>2026-09-29T22:48:28.762000Z</time>
      </trkpt>
      <trkpt lat="39.8612853" lon="116.686974">
        <ele>21.48624</ele>
        <time>2026-09-29T22:48:32.742000Z</time>
      </trkpt>
      <trkpt lat="39.861202" lon="116.6870605">
        <ele>21.67048</ele>
        <time>2026-09-29T22:48:36.723000Z</time>
      </trkpt>
      <trkpt lat="39.8611165" lon="116.6871264">
        <ele>21.881</ele>
        <time>2026-09-29T22:48:40.703000Z</time>
      </trkpt>
      <trkpt lat="39.8610213" lon="116.6871412">
        <ele>22.06223</ele>
        <time>2026-09-29T22:48:44.683000Z</time>
      </trkpt>
      <trkpt lat="39.8609241" lon="116.6871347">
        <ele>22.17076</ele>
        <time>2026-09-29T22:48:48.664000Z</time>
      </trkpt>
      <trkpt lat="39.8608299" lon="116.6871286">
        <ele>22.21909</ele>
        <time>2026-09-29T22:48:52.644000Z</time>
      </trkpt>
      <trkpt lat="39.860735" lon="116.6871254">
        <ele>22.22497</ele>
        <time>2026-09-29T22:48:56.624000Z</time>
      </trkpt>
      <trkpt lat="39.8606383" lon="116.687124">
        <ele>22.20172</ele>
        <time>2026-09-29T22:49:00.605000Z</time>
      </trkpt>
      <trkpt lat="39.8605422" lon="116.6871246">
        <ele>22.17333</ele>
        <time>2026-09-29T22:49:04.585000Z</time>
      </trkpt>
      <trkpt lat="39.8604469" lon="116.6871155">
        <ele>22.10861</ele>
        <time>2026-09-29T22:49:08.565000Z</time>
      </trkpt>
      <trkpt lat="39.8603457" lon="116.6871072">
        <ele>22.01996</ele>
        <time>2026-09-29T22:49:12.546000Z</time>
      </trkpt>
      <trkpt lat="39.8602457" lon="116.6871049">
        <ele>21.97169</ele>
        <time>2026-09-29T22:49:16.526000Z</time>
      </trkpt>
      <trkpt lat="39.860147" lon="116.6871116">
        <ele>21.97098</ele>
        <time>2026-09-29T22:49:20.506000Z</time>
      </trkpt>
      <trkpt lat="39.8600489" lon="116.6871181">
        <ele>22.00778</ele>
        <time>2026-09-29T22:49:24.487000Z</time>
      </trkpt>
      <trkpt lat="39.8599526" lon="116.6871279">
        <ele>22.06989</ele>
        <time>2026-09-29T22:49:28.467000Z</time>
      </trkpt>
      <trkpt lat="39.8598549" lon="116.687138">
        <ele>22.11711</ele>
        <time>2026-09-29T22:49:32.448000Z</time>
      </trkpt>
      <trkpt lat="39.8597543" lon="116.6871424">
        <ele>22.14817</ele>
        <time>2026-09-29T22:49:36.428000Z</time>
      </trkpt>
      <trkpt lat="39.8596519" lon="116.6871375">
        <ele>22.19271</ele>
        <time>2026-09-29T22:49:40.408000Z</time>
      </trkpt>
      <trkpt lat="39.8595478" lon="116.6871275">
        <ele>22.24847</ele>
        <time>2026-09-29T22:49:44.389000Z</time>
      </trkpt>
      <trkpt lat="39.8594461" lon="116.6871254">
        <ele>22.30474</ele>
        <time>2026-09-29T22:49:48.369000Z</time>
      </trkpt>
      <trkpt lat="39.8593451" lon="116.6871291">
        <ele>22.33107</ele>
        <time>2026-09-29T22:49:52.349000Z</time>
      </trkpt>
      <trkpt lat="39.859246" lon="116.687131">
        <ele>22.29374</ele>
        <time>2026-09-29T22:49:56.330000Z</time>
      </trkpt>
      <trkpt lat="39.8591507" lon="116.6871301">
        <ele>22.21725</ele>
        <time>2026-09-29T22:50:00.310000Z</time>
      </trkpt>
      <trkpt lat="39.8590568" lon="116.6871211">
        <ele>22.16622</ele>
        <time>2026-09-29T22:50:04.290000Z</time>
      </trkpt>
      <trkpt lat="39.8589688" lon="116.6870842">
        <ele>22.16203</ele>
        <time>2026-09-29T22:50:08.271000Z</time>
      </trkpt>
      <trkpt lat="39.8589198" lon="116.6869793">
        <ele>22.20199</ele>
        <time>2026-09-29T22:50:12.251000Z</time>
      </trkpt>
      <trkpt lat="39.8588961" lon="116.6868567">
        <ele>22.30746</ele>
        <time>2026-09-29T22:50:16.232000Z</time>
      </trkpt>
      <trkpt lat="39.8588738" lon="116.6867304">
        <ele>22.48033</ele>
        <time>2026-09-29T22:50:20.212000Z</time>
      </trkpt>
      <trkpt lat="39.8588497" lon="116.6866024">
        <ele>22.71106</ele>
        <time>2026-09-29T22:50:24.192000Z</time>
      </trkpt>
      <trkpt lat="39.8588232" lon="116.6864755">
        <ele>22.95034</ele>
        <time>2026-09-29T22:50:28.173000Z</time>
      </trkpt>
      <trkpt lat="39.8587996" lon="116.6863502">
        <ele>23.17043</ele>
        <time>2026-09-29T22:50:32.153000Z</time>
      </trkpt>
      <trkpt lat="39.8587767" lon="116.6862217">
        <ele>23.36969</ele>
        <time>2026-09-29T22:50:36.133000Z</time>
      </trkpt>
      <trkpt lat="39.8587518" lon="116.686094">
        <ele>23.57721</ele>
        <time>2026-09-29T22:50:40.114000Z</time>
      </trkpt>
      <trkpt lat="39.8587322" lon="116.6859613">
        <ele>23.78086</ele>
        <time>2026-09-29T22:50:44.094000Z</time>
      </trkpt>
      <trkpt lat="39.8587178" lon="116.6858276">
        <ele>23.93864</ele>
        <time>2026-09-29T22:50:48.074000Z</time>
      </trkpt>
      <trkpt lat="39.8587037" lon="116.6856972">
        <ele>24.05762</ele>
        <time>2026-09-29T22:50:52.055000Z</time>
      </trkpt>
      <trkpt lat="39.8586891" lon="116.685564">
        <ele>24.15986</ele>
        <time>2026-09-29T22:50:56.035000Z</time>
      </trkpt>
      <trkpt lat="39.8586755" lon="116.6854336">
        <ele>24.27035</ele>
        <time>2026-09-29T22:51:00.015000Z</time>
      </trkpt>
      <trkpt lat="39.8586674" lon="116.6853056">
        <ele>24.36967</ele>
        <time>2026-09-29T22:51:03.996000Z</time>
      </trkpt>
      <trkpt lat="39.8586666" lon="116.6851713">
        <ele>24.42868</ele>
        <time>2026-09-29T22:51:07.976000Z</time>
      </trkpt>
      <trkpt lat="39.8586719" lon="116.6850383">
        <ele>24.44917</ele>
        <time>2026-09-29T22:51:11.956000Z</time>
      </trkpt>
      <trkpt lat="39.8586815" lon="116.6849052">
        <ele>24.4282</ele>
        <time>2026-09-29T22:51:15.937000Z</time>
      </trkpt>
      <trkpt lat="39.8586988" lon="116.6847701">
        <ele>24.3724</ele>
        <time>2026-09-29T22:51:19.917000Z</time>
      </trkpt>
      <trkpt lat="39.8587208" lon="116.6846421">
        <ele>24.25413</ele>
        <time>2026-09-29T22:51:23.897000Z</time>
      </trkpt>
      <trkpt lat="39.8587435" lon="116.6845123">
        <ele>24.05274</ele>
        <time>2026-09-29T22:51:27.878000Z</time>
      </trkpt>
      <trkpt lat="39.8587692" lon="116.6843855">
        <ele>23.8021</ele>
        <time>2026-09-29T22:51:31.858000Z</time>
      </trkpt>
      <trkpt lat="39.8587904" lon="116.6842603">
        <ele>23.52601</ele>
        <time>2026-09-29T22:51:35.838000Z</time>
      </trkpt>
      <trkpt lat="39.8588096" lon="116.6841363">
        <ele>23.25357</ele>
        <time>2026-09-29T22:51:39.819000Z</time>
      </trkpt>
      <trkpt lat="39.8588268" lon="116.6840158">
        <ele>23.00557</ele>
        <time>2026-09-29T22:51:43.799000Z</time>
      </trkpt>
      <trkpt lat="39.8588444" lon="116.6838941">
        <ele>22.82603</ele>
        <time>2026-09-29T22:51:47.779000Z</time>
      </trkpt>
      <trkpt lat="39.8588856" lon="116.6837834">
        <ele>22.76811</ele>
        <time>2026-09-29T22:51:51.759000Z</time>
      </trkpt>
      <trkpt lat="39.858968" lon="116.683719">
        <ele>22.81516</ele>
        <time>2026-09-29T22:51:55.740000Z</time>
      </trkpt>
      <trkpt lat="39.8590704" lon="116.6837027">
        <ele>22.91005</ele>
        <time>2026-09-29T22:51:59.720000Z</time>
      </trkpt>
      <trkpt lat="39.8591746" lon="116.6837036">
        <ele>23.02392</ele>
        <time>2026-09-29T22:52:03.700000Z</time>
      </trkpt>
      <trkpt lat="39.8592778" lon="116.6837019">
        <ele>23.15577</ele>
        <time>2026-09-29T22:52:07.681000Z</time>
      </trkpt>
      <trkpt lat="39.8593801" lon="116.683703">
        <ele>23.31021</ele>
        <time>2026-09-29T22:52:11.661000Z</time>
      </trkpt>
      <trkpt lat="39.8594771" lon="116.6837143">
        <ele>23.47446</ele>
        <time>2026-09-29T22:52:15.641000Z</time>
      </trkpt>
      <trkpt lat="39.8594991" lon="116.6837611">
        <ele>23.66474</ele>
        <time>2026-09-29T22:52:21.611000Z</time>
      </trkpt>
      <trkpt lat="39.8594077" lon="116.683765">
        <ele>23.69519</ele>
        <time>2026-09-29T22:52:25.592000Z</time>
      </trkpt>
      <trkpt lat="39.859308" lon="116.6837664">
        <ele>23.63084</ele>
        <time>2026-09-29T22:52:29.572000Z</time>
      </trkpt>
      <trkpt lat="39.8592087" lon="116.6837785">
        <ele>23.511</ele>
        <time>2026-09-29T22:52:33.552000Z</time>
      </trkpt>
      <trkpt lat="39.8591103" lon="116.6837812">
        <ele>23.41297</ele>
        <time>2026-09-29T22:52:37.533000Z</time>
      </trkpt>
      <trkpt lat="39.8590245" lon="116.6837419">
        <ele>23.40185</ele>
        <time>2026-09-29T22:52:41.513000Z</time>
      </trkpt>
      <trkpt lat="39.8589946" lon="116.6836008">
        <ele>23.50381</ele>
        <time>2026-09-29T22:52:46.488000Z</time>
      </trkpt>
      <trkpt lat="39.8589959" lon="116.683466">
        <ele>23.59844</ele>
        <time>2026-09-29T22:52:50.468000Z</time>
      </trkpt>
      <trkpt lat="39.858995" lon="116.6833306">
        <ele>23.61476</ele>
        <time>2026-09-29T22:52:54.449000Z</time>
      </trkpt>
      <trkpt lat="39.8589909" lon="116.6831967">
        <ele>23.55724</ele>
        <time>2026-09-29T22:52:58.429000Z</time>
      </trkpt>
      <trkpt lat="39.8589918" lon="116.6830645">
        <ele>23.44581</ele>
        <time>2026-09-29T22:53:02.409000Z</time>
      </trkpt>
      <trkpt lat="39.8589996" lon="116.6829344">
        <ele>23.29607</ele>
        <time>2026-09-29T22:53:06.390000Z</time>
      </trkpt>
      <trkpt lat="39.8590064" lon="116.6828055">
        <ele>23.18211</ele>
        <time>2026-09-29T22:53:10.370000Z</time>
      </trkpt>
      <trkpt lat="39.8590087" lon="116.6826778">
        <ele>23.07768</ele>
        <time>2026-09-29T22:53:14.350000Z</time>
      </trkpt>
      <trkpt lat="39.8590039" lon="116.6825532">
        <ele>22.9775</ele>
        <time>2026-09-29T22:53:18.330000Z</time>
      </trkpt>
      <trkpt lat="39.859" lon="116.6824259">
        <ele>22.87708</ele>
        <time>2026-09-29T22:53:22.311000Z</time>
      </trkpt>
      <trkpt lat="39.858995" lon="116.6823">
        <ele>22.7949</ele>
        <time>2026-09-29T22:53:26.291000Z</time>
      </trkpt>
      <trkpt lat="39.8589925" lon="116.6821725">
        <ele>22.77999</ele>
        <time>2026-09-29T22:53:30.271000Z</time>
      </trkpt>
      <trkpt lat="39.8589885" lon="116.682045">
        <ele>22.86454</ele>
        <time>2026-09-29T22:53:34.251000Z</time>
      </trkpt>
      <trkpt lat="39.8589869" lon="116.6819175">
        <ele>23.07104</ele>
        <time>2026-09-29T22:53:38.231000Z</time>
      </trkpt>
      <trkpt lat="39.8589897" lon="116.6817919">
        <ele>23.4105</ele>
        <time>2026-09-29T22:53:42.212000Z</time>
      </trkpt>
      <trkpt lat="39.8589894" lon="116.6816704">
        <ele>23.7432</ele>
        <time>2026-09-29T22:53:46Z</time>
      </trkpt>
      <trkpt lat="39.8589925" lon="116.6815363">
        <ele>23.89511</ele>
        <time>2026-09-29T22:53:50.172000Z</time>
      </trkpt>
      <trkpt lat="39.8589981" lon="116.6814102">
        <ele>23.99353</ele>
        <time>2026-09-29T22:53:54.152000Z</time>
      </trkpt>
      <trkpt lat="39.8590099" lon="116.681284">
        <ele>24.10473</ele>
        <time>2026-09-29T22:53:58.133000Z</time>
      </trkpt>
      <trkpt lat="39.8590195" lon="116.681161">
        <ele>24.2247</ele>
        <time>2026-09-29T22:54:02.113000Z</time>
      </trkpt>
      <trkpt lat="39.8590223" lon="116.6810353">
        <ele>24.33864</ele>
        <time>2026-09-29T22:54:06.093000Z</time>
      </trkpt>
      <trkpt lat="39.8590195" lon="116.680914">
        <ele>24.41056</ele>
        <time>2026-09-29T22:54:10.073000Z</time>
      </trkpt>
      <trkpt lat="39.8590118" lon="116.6807948">
        <ele>24.44794</ele>
        <time>2026-09-29T22:54:14Z</time>
      </trkpt>
      <trkpt lat="39.8589974" lon="116.6806785">
        <ele>24.44655</ele>
        <time>2026-09-29T22:54:18Z</time>
      </trkpt>
      <trkpt lat="39.8589777" lon="116.680556">
        <ele>24.32319</ele>
        <time>2026-09-29T22:54:22.014000Z</time>
      </trkpt>
      <trkpt lat="39.8589715" lon="116.6804247">
        <ele>24.02976</ele>
        <time>2026-09-29T22:54:25.994000Z</time>
      </trkpt>
      <trkpt lat="39.8589706" lon="116.6802898">
        <ele>23.64405</ele>
        <time>2026-09-29T22:54:29.974000Z</time>
      </trkpt>
      <trkpt lat="39.8589768" lon="116.6801554">
        <ele>23.30932</ele>
        <time>2026-09-29T22:54:33.955000Z</time>
      </trkpt>
      <trkpt lat="39.8589794" lon="116.6800229">
        <ele>23.08792</ele>
        <time>2026-09-29T22:54:37.935000Z</time>
      </trkpt>
      <trkpt lat="39.8589712" lon="116.6798895">
        <ele>23.01147</ele>
        <time>2026-09-29T22:54:41.915000Z</time>
      </trkpt>
      <trkpt lat="39.8589634" lon="116.6797548">
        <ele>23.03383</ele>
        <time>2026-09-29T22:54:45.895000Z</time>
      </trkpt>
      <trkpt lat="39.8589588" lon="116.6796158">
        <ele>23.07874</ele>
        <time>2026-09-29T22:54:49.875000Z</time>
      </trkpt>
      <trkpt lat="39.8589501" lon="116.6794714">
        <ele>23.13297</ele>
        <time>2026-09-29T22:54:53.856000Z</time>
      </trkpt>
      <trkpt lat="39.8589391" lon="116.6793313">
        <ele>23.20606</ele>
        <time>2026-09-29T22:54:57.836000Z</time>
      </trkpt>
      <trkpt lat="39.8589228" lon="116.6791937">
        <ele>23.26915</ele>
        <time>2026-09-29T22:55:01.816000Z</time>
      </trkpt>
      <trkpt lat="39.8589016" lon="116.6790578">
        <ele>23.31145</ele>
        <time>2026-09-29T22:55:05.796000Z</time>
      </trkpt>
      <trkpt lat="39.8588868" lon="116.6789239">
        <ele>23.34525</ele>
        <time>2026-09-29T22:55:09.776000Z</time>
      </trkpt>
      <trkpt lat="39.8588836" lon="116.6787902">
        <ele>23.3837</ele>
        <time>2026-09-29T22:55:13.757000Z</time>
      </trkpt>
      <trkpt lat="39.8588863" lon="116.6786551">
        <ele>23.40715</ele>
        <time>2026-09-29T22:55:17.737000Z</time>
      </trkpt>
      <trkpt lat="39.8588922" lon="116.6785197">
        <ele>23.43675</ele>
        <time>2026-09-29T22:55:21.717000Z</time>
      </trkpt>
      <trkpt lat="39.8588975" lon="116.6783879">
        <ele>23.48391</ele>
        <time>2026-09-29T22:55:25.697000Z</time>
      </trkpt>
      <trkpt lat="39.8589018" lon="116.6782548">
        <ele>23.55232</ele>
        <time>2026-09-29T22:55:29.677000Z</time>
      </trkpt>
      <trkpt lat="39.8589078" lon="116.678122">
        <ele>23.65748</ele>
        <time>2026-09-29T22:55:33.658000Z</time>
      </trkpt>
      <trkpt lat="39.8589102" lon="116.6779879">
        <ele>23.76051</ele>
        <time>2026-09-29T22:55:37.638000Z</time>
      </trkpt>
      <trkpt lat="39.858908" lon="116.6778554">
        <ele>23.82129</ele>
        <time>2026-09-29T22:55:41.618000Z</time>
      </trkpt>
      <trkpt lat="39.8589053" lon="116.6777235">
        <ele>23.83663</ele>
        <time>2026-09-29T22:55:45.598000Z</time>
      </trkpt>
      <trkpt lat="39.8589108" lon="116.6775921">
        <ele>23.81913</ele>
        <time>2026-09-29T22:55:49.578000Z</time>
      </trkpt>
      <trkpt lat="39.8589195" lon="116.677462">
        <ele>23.80061</ele>
        <time>2026-09-29T22:55:53.559000Z</time>
      </trkpt>
      <trkpt lat="39.8589184" lon="116.6773306">
        <ele>23.78536</ele>
        <time>2026-09-29T22:55:57.539000Z</time>
      </trkpt>
      <trkpt lat="39.858916" lon="116.6772062">
        <ele>23.75635</ele>
        <time>2026-09-29T22:56:01.519000Z</time>
      </trkpt>
      <trkpt lat="39.8589175" lon="116.677082">
        <ele>23.70227</ele>
        <time>2026-09-29T22:56:05.499000Z</time>
      </trkpt>
      <trkpt lat="39.8589214" lon="116.6769531">
        <ele>23.63455</ele>
        <time>2026-09-29T22:56:09.479000Z</time>
      </trkpt>
      <trkpt lat="39.8589218" lon="116.6768246">
        <ele>23.55468</ele>
        <time>2026-09-29T22:56:13.460000Z</time>
      </trkpt>
      <trkpt lat="39.8589229" lon="116.6766949">
        <ele>23.45575</ele>
        <time>2026-09-29T22:56:17.440000Z</time>
      </trkpt>
      <trkpt lat="39.8589239" lon="116.6765646">
        <ele>23.34776</ele>
        <time>2026-09-29T22:56:21.420000Z</time>
      </trkpt>
      <trkpt lat="39.8589233" lon="116.6764335">
        <ele>23.23574</ele>
        <time>2026-09-29T22:56:25.400000Z</time>
      </trkpt>
      <trkpt lat="39.8589268" lon="116.6762998">
        <ele>23.15321</ele>
        <time>2026-09-29T22:56:29.380000Z</time>
      </trkpt>
      <trkpt lat="39.858929" lon="116.6761665">
        <ele>23.13784</ele>
        <time>2026-09-29T22:56:33.361000Z</time>
      </trkpt>
      <trkpt lat="39.8589277" lon="116.676034">
        <ele>23.19537</ele>
        <time>2026-09-29T22:56:37.341000Z</time>
      </trkpt>
      <trkpt lat="39.8589217" lon="116.6759005">
        <ele>23.31097</ele>
        <time>2026-09-29T22:56:41.321000Z</time>
      </trkpt>
      <trkpt lat="39.8589185" lon="116.6757667">
        <ele>23.45207</ele>
        <time>2026-09-29T22:56:45.301000Z</time>
      </trkpt>
      <trkpt lat="39.8589173" lon="116.675632">
        <ele>23.59936</ele>
        <time>2026-09-29T22:56:49.281000Z</time>
      </trkpt>
      <trkpt lat="39.8589223" lon="116.6754965">
        <ele>23.75209</ele>
        <time>2026-09-29T22:56:53.262000Z</time>
      </trkpt>
      <trkpt lat="39.8589324" lon="116.675359">
        <ele>23.92446</ele>
        <time>2026-09-29T22:56:57.242000Z</time>
      </trkpt>
      <trkpt lat="39.858949" lon="116.675216">
        <ele>24.10061</ele>
        <time>2026-09-29T22:57:01.222000Z</time>
      </trkpt>
      <trkpt lat="39.8589655" lon="116.6750731">
        <ele>24.22756</ele>
        <time>2026-09-29T22:57:05.202000Z</time>
      </trkpt>
      <trkpt lat="39.8589728" lon="116.6749293">
        <ele>24.29018</ele>
        <time>2026-09-29T22:57:09.182000Z</time>
      </trkpt>
      <trkpt lat="39.8589755" lon="116.6747872">
        <ele>24.31209</ele>
        <time>2026-09-29T22:57:13.163000Z</time>
      </trkpt>
      <trkpt lat="39.8589744" lon="116.6746501">
        <ele>24.27413</ele>
        <time>2026-09-29T22:57:17Z</time>
      </trkpt>
      <trkpt lat="39.8589793" lon="116.6745102">
        <ele>24.19041</ele>
        <time>2026-09-29T22:57:21Z</time>
      </trkpt>
      <trkpt lat="39.8589857" lon="116.6743747">
        <ele>24.18013</ele>
        <time>2026-09-29T22:57:25Z</time>
      </trkpt>
      <trkpt lat="39.8589856" lon="116.6742401">
        <ele>24.16581</ele>
        <time>2026-09-29T22:57:29Z</time>
      </trkpt>
      <trkpt lat="39.8589875" lon="116.6741043">
        <ele>24.10803</ele>
        <time>2026-09-29T22:57:33Z</time>
      </trkpt>
      <trkpt lat="39.858992" lon="116.6739681">
        <ele>24.07213</ele>
        <time>2026-09-29T22:57:37Z</time>
      </trkpt>
      <trkpt lat="39.8589956" lon="116.6738357">
        <ele>24.07733</ele>
        <time>2026-09-29T22:57:41Z</time>
      </trkpt>
      <trkpt lat="39.8589976" lon="116.6737048">
        <ele>23.93707</ele>
        <time>2026-09-29T22:57:45Z</time>
      </trkpt>
      <trkpt lat="39.8589883" lon="116.6735761">
        <ele>23.44921</ele>
        <time>2026-09-29T22:57:48.984000Z</time>
      </trkpt>
      <trkpt lat="39.8589852" lon="116.6734476">
        <ele>22.92582</ele>
        <time>2026-09-29T22:57:52.964000Z</time>
      </trkpt>
      <trkpt lat="39.8589895" lon="116.6733136">
        <ele>22.57</ele>
        <time>2026-09-29T22:57:56.945000Z</time>
      </trkpt>
      <trkpt lat="39.8589933" lon="116.6731805">
        <ele>22.37895</ele>
        <time>2026-09-29T22:58:00.925000Z</time>
      </trkpt>
      <trkpt lat="39.8589967" lon="116.6730478">
        <ele>22.28853</ele>
        <time>2026-09-29T22:58:04.905000Z</time>
      </trkpt>
      <trkpt lat="39.8589969" lon="116.6729173">
        <ele>22.24077</ele>
        <time>2026-09-29T22:58:08.885000Z</time>
      </trkpt>
      <trkpt lat="39.8589958" lon="116.6727872">
        <ele>22.22534</ele>
        <time>2026-09-29T22:58:12.865000Z</time>
      </trkpt>
      <trkpt lat="39.8589969" lon="116.6726589">
        <ele>22.24776</ele>
        <time>2026-09-29T22:58:16.845000Z</time>
      </trkpt>
      <trkpt lat="39.8589958" lon="116.6725291">
        <ele>22.31321</ele>
        <time>2026-09-29T22:58:20.826000Z</time>
      </trkpt>
      <trkpt lat="39.858997" lon="116.6723976">
        <ele>22.38859</ele>
        <time>2026-09-29T22:58:24.806000Z</time>
      </trkpt>
      <trkpt lat="39.858999" lon="116.6722657">
        <ele>22.4355</ele>
        <time>2026-09-29T22:58:28.786000Z</time>
      </trkpt>
      <trkpt lat="39.8590021" lon="116.672126">
        <ele>22.44813</ele>
        <time>2026-09-29T22:58:32.766000Z</time>
      </trkpt>
      <trkpt lat="39.8590027" lon="116.6719788">
        <ele>22.44352</ele>
        <time>2026-09-29T22:58:36.746000Z</time>
      </trkpt>
      <trkpt lat="39.8590011" lon="116.6718325">
        <ele>22.43244</ele>
        <time>2026-09-29T22:58:40.727000Z</time>
      </trkpt>
      <trkpt lat="39.8589997" lon="116.6716875">
        <ele>22.41676</ele>
        <time>2026-09-29T22:58:44.707000Z</time>
      </trkpt>
      <trkpt lat="39.8589994" lon="116.6715443">
        <ele>22.39659</ele>
        <time>2026-09-29T22:58:48.687000Z</time>
      </trkpt>
      <trkpt lat="39.8590086" lon="116.671404">
        <ele>22.37547</ele>
        <time>2026-09-29T22:58:52.667000Z</time>
      </trkpt>
      <trkpt lat="39.859021" lon="116.6712684">
        <ele>22.34072</ele>
        <time>2026-09-29T22:58:56.647000Z</time>
      </trkpt>
      <trkpt lat="39.8590288" lon="116.6711357">
        <ele>22.28126</ele>
        <time>2026-09-29T22:59:00.627000Z</time>
      </trkpt>
      <trkpt lat="39.8590362" lon="116.6710068">
        <ele>22.20882</ele>
        <time>2026-09-29T22:59:04.608000Z</time>
      </trkpt>
      <trkpt lat="39.8590544" lon="116.6708914">
        <ele>22.14632</ele>
        <time>2026-09-29T22:59:08.588000Z</time>
      </trkpt>
      <trkpt lat="39.8590721" lon="116.670771">
        <ele>22.11761</ele>
        <time>2026-09-29T22:59:14.558000Z</time>
      </trkpt>
      <trkpt lat="39.8590704" lon="116.6706472">
        <ele>22.18025</ele>
        <time>2026-09-29T22:59:23.514000Z</time>
      </trkpt>
      <trkpt lat="39.8590604" lon="116.6706223">
        <ele>22.17024</ele>
        <time>2026-09-29T22:59:26.499000Z</time>
      </trkpt>
      <trkpt lat="39.8590438" lon="116.6706036">
        <ele>22.12094</ele>
        <time>2026-09-29T22:59:29.484000Z</time>
      </trkpt>
      <trkpt lat="39.8590344" lon="116.670479">
        <ele>21.87597</ele>
        <time>2026-09-29T22:59:38.439000Z</time>
      </trkpt>
      <trkpt lat="39.8590275" lon="116.67035">
        <ele>21.70613</ele>
        <time>2026-09-29T22:59:47.395000Z</time>
      </trkpt>
      <trkpt lat="39.8590248" lon="116.6702307">
        <ele>21.76491</ele>
        <time>2026-09-29T22:59:55.355000Z</time>
      </trkpt>
      <trkpt lat="39.8590171" lon="116.6701023">
        <ele>22.16026</ele>
        <time>2026-09-29T23:00:04.311000Z</time>
      </trkpt>
      <trkpt lat="39.8590083" lon="116.6699739">
        <ele>23.02611</ele>
        <time>2026-09-29T23:00:13.266000Z</time>
      </trkpt>
      <trkpt lat="39.8590045" lon="116.6698544">
        <ele>23.72179</ele>
        <time>2026-09-29T23:00:22Z</time>
      </trkpt>
      <trkpt lat="39.8590126" lon="116.6697281">
        <ele>23.60785</ele>
        <time>2026-09-29T23:00:31Z</time>
      </trkpt>
      <trkpt lat="39.8590135" lon="116.669609">
        <ele>23.10123</ele>
        <time>2026-09-29T23:00:40Z</time>
      </trkpt>
      <trkpt lat="39.8590182" lon="116.6695798">
        <ele>22.98301</ele>
        <time>2026-09-29T23:00:43.128000Z</time>
      </trkpt>
      <trkpt lat="39.8590389" lon="116.6694538">
        <ele>22.78587</ele>
        <time>2026-09-29T23:00:52.083000Z</time>
      </trkpt>
      <trkpt lat="39.8590422" lon="116.6693334">
        <ele>22.73883</ele>
        <time>2026-09-29T23:00:57.058000Z</time>
      </trkpt>
      <trkpt lat="39.8590418" lon="116.6691957">
        <ele>22.77363</ele>
        <time>2026-09-29T23:01:01.039000Z</time>
      </trkpt>
      <trkpt lat="39.859043" lon="116.6690443">
        <ele>22.87601</ele>
        <time>2026-09-29T23:01:05.019000Z</time>
      </trkpt>
      <trkpt lat="39.8590426" lon="116.6688973">
        <ele>22.97332</ele>
        <time>2026-09-29T23:01:08.999000Z</time>
      </trkpt>
      <trkpt lat="39.8590356" lon="116.6687502">
        <ele>22.98865</ele>
        <time>2026-09-29T23:01:12.979000Z</time>
      </trkpt>
      <trkpt lat="39.8590123" lon="116.6686041">
        <ele>22.92548</ele>
        <time>2026-09-29T23:01:16.959000Z</time>
      </trkpt>
      <trkpt lat="39.8589957" lon="116.6684568">
        <ele>22.87358</ele>
        <time>2026-09-29T23:01:20.940000Z</time>
      </trkpt>
      <trkpt lat="39.8589938" lon="116.6683085">
        <ele>22.88316</ele>
        <time>2026-09-29T23:01:24.920000Z</time>
      </trkpt>
      <trkpt lat="39.8589937" lon="116.6681617">
        <ele>22.94063</ele>
        <time>2026-09-29T23:01:28.900000Z</time>
      </trkpt>
      <trkpt lat="39.8589969" lon="116.6680124">
        <ele>22.9834</ele>
        <time>2026-09-29T23:01:32.880000Z</time>
      </trkpt>
      <trkpt lat="39.8590012" lon="116.6678939">
        <ele>22.9926</ele>
        <time>2026-09-29T23:01:35.865000Z</time>
      </trkpt>
      <trkpt lat="39.8590081" lon="116.6677736">
        <ele>22.97786</ele>
        <time>2026-09-29T23:01:38.850000Z</time>
      </trkpt>
      <trkpt lat="39.8590135" lon="116.6676529">
        <ele>22.92604</ele>
        <time>2026-09-29T23:01:41.836000Z</time>
      </trkpt>
      <trkpt lat="39.8590151" lon="116.6675339">
        <ele>22.84488</ele>
        <time>2026-09-29T23:01:44.821000Z</time>
      </trkpt>
      <trkpt lat="39.8590153" lon="116.6674152">
        <ele>22.75663</ele>
        <time>2026-09-29T23:01:47.806000Z</time>
      </trkpt>
      <trkpt lat="39.8590154" lon="116.667261">
        <ele>22.65629</ele>
        <time>2026-09-29T23:01:51.786000Z</time>
      </trkpt>
      <trkpt lat="39.8590223" lon="116.6671133">
        <ele>22.59415</ele>
        <time>2026-09-29T23:01:55.766000Z</time>
      </trkpt>
      <trkpt lat="39.8590316" lon="116.6669675">
        <ele>22.55933</ele>
        <time>2026-09-29T23:01:59.746000Z</time>
      </trkpt>
      <trkpt lat="39.859035" lon="116.6668206">
        <ele>22.53715</ele>
        <time>2026-09-29T23:02:03.727000Z</time>
      </trkpt>
      <trkpt lat="39.8590367" lon="116.6666778">
        <ele>22.53874</ele>
        <time>2026-09-29T23:02:07.707000Z</time>
      </trkpt>
      <trkpt lat="39.8590353" lon="116.6665356">
        <ele>22.55808</ele>
        <time>2026-09-29T23:02:11.687000Z</time>
      </trkpt>
      <trkpt lat="39.8590303" lon="116.6663964">
        <ele>22.57556</ele>
        <time>2026-09-29T23:02:15.667000Z</time>
      </trkpt>
      <trkpt lat="39.8590247" lon="116.6662575">
        <ele>22.58483</ele>
        <time>2026-09-29T23:02:19.647000Z</time>
      </trkpt>
      <trkpt lat="39.8590181" lon="116.6661185">
        <ele>22.58471</ele>
        <time>2026-09-29T23:02:23.628000Z</time>
      </trkpt>
      <trkpt lat="39.8590085" lon="116.6659815">
        <ele>22.57657</ele>
        <time>2026-09-29T23:02:27.608000Z</time>
      </trkpt>
      <trkpt lat="39.8590039" lon="116.6658465">
        <ele>22.57241</ele>
        <time>2026-09-29T23:02:31.588000Z</time>
      </trkpt>
      <trkpt lat="39.8590011" lon="116.6657134">
        <ele>22.59041</ele>
        <time>2026-09-29T23:02:35.568000Z</time>
      </trkpt>
      <trkpt lat="39.8590054" lon="116.665572">
        <ele>22.62669</ele>
        <time>2026-09-29T23:02:39.548000Z</time>
      </trkpt>
      <trkpt lat="39.8590119" lon="116.6654249">
        <ele>22.68669</ele>
        <time>2026-09-29T23:02:43.528000Z</time>
      </trkpt>
      <trkpt lat="39.8590159" lon="116.6652793">
        <ele>22.78558</ele>
        <time>2026-09-29T23:02:47.509000Z</time>
      </trkpt>
      <trkpt lat="39.859018" lon="116.6651287">
        <ele>22.93945</ele>
        <time>2026-09-29T23:02:51.489000Z</time>
      </trkpt>
      <trkpt lat="39.8590128" lon="116.6649794">
        <ele>23.17241</ele>
        <time>2026-09-29T23:02:55.469000Z</time>
      </trkpt>
      <trkpt lat="39.8590048" lon="116.6648342">
        <ele>23.48894</ele>
        <time>2026-09-29T23:02:59.449000Z</time>
      </trkpt>
      <trkpt lat="39.8590045" lon="116.6646853">
        <ele>23.85413</ele>
        <time>2026-09-29T23:03:03.429000Z</time>
      </trkpt>
      <trkpt lat="39.8590119" lon="116.6645382">
        <ele>24.1958</ele>
        <time>2026-09-29T23:03:07.409000Z</time>
      </trkpt>
      <trkpt lat="39.8590188" lon="116.6643975">
        <ele>24.44567</ele>
        <time>2026-09-29T23:03:11.390000Z</time>
      </trkpt>
      <trkpt lat="39.8590261" lon="116.6642572">
        <ele>24.6314</ele>
        <time>2026-09-29T23:03:15.370000Z</time>
      </trkpt>
      <trkpt lat="39.8590301" lon="116.6641181">
        <ele>24.78908</ele>
        <time>2026-09-29T23:03:19.350000Z</time>
      </trkpt>
      <trkpt lat="39.859029" lon="116.663981">
        <ele>24.92051</ele>
        <time>2026-09-29T23:03:23.330000Z</time>
      </trkpt>
      <trkpt lat="39.8590298" lon="116.6638432">
        <ele>25.01661</ele>
        <time>2026-09-29T23:03:27.310000Z</time>
      </trkpt>
      <trkpt lat="39.8590318" lon="116.6637015">
        <ele>25.05204</ele>
        <time>2026-09-29T23:03:31.290000Z</time>
      </trkpt>
      <trkpt lat="39.8590343" lon="116.6635627">
        <ele>25.02277</ele>
        <time>2026-09-29T23:03:35.271000Z</time>
      </trkpt>
      <trkpt lat="39.8590358" lon="116.6634183">
        <ele>24.93192</ele>
        <time>2026-09-29T23:03:39.251000Z</time>
      </trkpt>
      <trkpt lat="39.8590406" lon="116.6632673">
        <ele>24.76967</ele>
        <time>2026-09-29T23:03:43.231000Z</time>
      </trkpt>
      <trkpt lat="39.8590409" lon="116.6631161">
        <ele>24.52056</ele>
        <time>2026-09-29T23:03:47.211000Z</time>
      </trkpt>
      <trkpt lat="39.8590382" lon="116.6629748">
        <ele>24.2435</ele>
        <time>2026-09-29T23:03:51Z</time>
      </trkpt>
      <trkpt lat="39.8590375" lon="116.6628257">
        <ele>24.13654</ele>
        <time>2026-09-29T23:03:55Z</time>
      </trkpt>
      <trkpt lat="39.8590244" lon="116.6626763">
        <ele>24.33447</ele>
        <time>2026-09-29T23:03:59.151000Z</time>
      </trkpt>
      <trkpt lat="39.8590139" lon="116.6625407">
        <ele>24.64119</ele>
        <time>2026-09-29T23:04:03.132000Z</time>
      </trkpt>
      <trkpt lat="39.8590088" lon="116.6624027">
        <ele>24.90423</ele>
        <time>2026-09-29T23:04:07.112000Z</time>
      </trkpt>
      <trkpt lat="39.8590073" lon="116.662263">
        <ele>25.10579</ele>
        <time>2026-09-29T23:04:11.092000Z</time>
      </trkpt>
      <trkpt lat="39.859004" lon="116.6621236">
        <ele>25.25201</ele>
        <time>2026-09-29T23:04:15.072000Z</time>
      </trkpt>
      <trkpt lat="39.8590019" lon="116.6619824">
        <ele>25.35852</ele>
        <time>2026-09-29T23:04:19.052000Z</time>
      </trkpt>
      <trkpt lat="39.8589977" lon="116.6618414">
        <ele>25.45497</ele>
        <time>2026-09-29T23:04:23.032000Z</time>
      </trkpt>
      <trkpt lat="39.8589931" lon="116.6616972">
        <ele>25.53593</ele>
        <time>2026-09-29T23:04:27.012000Z</time>
      </trkpt>
      <trkpt lat="39.8589931" lon="116.6615562">
        <ele>25.57085</ele>
        <time>2026-09-29T23:04:30.993000Z</time>
      </trkpt>
      <trkpt lat="39.8589942" lon="116.6614151">
        <ele>25.59535</ele>
        <time>2026-09-29T23:04:34.973000Z</time>
      </trkpt>
      <trkpt lat="39.8589881" lon="116.6612745">
        <ele>25.64936</ele>
        <time>2026-09-29T23:04:38.953000Z</time>
      </trkpt>
      <trkpt lat="39.8589816" lon="116.661132">
        <ele>25.73065</ele>
        <time>2026-09-29T23:04:42.933000Z</time>
      </trkpt>
      <trkpt lat="39.8589804" lon="116.6609927">
        <ele>25.80631</ele>
        <time>2026-09-29T23:04:46.913000Z</time>
      </trkpt>
      <trkpt lat="39.8589853" lon="116.6608532">
        <ele>25.84668</ele>
        <time>2026-09-29T23:04:50.893000Z</time>
      </trkpt>
      <trkpt lat="39.8589909" lon="116.6607153">
        <ele>25.85069</ele>
        <time>2026-09-29T23:04:54.873000Z</time>
      </trkpt>
      <trkpt lat="39.8590024" lon="116.6605725">
        <ele>25.79953</ele>
        <time>2026-09-29T23:04:58.854000Z</time>
      </trkpt>
      <trkpt lat="39.8590136" lon="116.6604288">
        <ele>25.70624</ele>
        <time>2026-09-29T23:05:02.834000Z</time>
      </trkpt>
      <trkpt lat="39.8590202" lon="116.6602819">
        <ele>25.60027</ele>
        <time>2026-09-29T23:05:06.814000Z</time>
      </trkpt>
      <trkpt lat="39.8590263" lon="116.6601313">
        <ele>25.4892</ele>
        <time>2026-09-29T23:05:10.794000Z</time>
      </trkpt>
      <trkpt lat="39.8590278" lon="116.6599771">
        <ele>25.38087</ele>
        <time>2026-09-29T23:05:14.774000Z</time>
      </trkpt>
      <trkpt lat="39.8590288" lon="116.6598587">
        <ele>25.3088</ele>
        <time>2026-09-29T23:05:17.759000Z</time>
      </trkpt>
      <trkpt lat="39.8590299" lon="116.6597396">
        <ele>25.24809</ele>
        <time>2026-09-29T23:05:20.744000Z</time>
      </trkpt>
      <trkpt lat="39.859034" lon="116.6596217">
        <ele>25.19519</ele>
        <time>2026-09-29T23:05:23.729000Z</time>
      </trkpt>
      <trkpt lat="39.8590376" lon="116.6594665">
        <ele>25.11871</ele>
        <time>2026-09-29T23:05:27.709000Z</time>
      </trkpt>
      <trkpt lat="39.8590375" lon="116.6593124">
        <ele>25.00209</ele>
        <time>2026-09-29T23:05:31.690000Z</time>
      </trkpt>
      <trkpt lat="39.859036" lon="116.6591614">
        <ele>24.81969</ele>
        <time>2026-09-29T23:05:35.670000Z</time>
      </trkpt>
      <trkpt lat="39.8590371" lon="116.6590064">
        <ele>24.58202</ele>
        <time>2026-09-29T23:05:39.650000Z</time>
      </trkpt>
      <trkpt lat="39.8590414" lon="116.6588884">
        <ele>24.40516</ele>
        <time>2026-09-29T23:05:42.635000Z</time>
      </trkpt>
      <trkpt lat="39.8590457" lon="116.6587689">
        <ele>24.26287</ele>
        <time>2026-09-29T23:05:45.620000Z</time>
      </trkpt>
      <trkpt lat="39.8590477" lon="116.6586505">
        <ele>24.17324</ele>
        <time>2026-09-29T23:05:48.605000Z</time>
      </trkpt>
      <trkpt lat="39.8590472" lon="116.6585332">
        <ele>24.14018</ele>
        <time>2026-09-29T23:05:51.590000Z</time>
      </trkpt>
      <trkpt lat="39.8590498" lon="116.6583812">
        <ele>24.19987</ele>
        <time>2026-09-29T23:05:55.570000Z</time>
      </trkpt>
      <trkpt lat="39.8590596" lon="116.6582307">
        <ele>24.37823</ele>
        <time>2026-09-29T23:05:59.550000Z</time>
      </trkpt>
      <trkpt lat="39.8590584" lon="116.6580828">
        <ele>24.59608</ele>
        <time>2026-09-29T23:06:03.530000Z</time>
      </trkpt>
      <trkpt lat="39.8590565" lon="116.6579336">
        <ele>24.84304</ele>
        <time>2026-09-29T23:06:07.511000Z</time>
      </trkpt>
      <trkpt lat="39.859057" lon="116.6577847">
        <ele>25.10722</ele>
        <time>2026-09-29T23:06:11.491000Z</time>
      </trkpt>
      <trkpt lat="39.8590546" lon="116.6576376">
        <ele>25.3481</ele>
        <time>2026-09-29T23:06:15.471000Z</time>
      </trkpt>
      <trkpt lat="39.859048" lon="116.6574942">
        <ele>25.55735</ele>
        <time>2026-09-29T23:06:19.451000Z</time>
      </trkpt>
      <trkpt lat="39.8590303" lon="116.6573577">
        <ele>25.72204</ele>
        <time>2026-09-29T23:06:23.431000Z</time>
      </trkpt>
      <trkpt lat="39.8590151" lon="116.6572249">
        <ele>25.85771</ele>
        <time>2026-09-29T23:06:27.411000Z</time>
      </trkpt>
      <trkpt lat="39.8590082" lon="116.65709">
        <ele>25.97767</ele>
        <time>2026-09-29T23:06:31.391000Z</time>
      </trkpt>
      <trkpt lat="39.859007" lon="116.6569516">
        <ele>26.08464</ele>
        <time>2026-09-29T23:06:35.371000Z</time>
      </trkpt>
      <trkpt lat="39.8590098" lon="116.6568161">
        <ele>26.16282</ele>
        <time>2026-09-29T23:06:39.351000Z</time>
      </trkpt>
      <trkpt lat="39.8590201" lon="116.6566766">
        <ele>26.17249</ele>
        <time>2026-09-29T23:06:43.332000Z</time>
      </trkpt>
      <trkpt lat="39.8590441" lon="116.6565368">
        <ele>26.09771</ele>
        <time>2026-09-29T23:06:47.312000Z</time>
      </trkpt>
      <trkpt lat="39.8590571" lon="116.6564008">
        <ele>25.93982</ele>
        <time>2026-09-29T23:06:51.292000Z</time>
      </trkpt>
      <trkpt lat="39.8590582" lon="116.6562657">
        <ele>25.70024</ele>
        <time>2026-09-29T23:06:55.272000Z</time>
      </trkpt>
      <trkpt lat="39.8590581" lon="116.6561299">
        <ele>25.40514</ele>
        <time>2026-09-29T23:06:59.252000Z</time>
      </trkpt>
      <trkpt lat="39.8590588" lon="116.6559977">
        <ele>25.07641</ele>
        <time>2026-09-29T23:07:03.232000Z</time>
      </trkpt>
      <trkpt lat="39.8590531" lon="116.655863">
        <ele>24.72655</ele>
        <time>2026-09-29T23:07:07.212000Z</time>
      </trkpt>
      <trkpt lat="39.8590463" lon="116.6557343">
        <ele>24.43221</ele>
        <time>2026-09-29T23:07:11Z</time>
      </trkpt>
      <trkpt lat="39.8590436" lon="116.6555987">
        <ele>24.2896</ele>
        <time>2026-09-29T23:07:15Z</time>
      </trkpt>
      <trkpt lat="39.8590437" lon="116.6554629">
        <ele>24.24784</ele>
        <time>2026-09-29T23:07:19Z</time>
      </trkpt>
      <trkpt lat="39.8590444" lon="116.655329">
        <ele>24.20595</ele>
        <time>2026-09-29T23:07:23Z</time>
      </trkpt>
      <trkpt lat="39.8590397" lon="116.6551953">
        <ele>24.17115</ele>
        <time>2026-09-29T23:07:27Z</time>
      </trkpt>
      <trkpt lat="39.8590326" lon="116.6550574">
        <ele>24.16947</ele>
        <time>2026-09-29T23:07:31.093000Z</time>
      </trkpt>
      <trkpt lat="39.8590222" lon="116.6549218">
        <ele>24.22917</ele>
        <time>2026-09-29T23:07:35.073000Z</time>
      </trkpt>
      <trkpt lat="39.8590274" lon="116.6547846">
        <ele>24.30847</ele>
        <time>2026-09-29T23:07:39.053000Z</time>
      </trkpt>
      <trkpt lat="39.8590462" lon="116.6546359">
        <ele>24.35991</ele>
        <time>2026-09-29T23:07:43.033000Z</time>
      </trkpt>
      <trkpt lat="39.8590566" lon="116.6544828">
        <ele>24.41016</ele>
        <time>2026-09-29T23:07:47.013000Z</time>
      </trkpt>
      <trkpt lat="39.8590565" lon="116.6543354">
        <ele>24.47005</ele>
        <time>2026-09-29T23:07:50.993000Z</time>
      </trkpt>
      <trkpt lat="39.8590532" lon="116.6541902">
        <ele>24.54612</ele>
        <time>2026-09-29T23:07:54.974000Z</time>
      </trkpt>
      <trkpt lat="39.8590524" lon="116.6540474">
        <ele>24.64851</ele>
        <time>2026-09-29T23:07:58.954000Z</time>
      </trkpt>
      <trkpt lat="39.8590565" lon="116.6539067">
        <ele>24.78243</ele>
        <time>2026-09-29T23:08:02.934000Z</time>
      </trkpt>
      <trkpt lat="39.8590726" lon="116.6537788">
        <ele>24.91055</ele>
        <time>2026-09-29T23:08:06.914000Z</time>
      </trkpt>
      <trkpt lat="39.8590875" lon="116.653647">
        <ele>24.98088</ele>
        <time>2026-09-29T23:08:10.894000Z</time>
      </trkpt>
      <trkpt lat="39.8590938" lon="116.653515">
        <ele>25.01586</ele>
        <time>2026-09-29T23:08:14.874000Z</time>
      </trkpt>
      <trkpt lat="39.8590942" lon="116.653386">
        <ele>25.05611</ele>
        <time>2026-09-29T23:08:18.854000Z</time>
      </trkpt>
      <trkpt lat="39.8590962" lon="116.653253">
        <ele>25.11842</ele>
        <time>2026-09-29T23:08:22.834000Z</time>
      </trkpt>
      <trkpt lat="39.8591008" lon="116.6531236">
        <ele>25.20171</ele>
        <time>2026-09-29T23:08:26.814000Z</time>
      </trkpt>
      <trkpt lat="39.8591046" lon="116.6529902">
        <ele>25.32527</ele>
        <time>2026-09-29T23:08:30.795000Z</time>
      </trkpt>
      <trkpt lat="39.8591026" lon="116.6528577">
        <ele>25.46831</ele>
        <time>2026-09-29T23:08:34.775000Z</time>
      </trkpt>
      <trkpt lat="39.859093" lon="116.6527215">
        <ele>25.58406</ele>
        <time>2026-09-29T23:08:38.755000Z</time>
      </trkpt>
      <trkpt lat="39.859088" lon="116.6525891">
        <ele>25.68308</ele>
        <time>2026-09-29T23:08:42.735000Z</time>
      </trkpt>
      <trkpt lat="39.8590849" lon="116.6524578">
        <ele>25.74169</ele>
        <time>2026-09-29T23:08:46.715000Z</time>
      </trkpt>
      <trkpt lat="39.8590851" lon="116.6523264">
        <ele>25.70801</ele>
        <time>2026-09-29T23:08:50.695000Z</time>
      </trkpt>
      <trkpt lat="39.8590862" lon="116.6521965">
        <ele>25.62035</ele>
        <time>2026-09-29T23:08:54.675000Z</time>
      </trkpt>
      <trkpt lat="39.8591027" lon="116.6520667">
        <ele>25.54258</ele>
        <time>2026-09-29T23:08:58.655000Z</time>
      </trkpt>
      <trkpt lat="39.8591678" lon="116.651965">
        <ele>25.49298</ele>
        <time>2026-09-29T23:09:02.636000Z</time>
      </trkpt>
      <trkpt lat="39.8592684" lon="116.651919">
        <ele>25.50606</ele>
        <time>2026-09-29T23:09:06.616000Z</time>
      </trkpt>
      <trkpt lat="39.8593774" lon="116.6519024">
        <ele>25.58777</ele>
        <time>2026-09-29T23:09:10.596000Z</time>
      </trkpt>
      <trkpt lat="39.8594863" lon="116.6518895">
        <ele>25.69434</ele>
        <time>2026-09-29T23:09:14.576000Z</time>
      </trkpt>
      <trkpt lat="39.8595958" lon="116.6518763">
        <ele>25.78006</ele>
        <time>2026-09-29T23:09:18.556000Z</time>
      </trkpt>
      <trkpt lat="39.8597061" lon="116.6518657">
        <ele>25.83255</ele>
        <time>2026-09-29T23:09:22.536000Z</time>
      </trkpt>
      <trkpt lat="39.8598194" lon="116.6518495">
        <ele>25.87446</ele>
        <time>2026-09-29T23:09:26.516000Z</time>
      </trkpt>
      <trkpt lat="39.859935" lon="116.6518244">
        <ele>25.93898</ele>
        <time>2026-09-29T23:09:30.496000Z</time>
      </trkpt>
      <trkpt lat="39.860049" lon="116.6517982">
        <ele>26.06639</ele>
        <time>2026-09-29T23:09:34.476000Z</time>
      </trkpt>
      <trkpt lat="39.8601683" lon="116.6517802">
        <ele>26.28885</ele>
        <time>2026-09-29T23:09:38.457000Z</time>
      </trkpt>
      <trkpt lat="39.8602628" lon="116.6517676">
        <ele>26.517</ele>
        <time>2026-09-29T23:09:41.442000Z</time>
      </trkpt>
      <trkpt lat="39.8603568" lon="116.6517533">
        <ele>26.7331</ele>
        <time>2026-09-29T23:09:44.427000Z</time>
      </trkpt>
      <trkpt lat="39.860455" lon="116.6517362">
        <ele>26.82772</ele>
        <time>2026-09-29T23:09:47.412000Z</time>
      </trkpt>
      <trkpt lat="39.8605553" lon="116.6517209">
        <ele>26.77747</ele>
        <time>2026-09-29T23:09:50.397000Z</time>
      </trkpt>
      <trkpt lat="39.8606566" lon="116.6517103">
        <ele>26.63976</ele>
        <time>2026-09-29T23:09:53.382000Z</time>
      </trkpt>
      <trkpt lat="39.8607583" lon="116.6516988">
        <ele>26.46316</ele>
        <time>2026-09-29T23:09:56.367000Z</time>
      </trkpt>
      <trkpt lat="39.8608594" lon="116.6516847">
        <ele>26.2619</ele>
        <time>2026-09-29T23:09:59.352000Z</time>
      </trkpt>
      <trkpt lat="39.8609588" lon="116.6516765">
        <ele>26.05465</ele>
        <time>2026-09-29T23:10:02.337000Z</time>
      </trkpt>
      <trkpt lat="39.8610546" lon="116.6516734">
        <ele>25.86334</ele>
        <time>2026-09-29T23:10:05.322000Z</time>
      </trkpt>
      <trkpt lat="39.8611471" lon="116.6516663">
        <ele>25.69784</ele>
        <time>2026-09-29T23:10:08.307000Z</time>
      </trkpt>
      <trkpt lat="39.8612387" lon="116.6516614">
        <ele>25.56851</ele>
        <time>2026-09-29T23:10:11.293000Z</time>
      </trkpt>
      <trkpt lat="39.8613315" lon="116.6516582">
        <ele>25.489</ele>
        <time>2026-09-29T23:10:14.278000Z</time>
      </trkpt>
      <trkpt lat="39.8614282" lon="116.6516591">
        <ele>25.47676</ele>
        <time>2026-09-29T23:10:17.263000Z</time>
      </trkpt>
      <trkpt lat="39.8615285" lon="116.6516676">
        <ele>25.52286</ele>
        <time>2026-09-29T23:10:20.248000Z</time>
      </trkpt>
      <trkpt lat="39.8616312" lon="116.6516806">
        <ele>25.58241</ele>
        <time>2026-09-29T23:10:23.233000Z</time>
      </trkpt>
      <trkpt lat="39.8617346" lon="116.6516904">
        <ele>25.59864</ele>
        <time>2026-09-29T23:10:26.218000Z</time>
      </trkpt>
      <trkpt lat="39.8618389" lon="116.6516976">
        <ele>25.55379</ele>
        <time>2026-09-29T23:10:29.203000Z</time>
      </trkpt>
      <trkpt lat="39.8619427" lon="116.6517083">
        <ele>25.46596</ele>
        <time>2026-09-29T23:10:32.188000Z</time>
      </trkpt>
      <trkpt lat="39.8620465" lon="116.651724">
        <ele>25.36898</ele>
        <time>2026-09-29T23:10:35.173000Z</time>
      </trkpt>
      <trkpt lat="39.8621514" lon="116.6517424">
        <ele>25.28623</ele>
        <time>2026-09-29T23:10:38.158000Z</time>
      </trkpt>
      <trkpt lat="39.8622531" lon="116.6517604">
        <ele>25.19671</ele>
        <time>2026-09-29T23:10:41.143000Z</time>
      </trkpt>
      <trkpt lat="39.862358" lon="116.6517731">
        <ele>25.06184</ele>
        <time>2026-09-29T23:10:44.128000Z</time>
      </trkpt>
      <trkpt lat="39.862462" lon="116.6517744">
        <ele>24.87065</ele>
        <time>2026-09-29T23:10:47.113000Z</time>
      </trkpt>
      <trkpt lat="39.8625626" lon="116.6517608">
        <ele>24.63129</ele>
        <time>2026-09-29T23:10:50.099000Z</time>
      </trkpt>
      <trkpt lat="39.8626561" lon="116.6517427">
        <ele>24.39362</ele>
        <time>2026-09-29T23:10:53Z</time>
      </trkpt>
      <trkpt lat="39.8627503" lon="116.6517326">
        <ele>24.1975</ele>
        <time>2026-09-29T23:10:56.069000Z</time>
      </trkpt>
      <trkpt lat="39.8628595" lon="116.6517238">
        <ele>23.93017</ele>
        <time>2026-09-29T23:11:00.049000Z</time>
      </trkpt>
      <trkpt lat="39.862963" lon="116.6517269">
        <ele>23.58248</ele>
        <time>2026-09-29T23:11:04.029000Z</time>
      </trkpt>
      <trkpt lat="39.8630666" lon="116.6517314">
        <ele>23.52572</ele>
        <time>2026-09-29T23:11:08Z</time>
      </trkpt>
      <trkpt lat="39.8631729" lon="116.6517309">
        <ele>24.10831</ele>
        <time>2026-09-29T23:11:11.989000Z</time>
      </trkpt>
      <trkpt lat="39.8632778" lon="116.6517142">
        <ele>24.79381</ele>
        <time>2026-09-29T23:11:15.969000Z</time>
      </trkpt>
      <trkpt lat="39.8633805" lon="116.6517034">
        <ele>25.2524</ele>
        <time>2026-09-29T23:11:19.949000Z</time>
      </trkpt>
      <trkpt lat="39.8634838" lon="116.6517107">
        <ele>25.48487</ele>
        <time>2026-09-29T23:11:23.929000Z</time>
      </trkpt>
      <trkpt lat="39.863585" lon="116.6517176">
        <ele>25.56983</ele>
        <time>2026-09-29T23:11:27.909000Z</time>
      </trkpt>
      <trkpt lat="39.8636843" lon="116.6517215">
        <ele>25.58375</ele>
        <time>2026-09-29T23:11:31.890000Z</time>
      </trkpt>
      <trkpt lat="39.8637853" lon="116.6517261">
        <ele>25.58697</ele>
        <time>2026-09-29T23:11:35.870000Z</time>
      </trkpt>
      <trkpt lat="39.863885" lon="116.6517212">
        <ele>25.60734</ele>
        <time>2026-09-29T23:11:39.850000Z</time>
      </trkpt>
      <trkpt lat="39.8639837" lon="116.6517138">
        <ele>25.64079</ele>
        <time>2026-09-29T23:11:43.830000Z</time>
      </trkpt>
      <trkpt lat="39.864082" lon="116.6517171">
        <ele>25.67258</ele>
        <time>2026-09-29T23:11:47.810000Z</time>
      </trkpt>
      <trkpt lat="39.8641798" lon="116.6517211">
        <ele>25.72079</ele>
        <time>2026-09-29T23:11:51.790000Z</time>
      </trkpt>
      <trkpt lat="39.8642773" lon="116.6517279">
        <ele>25.8012</ele>
        <time>2026-09-29T23:11:55.770000Z</time>
      </trkpt>
      <trkpt lat="39.8643769" lon="116.6517399">
        <ele>25.87549</ele>
        <time>2026-09-29T23:11:59.750000Z</time>
      </trkpt>
      <trkpt lat="39.864482" lon="116.6517445">
        <ele>25.91415</ele>
        <time>2026-09-29T23:12:03.730000Z</time>
      </trkpt>
      <trkpt lat="39.8645893" lon="116.6517436">
        <ele>25.89727</ele>
        <time>2026-09-29T23:12:07.710000Z</time>
      </trkpt>
      <trkpt lat="39.8646934" lon="116.651747">
        <ele>25.85471</ele>
        <time>2026-09-29T23:12:11.691000Z</time>
      </trkpt>
      <trkpt lat="39.8647928" lon="116.6517354">
        <ele>25.81468</ele>
        <time>2026-09-29T23:12:15.671000Z</time>
      </trkpt>
      <trkpt lat="39.8648936" lon="116.6517266">
        <ele>25.81921</ele>
        <time>2026-09-29T23:12:19.651000Z</time>
      </trkpt>
      <trkpt lat="39.8649984" lon="116.65172">
        <ele>25.87286</ele>
        <time>2026-09-29T23:12:23.631000Z</time>
      </trkpt>
      <trkpt lat="39.865106" lon="116.6517231">
        <ele>25.97599</ele>
        <time>2026-09-29T23:12:27.611000Z</time>
      </trkpt>
      <trkpt lat="39.865217" lon="116.6517197">
        <ele>26.1091</ele>
        <time>2026-09-29T23:12:31.591000Z</time>
      </trkpt>
      <trkpt lat="39.8653311" lon="116.6517134">
        <ele>26.2152</ele>
        <time>2026-09-29T23:12:35.571000Z</time>
      </trkpt>
      <trkpt lat="39.8654399" lon="116.651715">
        <ele>26.24207</ele>
        <time>2026-09-29T23:12:39.551000Z</time>
      </trkpt>
      <trkpt lat="39.8655416" lon="116.6517192">
        <ele>26.24783</ele>
        <time>2026-09-29T23:12:43.531000Z</time>
      </trkpt>
      <trkpt lat="39.8656425" lon="116.6517233">
        <ele>26.2892</ele>
        <time>2026-09-29T23:12:47.512000Z</time>
      </trkpt>
      <trkpt lat="39.8657446" lon="116.6517254">
        <ele>26.36594</ele>
        <time>2026-09-29T23:12:51.492000Z</time>
      </trkpt>
      <trkpt lat="39.8658456" lon="116.6517175">
        <ele>26.45794</ele>
        <time>2026-09-29T23:12:55.472000Z</time>
      </trkpt>
      <trkpt lat="39.8659447" lon="116.6517221">
        <ele>26.52483</ele>
        <time>2026-09-29T23:12:59.452000Z</time>
      </trkpt>
      <trkpt lat="39.8660497" lon="116.6517291">
        <ele>26.56035</ele>
        <time>2026-09-29T23:13:03.432000Z</time>
      </trkpt>
      <trkpt lat="39.8661586" lon="116.6517337">
        <ele>26.58074</ele>
        <time>2026-09-29T23:13:07.412000Z</time>
      </trkpt>
      <trkpt lat="39.8662662" lon="116.6517338">
        <ele>26.60188</ele>
        <time>2026-09-29T23:13:11.392000Z</time>
      </trkpt>
      <trkpt lat="39.8663728" lon="116.6517302">
        <ele>26.62215</ele>
        <time>2026-09-29T23:13:15.372000Z</time>
      </trkpt>
      <trkpt lat="39.8664819" lon="116.651734">
        <ele>26.65365</ele>
        <time>2026-09-29T23:13:19.352000Z</time>
      </trkpt>
      <trkpt lat="39.8665892" lon="116.6517424">
        <ele>26.69182</ele>
        <time>2026-09-29T23:13:23.333000Z</time>
      </trkpt>
      <trkpt lat="39.8666991" lon="116.65175">
        <ele>26.68007</ele>
        <time>2026-09-29T23:13:27.313000Z</time>
      </trkpt>
      <trkpt lat="39.8668077" lon="116.651758">
        <ele>26.56722</ele>
        <time>2026-09-29T23:13:31.293000Z</time>
      </trkpt>
      <trkpt lat="39.8669178" lon="116.6517608">
        <ele>26.3253</ele>
        <time>2026-09-29T23:13:35.273000Z</time>
      </trkpt>
      <trkpt lat="39.8670278" lon="116.6517501">
        <ele>25.94401</ele>
        <time>2026-09-29T23:13:39.253000Z</time>
      </trkpt>
      <trkpt lat="39.8671381" lon="116.6517478">
        <ele>25.3279</ele>
        <time>2026-09-29T23:13:43.233000Z</time>
      </trkpt>
      <trkpt lat="39.8672482" lon="116.6517509">
        <ele>24.38002</ele>
        <time>2026-09-29T23:13:47.213000Z</time>
      </trkpt>
      <trkpt lat="39.8673546" lon="116.6517576">
        <ele>23.34677</ele>
        <time>2026-09-29T23:13:51Z</time>
      </trkpt>
      <trkpt lat="39.8674664" lon="116.6517577">
        <ele>22.7605</ele>
        <time>2026-09-29T23:13:55Z</time>
      </trkpt>
      <trkpt lat="39.8675842" lon="116.6517602">
        <ele>22.70104</ele>
        <time>2026-09-29T23:13:59Z</time>
      </trkpt>
      <trkpt lat="39.8677046" lon="116.6517596">
        <ele>22.79393</ele>
        <time>2026-09-29T23:14:03Z</time>
      </trkpt>
      <trkpt lat="39.8677965" lon="116.6517625">
        <ele>22.86776</ele>
        <time>2026-09-29T23:14:06Z</time>
      </trkpt>
      <trkpt lat="39.8678914" lon="116.6517697">
        <ele>22.87907</ele>
        <time>2026-09-29T23:14:09Z</time>
      </trkpt>
      <trkpt lat="39.8679876" lon="116.6517749">
        <ele>22.83497</ele>
        <time>2026-09-29T23:14:12Z</time>
      </trkpt>
      <trkpt lat="39.8680804" lon="116.6517775">
        <ele>22.79933</ele>
        <time>2026-09-29T23:14:15Z</time>
      </trkpt>
      <trkpt lat="39.8681752" lon="116.6517772">
        <ele>22.79961</ele>
        <time>2026-09-29T23:14:18Z</time>
      </trkpt>
      <trkpt lat="39.8682701" lon="116.6517765">
        <ele>22.78645</ele>
        <time>2026-09-29T23:14:21Z</time>
      </trkpt>
      <trkpt lat="39.8683669" lon="116.6517774">
        <ele>22.73369</ele>
        <time>2026-09-29T23:14:24Z</time>
      </trkpt>
      <trkpt lat="39.8684571" lon="116.6517797">
        <ele>22.70299</ele>
        <time>2026-09-29T23:14:27Z</time>
      </trkpt>
      <trkpt lat="39.8685654" lon="116.6517767">
        <ele>22.84971</ele>
        <time>2026-09-29T23:14:31Z</time>
      </trkpt>
      <trkpt lat="39.8686692" lon="116.6517736">
        <ele>23.28912</ele>
        <time>2026-09-29T23:14:34.985000Z</time>
      </trkpt>
      <trkpt lat="39.8687721" lon="116.6517732">
        <ele>23.75157</ele>
        <time>2026-09-29T23:14:38.965000Z</time>
      </trkpt>
      <trkpt lat="39.8688762" lon="116.6517693">
        <ele>24.10669</ele>
        <time>2026-09-29T23:14:42.945000Z</time>
      </trkpt>
      <trkpt lat="39.868981" lon="116.6517616">
        <ele>24.37734</ele>
        <time>2026-09-29T23:14:46.925000Z</time>
      </trkpt>
      <trkpt lat="39.8690858" lon="116.65175">
        <ele>24.59791</ele>
        <time>2026-09-29T23:14:50.905000Z</time>
      </trkpt>
      <trkpt lat="39.8691912" lon="116.6517405">
        <ele>24.75201</ele>
        <time>2026-09-29T23:14:54.885000Z</time>
      </trkpt>
      <trkpt lat="39.8692956" lon="116.6517376">
        <ele>24.8054</ele>
        <time>2026-09-29T23:14:58.865000Z</time>
      </trkpt>
      <trkpt lat="39.8694002" lon="116.6517442">
        <ele>24.77515</ele>
        <time>2026-09-29T23:15:02.845000Z</time>
      </trkpt>
      <trkpt lat="39.869502" lon="116.651756">
        <ele>24.73457</ele>
        <time>2026-09-29T23:15:06.825000Z</time>
      </trkpt>
      <trkpt lat="39.8696022" lon="116.6517602">
        <ele>24.71779</ele>
        <time>2026-09-29T23:15:10.806000Z</time>
      </trkpt>
      <trkpt lat="39.8697032" lon="116.6517602">
        <ele>24.7189</ele>
        <time>2026-09-29T23:15:14.786000Z</time>
      </trkpt>
      <trkpt lat="39.8698039" lon="116.6517597">
        <ele>24.73557</ele>
        <time>2026-09-29T23:15:18.766000Z</time>
      </trkpt>
      <trkpt lat="39.8699076" lon="116.6517582">
        <ele>24.7314</ele>
        <time>2026-09-29T23:15:22.746000Z</time>
      </trkpt>
      <trkpt lat="39.8700116" lon="116.6517633">
        <ele>24.70474</ele>
        <time>2026-09-29T23:15:26.726000Z</time>
      </trkpt>
      <trkpt lat="39.8701049" lon="116.6517713">
        <ele>24.65927</ele>
        <time>2026-09-29T23:15:30.706000Z</time>
      </trkpt>
      <trkpt lat="39.8701657" lon="116.6517898">
        <ele>24.39273</ele>
        <time>2026-09-29T23:15:39.662000Z</time>
      </trkpt>
      <trkpt lat="39.8701827" lon="116.6517736">
        <ele>22.8583</ele>
        <time>2026-09-29T23:15:54.587000Z</time>
      </trkpt>
      <trkpt lat="39.8702761" lon="116.6517749">
        <ele>22.79188</ele>
        <time>2026-09-29T23:16:00Z</time>
      </trkpt>
      <trkpt lat="39.8703724" lon="116.6517793">
        <ele>23.25855</ele>
        <time>2026-09-29T23:16:03.542000Z</time>
      </trkpt>
      <trkpt lat="39.8704795" lon="116.6517781">
        <ele>23.82009</ele>
        <time>2026-09-29T23:16:07.522000Z</time>
      </trkpt>
      <trkpt lat="39.8705811" lon="116.6517603">
        <ele>24.24952</ele>
        <time>2026-09-29T23:16:11.503000Z</time>
      </trkpt>
      <trkpt lat="39.8706793" lon="116.651753">
        <ele>24.55354</ele>
        <time>2026-09-29T23:16:15.483000Z</time>
      </trkpt>
      <trkpt lat="39.8707852" lon="116.6517564">
        <ele>24.77152</ele>
        <time>2026-09-29T23:16:19.463000Z</time>
      </trkpt>
      <trkpt lat="39.8708943" lon="116.6517552">
        <ele>24.91312</ele>
        <time>2026-09-29T23:16:23.443000Z</time>
      </trkpt>
      <trkpt lat="39.871002" lon="116.6517531">
        <ele>24.99283</ele>
        <time>2026-09-29T23:16:27.423000Z</time>
      </trkpt>
      <trkpt lat="39.8711096" lon="116.6517587">
        <ele>25.04044</ele>
        <time>2026-09-29T23:16:31.403000Z</time>
      </trkpt>
      <trkpt lat="39.8712177" lon="116.6517616">
        <ele>25.06924</ele>
        <time>2026-09-29T23:16:35.383000Z</time>
      </trkpt>
      <trkpt lat="39.8713254" lon="116.651762">
        <ele>25.07997</ele>
        <time>2026-09-29T23:16:39.364000Z</time>
      </trkpt>
      <trkpt lat="39.8714307" lon="116.6517604">
        <ele>25.10762</ele>
        <time>2026-09-29T23:16:43.344000Z</time>
      </trkpt>
      <trkpt lat="39.8715359" lon="116.6517494">
        <ele>25.18742</ele>
        <time>2026-09-29T23:16:47.324000Z</time>
      </trkpt>
      <trkpt lat="39.8716409" lon="116.6517413">
        <ele>25.29247</ele>
        <time>2026-09-29T23:16:51.304000Z</time>
      </trkpt>
      <trkpt lat="39.8717464" lon="116.6517353">
        <ele>25.35256</ele>
        <time>2026-09-29T23:16:55.284000Z</time>
      </trkpt>
      <trkpt lat="39.8718513" lon="116.6517345">
        <ele>25.32217</ele>
        <time>2026-09-29T23:16:59.264000Z</time>
      </trkpt>
      <trkpt lat="39.8719564" lon="116.6517339">
        <ele>25.16777</ele>
        <time>2026-09-29T23:17:03.244000Z</time>
      </trkpt>
      <trkpt lat="39.8720616" lon="116.6517338">
        <ele>24.87822</ele>
        <time>2026-09-29T23:17:07.225000Z</time>
      </trkpt>
      <trkpt lat="39.8721691" lon="116.6517342">
        <ele>24.55854</ele>
        <time>2026-09-29T23:17:11.205000Z</time>
      </trkpt>
      <trkpt lat="39.8722742" lon="116.651741">
        <ele>24.61002</ele>
        <time>2026-09-29T23:17:15.185000Z</time>
      </trkpt>
      <trkpt lat="39.8723781" lon="116.6517541">
        <ele>24.99484</ele>
        <time>2026-09-29T23:17:19.165000Z</time>
      </trkpt>
      <trkpt lat="39.8724848" lon="116.6517675">
        <ele>25.29214</ele>
        <time>2026-09-29T23:17:23.145000Z</time>
      </trkpt>
      <trkpt lat="39.8725907" lon="116.6517759">
        <ele>25.44572</ele>
        <time>2026-09-29T23:17:27.125000Z</time>
      </trkpt>
      <trkpt lat="39.8726939" lon="116.651783">
        <ele>25.49184</ele>
        <time>2026-09-29T23:17:31.105000Z</time>
      </trkpt>
      <trkpt lat="39.8727965" lon="116.6517904">
        <ele>25.43469</ele>
        <time>2026-09-29T23:17:35.086000Z</time>
      </trkpt>
      <trkpt lat="39.8728991" lon="116.651794">
        <ele>25.27785</ele>
        <time>2026-09-29T23:17:39.066000Z</time>
      </trkpt>
      <trkpt lat="39.8730006" lon="116.6517919">
        <ele>24.99119</ele>
        <time>2026-09-29T23:17:43.046000Z</time>
      </trkpt>
      <trkpt lat="39.8731003" lon="116.6517878">
        <ele>24.57027</ele>
        <time>2026-09-29T23:17:47.026000Z</time>
      </trkpt>
      <trkpt lat="39.8732017" lon="116.651797">
        <ele>24.20019</ele>
        <time>2026-09-29T23:17:51.006000Z</time>
      </trkpt>
      <trkpt lat="39.8733034" lon="116.6518009">
        <ele>24.30758</ele>
        <time>2026-09-29T23:17:54.986000Z</time>
      </trkpt>
      <trkpt lat="39.873407" lon="116.6517965">
        <ele>24.61712</ele>
        <time>2026-09-29T23:17:58.966000Z</time>
      </trkpt>
      <trkpt lat="39.8735078" lon="116.6517912">
        <ele>24.82341</ele>
        <time>2026-09-29T23:18:02.947000Z</time>
      </trkpt>
      <trkpt lat="39.8736099" lon="116.651786">
        <ele>24.87229</ele>
        <time>2026-09-29T23:18:06.927000Z</time>
      </trkpt>
      <trkpt lat="39.8737133" lon="116.6517832">
        <ele>24.81786</ele>
        <time>2026-09-29T23:18:10.907000Z</time>
      </trkpt>
      <trkpt lat="39.8738163" lon="116.6517841">
        <ele>24.72732</ele>
        <time>2026-09-29T23:18:14.887000Z</time>
      </trkpt>
      <trkpt lat="39.8739169" lon="116.6517851">
        <ele>24.6389</ele>
        <time>2026-09-29T23:18:18.867000Z</time>
      </trkpt>
      <trkpt lat="39.8740186" lon="116.651786">
        <ele>24.58457</ele>
        <time>2026-09-29T23:18:22.847000Z</time>
      </trkpt>
      <trkpt lat="39.8741201" lon="116.6517898">
        <ele>24.56276</ele>
        <time>2026-09-29T23:18:26.828000Z</time>
      </trkpt>
      <trkpt lat="39.8742137" lon="116.651821">
        <ele>24.54576</ele>
        <time>2026-09-29T23:18:30.808000Z</time>
      </trkpt>
      <trkpt lat="39.8742705" lon="116.6519199">
        <ele>24.52006</ele>
        <time>2026-09-29T23:18:34.788000Z</time>
      </trkpt>
      <trkpt lat="39.8743002" lon="116.6520472">
        <ele>24.47997</ele>
        <time>2026-09-29T23:18:38.768000Z</time>
      </trkpt>
      <trkpt lat="39.874311" lon="116.652181">
        <ele>24.42765</ele>
        <time>2026-09-29T23:18:42.748000Z</time>
      </trkpt>
      <trkpt lat="39.8743162" lon="116.6523162">
        <ele>24.3601</ele>
        <time>2026-09-29T23:18:46.728000Z</time>
      </trkpt>
      <trkpt lat="39.8743126" lon="116.6524499">
        <ele>24.29186</ele>
        <time>2026-09-29T23:18:50.708000Z</time>
      </trkpt>
      <trkpt lat="39.8743124" lon="116.6525876">
        <ele>24.25818</ele>
        <time>2026-09-29T23:18:54.689000Z</time>
      </trkpt>
      <trkpt lat="39.8743087" lon="116.652723">
        <ele>24.27062</ele>
        <time>2026-09-29T23:18:58.669000Z</time>
      </trkpt>
      <trkpt lat="39.8743049" lon="116.652857">
        <ele>24.29855</ele>
        <time>2026-09-29T23:19:02.649000Z</time>
      </trkpt>
      <trkpt lat="39.8743082" lon="116.6529942">
        <ele>24.31095</ele>
        <time>2026-09-29T23:19:06.629000Z</time>
      </trkpt>
      <trkpt lat="39.8743161" lon="116.6531297">
        <ele>24.31581</ele>
        <time>2026-09-29T23:19:10.609000Z</time>
      </trkpt>
      <trkpt lat="39.8743237" lon="116.6532666">
        <ele>24.29779</ele>
        <time>2026-09-29T23:19:14.589000Z</time>
      </trkpt>
      <trkpt lat="39.8743297" lon="116.653404">
        <ele>24.24911</ele>
        <time>2026-09-29T23:19:18.570000Z</time>
      </trkpt>
      <trkpt lat="39.874331" lon="116.6535418">
        <ele>24.20864</ele>
        <time>2026-09-29T23:19:22.550000Z</time>
      </trkpt>
      <trkpt lat="39.8743343" lon="116.6536768">
        <ele>24.20769</ele>
        <time>2026-09-29T23:19:26.530000Z</time>
      </trkpt>
      <trkpt lat="39.8743385" lon="116.6538125">
        <ele>24.22672</ele>
        <time>2026-09-29T23:19:30.510000Z</time>
      </trkpt>
      <trkpt lat="39.8743418" lon="116.6539458">
        <ele>24.25829</ele>
        <time>2026-09-29T23:19:34.490000Z</time>
      </trkpt>
      <trkpt lat="39.8743431" lon="116.6540824">
        <ele>24.33216</ele>
        <time>2026-09-29T23:19:38.470000Z</time>
      </trkpt>
      <trkpt lat="39.8743456" lon="116.6542229">
        <ele>24.45128</ele>
        <time>2026-09-29T23:19:42.451000Z</time>
      </trkpt>
      <trkpt lat="39.8743483" lon="116.6543608">
        <ele>24.58103</ele>
        <time>2026-09-29T23:19:46.431000Z</time>
      </trkpt>
      <trkpt lat="39.8743449" lon="116.6544973">
        <ele>24.66462</ele>
        <time>2026-09-29T23:19:50.411000Z</time>
      </trkpt>
      <trkpt lat="39.8743388" lon="116.6546349">
        <ele>24.69858</ele>
        <time>2026-09-29T23:19:54.391000Z</time>
      </trkpt>
      <trkpt lat="39.8743298" lon="116.6547722">
        <ele>24.73994</ele>
        <time>2026-09-29T23:19:58.371000Z</time>
      </trkpt>
      <trkpt lat="39.8743177" lon="116.6549115">
        <ele>24.8133</ele>
        <time>2026-09-29T23:20:02.351000Z</time>
      </trkpt>
      <trkpt lat="39.8743027" lon="116.6550505">
        <ele>24.91208</ele>
        <time>2026-09-29T23:20:06.332000Z</time>
      </trkpt>
      <trkpt lat="39.8742946" lon="116.6551935">
        <ele>25.02676</ele>
        <time>2026-09-29T23:20:10.312000Z</time>
      </trkpt>
      <trkpt lat="39.8742972" lon="116.6553357">
        <ele>25.15402</ele>
        <time>2026-09-29T23:20:14.292000Z</time>
      </trkpt>
      <trkpt lat="39.8743065" lon="116.6554832">
        <ele>25.27574</ele>
        <time>2026-09-29T23:20:18.272000Z</time>
      </trkpt>
      <trkpt lat="39.874309" lon="116.6556302">
        <ele>25.35507</ele>
        <time>2026-09-29T23:20:22.252000Z</time>
      </trkpt>
      <trkpt lat="39.8743118" lon="116.6557786">
        <ele>25.39147</ele>
        <time>2026-09-29T23:20:26.233000Z</time>
      </trkpt>
      <trkpt lat="39.8743183" lon="116.655925">
        <ele>25.38747</ele>
        <time>2026-09-29T23:20:30.213000Z</time>
      </trkpt>
      <trkpt lat="39.8743262" lon="116.6560678">
        <ele>25.31438</ele>
        <time>2026-09-29T23:20:34.193000Z</time>
      </trkpt>
      <trkpt lat="39.8743328" lon="116.6562136">
        <ele>25.19225</ele>
        <time>2026-09-29T23:20:38.173000Z</time>
      </trkpt>
      <trkpt lat="39.8743408" lon="116.6563602">
        <ele>25.0761</ele>
        <time>2026-09-29T23:20:42.153000Z</time>
      </trkpt>
      <trkpt lat="39.8743443" lon="116.6565084">
        <ele>25.01875</ele>
        <time>2026-09-29T23:20:46.133000Z</time>
      </trkpt>
      <trkpt lat="39.8743444" lon="116.6566512">
        <ele>25.0417</ele>
        <time>2026-09-29T23:20:50.114000Z</time>
      </trkpt>
      <trkpt lat="39.8743485" lon="116.6567925">
        <ele>25.07647</ele>
        <time>2026-09-29T23:20:54.094000Z</time>
      </trkpt>
      <trkpt lat="39.8743591" lon="116.6569334">
        <ele>25.0494</ele>
        <time>2026-09-29T23:20:58.074000Z</time>
      </trkpt>
      <trkpt lat="39.874375" lon="116.657075">
        <ele>24.90717</ele>
        <time>2026-09-29T23:21:02.054000Z</time>
      </trkpt>
      <trkpt lat="39.874392" lon="116.6572164">
        <ele>24.61605</ele>
        <time>2026-09-29T23:21:06.034000Z</time>
      </trkpt>
      <trkpt lat="39.8744072" lon="116.657359">
        <ele>24.21227</ele>
        <time>2026-09-29T23:21:10.015000Z</time>
      </trkpt>
      <trkpt lat="39.8744232" lon="116.657509">
        <ele>24.04571</ele>
        <time>2026-09-29T23:21:13.995000Z</time>
      </trkpt>
      <trkpt lat="39.8744332" lon="116.6576649">
        <ele>24.39213</ele>
        <time>2026-09-29T23:21:17.975000Z</time>
      </trkpt>
      <trkpt lat="39.8744349" lon="116.6577897">
        <ele>24.68868</ele>
        <time>2026-09-29T23:21:20.960000Z</time>
      </trkpt>
      <trkpt lat="39.8744337" lon="116.657918">
        <ele>24.90106</ele>
        <time>2026-09-29T23:21:23.945000Z</time>
      </trkpt>
      <trkpt lat="39.8744334" lon="116.6580478">
        <ele>24.99991</ele>
        <time>2026-09-29T23:21:26.930000Z</time>
      </trkpt>
      <trkpt lat="39.8744367" lon="116.6581754">
        <ele>24.98621</ele>
        <time>2026-09-29T23:21:29.916000Z</time>
      </trkpt>
      <trkpt lat="39.8744408" lon="116.6583052">
        <ele>24.8778</ele>
        <time>2026-09-29T23:21:32.901000Z</time>
      </trkpt>
      <trkpt lat="39.8744461" lon="116.6584337">
        <ele>24.72266</ele>
        <time>2026-09-29T23:21:35.886000Z</time>
      </trkpt>
      <trkpt lat="39.8744488" lon="116.6585609">
        <ele>24.56491</ele>
        <time>2026-09-29T23:21:38.871000Z</time>
      </trkpt>
      <trkpt lat="39.8744399" lon="116.6586873">
        <ele>24.4232</ele>
        <time>2026-09-29T23:21:41.856000Z</time>
      </trkpt>
      <trkpt lat="39.8744212" lon="116.6588177">
        <ele>24.31682</ele>
        <time>2026-09-29T23:21:44.841000Z</time>
      </trkpt>
      <trkpt lat="39.8743989" lon="116.6589553">
        <ele>24.24954</ele>
        <time>2026-09-29T23:21:47.826000Z</time>
      </trkpt>
      <trkpt lat="39.8743789" lon="116.6590936">
        <ele>24.20686</ele>
        <time>2026-09-29T23:21:50.812000Z</time>
      </trkpt>
      <trkpt lat="39.8743675" lon="116.6592248">
        <ele>24.18809</ele>
        <time>2026-09-29T23:21:53.797000Z</time>
      </trkpt>
      <trkpt lat="39.874369" lon="116.6593449">
        <ele>24.18027</ele>
        <time>2026-09-29T23:21:56.782000Z</time>
      </trkpt>
      <trkpt lat="39.8743702" lon="116.6594944">
        <ele>24.19876</ele>
        <time>2026-09-29T23:22:00.762000Z</time>
      </trkpt>
      <trkpt lat="39.87436" lon="116.65964">
        <ele>24.2576</ele>
        <time>2026-09-29T23:22:04.742000Z</time>
      </trkpt>
      <trkpt lat="39.8743471" lon="116.6597897">
        <ele>24.33787</ele>
        <time>2026-09-29T23:22:08.722000Z</time>
      </trkpt>
      <trkpt lat="39.8743351" lon="116.659942">
        <ele>24.41332</ele>
        <time>2026-09-29T23:22:12.703000Z</time>
      </trkpt>
      <trkpt lat="39.8743214" lon="116.6600915">
        <ele>24.44405</ele>
        <time>2026-09-29T23:22:16.683000Z</time>
      </trkpt>
      <trkpt lat="39.8743006" lon="116.6602388">
        <ele>24.4072</ele>
        <time>2026-09-29T23:22:20.663000Z</time>
      </trkpt>
      <trkpt lat="39.8742848" lon="116.6603885">
        <ele>24.30158</ele>
        <time>2026-09-29T23:22:24.643000Z</time>
      </trkpt>
      <trkpt lat="39.8742761" lon="116.6605314">
        <ele>24.13987</ele>
        <time>2026-09-29T23:22:28.624000Z</time>
      </trkpt>
      <trkpt lat="39.8742715" lon="116.6606679">
        <ele>23.96522</ele>
        <time>2026-09-29T23:22:32.604000Z</time>
      </trkpt>
      <trkpt lat="39.874274" lon="116.6608106">
        <ele>23.84207</ele>
        <time>2026-09-29T23:22:36.584000Z</time>
      </trkpt>
      <trkpt lat="39.874272" lon="116.6609641">
        <ele>23.78666</ele>
        <time>2026-09-29T23:22:40.564000Z</time>
      </trkpt>
      <trkpt lat="39.8742709" lon="116.6610823">
        <ele>23.77385</ele>
        <time>2026-09-29T23:22:43.549000Z</time>
      </trkpt>
      <trkpt lat="39.8742733" lon="116.6612354">
        <ele>23.75398</ele>
        <time>2026-09-29T23:22:47.530000Z</time>
      </trkpt>
      <trkpt lat="39.8742733" lon="116.6613878">
        <ele>23.70271</ele>
        <time>2026-09-29T23:22:51.510000Z</time>
      </trkpt>
      <trkpt lat="39.874273" lon="116.661536">
        <ele>23.65748</ele>
        <time>2026-09-29T23:22:55.490000Z</time>
      </trkpt>
      <trkpt lat="39.8742733" lon="116.6616832">
        <ele>23.6324</ele>
        <time>2026-09-29T23:22:59.470000Z</time>
      </trkpt>
      <trkpt lat="39.8742683" lon="116.6618328">
        <ele>23.60978</ele>
        <time>2026-09-29T23:23:03.451000Z</time>
      </trkpt>
      <trkpt lat="39.874265" lon="116.6619818">
        <ele>23.59584</ele>
        <time>2026-09-29T23:23:07.431000Z</time>
      </trkpt>
      <trkpt lat="39.8742656" lon="116.6621307">
        <ele>23.59542</ele>
        <time>2026-09-29T23:23:11.411000Z</time>
      </trkpt>
      <trkpt lat="39.8742675" lon="116.6622754">
        <ele>23.60304</ele>
        <time>2026-09-29T23:23:15.391000Z</time>
      </trkpt>
      <trkpt lat="39.8742645" lon="116.6624213">
        <ele>23.61745</ele>
        <time>2026-09-29T23:23:19.371000Z</time>
      </trkpt>
      <trkpt lat="39.8742609" lon="116.6625644">
        <ele>23.62276</ele>
        <time>2026-09-29T23:23:23.352000Z</time>
      </trkpt>
      <trkpt lat="39.8742536" lon="116.6627065">
        <ele>23.6241</ele>
        <time>2026-09-29T23:23:27.332000Z</time>
      </trkpt>
      <trkpt lat="39.8742409" lon="116.6628459">
        <ele>23.61516</ele>
        <time>2026-09-29T23:23:31.312000Z</time>
      </trkpt>
      <trkpt lat="39.8742334" lon="116.6629809">
        <ele>23.58559</ele>
        <time>2026-09-29T23:23:35.292000Z</time>
      </trkpt>
    </trkseg>
  </trk>
</gpx>