<?xml version="1.0" encoding="UTF-8"?>
<gpx xmlns="http://www.topografix.com/GPX/1/1" xmlns:gpxtpx="http://www.garmin.com/xmlschemas/TrackPointExtension/v1" xmlns:xsi="http://www.w3.org/2001/XMLSchema-instance" xsi:schemaLocation="http://www.topografix.com/GPX/1/1 http://www.topografix.com/GPX/1/1/gpx.xsd" version="1.1" creator="gpx.py -- https://github.com/tkrajina/gpxpy">
  <trk>
    <name>gpx from codoon</name>
    <type>Run</type>
    <trkseg>
      <trkpt lat="45.8930444" lon="126.5828385">
        <ele>121.80254</ele>
        <time>2026-10-02T07:46:20.999000Z</time>
      </trkpt>
      <trkpt lat="45.8930552" lon="126.5829824">
        <ele>120.05284</ele>
        <time>2026-10-02T07:46:25.999000Z</time>
      </trkpt>
      <trkpt lat="45.8930582" lon="126.5831167">
        <ele>119.59685</ele>
        <time>2026-10-02T07:46:29.999000Z</time>
      </trkpt>
      <trkpt lat="45.8930571" lon="126.5832848">
        <ele>119.44048</ele>
        <time>2026-10-02T07:46:33.999000Z</time>
      </trkpt>
      <trkpt lat="45.8930631" lon="126.5834207">
        <ele>119.36018</ele>
        <time>2026-10-02T07:46:36.999000Z</time>
      </trkpt>
      <trkpt lat="45.89307" lon="126.5835589">
        <ele>119.29706</ele>
        <time>2026-10-02T07:46:39.999000Z</time>
      </trkpt>
      <trkpt lat="45.8930825" lon="126.5836988">
        <ele>119.24947</ele>
        <time>2026-10-02T07:46:42.999000Z</time>
      </trkpt>
      <trkpt lat="45.8930944" lon="126.5838435">
        <ele>119.19788</ele>
        <time>2026-10-02T07:46:45.999000Z</time>
      </trkpt>
      <trkpt lat="45.8930963" lon="126.583983">
        <ele>119.13545</ele>
        <time>2026-10-02T07:46:49Z</time>
      </trkpt>
      <trkpt lat="45.8930914" lon="126.5841175">
        <ele>119.08119</ele>
        <time>2026-10-02T07:46:52Z</time>
      </trkpt>
      <trkpt lat="45.8930863" lon="126.5842533">
        <ele>119.03952</ele>
        <time>2026-10-02T07:46:55Z</time>
      </trkpt>
      <trkpt lat="45.8930847" lon="126.5843876">
        <ele>118.99774</ele>
        <time>2026-10-02T07:46:58Z</time>
      </trkpt>
      <trkpt lat="45.8930879" lon="126.5845587">
        <ele>118.92995</ele>
        <time>2026-10-02T07:47:02Z</time>
      </trkpt>
      <trkpt lat="45.8930945" lon="126.5846889">
        <ele>118.8607</ele>
        <time>2026-10-02T07:47:05Z</time>
      </trkpt>
      <trkpt lat="45.8930989" lon="126.5848593">
        <ele>118.7439</ele>
        <time>2026-10-02T07:47:09Z</time>
      </trkpt>
      <trkpt lat="45.8930946" lon="126.5850259">
        <ele>118.63732</ele>
        <time>2026-10-02T07:47:13Z</time>
      </trkpt>
      <trkpt lat="45.8930895" lon="126.585194">
        <ele>118.57512</ele>
        <time>2026-10-02T07:47:17Z</time>
      </trkpt>
      <trkpt lat="45.8930845" lon="126.5853529">
        <ele>118.48804</ele>
        <time>2026-10-02T07:47:21Z</time>
      </trkpt>
      <trkpt lat="45.8930883" lon="126.5855169">
        <ele>118.38106</ele>
        <time>2026-10-02T07:47:25Z</time>
      </trkpt>
      <trkpt lat="45.8930897" lon="126.58568">
        <ele>118.32204</ele>
        <time>2026-10-02T07:47:29Z</time>
      </trkpt>
      <trkpt lat="45.8930973" lon="126.5858366">
        <ele>118.32362</ele>
        <time>2026-10-02T07:47:33Z</time>
      </trkpt>
      <trkpt lat="45.8931017" lon="126.5859953">
        <ele>118.42193</ele>
        <time>2026-10-02T07:47:37Z</time>
      </trkpt>
      <trkpt lat="45.8930994" lon="126.5861441">
        <ele>118.58153</ele>
        <time>2026-10-02T07:47:41Z</time>
      </trkpt>
      <trkpt lat="45.893097" lon="126.5862985">
        <ele>118.72127</ele>
        <time>2026-10-02T07:47:45Z</time>
      </trkpt>
      <trkpt lat="45.8930903" lon="126.5864552">
        <ele>118.82055</ele>
        <time>2026-10-02T07:47:49Z</time>
      </trkpt>
      <trkpt lat="45.8930913" lon="126.5866165">
        <ele>118.91737</ele>
        <time>2026-10-02T07:47:53Z</time>
      </trkpt>
      <trkpt lat="45.8930916" lon="126.5867762">
        <ele>119.0111</ele>
        <time>2026-10-02T07:47:57Z</time>
      </trkpt>
      <trkpt lat="45.8930885" lon="126.5869399">
        <ele>119.12511</ele>
        <time>2026-10-02T07:48:01Z</time>
      </trkpt>
      <trkpt lat="45.8930836" lon="126.5871003">
        <ele>119.25729</ele>
        <time>2026-10-02T07:48:05Z</time>
      </trkpt>
      <trkpt lat="45.8930769" lon="126.5872539">
        <ele>119.39029</ele>
        <time>2026-10-02T07:48:09Z</time>
      </trkpt>
      <trkpt lat="45.8930711" lon="126.5874055">
        <ele>119.52075</ele>
        <time>2026-10-02T07:48:13Z</time>
      </trkpt>
      <trkpt lat="45.8930775" lon="126.5875606">
        <ele>119.58323</ele>
        <time>2026-10-02T07:48:17Z</time>
      </trkpt>
      <trkpt lat="45.8930797" lon="126.587715">
        <ele>119.57862</ele>
        <time>2026-10-02T07:48:21Z</time>
      </trkpt>
      <trkpt lat="45.8930855" lon="126.5878667">
        <ele>119.5792</ele>
        <time>2026-10-02T07:48:25Z</time>
      </trkpt>
      <trkpt lat="45.8930864" lon="126.5880174">
        <ele>119.57932</ele>
        <time>2026-10-02T07:48:29Z</time>
      </trkpt>
      <trkpt lat="45.8930799" lon="126.5881565">
        <ele>119.52408</ele>
        <time>2026-10-02T07:48:33Z</time>
      </trkpt>
      <trkpt lat="45.8930785" lon="126.5883031">
        <ele>119.47174</ele>
        <time>2026-10-02T07:48:37Z</time>
      </trkpt>
      <trkpt lat="45.8930765" lon="126.5884549">
        <ele>119.48017</ele>
        <time>2026-10-02T07:48:41Z</time>
      </trkpt>
      <trkpt lat="45.8930767" lon="126.5885966">
        <ele>119.50375</ele>
        <time>2026-10-02T07:48:45Z</time>
      </trkpt>
      <trkpt lat="45.8930795" lon="126.5887257">
        <ele>119.53702</ele>
        <time>2026-10-02T07:48:49Z</time>
      </trkpt>
      <trkpt lat="45.8930775" lon="126.5888616">
        <ele>119.53822</ele>
        <time>2026-10-02T07:48:53Z</time>
      </trkpt>
      <trkpt lat="45.8930599" lon="126.5890129">
        <ele>119.45889</ele>
        <time>2026-10-02T07:48:58Z</time>
      </trkpt>
      <trkpt lat="45.8930238" lon="126.5891506">
        <ele>119.38893</ele>
        <time>2026-10-02T07:49:03Z</time>
      </trkpt>
      <trkpt lat="45.8930138" lon="126.5892857">
        <ele>119.38645</ele>
        <time>2026-10-02T07:49:07Z</time>
      </trkpt>
      <trkpt lat="45.8930259" lon="126.5894479">
        <ele>119.40924</ele>
        <time>2026-10-02T07:49:11Z</time>
      </trkpt>
      <trkpt lat="45.8930406" lon="126.589615">
        <ele>119.42524</ele>
        <time>2026-10-02T07:49:15Z</time>
      </trkpt>
      <trkpt lat="45.8930572" lon="126.5897778">
        <ele>119.41293</ele>
        <time>2026-10-02T07:49:19Z</time>
      </trkpt>
      <trkpt lat="45.8930741" lon="126.5899424">
        <ele>119.36819</ele>
        <time>2026-10-02T07:49:23Z</time>
      </trkpt>
      <trkpt lat="45.8930834" lon="126.5901056">
        <ele>119.33391</ele>
        <time>2026-10-02T07:49:27Z</time>
      </trkpt>
      <trkpt lat="45.8930901" lon="126.5902742">
        <ele>119.35272</ele>
        <time>2026-10-02T07:49:31Z</time>
      </trkpt>
      <trkpt lat="45.8930972" lon="126.5904369">
        <ele>119.38634</ele>
        <time>2026-10-02T07:49:35Z</time>
      </trkpt>
      <trkpt lat="45.8931006" lon="126.5905964">
        <ele>119.37495</ele>
        <time>2026-10-02T07:49:39Z</time>
      </trkpt>
      <trkpt lat="45.8930989" lon="126.5907517">
        <ele>119.31586</ele>
        <time>2026-10-02T07:49:43Z</time>
      </trkpt>
      <trkpt lat="45.8930911" lon="126.5909045">
        <ele>119.24073</ele>
        <time>2026-10-02T07:49:47Z</time>
      </trkpt>
      <trkpt lat="45.8930735" lon="126.5910593">
        <ele>119.1897</ele>
        <time>2026-10-02T07:49:51Z</time>
      </trkpt>
      <trkpt lat="45.8930674" lon="126.5912122">
        <ele>119.15254</ele>
        <time>2026-10-02T07:49:55Z</time>
      </trkpt>
      <trkpt lat="45.8930653" lon="126.5913737">
        <ele>119.10128</ele>
        <time>2026-10-02T07:49:59Z</time>
      </trkpt>
      <trkpt lat="45.893064" lon="126.5915231">
        <ele>119.05081</ele>
        <time>2026-10-02T07:50:03Z</time>
      </trkpt>
      <trkpt lat="45.8930671" lon="126.5916769">
        <ele>119.04984</ele>
        <time>2026-10-02T07:50:07Z</time>
      </trkpt>
      <trkpt lat="45.8930639" lon="126.5918329">
        <ele>119.08919</ele>
        <time>2026-10-02T07:50:11Z</time>
      </trkpt>
      <trkpt lat="45.893069" lon="126.5919882">
        <ele>119.13283</ele>
        <time>2026-10-02T07:50:15Z</time>
      </trkpt>
      <trkpt lat="45.8930743" lon="126.5921479">
        <ele>119.17877</ele>
        <time>2026-10-02T07:50:19Z</time>
      </trkpt>
      <trkpt lat="45.89308" lon="126.5923045">
        <ele>119.23486</ele>
        <time>2026-10-02T07:50:23Z</time>
      </trkpt>
      <trkpt lat="45.8930854" lon="126.5924612">
        <ele>119.2616</ele>
        <time>2026-10-02T07:50:27Z</time>
      </trkpt>
      <trkpt lat="45.8930881" lon="126.5926174">
        <ele>119.24728</ele>
        <time>2026-10-02T07:50:31Z</time>
      </trkpt>
      <trkpt lat="45.8930979" lon="126.5927737">
        <ele>119.22959</ele>
        <time>2026-10-02T07:50:35Z</time>
      </trkpt>
      <trkpt lat="45.8930979" lon="126.5929174">
        <ele>119.22381</ele>
        <time>2026-10-02T07:50:39Z</time>
      </trkpt>
      <trkpt lat="45.893098" lon="126.5930633">
        <ele>119.25495</ele>
        <time>2026-10-02T07:50:43Z</time>
      </trkpt>
      <trkpt lat="45.8930997" lon="126.5932165">
        <ele>119.30391</ele>
        <time>2026-10-02T07:50:47Z</time>
      </trkpt>
      <trkpt lat="45.8930942" lon="126.5933713">
        <ele>119.33948</ele>
        <time>2026-10-02T07:50:51Z</time>
      </trkpt>
      <trkpt lat="45.893086" lon="126.5935241">
        <ele>119.37251</ele>
        <time>2026-10-02T07:50:55Z</time>
      </trkpt>
      <trkpt lat="45.8930787" lon="126.5936806">
        <ele>119.36766</ele>
        <time>2026-10-02T07:50:59Z</time>
      </trkpt>
      <trkpt lat="45.893073" lon="126.5938317">
        <ele>119.31416</ele>
        <time>2026-10-02T07:51:03Z</time>
      </trkpt>
      <trkpt lat="45.8930701" lon="126.5939853">
        <ele>119.28463</ele>
        <time>2026-10-02T07:51:07Z</time>
      </trkpt>
      <trkpt lat="45.893067" lon="126.594138">
        <ele>119.27266</ele>
        <time>2026-10-02T07:51:11Z</time>
      </trkpt>
      <trkpt lat="45.8930634" lon="126.5942943">
        <ele>119.26511</ele>
        <time>2026-10-02T07:51:15Z</time>
      </trkpt>
      <trkpt lat="45.8930675" lon="126.5944498">
        <ele>119.27001</ele>
        <time>2026-10-02T07:51:19Z</time>
      </trkpt>
      <trkpt lat="45.8930755" lon="126.5946054">
        <ele>119.29293</ele>
        <time>2026-10-02T07:51:23Z</time>
      </trkpt>
      <trkpt lat="45.8930776" lon="126.5947652">
        <ele>119.31073</ele>
        <time>2026-10-02T07:51:27Z</time>
      </trkpt>
      <trkpt lat="45.893075" lon="126.5949203">
        <ele>119.3095</ele>
        <time>2026-10-02T07:51:31Z</time>
      </trkpt>
      <trkpt lat="45.8930761" lon="126.5950758">
        <ele>119.28466</ele>
        <time>2026-10-02T07:51:35Z</time>
      </trkpt>
      <trkpt lat="45.8930795" lon="126.5952334">
        <ele>119.2465</ele>
        <time>2026-10-02T07:51:39Z</time>
      </trkpt>
      <trkpt lat="45.8930853" lon="126.5953884">
        <ele>119.20408</ele>
        <time>2026-10-02T07:51:43Z</time>
      </trkpt>
      <trkpt lat="45.8930811" lon="126.5955394">
        <ele>119.14622</ele>
        <time>2026-10-02T07:51:47Z</time>
      </trkpt>
      <trkpt lat="45.8930798" lon="126.595693">
        <ele>119.0638</ele>
        <time>2026-10-02T07:51:51Z</time>
      </trkpt>
      <trkpt lat="45.8930785" lon="126.5958422">
        <ele>118.959</ele>
        <time>2026-10-02T07:51:55Z</time>
      </trkpt>
      <trkpt lat="45.893077" lon="126.5959964">
        <ele>118.84724</ele>
        <time>2026-10-02T07:51:59Z</time>
      </trkpt>
      <trkpt lat="45.8930708" lon="126.5961489">
        <ele>118.74566</ele>
        <time>2026-10-02T07:52:03Z</time>
      </trkpt>
      <trkpt lat="45.8930623" lon="126.5962998">
        <ele>118.66041</ele>
        <time>2026-10-02T07:52:07Z</time>
      </trkpt>
      <trkpt lat="45.8930506" lon="126.5964454">
        <ele>118.61035</ele>
        <time>2026-10-02T07:52:11Z</time>
      </trkpt>
      <trkpt lat="45.8930399" lon="126.5965909">
        <ele>118.63923</ele>
        <time>2026-10-02T07:52:15Z</time>
      </trkpt>
      <trkpt lat="45.8930352" lon="126.5967394">
        <ele>118.75215</ele>
        <time>2026-10-02T07:52:19Z</time>
      </trkpt>
      <trkpt lat="45.893036" lon="126.5968898">
        <ele>118.91511</ele>
        <time>2026-10-02T07:52:23Z</time>
      </trkpt>
      <trkpt lat="45.8930446" lon="126.5970424">
        <ele>119.07172</ele>
        <time>2026-10-02T07:52:27Z</time>
      </trkpt>
      <trkpt lat="45.8930497" lon="126.5971978">
        <ele>119.20053</ele>
        <time>2026-10-02T07:52:31Z</time>
      </trkpt>
      <trkpt lat="45.8930525" lon="126.5973471">
        <ele>119.27907</ele>
        <time>2026-10-02T07:52:35Z</time>
      </trkpt>
      <trkpt lat="45.8930462" lon="126.5975062">
        <ele>119.25896</ele>
        <time>2026-10-02T07:52:39Z</time>
      </trkpt>
      <trkpt lat="45.8930454" lon="126.5976662">
        <ele>119.17465</ele>
        <time>2026-10-02T07:52:43Z</time>
      </trkpt>
      <trkpt lat="45.8930445" lon="126.5978172">
        <ele>119.19258</ele>
        <time>2026-10-02T07:52:47Z</time>
      </trkpt>
      <trkpt lat="45.8930434" lon="126.5979579">
        <ele>119.3813</ele>
        <time>2026-10-02T07:52:51Z</time>
      </trkpt>
      <trkpt lat="45.8930474" lon="126.5980969">
        <ele>119.54994</ele>
        <time>2026-10-02T07:52:55Z</time>
      </trkpt>
      <trkpt lat="45.8930462" lon="126.5982344">
        <ele>119.60014</ele>
        <time>2026-10-02T07:52:59Z</time>
      </trkpt>
      <trkpt lat="45.893041" lon="126.5983739">
        <ele>119.60071</ele>
        <time>2026-10-02T07:53:03Z</time>
      </trkpt>
      <trkpt lat="45.8929956" lon="126.5985127">
        <ele>119.63738</ele>
        <time>2026-10-02T07:53:08Z</time>
      </trkpt>
      <trkpt lat="45.8929124" lon="126.5985797">
        <ele>119.81595</ele>
        <time>2026-10-02T07:53:13Z</time>
      </trkpt>
      <trkpt lat="45.8928354" lon="126.5986658">
        <ele>120.05444</ele>
        <time>2026-10-02T07:53:17Z</time>
      </trkpt>
      <trkpt lat="45.892737" lon="126.5987511">
        <ele>120.33326</ele>
        <time>2026-10-02T07:53:21Z</time>
      </trkpt>
      <trkpt lat="45.8926404" lon="126.5988264">
        <ele>120.53099</ele>
        <time>2026-10-02T07:53:25Z</time>
      </trkpt>
      <trkpt lat="45.8925393" lon="126.5989069">
        <ele>120.59773</ele>
        <time>2026-10-02T07:53:29Z</time>
      </trkpt>
      <trkpt lat="45.8924367" lon="126.5989848">
        <ele>120.55212</ele>
        <time>2026-10-02T07:53:33Z</time>
      </trkpt>
      <trkpt lat="45.8923302" lon="126.5990549">
        <ele>120.44989</ele>
        <time>2026-10-02T07:53:37Z</time>
      </trkpt>
      <trkpt lat="45.892218" lon="126.5991105">
        <ele>120.36276</ele>
        <time>2026-10-02T07:53:41Z</time>
      </trkpt>
      <trkpt lat="45.8921109" lon="126.5991667">
        <ele>120.31636</ele>
        <time>2026-10-02T07:53:45Z</time>
      </trkpt>
      <trkpt lat="45.8920015" lon="126.5992246">
        <ele>120.28555</ele>
        <time>2026-10-02T07:53:49Z</time>
      </trkpt>
      <trkpt lat="45.8918958" lon="126.5992877">
        <ele>120.23388</ele>
        <time>2026-10-02T07:53:53Z</time>
      </trkpt>
      <trkpt lat="45.8917902" lon="126.5993502">
        <ele>120.18044</ele>
        <time>2026-10-02T07:53:57Z</time>
      </trkpt>
      <trkpt lat="45.8916857" lon="126.5994084">
        <ele>120.14636</ele>
        <time>2026-10-02T07:54:01Z</time>
      </trkpt>
      <trkpt lat="45.8915822" lon="126.5994617">
        <ele>120.11614</ele>
        <time>2026-10-02T07:54:05Z</time>
      </trkpt>
      <trkpt lat="45.891475" lon="126.5995157">
        <ele>120.08621</ele>
        <time>2026-10-02T07:54:09Z</time>
      </trkpt>
      <trkpt lat="45.8913701" lon="126.5995592">
        <ele>120.05419</ele>
        <time>2026-10-02T07:54:13Z</time>
      </trkpt>
      <trkpt lat="45.8912668" lon="126.5996055">
        <ele>120.00198</ele>
        <time>2026-10-02T07:54:17Z</time>
      </trkpt>
      <trkpt lat="45.8911643" lon="126.5996508">
        <ele>119.94116</ele>
        <time>2026-10-02T07:54:21Z</time>
      </trkpt>
      <trkpt lat="45.8910627" lon="126.5996983">
        <ele>119.86824</ele>
        <time>2026-10-02T07:54:25Z</time>
      </trkpt>
      <trkpt lat="45.890957" lon="126.5997464">
        <ele>119.77274</ele>
        <time>2026-10-02T07:54:29Z</time>
      </trkpt>
      <trkpt lat="45.890851" lon="126.5998022">
        <ele>119.70045</ele>
        <time>2026-10-02T07:54:33Z</time>
      </trkpt>
      <trkpt lat="45.8907513" lon="126.5998578">
        <ele>119.72785</ele>
        <time>2026-10-02T07:54:37Z</time>
      </trkpt>
      <trkpt lat="45.8906519" lon="126.5999124">
        <ele>119.85702</ele>
        <time>2026-10-02T07:54:41Z</time>
      </trkpt>
      <trkpt lat="45.8905608" lon="126.5999607">
        <ele>119.98354</ele>
        <time>2026-10-02T07:54:45Z</time>
      </trkpt>
      <trkpt lat="45.8904659" lon="126.6000183">
        <ele>120.04417</ele>
        <time>2026-10-02T07:54:49Z</time>
      </trkpt>
      <trkpt lat="45.8903613" lon="126.6000709">
        <ele>120.07017</ele>
        <time>2026-10-02T07:54:53Z</time>
      </trkpt>
      <trkpt lat="45.8902634" lon="126.6001144">
        <ele>120.08004</ele>
        <time>2026-10-02T07:54:57Z</time>
      </trkpt>
      <trkpt lat="45.89017" lon="126.6001622">
        <ele>120.08064</ele>
        <time>2026-10-02T07:55:01Z</time>
      </trkpt>
      <trkpt lat="45.8900753" lon="126.6002123">
        <ele>120.09858</ele>
        <time>2026-10-02T07:55:05Z</time>
      </trkpt>
      <trkpt lat="45.889977" lon="126.6002558">
        <ele>120.14101</ele>
        <time>2026-10-02T07:55:09Z</time>
      </trkpt>
      <trkpt lat="45.8898804" lon="126.6002874">
        <ele>120.18282</ele>
        <time>2026-10-02T07:55:13Z</time>
      </trkpt>
      <trkpt lat="45.8897861" lon="126.6003271">
        <ele>120.20672</ele>
        <time>2026-10-02T07:55:17Z</time>
      </trkpt>
      <trkpt lat="45.8896868" lon="126.6003711">
        <ele>120.26433</ele>
        <time>2026-10-02T07:55:21Z</time>
      </trkpt>
      <trkpt lat="45.8895911" lon="126.6004138">
        <ele>120.38339</ele>
        <time>2026-10-02T07:55:25Z</time>
      </trkpt>
      <trkpt lat="45.8894993" lon="126.600454">
        <ele>120.47442</ele>
        <time>2026-10-02T07:55:29Z</time>
      </trkpt>
      <trkpt lat="45.889407" lon="126.6005005">
        <ele>120.5138</ele>
        <time>2026-10-02T07:55:33Z</time>
      </trkpt>
      <trkpt lat="45.8893125" lon="126.6005399">
        <ele>120.53568</ele>
        <time>2026-10-02T07:55:37Z</time>
      </trkpt>
      <trkpt lat="45.8892175" lon="126.6005893">
        <ele>120.54685</ele>
        <time>2026-10-02T07:55:41Z</time>
      </trkpt>
      <trkpt lat="45.8891232" lon="126.6006297">
        <ele>120.51561</ele>
        <time>2026-10-02T07:55:45Z</time>
      </trkpt>
      <trkpt lat="45.8890247" lon="126.6006626">
        <ele>120.34814</ele>
        <time>2026-10-02T07:55:52Z</time>
      </trkpt>
      <trkpt lat="45.8889345" lon="126.6006501">
        <ele>120.33573</ele>
        <time>2026-10-02T07:55:59Z</time>
      </trkpt>
      <trkpt lat="45.8888462" lon="126.6007142">
        <ele>120.19904</ele>
        <time>2026-10-02T07:56:07Z</time>
      </trkpt>
      <trkpt lat="45.8888394" lon="126.6008516">
        <ele>120.18723</ele>
        <time>2026-10-02T07:56:14Z</time>
      </trkpt>
      <trkpt lat="45.8888494" lon="126.6010078">
        <ele>120.5617</ele>
        <time>2026-10-02T07:56:20Z</time>
      </trkpt>
      <trkpt lat="45.8888912" lon="126.6011298">
        <ele>120.68331</ele>
        <time>2026-10-02T07:56:23Z</time>
      </trkpt>
      <trkpt lat="45.8889371" lon="126.6012426">
        <ele>120.6938</ele>
        <time>2026-10-02T07:56:26Z</time>
      </trkpt>
      <trkpt lat="45.889038" lon="126.6012981">
        <ele>120.71315</ele>
        <time>2026-10-02T07:56:31Z</time>
      </trkpt>
      <trkpt lat="45.8891297" lon="126.6012726">
        <ele>120.81698</ele>
        <time>2026-10-02T07:56:35Z</time>
      </trkpt>
      <trkpt lat="45.8892214" lon="126.6012292">
        <ele>120.82825</ele>
        <time>2026-10-02T07:56:39Z</time>
      </trkpt>
      <trkpt lat="45.889317" lon="126.6011894">
        <ele>120.73151</ele>
        <time>2026-10-02T07:56:43Z</time>
      </trkpt>
      <trkpt lat="45.889416" lon="126.6011413">
        <ele>120.59571</ele>
        <time>2026-10-02T07:56:47Z</time>
      </trkpt>
      <trkpt lat="45.8895197" lon="126.6010761">
        <ele>120.47597</ele>
        <time>2026-10-02T07:56:51Z</time>
      </trkpt>
      <trkpt lat="45.889625" lon="126.6010062">
        <ele>120.38934</ele>
        <time>2026-10-02T07:56:55Z</time>
      </trkpt>
      <trkpt lat="45.8897285" lon="126.6009444">
        <ele>120.31365</ele>
        <time>2026-10-02T07:56:59Z</time>
      </trkpt>
      <trkpt lat="45.8898294" lon="126.6008868">
        <ele>120.20488</ele>
        <time>2026-10-02T07:57:03Z</time>
      </trkpt>
      <trkpt lat="45.8899161" lon="126.6008303">
        <ele>120.04704</ele>
        <time>2026-10-02T07:57:07Z</time>
      </trkpt>
      <trkpt lat="45.8900115" lon="126.600776">
        <ele>119.9631</ele>
        <time>2026-10-02T07:57:11Z</time>
      </trkpt>
      <trkpt lat="45.8901097" lon="126.6007376">
        <ele>120.02298</ele>
        <time>2026-10-02T07:57:15Z</time>
      </trkpt>
      <trkpt lat="45.8902032" lon="126.6006852">
        <ele>120.04701</ele>
        <time>2026-10-02T07:57:19Z</time>
      </trkpt>
      <trkpt lat="45.8903004" lon="126.6006433">
        <ele>119.97268</ele>
        <time>2026-10-02T07:57:23Z</time>
      </trkpt>
      <trkpt lat="45.8903974" lon="126.6006045">
        <ele>119.9001</ele>
        <time>2026-10-02T07:57:27Z</time>
      </trkpt>
      <trkpt lat="45.8904919" lon="126.6005617">
        <ele>119.82282</ele>
        <time>2026-10-02T07:57:31Z</time>
      </trkpt>
      <trkpt lat="45.8905898" lon="126.6005063">
        <ele>119.79575</ele>
        <time>2026-10-02T07:57:35Z</time>
      </trkpt>
      <trkpt lat="45.8906914" lon="126.6004474">
        <ele>119.85973</ele>
        <time>2026-10-02T07:57:39Z</time>
      </trkpt>
      <trkpt lat="45.8907968" lon="126.6003993">
        <ele>119.86901</ele>
        <time>2026-10-02T07:57:43Z</time>
      </trkpt>
      <trkpt lat="45.8908999" lon="126.6003443">
        <ele>119.65004</ele>
        <time>2026-10-02T07:57:47Z</time>
      </trkpt>
      <trkpt lat="45.8910035" lon="126.6002881">
        <ele>119.32592</ele>
        <time>2026-10-02T07:57:51Z</time>
      </trkpt>
      <trkpt lat="45.8911083" lon="126.600241">
        <ele>119.17183</ele>
        <time>2026-10-02T07:57:55Z</time>
      </trkpt>
      <trkpt lat="45.8912167" lon="126.6001905">
        <ele>119.24112</ele>
        <time>2026-10-02T07:57:59Z</time>
      </trkpt>
      <trkpt lat="45.8913176" lon="126.6001365">
        <ele>119.3349</ele>
        <time>2026-10-02T07:58:03Z</time>
      </trkpt>
      <trkpt lat="45.891415" lon="126.6000892">
        <ele>119.33586</ele>
        <time>2026-10-02T07:58:07Z</time>
      </trkpt>
      <trkpt lat="45.8915135" lon="126.6000348">
        <ele>119.29072</ele>
        <time>2026-10-02T07:58:11Z</time>
      </trkpt>
      <trkpt lat="45.8916073" lon="126.5999861">
        <ele>119.28461</ele>
        <time>2026-10-02T07:58:15Z</time>
      </trkpt>
      <trkpt lat="45.8917032" lon="126.599929">
        <ele>119.37275</ele>
        <time>2026-10-02T07:58:19Z</time>
      </trkpt>
      <trkpt lat="45.8918058" lon="126.5998743">
        <ele>119.49979</ele>
        <time>2026-10-02T07:58:23Z</time>
      </trkpt>
      <trkpt lat="45.8919052" lon="126.5998246">
        <ele>119.55846</ele>
        <time>2026-10-02T07:58:27Z</time>
      </trkpt>
      <trkpt lat="45.8920053" lon="126.599775">
        <ele>119.53219</ele>
        <time>2026-10-02T07:58:31Z</time>
      </trkpt>
      <trkpt lat="45.8920995" lon="126.599727">
        <ele>119.52857</ele>
        <time>2026-10-02T07:58:35Z</time>
      </trkpt>
      <trkpt lat="45.8921942" lon="126.5996801">
        <ele>119.58736</ele>
        <time>2026-10-02T07:58:39Z</time>
      </trkpt>
      <trkpt lat="45.8922915" lon="126.5996289">
        <ele>119.67471</ele>
        <time>2026-10-02T07:58:43Z</time>
      </trkpt>
      <trkpt lat="45.8923913" lon="126.5995741">
        <ele>119.76709</ele>
        <time>2026-10-02T07:58:47Z</time>
      </trkpt>
      <trkpt lat="45.8924883" lon="126.5995179">
        <ele>119.8902</ele>
        <time>2026-10-02T07:58:51Z</time>
      </trkpt>
      <trkpt lat="45.8925846" lon="126.5994648">
        <ele>120.02779</ele>
        <time>2026-10-02T07:58:55Z</time>
      </trkpt>
      <trkpt lat="45.8926824" lon="126.5994192">
        <ele>120.06514</ele>
        <time>2026-10-02T07:58:59Z</time>
      </trkpt>
      <trkpt lat="45.8927845" lon="126.5994068">
        <ele>119.97929</ele>
        <time>2026-10-02T07:59:03Z</time>
      </trkpt>
      <trkpt lat="45.8928813" lon="126.5994867">
        <ele>119.83227</ele>
        <time>2026-10-02T07:59:07Z</time>
      </trkpt>
      <trkpt lat="45.8929164" lon="126.59965">
        <ele>119.72357</ele>
        <time>2026-10-02T07:59:11Z</time>
      </trkpt>
      <trkpt lat="45.8929274" lon="126.5997796">
        <ele>119.70401</ele>
        <time>2026-10-02T07:59:14Z</time>
      </trkpt>
      <trkpt lat="45.892938" lon="126.5999455">
        <ele>119.73384</ele>
        <time>2026-10-02T07:59:18Z</time>
      </trkpt>
      <trkpt lat="45.8929418" lon="126.6001056">
        <ele>119.78445</ele>
        <time>2026-10-02T07:59:22Z</time>
      </trkpt>
      <trkpt lat="45.8929418" lon="126.6002603">
        <ele>119.84324</ele>
        <time>2026-10-02T07:59:26Z</time>
      </trkpt>
      <trkpt lat="45.8929344" lon="126.6004062">
        <ele>119.89755</ele>
        <time>2026-10-02T07:59:30Z</time>
      </trkpt>
      <trkpt lat="45.8929286" lon="126.600547">
        <ele>119.95551</ele>
        <time>2026-10-02T07:59:34Z</time>
      </trkpt>
      <trkpt lat="45.8929269" lon="126.6006889">
        <ele>120.03748</ele>
        <time>2026-10-02T07:59:38Z</time>
      </trkpt>
      <trkpt lat="45.8929319" lon="126.6008382">
        <ele>120.11426</ele>
        <time>2026-10-02T07:59:42Z</time>
      </trkpt>
      <trkpt lat="45.8929313" lon="126.6009939">
        <ele>120.15145</ele>
        <time>2026-10-02T07:59:46Z</time>
      </trkpt>
      <trkpt lat="45.8929331" lon="126.6011494">
        <ele>120.16412</ele>
        <time>2026-10-02T07:59:50Z</time>
      </trkpt>
      <trkpt lat="45.8929364" lon="126.6012987">
        <ele>120.19388</ele>
        <time>2026-10-02T07:59:54Z</time>
      </trkpt>
      <trkpt lat="45.8929344" lon="126.6014493">
        <ele>120.22434</ele>
        <time>2026-10-02T07:59:58Z</time>
      </trkpt>
      <trkpt lat="45.8929344" lon="126.6015992">
        <ele>120.23354</ele>
        <time>2026-10-02T08:00:02Z</time>
      </trkpt>
      <trkpt lat="45.8929362" lon="126.6017505">
        <ele>120.24795</ele>
        <time>2026-10-02T08:00:06Z</time>
      </trkpt>
      <trkpt lat="45.8929368" lon="126.6019058">
        <ele>120.28673</ele>
        <time>2026-10-02T08:00:10Z</time>
      </trkpt>
      <trkpt lat="45.8929374" lon="126.6020617">
        <ele>120.33309</ele>
        <time>2026-10-02T08:00:14Z</time>
      </trkpt>
      <trkpt lat="45.8929352" lon="126.6022144">
        <ele>120.35541</ele>
        <time>2026-10-02T08:00:18Z</time>
      </trkpt>
      <trkpt lat="45.8929327" lon="126.6023681">
        <ele>120.34463</ele>
        <time>2026-10-02T08:00:22Z</time>
      </trkpt>
      <trkpt lat="45.8929279" lon="126.6025232">
        <ele>120.30628</ele>
        <time>2026-10-02T08:00:26Z</time>
      </trkpt>
      <trkpt lat="45.8929266" lon="126.6026736">
        <ele>120.25066</ele>
        <time>2026-10-02T08:00:30Z</time>
      </trkpt>
      <trkpt lat="45.8929286" lon="126.6028266">
        <ele>120.19057</ele>
        <time>2026-10-02T08:00:34Z</time>
      </trkpt>
      <trkpt lat="45.8929325" lon="126.6029779">
        <ele>120.14239</ele>
        <time>2026-10-02T08:00:38Z</time>
      </trkpt>
      <trkpt lat="45.892937" lon="126.6031303">
        <ele>120.10362</ele>
        <time>2026-10-02T08:00:42Z</time>
      </trkpt>
      <trkpt lat="45.8929376" lon="126.6032802">
        <ele>120.06944</ele>
        <time>2026-10-02T08:00:46Z</time>
      </trkpt>
      <trkpt lat="45.8929312" lon="126.6034287">
        <ele>120.08858</ele>
        <time>2026-10-02T08:00:50Z</time>
      </trkpt>
      <trkpt lat="45.8929235" lon="126.6035725">
        <ele>120.18821</ele>
        <time>2026-10-02T08:00:54Z</time>
      </trkpt>
      <trkpt lat="45.8929009" lon="126.6037134">
        <ele>120.26504</ele>
        <time>2026-10-02T08:00:58Z</time>
      </trkpt>
      <trkpt lat="45.8928812" lon="126.6038606">
        <ele>120.16798</ele>
        <time>2026-10-02T08:01:02Z</time>
      </trkpt>
      <trkpt lat="45.8928798" lon="126.6040162">
        <ele>119.93446</ele>
        <time>2026-10-02T08:01:06Z</time>
      </trkpt>
      <trkpt lat="45.8928753" lon="126.6041692">
        <ele>119.6834</ele>
        <time>2026-10-02T08:01:10Z</time>
      </trkpt>
      <trkpt lat="45.8928673" lon="126.6043216">
        <ele>119.49032</ele>
        <time>2026-10-02T08:01:14Z</time>
      </trkpt>
      <trkpt lat="45.8928569" lon="126.6044708">
        <ele>119.37891</ele>
        <time>2026-10-02T08:01:18Z</time>
      </trkpt>
      <trkpt lat="45.8928479" lon="126.6046191">
        <ele>119.31477</ele>
        <time>2026-10-02T08:01:22Z</time>
      </trkpt>
      <trkpt lat="45.8928461" lon="126.6047705">
        <ele>119.26123</ele>
        <time>2026-10-02T08:01:26Z</time>
      </trkpt>
      <trkpt lat="45.8928455" lon="126.6049239">
        <ele>119.22216</ele>
        <time>2026-10-02T08:01:30Z</time>
      </trkpt>
      <trkpt lat="45.8928449" lon="126.605075">
        <ele>119.22323</ele>
        <time>2026-10-02T08:01:34Z</time>
      </trkpt>
      <trkpt lat="45.8928477" lon="126.6052339">
        <ele>119.25212</ele>
        <time>2026-10-02T08:01:38Z</time>
      </trkpt>
      <trkpt lat="45.8928503" lon="126.6053941">
        <ele>119.31015</ele>
        <time>2026-10-02T08:01:42Z</time>
      </trkpt>
      <trkpt lat="45.8928466" lon="126.6055429">
        <ele>119.38124</ele>
        <time>2026-10-02T08:01:46Z</time>
      </trkpt>
      <trkpt lat="45.8928563" lon="126.6056711">
        <ele>119.42564</ele>
        <time>2026-10-02T08:01:50Z</time>
      </trkpt>
      <trkpt lat="45.8928724" lon="126.6056912">
        <ele>119.40948</ele>
        <time>2026-10-02T08:01:53Z</time>
      </trkpt>
      <trkpt lat="45.8929097" lon="126.605812">
        <ele>119.27172</ele>
        <time>2026-10-02T08:01:59Z</time>
      </trkpt>
      <trkpt lat="45.8929018" lon="126.6059568">
        <ele>119.22422</ele>
        <time>2026-10-02T08:02:03Z</time>
      </trkpt>
      <trkpt lat="45.8929022" lon="126.606089">
        <ele>119.21368</ele>
        <time>2026-10-02T08:02:07Z</time>
      </trkpt>
      <trkpt lat="45.8929077" lon="126.6062445">
        <ele>119.2355</ele>
        <time>2026-10-02T08:02:12Z</time>
      </trkpt>
      <trkpt lat="45.8928989" lon="126.6063849">
        <ele>119.33006</ele>
        <time>2026-10-02T08:02:16Z</time>
      </trkpt>
      <trkpt lat="45.8929043" lon="126.6065409">
        <ele>119.4266</ele>
        <time>2026-10-02T08:02:20Z</time>
      </trkpt>
      <trkpt lat="45.8929048" lon="126.6066983">
        <ele>119.43994</ele>
        <time>2026-10-02T08:02:24Z</time>
      </trkpt>
      <trkpt lat="45.8928979" lon="126.6068624">
        <ele>119.41643</ele>
        <time>2026-10-02T08:02:28Z</time>
      </trkpt>
      <trkpt lat="45.8928858" lon="126.6070243">
        <ele>119.43214</ele>
        <time>2026-10-02T08:02:32Z</time>
      </trkpt>
      <trkpt lat="45.8928786" lon="126.6071866">
        <ele>119.49208</ele>
        <time>2026-10-02T08:02:36Z</time>
      </trkpt>
      <trkpt lat="45.8928787" lon="126.6073457">
        <ele>119.5254</ele>
        <time>2026-10-02T08:02:40Z</time>
      </trkpt>
      <trkpt lat="45.8928774" lon="126.607506">
        <ele>119.52995</ele>
        <time>2026-10-02T08:02:44Z</time>
      </trkpt>
      <trkpt lat="45.8928744" lon="126.6076666">
        <ele>119.57836</ele>
        <time>2026-10-02T08:02:48Z</time>
      </trkpt>
      <trkpt lat="45.8928689" lon="126.6078309">
        <ele>119.66434</ele>
        <time>2026-10-02T08:02:52Z</time>
      </trkpt>
      <trkpt lat="45.8928659" lon="126.6079938">
        <ele>119.7681</ele>
        <time>2026-10-02T08:02:56Z</time>
      </trkpt>
      <trkpt lat="45.8928664" lon="126.6081613">
        <ele>119.91486</ele>
        <time>2026-10-02T08:03:00Z</time>
      </trkpt>
      <trkpt lat="45.8928664" lon="126.6083286">
        <ele>120.07795</ele>
        <time>2026-10-02T08:03:04Z</time>
      </trkpt>
      <trkpt lat="45.8928669" lon="126.6084962">
        <ele>120.18221</ele>
        <time>2026-10-02T08:03:07.999000Z</time>
      </trkpt>
      <trkpt lat="45.8928668" lon="126.6086642">
        <ele>120.20214</ele>
        <time>2026-10-02T08:03:11.999000Z</time>
      </trkpt>
      <trkpt lat="45.8928705" lon="126.6088274">
        <ele>120.23401</ele>
        <time>2026-10-02T08:03:15.999000Z</time>
      </trkpt>
      <trkpt lat="45.8928733" lon="126.6089941">
        <ele>120.35579</ele>
        <time>2026-10-02T08:03:20Z</time>
      </trkpt>
      <trkpt lat="45.8928757" lon="126.6091568">
        <ele>120.4823</ele>
        <time>2026-10-02T08:03:24Z</time>
      </trkpt>
      <trkpt lat="45.8928742" lon="126.6093204">
        <ele>120.52375</ele>
        <time>2026-10-02T08:03:28Z</time>
      </trkpt>
      <trkpt lat="45.8928709" lon="126.6094827">
        <ele>120.51237</ele>
        <time>2026-10-02T08:03:32Z</time>
      </trkpt>
      <trkpt lat="45.892865" lon="126.6096477">
        <ele>120.49713</ele>
        <time>2026-10-02T08:03:36Z</time>
      </trkpt>
      <trkpt lat="45.8928695" lon="126.6098064">
        <ele>120.56418</ele>
        <time>2026-10-02T08:03:40Z</time>
      </trkpt>
      <trkpt lat="45.8928784" lon="126.6099728">
        <ele>120.76476</ele>
        <time>2026-10-02T08:03:44Z</time>
      </trkpt>
      <trkpt lat="45.8928828" lon="126.6101392">
        <ele>120.9708</ele>
        <time>2026-10-02T08:03:48Z</time>
      </trkpt>
      <trkpt lat="45.8928871" lon="126.6103011">
        <ele>121.07444</ele>
        <time>2026-10-02T08:03:52Z</time>
      </trkpt>
      <trkpt lat="45.8928964" lon="126.6104677">
        <ele>121.11792</ele>
        <time>2026-10-02T08:03:56Z</time>
      </trkpt>
      <trkpt lat="45.8929077" lon="126.6106307">
        <ele>121.13025</ele>
        <time>2026-10-02T08:04:00Z</time>
      </trkpt>
      <trkpt lat="45.8929166" lon="126.6107863">
        <ele>121.10046</ele>
        <time>2026-10-02T08:04:04Z</time>
      </trkpt>
      <trkpt lat="45.8929192" lon="126.6109445">
        <ele>121.0202</ele>
        <time>2026-10-02T08:04:08Z</time>
      </trkpt>
      <trkpt lat="45.8929044" lon="126.6111071">
        <ele>120.90077</ele>
        <time>2026-10-02T08:04:12Z</time>
      </trkpt>
      <trkpt lat="45.8928902" lon="126.6112597">
        <ele>120.77784</ele>
        <time>2026-10-02T08:04:16Z</time>
      </trkpt>
      <trkpt lat="45.892882" lon="126.6114137">
        <ele>120.66507</ele>
        <time>2026-10-02T08:04:20Z</time>
      </trkpt>
      <trkpt lat="45.8928721" lon="126.6115724">
        <ele>120.5608</ele>
        <time>2026-10-02T08:04:24Z</time>
      </trkpt>
      <trkpt lat="45.8928647" lon="126.6117339">
        <ele>120.50206</ele>
        <time>2026-10-02T08:04:28Z</time>
      </trkpt>
      <trkpt lat="45.8928597" lon="126.6119004">
        <ele>120.49076</ele>
        <time>2026-10-02T08:04:32Z</time>
      </trkpt>
      <trkpt lat="45.8928565" lon="126.6120651">
        <ele>120.47457</ele>
        <time>2026-10-02T08:04:36Z</time>
      </trkpt>
      <trkpt lat="45.8928574" lon="126.6122304">
        <ele>120.41444</ele>
        <time>2026-10-02T08:04:40Z</time>
      </trkpt>
      <trkpt lat="45.89286" lon="126.6123985">
        <ele>120.31748</ele>
        <time>2026-10-02T08:04:44Z</time>
      </trkpt>
      <trkpt lat="45.8928636" lon="126.6125628">
        <ele>120.18993</ele>
        <time>2026-10-02T08:04:48Z</time>
      </trkpt>
      <trkpt lat="45.8928663" lon="126.6127302">
        <ele>120.05599</ele>
        <time>2026-10-02T08:04:52Z</time>
      </trkpt>
      <trkpt lat="45.8928656" lon="126.612896">
        <ele>119.94063</ele>
        <time>2026-10-02T08:04:56Z</time>
      </trkpt>
      <trkpt lat="45.8928619" lon="126.613059">
        <ele>119.82904</ele>
        <time>2026-10-02T08:05:00Z</time>
      </trkpt>
      <trkpt lat="45.8928606" lon="126.6132238">
        <ele>119.76469</ele>
        <time>2026-10-02T08:05:04Z</time>
      </trkpt>
      <trkpt lat="45.8928555" lon="126.6133902">
        <ele>119.74149</ele>
        <time>2026-10-02T08:05:08Z</time>
      </trkpt>
      <trkpt lat="45.8928536" lon="126.6135569">
        <ele>119.69375</ele>
        <time>2026-10-02T08:05:12Z</time>
      </trkpt>
      <trkpt lat="45.8928516" lon="126.613728">
        <ele>119.62562</ele>
        <time>2026-10-02T08:05:16Z</time>
      </trkpt>
      <trkpt lat="45.8928497" lon="126.6138879">
        <ele>119.58513</ele>
        <time>2026-10-02T08:05:20Z</time>
      </trkpt>
      <trkpt lat="45.8928522" lon="126.6140442">
        <ele>119.58536</ele>
        <time>2026-10-02T08:05:24Z</time>
      </trkpt>
      <trkpt lat="45.8928536" lon="126.6142017">
        <ele>119.59213</ele>
        <time>2026-10-02T08:05:28Z</time>
      </trkpt>
      <trkpt lat="45.892853" lon="126.6143623">
        <ele>119.55293</ele>
        <time>2026-10-02T08:05:32Z</time>
      </trkpt>
      <trkpt lat="45.8928439" lon="126.6145252">
        <ele>119.46681</ele>
        <time>2026-10-02T08:05:36Z</time>
      </trkpt>
      <trkpt lat="45.8928435" lon="126.6146932">
        <ele>119.39107</ele>
        <time>2026-10-02T08:05:40Z</time>
      </trkpt>
      <trkpt lat="45.8928426" lon="126.6148589">
        <ele>119.33643</ele>
        <time>2026-10-02T08:05:44Z</time>
      </trkpt>
      <trkpt lat="45.892841" lon="126.615017">
        <ele>119.27488</ele>
        <time>2026-10-02T08:05:48Z</time>
      </trkpt>
      <trkpt lat="45.8928392" lon="126.6151702">
        <ele>119.20718</ele>
        <time>2026-10-02T08:05:52Z</time>
      </trkpt>
      <trkpt lat="45.8928347" lon="126.6153131">
        <ele>119.1507</ele>
        <time>2026-10-02T08:05:56Z</time>
      </trkpt>
      <trkpt lat="45.8928387" lon="126.6154457">
        <ele>119.12561</ele>
        <time>2026-10-02T08:06:00Z</time>
      </trkpt>
      <trkpt lat="45.8928361" lon="126.6155795">
        <ele>119.1123</ele>
        <time>2026-10-02T08:06:04Z</time>
      </trkpt>
      <trkpt lat="45.8928261" lon="126.6157389">
        <ele>119.0743</ele>
        <time>2026-10-02T08:06:08Z</time>
      </trkpt>
      <trkpt lat="45.8928246" lon="126.6159069">
        <ele>119.08266</ele>
        <time>2026-10-02T08:06:12Z</time>
      </trkpt>
      <trkpt lat="45.8928304" lon="126.6160734">
        <ele>119.23401</ele>
        <time>2026-10-02T08:06:16Z</time>
      </trkpt>
      <trkpt lat="45.8928316" lon="126.616237">
        <ele>119.38773</ele>
        <time>2026-10-02T08:06:20Z</time>
      </trkpt>
      <trkpt lat="45.8928346" lon="126.616396">
        <ele>119.40931</ele>
        <time>2026-10-02T08:06:24Z</time>
      </trkpt>
      <trkpt lat="45.8928361" lon="126.6165497">
        <ele>119.42084</ele>
        <time>2026-10-02T08:06:28Z</time>
      </trkpt>
      <trkpt lat="45.8928327" lon="126.6167116">
        <ele>119.43653</ele>
        <time>2026-10-02T08:06:32Z</time>
      </trkpt>
      <trkpt lat="45.8928312" lon="126.6168768">
        <ele>119.43887</ele>
        <time>2026-10-02T08:06:36Z</time>
      </trkpt>
      <trkpt lat="45.8928316" lon="126.6170376">
        <ele>119.44801</ele>
        <time>2026-10-02T08:06:40Z</time>
      </trkpt>
      <trkpt lat="45.8928313" lon="126.6171961">
        <ele>119.50449</ele>
        <time>2026-10-02T08:06:44Z</time>
      </trkpt>
      <trkpt lat="45.8928311" lon="126.6173568">
        <ele>119.61669</ele>
        <time>2026-10-02T08:06:48Z</time>
      </trkpt>
      <trkpt lat="45.892829" lon="126.6175203">
        <ele>119.73319</ele>
        <time>2026-10-02T08:06:52Z</time>
      </trkpt>
      <trkpt lat="45.8928289" lon="126.6176888">
        <ele>119.80815</ele>
        <time>2026-10-02T08:06:56Z</time>
      </trkpt>
      <trkpt lat="45.8928287" lon="126.6178424">
        <ele>119.83956</ele>
        <time>2026-10-02T08:07:00Z</time>
      </trkpt>
      <trkpt lat="45.892825" lon="126.6179981">
        <ele>119.82949</ele>
        <time>2026-10-02T08:07:04Z</time>
      </trkpt>
      <trkpt lat="45.8928223" lon="126.6181538">
        <ele>119.8179</ele>
        <time>2026-10-02T08:07:08Z</time>
      </trkpt>
      <trkpt lat="45.8928232" lon="126.6183148">
        <ele>119.84354</ele>
        <time>2026-10-02T08:07:12Z</time>
      </trkpt>
      <trkpt lat="45.8928233" lon="126.6184785">
        <ele>119.88033</ele>
        <time>2026-10-02T08:07:16Z</time>
      </trkpt>
      <trkpt lat="45.8928225" lon="126.6186403">
        <ele>119.87106</ele>
        <time>2026-10-02T08:07:20Z</time>
      </trkpt>
      <trkpt lat="45.8928199" lon="126.6188033">
        <ele>119.81273</ele>
        <time>2026-10-02T08:07:24Z</time>
      </trkpt>
      <trkpt lat="45.8928198" lon="126.6189604">
        <ele>119.74436</ele>
        <time>2026-10-02T08:07:28Z</time>
      </trkpt>
      <trkpt lat="45.892822" lon="126.6191231">
        <ele>119.67726</ele>
        <time>2026-10-02T08:07:32Z</time>
      </trkpt>
      <trkpt lat="45.8928228" lon="126.6192866">
        <ele>119.59832</ele>
        <time>2026-10-02T08:07:36Z</time>
      </trkpt>
      <trkpt lat="45.8928192" lon="126.619451">
        <ele>119.52655</ele>
        <time>2026-10-02T08:07:40Z</time>
      </trkpt>
      <trkpt lat="45.8928187" lon="126.6196136">
        <ele>119.50577</ele>
        <time>2026-10-02T08:07:44Z</time>
      </trkpt>
      <trkpt lat="45.892817" lon="126.6197754">
        <ele>119.51563</ele>
        <time>2026-10-02T08:07:48Z</time>
      </trkpt>
      <trkpt lat="45.8928148" lon="126.619934">
        <ele>119.49526</ele>
        <time>2026-10-02T08:07:52Z</time>
      </trkpt>
      <trkpt lat="45.8928162" lon="126.6200943">
        <ele>119.43521</ele>
        <time>2026-10-02T08:07:56Z</time>
      </trkpt>
      <trkpt lat="45.8928198" lon="126.6202489">
        <ele>119.36766</ele>
        <time>2026-10-02T08:08:00Z</time>
      </trkpt>
      <trkpt lat="45.8928151" lon="126.6204015">
        <ele>119.28183</ele>
        <time>2026-10-02T08:08:04Z</time>
      </trkpt>
      <trkpt lat="45.8928121" lon="126.6205519">
        <ele>119.21232</ele>
        <time>2026-10-02T08:08:08Z</time>
      </trkpt>
      <trkpt lat="45.8928166" lon="126.6207044">
        <ele>119.24565</ele>
        <time>2026-10-02T08:08:12Z</time>
      </trkpt>
      <trkpt lat="45.8928154" lon="126.6208526">
        <ele>119.32492</ele>
        <time>2026-10-02T08:08:16Z</time>
      </trkpt>
      <trkpt lat="45.8928164" lon="126.6209999">
        <ele>119.33954</ele>
        <time>2026-10-02T08:08:20Z</time>
      </trkpt>
      <trkpt lat="45.8928191" lon="126.6211438">
        <ele>119.27833</ele>
        <time>2026-10-02T08:08:24Z</time>
      </trkpt>
      <trkpt lat="45.8928198" lon="126.6212945">
        <ele>119.23139</ele>
        <time>2026-10-02T08:08:28Z</time>
      </trkpt>
      <trkpt lat="45.8928149" lon="126.621442">
        <ele>119.28168</ele>
        <time>2026-10-02T08:08:32Z</time>
      </trkpt>
      <trkpt lat="45.8928118" lon="126.6215928">
        <ele>119.36862</ele>
        <time>2026-10-02T08:08:36Z</time>
      </trkpt>
      <trkpt lat="45.89281" lon="126.621741">
        <ele>119.42688</ele>
        <time>2026-10-02T08:08:40Z</time>
      </trkpt>
      <trkpt lat="45.89281" lon="126.6218885">
        <ele>119.44473</ele>
        <time>2026-10-02T08:08:44Z</time>
      </trkpt>
      <trkpt lat="45.89281" lon="126.6220372">
        <ele>119.45629</ele>
        <time>2026-10-02T08:08:48Z</time>
      </trkpt>
      <trkpt lat="45.892805" lon="126.6221839">
        <ele>119.49825</ele>
        <time>2026-10-02T08:08:52Z</time>
      </trkpt>
      <trkpt lat="45.8927998" lon="126.6223309">
        <ele>119.55824</ele>
        <time>2026-10-02T08:08:56Z</time>
      </trkpt>
      <trkpt lat="45.8927965" lon="126.6224807">
        <ele>119.58453</ele>
        <time>2026-10-02T08:09:00Z</time>
      </trkpt>
      <trkpt lat="45.8927907" lon="126.6226264">
        <ele>119.56195</ele>
        <time>2026-10-02T08:09:04Z</time>
      </trkpt>
      <trkpt lat="45.8927864" lon="126.6227698">
        <ele>119.54023</ele>
        <time>2026-10-02T08:09:08Z</time>
      </trkpt>
      <trkpt lat="45.8927814" lon="126.6229193">
        <ele>119.56422</ele>
        <time>2026-10-02T08:09:12Z</time>
      </trkpt>
      <trkpt lat="45.8927763" lon="126.6230671">
        <ele>119.59244</ele>
        <time>2026-10-02T08:09:16Z</time>
      </trkpt>
      <trkpt lat="45.8927717" lon="126.6232152">
        <ele>119.61762</ele>
        <time>2026-10-02T08:09:20Z</time>
      </trkpt>
      <trkpt lat="45.8927735" lon="126.6233614">
        <ele>119.66133</ele>
        <time>2026-10-02T08:09:24Z</time>
      </trkpt>
      <trkpt lat="45.8927766" lon="126.6235113">
        <ele>119.70137</ele>
        <time>2026-10-02T08:09:28Z</time>
      </trkpt>
      <trkpt lat="45.8927866" lon="126.6236552">
        <ele>119.68625</ele>
        <time>2026-10-02T08:09:32Z</time>
      </trkpt>
      <trkpt lat="45.8927922" lon="126.6238128">
        <ele>119.62649</ele>
        <time>2026-10-02T08:09:36Z</time>
      </trkpt>
      <trkpt lat="45.8927919" lon="126.6239702">
        <ele>119.61199</ele>
        <time>2026-10-02T08:09:40Z</time>
      </trkpt>
      <trkpt lat="45.8927893" lon="126.6241263">
        <ele>119.61604</ele>
        <time>2026-10-02T08:09:44Z</time>
      </trkpt>
      <trkpt lat="45.8927879" lon="126.6242813">
        <ele>119.59951</ele>
        <time>2026-10-02T08:09:48Z</time>
      </trkpt>
      <trkpt lat="45.8927857" lon="126.624437">
        <ele>119.57065</ele>
        <time>2026-10-02T08:09:52Z</time>
      </trkpt>
      <trkpt lat="45.8927878" lon="126.6245893">
        <ele>119.51082</ele>
        <time>2026-10-02T08:09:56Z</time>
      </trkpt>
      <trkpt lat="45.8927914" lon="126.6247412">
        <ele>119.41258</ele>
        <time>2026-10-02T08:10:00Z</time>
      </trkpt>
      <trkpt lat="45.892798" lon="126.6248892">
        <ele>119.28927</ele>
        <time>2026-10-02T08:10:04Z</time>
      </trkpt>
      <trkpt lat="45.8927836" lon="126.6250291">
        <ele>119.15796</ele>
        <time>2026-10-02T08:10:08Z</time>
      </trkpt>
      <trkpt lat="45.8927809" lon="126.6251782">
        <ele>119.03235</ele>
        <time>2026-10-02T08:10:12Z</time>
      </trkpt>
      <trkpt lat="45.8927794" lon="126.6253205">
        <ele>118.97675</ele>
        <time>2026-10-02T08:10:16Z</time>
      </trkpt>
      <trkpt lat="45.8927724" lon="126.6254602">
        <ele>118.9863</ele>
        <time>2026-10-02T08:10:20Z</time>
      </trkpt>
      <trkpt lat="45.8927521" lon="126.6256064">
        <ele>119.03363</ele>
        <time>2026-10-02T08:10:25Z</time>
      </trkpt>
      <trkpt lat="45.8927435" lon="126.6255766">
        <ele>119.15534</ele>
        <time>2026-10-02T08:10:30Z</time>
      </trkpt>
      <trkpt lat="45.8927392" lon="126.6254303">
        <ele>119.39135</ele>
        <time>2026-10-02T08:10:34Z</time>
      </trkpt>
      <trkpt lat="45.892736" lon="126.6252912">
        <ele>119.73266</ele>
        <time>2026-10-02T08:10:38Z</time>
      </trkpt>
      <trkpt lat="45.892737" lon="126.625155">
        <ele>120.0111</ele>
        <time>2026-10-02T08:10:42Z</time>
      </trkpt>
      <trkpt lat="45.8927401" lon="126.6250153">
        <ele>120.06077</ele>
        <time>2026-10-02T08:10:46Z</time>
      </trkpt>
      <trkpt lat="45.8927526" lon="126.6248532">
        <ele>119.97015</ele>
        <time>2026-10-02T08:10:50Z</time>
      </trkpt>
      <trkpt lat="45.8927596" lon="126.6246892">
        <ele>120.04025</ele>
        <time>2026-10-02T08:10:54Z</time>
      </trkpt>
      <trkpt lat="45.8927647" lon="126.6245315">
        <ele>120.15252</ele>
        <time>2026-10-02T08:10:58Z</time>
      </trkpt>
      <trkpt lat="45.8927691" lon="126.6243776">
        <ele>120.2012</ele>
        <time>2026-10-02T08:11:02Z</time>
      </trkpt>
      <trkpt lat="45.89277" lon="126.6242234">
        <ele>120.25489</ele>
        <time>2026-10-02T08:11:06Z</time>
      </trkpt>
      <trkpt lat="45.8927698" lon="126.6240682">
        <ele>120.36746</ele>
        <time>2026-10-02T08:11:10Z</time>
      </trkpt>
      <trkpt lat="45.892772" lon="126.6239159">
        <ele>120.39164</ele>
        <time>2026-10-02T08:11:14Z</time>
      </trkpt>
      <trkpt lat="45.892768" lon="126.6237659">
        <ele>120.27641</ele>
        <time>2026-10-02T08:11:18Z</time>
      </trkpt>
      <trkpt lat="45.8927504" lon="126.6236098">
        <ele>120.13679</ele>
        <time>2026-10-02T08:11:23Z</time>
      </trkpt>
      <trkpt lat="45.8927534" lon="126.6234611">
        <ele>120.13733</ele>
        <time>2026-10-02T08:11:27Z</time>
      </trkpt>
      <trkpt lat="45.8927565" lon="126.6233057">
        <ele>120.23256</ele>
        <time>2026-10-02T08:11:31Z</time>
      </trkpt>
      <trkpt lat="45.8927601" lon="126.6231535">
        <ele>120.2669</ele>
        <time>2026-10-02T08:11:35Z</time>
      </trkpt>
      <trkpt lat="45.8927604" lon="126.6230045">
        <ele>120.23834</ele>
        <time>2026-10-02T08:11:39Z</time>
      </trkpt>
      <trkpt lat="45.8927604" lon="126.6228568">
        <ele>120.26635</ele>
        <time>2026-10-02T08:11:43Z</time>
      </trkpt>
      <trkpt lat="45.89276" lon="126.6227086">
        <ele>120.31737</ele>
        <time>2026-10-02T08:11:47Z</time>
      </trkpt>
      <trkpt lat="45.8927543" lon="126.6225772">
        <ele>120.30279</ele>
        <time>2026-10-02T08:11:51Z</time>
      </trkpt>
      <trkpt lat="45.8927602" lon="126.6224344">
        <ele>120.14508</ele>
        <time>2026-10-02T08:11:56Z</time>
      </trkpt>
      <trkpt lat="45.8928293" lon="126.6223342">
        <ele>119.72738</ele>
        <time>2026-10-02T08:12:05Z</time>
      </trkpt>
      <trkpt lat="45.8929284" lon="126.6223636">
        <ele>119.64627</ele>
        <time>2026-10-02T08:12:11Z</time>
      </trkpt>
      <trkpt lat="45.8930249" lon="126.622398">
        <ele>119.57461</ele>
        <time>2026-10-02T08:12:18Z</time>
      </trkpt>
      <trkpt lat="45.8931199" lon="126.6223263">
        <ele>119.61995</ele>
        <time>2026-10-02T08:12:22Z</time>
      </trkpt>
      <trkpt lat="45.8931665" lon="126.6221842">
        <ele>119.69339</ele>
        <time>2026-10-02T08:12:26Z</time>
      </trkpt>
      <trkpt lat="45.8931646" lon="126.6220126">
        <ele>119.64002</ele>
        <time>2026-10-02T08:12:30Z</time>
      </trkpt>
      <trkpt lat="45.8931633" lon="126.6218823">
        <ele>119.57563</ele>
        <time>2026-10-02T08:12:33Z</time>
      </trkpt>
      <trkpt lat="45.8931627" lon="126.6217175">
        <ele>119.52032</ele>
        <time>2026-10-02T08:12:37Z</time>
      </trkpt>
      <trkpt lat="45.8931663" lon="126.6215547">
        <ele>119.47902</ele>
        <time>2026-10-02T08:12:41Z</time>
      </trkpt>
      <trkpt lat="45.8931723" lon="126.6213908">
        <ele>119.46891</ele>
        <time>2026-10-02T08:12:45Z</time>
      </trkpt>
      <trkpt lat="45.8931744" lon="126.6212191">
        <ele>119.46572</ele>
        <time>2026-10-02T08:12:49Z</time>
      </trkpt>
      <trkpt lat="45.8931801" lon="126.6210584">
        <ele>119.4436</ele>
        <time>2026-10-02T08:12:53Z</time>
      </trkpt>
      <trkpt lat="45.89318" lon="126.6209013">
        <ele>119.40724</ele>
        <time>2026-10-02T08:12:57Z</time>
      </trkpt>
      <trkpt lat="45.8931851" lon="126.6207452">
        <ele>119.35329</ele>
        <time>2026-10-02T08:13:01Z</time>
      </trkpt>
      <trkpt lat="45.8931847" lon="126.6205853">
        <ele>119.33843</ele>
        <time>2026-10-02T08:13:05Z</time>
      </trkpt>
      <trkpt lat="45.8931885" lon="126.6204297">
        <ele>119.41086</ele>
        <time>2026-10-02T08:13:09Z</time>
      </trkpt>
      <trkpt lat="45.8931956" lon="126.6202698">
        <ele>119.5421</ele>
        <time>2026-10-02T08:13:13Z</time>
      </trkpt>
      <trkpt lat="45.8932067" lon="126.620114">
        <ele>119.61226</ele>
        <time>2026-10-02T08:13:17Z</time>
      </trkpt>
      <trkpt lat="45.8932092" lon="126.619959">
        <ele>119.60284</ele>
        <time>2026-10-02T08:13:21Z</time>
      </trkpt>
      <trkpt lat="45.8932085" lon="126.6198102">
        <ele>119.71445</ele>
        <time>2026-10-02T08:13:25Z</time>
      </trkpt>
      <trkpt lat="45.8932059" lon="126.6196572">
        <ele>119.84061</ele>
        <time>2026-10-02T08:13:29Z</time>
      </trkpt>
      <trkpt lat="45.893207" lon="126.6194991">
        <ele>119.8159</ele>
        <time>2026-10-02T08:13:33Z</time>
      </trkpt>
      <trkpt lat="45.8932115" lon="126.6193446">
        <ele>119.80165</ele>
        <time>2026-10-02T08:13:37Z</time>
      </trkpt>
      <trkpt lat="45.8932098" lon="126.6191895">
        <ele>119.93378</ele>
        <time>2026-10-02T08:13:41Z</time>
      </trkpt>
      <trkpt lat="45.8932063" lon="126.6190374">
        <ele>120.05051</ele>
        <time>2026-10-02T08:13:45Z</time>
      </trkpt>
      <trkpt lat="45.8932083" lon="126.6188814">
        <ele>120.07232</ele>
        <time>2026-10-02T08:13:49Z</time>
      </trkpt>
      <trkpt lat="45.8932132" lon="126.6187328">
        <ele>120.07189</ele>
        <time>2026-10-02T08:13:53Z</time>
      </trkpt>
      <trkpt lat="45.8932087" lon="126.6185891">
        <ele>120.10315</ele>
        <time>2026-10-02T08:13:57Z</time>
      </trkpt>
      <trkpt lat="45.8932065" lon="126.6184542">
        <ele>120.08804</ele>
        <time>2026-10-02T08:14:01Z</time>
      </trkpt>
      <trkpt lat="45.8932054" lon="126.6183051">
        <ele>119.97863</ele>
        <time>2026-10-02T08:14:05Z</time>
      </trkpt>
      <trkpt lat="45.893211" lon="126.6181592">
        <ele>119.86553</ele>
        <time>2026-10-02T08:14:09Z</time>
      </trkpt>
      <trkpt lat="45.8932123" lon="126.6180138">
        <ele>119.80283</ele>
        <time>2026-10-02T08:14:13Z</time>
      </trkpt>
      <trkpt lat="45.8932168" lon="126.6178646">
        <ele>119.76448</ele>
        <time>2026-10-02T08:14:17Z</time>
      </trkpt>
      <trkpt lat="45.8932197" lon="126.6177148">
        <ele>119.72347</ele>
        <time>2026-10-02T08:14:21Z</time>
      </trkpt>
      <trkpt lat="45.8932208" lon="126.6175668">
        <ele>119.68125</ele>
        <time>2026-10-02T08:14:25Z</time>
      </trkpt>
      <trkpt lat="45.8932206" lon="126.6174219">
        <ele>119.71899</ele>
        <time>2026-10-02T08:14:29Z</time>
      </trkpt>
      <trkpt lat="45.8932195" lon="126.6172802">
        <ele>119.85232</ele>
        <time>2026-10-02T08:14:33Z</time>
      </trkpt>
      <trkpt lat="45.8932165" lon="126.6171292">
        <ele>119.86849</ele>
        <time>2026-10-02T08:14:37Z</time>
      </trkpt>
      <trkpt lat="45.8932203" lon="126.6169793">
        <ele>119.72826</ele>
        <time>2026-10-02T08:14:41Z</time>
      </trkpt>
      <trkpt lat="45.8932237" lon="126.6168305">
        <ele>119.59744</ele>
        <time>2026-10-02T08:14:45Z</time>
      </trkpt>
      <trkpt lat="45.893225" lon="126.6166781">
        <ele>119.55538</ele>
        <time>2026-10-02T08:14:49Z</time>
      </trkpt>
      <trkpt lat="45.8932265" lon="126.6165217">
        <ele>119.54248</ele>
        <time>2026-10-02T08:14:53Z</time>
      </trkpt>
      <trkpt lat="45.8932291" lon="126.6163683">
        <ele>119.48919</ele>
        <time>2026-10-02T08:14:57Z</time>
      </trkpt>
      <trkpt lat="45.893228" lon="126.6162162">
        <ele>119.42895</ele>
        <time>2026-10-02T08:15:01Z</time>
      </trkpt>
      <trkpt lat="45.8932241" lon="126.6160708">
        <ele>119.40468</ele>
        <time>2026-10-02T08:15:05Z</time>
      </trkpt>
      <trkpt lat="45.8932332" lon="126.6159397">
        <ele>119.35027</ele>
        <time>2026-10-02T08:15:09Z</time>
      </trkpt>
      <trkpt lat="45.8932478" lon="126.6157946">
        <ele>119.25199</ele>
        <time>2026-10-02T08:15:13Z</time>
      </trkpt>
      <trkpt lat="45.8932542" lon="126.6156474">
        <ele>119.15264</ele>
        <time>2026-10-02T08:15:17Z</time>
      </trkpt>
      <trkpt lat="45.8932285" lon="126.6154958">
        <ele>119.05853</ele>
        <time>2026-10-02T08:15:21Z</time>
      </trkpt>
      <trkpt lat="45.8932205" lon="126.6153495">
        <ele>118.99238</ele>
        <time>2026-10-02T08:15:25Z</time>
      </trkpt>
      <trkpt lat="45.8932253" lon="126.6152">
        <ele>118.96709</ele>
        <time>2026-10-02T08:15:29Z</time>
      </trkpt>
      <trkpt lat="45.8932249" lon="126.6150468">
        <ele>118.94524</ele>
        <time>2026-10-02T08:15:33Z</time>
      </trkpt>
      <trkpt lat="45.8932282" lon="126.6148973">
        <ele>118.92864</ele>
        <time>2026-10-02T08:15:37Z</time>
      </trkpt>
      <trkpt lat="45.8932258" lon="126.6147477">
        <ele>118.93062</ele>
        <time>2026-10-02T08:15:41Z</time>
      </trkpt>
      <trkpt lat="45.8932273" lon="126.6145966">
        <ele>119.00368</ele>
        <time>2026-10-02T08:15:45Z</time>
      </trkpt>
      <trkpt lat="45.8932316" lon="126.6144396">
        <ele>119.16344</ele>
        <time>2026-10-02T08:15:49Z</time>
      </trkpt>
      <trkpt lat="45.8932315" lon="126.6142829">
        <ele>119.31665</ele>
        <time>2026-10-02T08:15:53Z</time>
      </trkpt>
      <trkpt lat="45.8932341" lon="126.6141256">
        <ele>119.41141</ele>
        <time>2026-10-02T08:15:57Z</time>
      </trkpt>
      <trkpt lat="45.8932316" lon="126.6139711">
        <ele>119.51957</ele>
        <time>2026-10-02T08:16:01Z</time>
      </trkpt>
      <trkpt lat="45.8932292" lon="126.6138172">
        <ele>119.65683</ele>
        <time>2026-10-02T08:16:05Z</time>
      </trkpt>
      <trkpt lat="45.8932285" lon="126.6136636">
        <ele>119.72844</ele>
        <time>2026-10-02T08:16:09Z</time>
      </trkpt>
      <trkpt lat="45.8932281" lon="126.6135145">
        <ele>119.74159</ele>
        <time>2026-10-02T08:16:13Z</time>
      </trkpt>
      <trkpt lat="45.8932287" lon="126.6133688">
        <ele>119.72213</ele>
        <time>2026-10-02T08:16:17Z</time>
      </trkpt>
      <trkpt lat="45.8932275" lon="126.6132159">
        <ele>119.70501</ele>
        <time>2026-10-02T08:16:21Z</time>
      </trkpt>
      <trkpt lat="45.8932252" lon="126.6130659">
        <ele>119.74696</ele>
        <time>2026-10-02T08:16:25Z</time>
      </trkpt>
      <trkpt lat="45.8932251" lon="126.6129115">
        <ele>119.81119</ele>
        <time>2026-10-02T08:16:29Z</time>
      </trkpt>
      <trkpt lat="45.8932248" lon="126.6127612">
        <ele>119.86318</ele>
        <time>2026-10-02T08:16:33Z</time>
      </trkpt>
      <trkpt lat="45.8932237" lon="126.61261">
        <ele>119.8613</ele>
        <time>2026-10-02T08:16:37Z</time>
      </trkpt>
      <trkpt lat="45.8932217" lon="126.6124631">
        <ele>119.83654</ele>
        <time>2026-10-02T08:16:41Z</time>
      </trkpt>
      <trkpt lat="45.8932194" lon="126.6123136">
        <ele>119.85322</ele>
        <time>2026-10-02T08:16:45Z</time>
      </trkpt>
      <trkpt lat="45.8932199" lon="126.6121659">
        <ele>119.92226</ele>
        <time>2026-10-02T08:16:49Z</time>
      </trkpt>
      <trkpt lat="45.8932271" lon="126.6120182">
        <ele>120.03126</ele>
        <time>2026-10-02T08:16:53Z</time>
      </trkpt>
      <trkpt lat="45.893231" lon="126.6118654">
        <ele>120.17128</ele>
        <time>2026-10-02T08:16:57Z</time>
      </trkpt>
      <trkpt lat="45.8932367" lon="126.6117151">
        <ele>120.29873</ele>
        <time>2026-10-02T08:17:01Z</time>
      </trkpt>
      <trkpt lat="45.8932376" lon="126.6115706">
        <ele>120.39913</ele>
        <time>2026-10-02T08:17:05Z</time>
      </trkpt>
      <trkpt lat="45.8932344" lon="126.6114255">
        <ele>120.5225</ele>
        <time>2026-10-02T08:17:09Z</time>
      </trkpt>
      <trkpt lat="45.8932365" lon="126.6112791">
        <ele>120.65653</ele>
        <time>2026-10-02T08:17:13Z</time>
      </trkpt>
      <trkpt lat="45.8932414" lon="126.611129">
        <ele>120.715</ele>
        <time>2026-10-02T08:17:17Z</time>
      </trkpt>
      <trkpt lat="45.893239" lon="126.610989">
        <ele>120.71985</ele>
        <time>2026-10-02T08:17:21Z</time>
      </trkpt>
      <trkpt lat="45.8932383" lon="126.6108376">
        <ele>120.72989</ele>
        <time>2026-10-02T08:17:25Z</time>
      </trkpt>
      <trkpt lat="45.8932399" lon="126.610682">
        <ele>120.75682</ele>
        <time>2026-10-02T08:17:29Z</time>
      </trkpt>
      <trkpt lat="45.893238" lon="126.6105302">
        <ele>120.79017</ele>
        <time>2026-10-02T08:17:33Z</time>
      </trkpt>
      <trkpt lat="45.8932323" lon="126.6103795">
        <ele>120.82977</ele>
        <time>2026-10-02T08:17:37Z</time>
      </trkpt>
      <trkpt lat="45.8932307" lon="126.6102339">
        <ele>120.89026</ele>
        <time>2026-10-02T08:17:41Z</time>
      </trkpt>
      <trkpt lat="45.8932238" lon="126.6100925">
        <ele>120.93924</ele>
        <time>2026-10-02T08:17:45Z</time>
      </trkpt>
      <trkpt lat="45.893222" lon="126.6099458">
        <ele>120.93485</ele>
        <time>2026-10-02T08:17:49Z</time>
      </trkpt>
      <trkpt lat="45.8932258" lon="126.6097941">
        <ele>120.89126</ele>
        <time>2026-10-02T08:17:53Z</time>
      </trkpt>
      <trkpt lat="45.8932258" lon="126.6096443">
        <ele>120.82174</ele>
        <time>2026-10-02T08:17:57Z</time>
      </trkpt>
      <trkpt lat="45.8932291" lon="126.6094956">
        <ele>120.72243</ele>
        <time>2026-10-02T08:18:01Z</time>
      </trkpt>
      <trkpt lat="45.8932325" lon="126.6093466">
        <ele>120.57412</ele>
        <time>2026-10-02T08:18:05Z</time>
      </trkpt>
      <trkpt lat="45.8932358" lon="126.609197">
        <ele>120.42071</ele>
        <time>2026-10-02T08:18:09Z</time>
      </trkpt>
      <trkpt lat="45.8932428" lon="126.609044">
        <ele>120.32208</ele>
        <time>2026-10-02T08:18:13Z</time>
      </trkpt>
      <trkpt lat="45.8932496" lon="126.6088913">
        <ele>120.21993</ele>
        <time>2026-10-02T08:18:17Z</time>
      </trkpt>
      <trkpt lat="45.8932518" lon="126.608742">
        <ele>120.08847</ele>
        <time>2026-10-02T08:18:21Z</time>
      </trkpt>
      <trkpt lat="45.8932541" lon="126.6085928">
        <ele>119.98158</ele>
        <time>2026-10-02T08:18:25Z</time>
      </trkpt>
      <trkpt lat="45.8932533" lon="126.6084439">
        <ele>119.94947</ele>
        <time>2026-10-02T08:18:29Z</time>
      </trkpt>
      <trkpt lat="45.8932544" lon="126.6082931">
        <ele>119.98034</ele>
        <time>2026-10-02T08:18:33Z</time>
      </trkpt>
      <trkpt lat="45.8932507" lon="126.6081534">
        <ele>119.94503</ele>
        <time>2026-10-02T08:18:37Z</time>
      </trkpt>
      <trkpt lat="45.8932521" lon="126.6080087">
        <ele>119.80206</ele>
        <time>2026-10-02T08:18:41Z</time>
      </trkpt>
      <trkpt lat="45.8932505" lon="126.6078615">
        <ele>119.64087</ele>
        <time>2026-10-02T08:18:45Z</time>
      </trkpt>
      <trkpt lat="45.893253" lon="126.6077166">
        <ele>119.49027</ele>
        <time>2026-10-02T08:18:49Z</time>
      </trkpt>
      <trkpt lat="45.8932538" lon="126.6075764">
        <ele>119.35314</ele>
        <time>2026-10-02T08:18:53Z</time>
      </trkpt>
      <trkpt lat="45.8932557" lon="126.6074353">
        <ele>119.28049</ele>
        <time>2026-10-02T08:18:57Z</time>
      </trkpt>
      <trkpt lat="45.8932583" lon="126.6072862">
        <ele>119.31347</ele>
        <time>2026-10-02T08:19:01Z</time>
      </trkpt>
      <trkpt lat="45.8932651" lon="126.6071357">
        <ele>119.36537</ele>
        <time>2026-10-02T08:19:05Z</time>
      </trkpt>
      <trkpt lat="45.8932692" lon="126.6069879">
        <ele>119.3285</ele>
        <time>2026-10-02T08:19:09Z</time>
      </trkpt>
      <trkpt lat="45.893274" lon="126.6068457">
        <ele>119.26235</ele>
        <time>2026-10-02T08:19:13Z</time>
      </trkpt>
      <trkpt lat="45.8932736" lon="126.6066991">
        <ele>119.20989</ele>
        <time>2026-10-02T08:19:17Z</time>
      </trkpt>
      <trkpt lat="45.8932748" lon="126.6065528">
        <ele>119.15255</ele>
        <time>2026-10-02T08:19:21Z</time>
      </trkpt>
      <trkpt lat="45.8932713" lon="126.6064109">
        <ele>119.10308</ele>
        <time>2026-10-02T08:19:25Z</time>
      </trkpt>
      <trkpt lat="45.8932777" lon="126.6062759">
        <ele>119.07567</ele>
        <time>2026-10-02T08:19:29Z</time>
      </trkpt>
      <trkpt lat="45.8933611" lon="126.6061715">
        <ele>119.06002</ele>
        <time>2026-10-02T08:19:34Z</time>
      </trkpt>
      <trkpt lat="45.8934748" lon="126.6061592">
        <ele>119.02302</ele>
        <time>2026-10-02T08:19:38Z</time>
      </trkpt>
      <trkpt lat="45.8935809" lon="126.6061455">
        <ele>119.01135</ele>
        <time>2026-10-02T08:19:42Z</time>
      </trkpt>
      <trkpt lat="45.8936891" lon="126.6061344">
        <ele>119.10471</ele>
        <time>2026-10-02T08:19:46Z</time>
      </trkpt>
      <trkpt lat="45.8937982" lon="126.6061316">
        <ele>119.30676</ele>
        <time>2026-10-02T08:19:50Z</time>
      </trkpt>
      <trkpt lat="45.8939077" lon="126.6061212">
        <ele>119.5787</ele>
        <time>2026-10-02T08:19:54Z</time>
      </trkpt>
      <trkpt lat="45.8940138" lon="126.6061055">
        <ele>119.87248</ele>
        <time>2026-10-02T08:19:58Z</time>
      </trkpt>
      <trkpt lat="45.8941166" lon="126.6060949">
        <ele>120.15225</ele>
        <time>2026-10-02T08:20:02Z</time>
      </trkpt>
      <trkpt lat="45.8942224" lon="126.6060996">
        <ele>120.41594</ele>
        <time>2026-10-02T08:20:06Z</time>
      </trkpt>
      <trkpt lat="45.8943302" lon="126.6061049">
        <ele>120.69744</ele>
        <time>2026-10-02T08:20:10Z</time>
      </trkpt>
      <trkpt lat="45.8944357" lon="126.6061064">
        <ele>120.9569</ele>
        <time>2026-10-02T08:20:14Z</time>
      </trkpt>
      <trkpt lat="45.8945376" lon="126.6061045">
        <ele>121.11563</ele>
        <time>2026-10-02T08:20:18Z</time>
      </trkpt>
      <trkpt lat="45.8946411" lon="126.6060973">
        <ele>121.14885</ele>
        <time>2026-10-02T08:20:22Z</time>
      </trkpt>
      <trkpt lat="45.8947434" lon="126.606107">
        <ele>121.09369</ele>
        <time>2026-10-02T08:20:26Z</time>
      </trkpt>
      <trkpt lat="45.8948476" lon="126.6061242">
        <ele>121.00227</ele>
        <time>2026-10-02T08:20:30Z</time>
      </trkpt>
      <trkpt lat="45.8949484" lon="126.6061157">
        <ele>120.88232</ele>
        <time>2026-10-02T08:20:34Z</time>
      </trkpt>
      <trkpt lat="45.8950517" lon="126.606114">
        <ele>120.70684</ele>
        <time>2026-10-02T08:20:38Z</time>
      </trkpt>
      <trkpt lat="45.8951588" lon="126.6061213">
        <ele>120.44552</ele>
        <time>2026-10-02T08:20:42Z</time>
      </trkpt>
      <trkpt lat="45.8952674" lon="126.6061334">
        <ele>120.15036</ele>
        <time>2026-10-02T08:20:46Z</time>
      </trkpt>
      <trkpt lat="45.8953781" lon="126.606145">
        <ele>119.94898</ele>
        <time>2026-10-02T08:20:50Z</time>
      </trkpt>
      <trkpt lat="45.8954873" lon="126.6061565">
        <ele>119.82763</ele>
        <time>2026-10-02T08:20:54Z</time>
      </trkpt>
      <trkpt lat="45.8955979" lon="126.6061609">
        <ele>119.6365</ele>
        <time>2026-10-02T08:20:58Z</time>
      </trkpt>
      <trkpt lat="45.8957112" lon="126.6061604">
        <ele>119.27084</ele>
        <time>2026-10-02T08:21:02Z</time>
      </trkpt>
      <trkpt lat="45.8958262" lon="126.6061651">
        <ele>118.95579</ele>
        <time>2026-10-02T08:21:06Z</time>
      </trkpt>
      <trkpt lat="45.895941" lon="126.606172">
        <ele>118.86297</ele>
        <time>2026-10-02T08:21:10Z</time>
      </trkpt>
      <trkpt lat="45.8960542" lon="126.6061746">
        <ele>118.84572</ele>
        <time>2026-10-02T08:21:14Z</time>
      </trkpt>
      <trkpt lat="45.8961635" lon="126.606178">
        <ele>118.75828</ele>
        <time>2026-10-02T08:21:18Z</time>
      </trkpt>
      <trkpt lat="45.8962724" lon="126.6061794">
        <ele>118.66785</ele>
        <time>2026-10-02T08:21:22Z</time>
      </trkpt>
      <trkpt lat="45.8963831" lon="126.6061807">
        <ele>118.66033</ele>
        <time>2026-10-02T08:21:26Z</time>
      </trkpt>
      <trkpt lat="45.8964926" lon="126.6061805">
        <ele>118.70986</ele>
        <time>2026-10-02T08:21:30Z</time>
      </trkpt>
      <trkpt lat="45.8966017" lon="126.6061751">
        <ele>118.78059</ele>
        <time>2026-10-02T08:21:34Z</time>
      </trkpt>
      <trkpt lat="45.8967151" lon="126.6061761">
        <ele>118.84974</ele>
        <time>2026-10-02T08:21:38Z</time>
      </trkpt>
      <trkpt lat="45.8968264" lon="126.6061752">
        <ele>118.90322</ele>
        <time>2026-10-02T08:21:42Z</time>
      </trkpt>
      <trkpt lat="45.8969373" lon="126.6061836">
        <ele>118.88421</ele>
        <time>2026-10-02T08:21:46Z</time>
      </trkpt>
      <trkpt lat="45.8970474" lon="126.6061866">
        <ele>118.79209</ele>
        <time>2026-10-02T08:21:50Z</time>
      </trkpt>
      <trkpt lat="45.8971556" lon="126.6061814">
        <ele>118.76281</ele>
        <time>2026-10-02T08:21:54Z</time>
      </trkpt>
      <trkpt lat="45.8972712" lon="126.6061747">
        <ele>118.78669</ele>
        <time>2026-10-02T08:21:58Z</time>
      </trkpt>
      <trkpt lat="45.8973865" lon="126.6061735">
        <ele>118.77946</ele>
        <time>2026-10-02T08:22:02Z</time>
      </trkpt>
      <trkpt lat="45.8975035" lon="126.606182">
        <ele>118.72856</ele>
        <time>2026-10-02T08:22:06Z</time>
      </trkpt>
      <trkpt lat="45.8976194" lon="126.606188">
        <ele>118.65862</ele>
        <time>2026-10-02T08:22:10Z</time>
      </trkpt>
      <trkpt lat="45.8977324" lon="126.6061921">
        <ele>118.6111</ele>
        <time>2026-10-02T08:22:14Z</time>
      </trkpt>
      <trkpt lat="45.8978496" lon="126.6061937">
        <ele>118.59957</ele>
        <time>2026-10-02T08:22:18Z</time>
      </trkpt>
      <trkpt lat="45.8979632" lon="126.6061917">
        <ele>118.57858</ele>
        <time>2026-10-02T08:22:22Z</time>
      </trkpt>
      <trkpt lat="45.8980776" lon="126.606188">
        <ele>118.52415</ele>
        <time>2026-10-02T08:22:26Z</time>
      </trkpt>
      <trkpt lat="45.8981952" lon="126.6061933">
        <ele>118.52377</ele>
        <time>2026-10-02T08:22:30Z</time>
      </trkpt>
      <trkpt lat="45.8983064" lon="126.6061988">
        <ele>118.61896</ele>
        <time>2026-10-02T08:22:34Z</time>
      </trkpt>
      <trkpt lat="45.8983981" lon="126.6062054">
        <ele>118.72421</ele>
        <time>2026-10-02T08:22:38Z</time>
      </trkpt>
      <trkpt lat="45.898359" lon="126.6061951">
        <ele>118.57896</ele>
        <time>2026-10-02T08:22:44Z</time>
      </trkpt>
      <trkpt lat="45.8982426" lon="126.6062228">
        <ele>118.33164</ele>
        <time>2026-10-02T08:22:48Z</time>
      </trkpt>
      <trkpt lat="45.8981366" lon="126.606228">
        <ele>118.21988</ele>
        <time>2026-10-02T08:22:52Z</time>
      </trkpt>
      <trkpt lat="45.8980383" lon="126.6062325">
        <ele>118.23789</ele>
        <time>2026-10-02T08:22:56Z</time>
      </trkpt>
      <trkpt lat="45.8979345" lon="126.6062347">
        <ele>118.28913</ele>
        <time>2026-10-02T08:23:00Z</time>
      </trkpt>
      <trkpt lat="45.8978323" lon="126.606239">
        <ele>118.33264</ele>
        <time>2026-10-02T08:23:04Z</time>
      </trkpt>
      <trkpt lat="45.8977279" lon="126.6062487">
        <ele>118.36311</ele>
        <time>2026-10-02T08:23:08Z</time>
      </trkpt>
      <trkpt lat="45.8976256" lon="126.606252">
        <ele>118.3583</ele>
        <time>2026-10-02T08:23:12Z</time>
      </trkpt>
      <trkpt lat="45.8975249" lon="126.6062497">
        <ele>118.32652</ele>
        <time>2026-10-02T08:23:16Z</time>
      </trkpt>
      <trkpt lat="45.8974213" lon="126.6062514">
        <ele>118.3427</ele>
        <time>2026-10-02T08:23:20Z</time>
      </trkpt>
      <trkpt lat="45.8973173" lon="126.6062526">
        <ele>118.44736</ele>
        <time>2026-10-02T08:23:24Z</time>
      </trkpt>
      <trkpt lat="45.8972162" lon="126.6062597">
        <ele>118.58645</ele>
        <time>2026-10-02T08:23:28Z</time>
      </trkpt>
      <trkpt lat="45.8971119" lon="126.6062657">
        <ele>118.65555</ele>
        <time>2026-10-02T08:23:32Z</time>
      </trkpt>
      <trkpt lat="45.8970051" lon="126.6062748">
        <ele>118.6349</ele>
        <time>2026-10-02T08:23:36Z</time>
      </trkpt>
      <trkpt lat="45.8968959" lon="126.6062806">
        <ele>118.58927</ele>
        <time>2026-10-02T08:23:40Z</time>
      </trkpt>
      <trkpt lat="45.896787" lon="126.6062933">
        <ele>118.57974</ele>
        <time>2026-10-02T08:23:44Z</time>
      </trkpt>
      <trkpt lat="45.8966789" lon="126.6062992">
        <ele>118.58598</ele>
        <time>2026-10-02T08:23:48Z</time>
      </trkpt>
      <trkpt lat="45.8965699" lon="126.6062903">
        <ele>118.57461</ele>
        <time>2026-10-02T08:23:52Z</time>
      </trkpt>
      <trkpt lat="45.8964637" lon="126.6062749">
        <ele>118.55175</ele>
        <time>2026-10-02T08:23:56Z</time>
      </trkpt>
      <trkpt lat="45.8963616" lon="126.6062555">
        <ele>118.51932</ele>
        <time>2026-10-02T08:24:00Z</time>
      </trkpt>
      <trkpt lat="45.8962577" lon="126.6062464">
        <ele>118.49878</ele>
        <time>2026-10-02T08:24:04Z</time>
      </trkpt>
      <trkpt lat="45.896154" lon="126.6062432">
        <ele>118.52326</ele>
        <time>2026-10-02T08:24:08Z</time>
      </trkpt>
      <trkpt lat="45.8960535" lon="126.6062379">
        <ele>118.58343</ele>
        <time>2026-10-02T08:24:12Z</time>
      </trkpt>
      <trkpt lat="45.8959517" lon="126.6062361">
        <ele>118.62615</ele>
        <time>2026-10-02T08:24:16Z</time>
      </trkpt>
      <trkpt lat="45.8958469" lon="126.6062372">
        <ele>118.60386</ele>
        <time>2026-10-02T08:24:20Z</time>
      </trkpt>
      <trkpt lat="45.8957389" lon="126.6062455">
        <ele>118.53332</ele>
        <time>2026-10-02T08:24:24Z</time>
      </trkpt>
      <trkpt lat="45.8956325" lon="126.6062522">
        <ele>118.50452</ele>
        <time>2026-10-02T08:24:28Z</time>
      </trkpt>
      <trkpt lat="45.8955251" lon="126.6062602">
        <ele>118.58299</ele>
        <time>2026-10-02T08:24:32Z</time>
      </trkpt>
      <trkpt lat="45.8954202" lon="126.6062722">
        <ele>118.75482</ele>
        <time>2026-10-02T08:24:36Z</time>
      </trkpt>
      <trkpt lat="45.8953144" lon="126.606275">
        <ele>119.03755</ele>
        <time>2026-10-02T08:24:40Z</time>
      </trkpt>
      <trkpt lat="45.8952" lon="126.606273">
        <ele>119.36837</ele>
        <time>2026-10-02T08:24:44Z</time>
      </trkpt>
      <trkpt lat="45.8950871" lon="126.6062643">
        <ele>119.69075</ele>
        <time>2026-10-02T08:24:48Z</time>
      </trkpt>
      <trkpt lat="45.894975" lon="126.6062552">
        <ele>120.01782</ele>
        <time>2026-10-02T08:24:52Z</time>
      </trkpt>
      <trkpt lat="45.8948636" lon="126.6062397">
        <ele>120.32601</ele>
        <time>2026-10-02T08:24:56Z</time>
      </trkpt>
      <trkpt lat="45.8947536" lon="126.6062174">
        <ele>120.60803</ele>
        <time>2026-10-02T08:25:00Z</time>
      </trkpt>
      <trkpt lat="45.8946438" lon="126.6062026">
        <ele>120.87903</ele>
        <time>2026-10-02T08:25:04Z</time>
      </trkpt>
      <trkpt lat="45.8945306" lon="126.6061967">
        <ele>121.07579</ele>
        <time>2026-10-02T08:25:08Z</time>
      </trkpt>
      <trkpt lat="45.8944171" lon="126.6061947">
        <ele>121.19351</ele>
        <time>2026-10-02T08:25:12Z</time>
      </trkpt>
      <trkpt lat="45.8943065" lon="126.6061975">
        <ele>121.21732</ele>
        <time>2026-10-02T08:25:16Z</time>
      </trkpt>
      <trkpt lat="45.8941964" lon="126.6062073">
        <ele>121.09698</ele>
        <time>2026-10-02T08:25:20Z</time>
      </trkpt>
      <trkpt lat="45.8940834" lon="126.606217">
        <ele>120.85955</ele>
        <time>2026-10-02T08:25:24Z</time>
      </trkpt>
      <trkpt lat="45.8939687" lon="126.6062316">
        <ele>120.5423</ele>
        <time>2026-10-02T08:25:28Z</time>
      </trkpt>
      <trkpt lat="45.8938523" lon="126.6062362">
        <ele>120.2041</ele>
        <time>2026-10-02T08:25:32Z</time>
      </trkpt>
      <trkpt lat="45.8937415" lon="126.6062358">
        <ele>119.8738</ele>
        <time>2026-10-02T08:25:36Z</time>
      </trkpt>
      <trkpt lat="45.8936328" lon="126.606243">
        <ele>119.5487</ele>
        <time>2026-10-02T08:25:40Z</time>
      </trkpt>
      <trkpt lat="45.8935285" lon="126.6062376">
        <ele>119.2288</ele>
        <time>2026-10-02T08:25:44Z</time>
      </trkpt>
      <trkpt lat="45.8934334" lon="126.6062229">
        <ele>118.93746</ele>
        <time>2026-10-02T08:25:48Z</time>
      </trkpt>
      <trkpt lat="45.8934057" lon="126.606229">
        <ele>118.61336</ele>
        <time>2026-10-02T08:25:55Z</time>
      </trkpt>
      <trkpt lat="45.8934971" lon="126.6062028">
        <ele>118.59681</ele>
        <time>2026-10-02T08:25:58Z</time>
      </trkpt>
      <trkpt lat="45.8936079" lon="126.6061746">
        <ele>118.72842</ele>
        <time>2026-10-02T08:26:02Z</time>
      </trkpt>
      <trkpt lat="45.8937107" lon="126.6061542">
        <ele>118.94143</ele>
        <time>2026-10-02T08:26:06Z</time>
      </trkpt>
      <trkpt lat="45.8938144" lon="126.6061312">
        <ele>119.22056</ele>
        <time>2026-10-02T08:26:10Z</time>
      </trkpt>
      <trkpt lat="45.8939169" lon="126.6061114">
        <ele>119.56108</ele>
        <time>2026-10-02T08:26:14Z</time>
      </trkpt>
      <trkpt lat="45.8940196" lon="126.6060934">
        <ele>119.91777</ele>
        <time>2026-10-02T08:26:18Z</time>
      </trkpt>
      <trkpt lat="45.8941225" lon="126.6060796">
        <ele>120.27709</ele>
        <time>2026-10-02T08:26:22Z</time>
      </trkpt>
      <trkpt lat="45.8942247" lon="126.606081">
        <ele>120.55847</ele>
        <time>2026-10-02T08:26:26Z</time>
      </trkpt>
      <trkpt lat="45.8943279" lon="126.6060899">
        <ele>120.78032</ele>
        <time>2026-10-02T08:26:30Z</time>
      </trkpt>
      <trkpt lat="45.8944331" lon="126.6060955">
        <ele>121.07186</ele>
        <time>2026-10-02T08:26:34Z</time>
      </trkpt>
      <trkpt lat="45.8945323" lon="126.6060993">
        <ele>121.45334</ele>
        <time>2026-10-02T08:26:38Z</time>
      </trkpt>
      <trkpt lat="45.8946363" lon="126.6061024">
        <ele>121.65665</ele>
        <time>2026-10-02T08:26:42Z</time>
      </trkpt>
      <trkpt lat="45.8947442" lon="126.6061164">
        <ele>121.48617</ele>
        <time>2026-10-02T08:26:46Z</time>
      </trkpt>
      <trkpt lat="45.8948503" lon="126.6061272">
        <ele>121.25987</ele>
        <time>2026-10-02T08:26:50Z</time>
      </trkpt>
      <trkpt lat="45.8949574" lon="126.6061202">
        <ele>121.0951</ele>
        <time>2026-10-02T08:26:54Z</time>
      </trkpt>
      <trkpt lat="45.8950654" lon="126.6061265">
        <ele>120.77816</ele>
        <time>2026-10-02T08:26:58Z</time>
      </trkpt>
      <trkpt lat="45.8951716" lon="126.6061386">
        <ele>120.40716</ele>
        <time>2026-10-02T08:27:02Z</time>
      </trkpt>
      <trkpt lat="45.8952754" lon="126.6061463">
        <ele>120.09628</ele>
        <time>2026-10-02T08:27:06Z</time>
      </trkpt>
      <trkpt lat="45.8953751" lon="126.6061469">
        <ele>119.863</ele>
        <time>2026-10-02T08:27:10Z</time>
      </trkpt>
      <trkpt lat="45.895476" lon="126.606147">
        <ele>119.65367</ele>
        <time>2026-10-02T08:27:14Z</time>
      </trkpt>
      <trkpt lat="45.895577" lon="126.6061499">
        <ele>119.36844</ele>
        <time>2026-10-02T08:27:18Z</time>
      </trkpt>
      <trkpt lat="45.8956811" lon="126.6061634">
        <ele>119.04404</ele>
        <time>2026-10-02T08:27:22Z</time>
      </trkpt>
      <trkpt lat="45.8957823" lon="126.6061702">
        <ele>118.77132</ele>
        <time>2026-10-02T08:27:26Z</time>
      </trkpt>
      <trkpt lat="45.8958827" lon="126.6061729">
        <ele>118.60703</ele>
        <time>2026-10-02T08:27:30Z</time>
      </trkpt>
      <trkpt lat="45.8959753" lon="126.6061815">
        <ele>118.46073</ele>
        <time>2026-10-02T08:27:34Z</time>
      </trkpt>
      <trkpt lat="45.8960025" lon="126.6061907">
        <ele>118.2268</ele>
        <time>2026-10-02T08:27:38Z</time>
      </trkpt>
      <trkpt lat="45.8960195" lon="126.6061799">
        <ele>118.06509</ele>
        <time>2026-10-02T08:27:48Z</time>
      </trkpt>
      <trkpt lat="45.8961226" lon="126.6061882">
        <ele>118.30775</ele>
        <time>2026-10-02T08:27:52Z</time>
      </trkpt>
      <trkpt lat="45.8962366" lon="126.6061907">
        <ele>118.55463</ele>
        <time>2026-10-02T08:27:57Z</time>
      </trkpt>
      <trkpt lat="45.8963284" lon="126.6061947">
        <ele>118.6422</ele>
        <time>2026-10-02T08:28:00Z</time>
      </trkpt>
      <trkpt lat="45.8964417" lon="126.6061975">
        <ele>118.77884</ele>
        <time>2026-10-02T08:28:04Z</time>
      </trkpt>
      <trkpt lat="45.8965452" lon="126.6061937">
        <ele>118.92796</ele>
        <time>2026-10-02T08:28:08Z</time>
      </trkpt>
      <trkpt lat="45.896649" lon="126.6061888">
        <ele>119.02671</ele>
        <time>2026-10-02T08:28:12Z</time>
      </trkpt>
      <trkpt lat="45.896756" lon="126.606189">
        <ele>119.03644</ele>
        <time>2026-10-02T08:28:16Z</time>
      </trkpt>
      <trkpt lat="45.8968657" lon="126.606182">
        <ele>118.90875</ele>
        <time>2026-10-02T08:28:20Z</time>
      </trkpt>
      <trkpt lat="45.8969768" lon="126.6061825">
        <ele>118.76044</ele>
        <time>2026-10-02T08:28:24Z</time>
      </trkpt>
      <trkpt lat="45.8970869" lon="126.606181">
        <ele>118.68459</ele>
        <time>2026-10-02T08:28:28Z</time>
      </trkpt>
      <trkpt lat="45.8971969" lon="126.6061743">
        <ele>118.60991</ele>
        <time>2026-10-02T08:28:32Z</time>
      </trkpt>
      <trkpt lat="45.8973073" lon="126.6061796">
        <ele>118.56588</ele>
        <time>2026-10-02T08:28:36Z</time>
      </trkpt>
      <trkpt lat="45.897417" lon="126.6061822">
        <ele>118.54765</ele>
        <time>2026-10-02T08:28:40Z</time>
      </trkpt>
      <trkpt lat="45.8975275" lon="126.6061918">
        <ele>118.49006</ele>
        <time>2026-10-02T08:28:44Z</time>
      </trkpt>
      <trkpt lat="45.8976399" lon="126.606196">
        <ele>118.44813</ele>
        <time>2026-10-02T08:28:48Z</time>
      </trkpt>
      <trkpt lat="45.8977537" lon="126.606201">
        <ele>118.45008</ele>
        <time>2026-10-02T08:28:52Z</time>
      </trkpt>
      <trkpt lat="45.8978636" lon="126.6061998">
        <ele>118.44585</ele>
        <time>2026-10-02T08:28:56Z</time>
      </trkpt>
      <trkpt lat="45.8979697" lon="126.6062015">
        <ele>118.42183</ele>
        <time>2026-10-02T08:29:00Z</time>
      </trkpt>
      <trkpt lat="45.8980723" lon="126.6062002">
        <ele>118.42713</ele>
        <time>2026-10-02T08:29:04Z</time>
      </trkpt>
      <trkpt lat="45.8981809" lon="126.6061962">
        <ele>118.47974</ele>
        <time>2026-10-02T08:29:08Z</time>
      </trkpt>
      <trkpt lat="45.8982815" lon="126.6061978">
        <ele>118.53791</ele>
        <time>2026-10-02T08:29:12Z</time>
      </trkpt>
      <trkpt lat="45.8983744" lon="126.6062008">
        <ele>118.51632</ele>
        <time>2026-10-02T08:29:17Z</time>
      </trkpt>
      <trkpt lat="45.8982749" lon="126.6062109">
        <ele>118.28589</ele>
        <time>2026-10-02T08:29:22Z</time>
      </trkpt>
      <trkpt lat="45.8981685" lon="126.6062246">
        <ele>118.13101</ele>
        <time>2026-10-02T08:29:26Z</time>
      </trkpt>
      <trkpt lat="45.8980661" lon="126.6062348">
        <ele>118.0751</ele>
        <time>2026-10-02T08:29:30Z</time>
      </trkpt>
      <trkpt lat="45.8979657" lon="126.6062368">
        <ele>118.08397</ele>
        <time>2026-10-02T08:29:34Z</time>
      </trkpt>
      <trkpt lat="45.8978662" lon="126.6062372">
        <ele>118.14609</ele>
        <time>2026-10-02T08:29:38Z</time>
      </trkpt>
      <trkpt lat="45.8977639" lon="126.6062407">
        <ele>118.23734</ele>
        <time>2026-10-02T08:29:42Z</time>
      </trkpt>
      <trkpt lat="45.897659" lon="126.6062459">
        <ele>118.31539</ele>
        <time>2026-10-02T08:29:46Z</time>
      </trkpt>
      <trkpt lat="45.8975525" lon="126.6062553">
        <ele>118.3533</ele>
        <time>2026-10-02T08:29:50Z</time>
      </trkpt>
      <trkpt lat="45.8974455" lon="126.6062604">
        <ele>118.34774</ele>
        <time>2026-10-02T08:29:54Z</time>
      </trkpt>
      <trkpt lat="45.8973409" lon="126.6062646">
        <ele>118.32696</ele>
        <time>2026-10-02T08:29:58Z</time>
      </trkpt>
      <trkpt lat="45.8972358" lon="126.6062701">
        <ele>118.32177</ele>
        <time>2026-10-02T08:30:02Z</time>
      </trkpt>
      <trkpt lat="45.8971257" lon="126.6062796">
        <ele>118.35811</ele>
        <time>2026-10-02T08:30:06Z</time>
      </trkpt>
      <trkpt lat="45.897018" lon="126.6062895">
        <ele>118.4256</ele>
        <time>2026-10-02T08:30:10Z</time>
      </trkpt>
      <trkpt lat="45.8969095" lon="126.6062987">
        <ele>118.49786</ele>
        <time>2026-10-02T08:30:14Z</time>
      </trkpt>
      <trkpt lat="45.8968034" lon="126.6063095">
        <ele>118.55133</ele>
        <time>2026-10-02T08:30:18Z</time>
      </trkpt>
      <trkpt lat="45.8966958" lon="126.6063126">
        <ele>118.57462</ele>
        <time>2026-10-02T08:30:22Z</time>
      </trkpt>
      <trkpt lat="45.8965882" lon="126.6063051">
        <ele>118.56089</ele>
        <time>2026-10-02T08:30:26Z</time>
      </trkpt>
      <trkpt lat="45.8964817" lon="126.6062893">
        <ele>118.52888</ele>
        <time>2026-10-02T08:30:30Z</time>
      </trkpt>
      <trkpt lat="45.8963765" lon="126.6062768">
        <ele>118.47957</ele>
        <time>2026-10-02T08:30:34Z</time>
      </trkpt>
      <trkpt lat="45.8962718" lon="126.6062631">
        <ele>118.41687</ele>
        <time>2026-10-02T08:30:38Z</time>
      </trkpt>
      <trkpt lat="45.8961673" lon="126.6062522">
        <ele>118.34639</ele>
        <time>2026-10-02T08:30:42Z</time>
      </trkpt>
      <trkpt lat="45.8960621" lon="126.6062459">
        <ele>118.27269</ele>
        <time>2026-10-02T08:30:46Z</time>
      </trkpt>
      <trkpt lat="45.8959528" lon="126.606242">
        <ele>118.22453</ele>
        <time>2026-10-02T08:30:50Z</time>
      </trkpt>
      <trkpt lat="45.8958474" lon="126.6062423">
        <ele>118.2799</ele>
        <time>2026-10-02T08:30:54Z</time>
      </trkpt>
      <trkpt lat="45.8957454" lon="126.6062465">
        <ele>118.42399</ele>
        <time>2026-10-02T08:30:58Z</time>
      </trkpt>
      <trkpt lat="45.8956405" lon="126.6062574">
        <ele>118.58461</ele>
        <time>2026-10-02T08:31:02Z</time>
      </trkpt>
      <trkpt lat="45.8955381" lon="126.6062658">
        <ele>118.72981</ele>
        <time>2026-10-02T08:31:06Z</time>
      </trkpt>
      <trkpt lat="45.8954384" lon="126.6062721">
        <ele>118.86937</ele>
        <time>2026-10-02T08:31:10Z</time>
      </trkpt>
      <trkpt lat="45.895333" lon="126.6062785">
        <ele>119.03031</ele>
        <time>2026-10-02T08:31:14Z</time>
      </trkpt>
      <trkpt lat="45.8952238" lon="126.606277">
        <ele>119.21632</ele>
        <time>2026-10-02T08:31:18Z</time>
      </trkpt>
      <trkpt lat="45.89511" lon="126.6062605">
        <ele>119.42697</ele>
        <time>2026-10-02T08:31:22Z</time>
      </trkpt>
      <trkpt lat="45.8949984" lon="126.6062477">
        <ele>119.65667</ele>
        <time>2026-10-02T08:31:26Z</time>
      </trkpt>
      <trkpt lat="45.8948899" lon="126.6062389">
        <ele>119.89172</ele>
        <time>2026-10-02T08:31:30Z</time>
      </trkpt>
      <trkpt lat="45.8947825" lon="126.6062174">
        <ele>120.12659</ele>
        <time>2026-10-02T08:31:34Z</time>
      </trkpt>
      <trkpt lat="45.894671" lon="126.6061938">
        <ele>120.35045</ele>
        <time>2026-10-02T08:31:38Z</time>
      </trkpt>
      <trkpt lat="45.8945598" lon="126.6061895">
        <ele>120.57202</ele>
        <time>2026-10-02T08:31:42Z</time>
      </trkpt>
      <trkpt lat="45.8944509" lon="126.6061937">
        <ele>120.76024</ele>
        <time>2026-10-02T08:31:46Z</time>
      </trkpt>
      <trkpt lat="45.8943422" lon="126.6061967">
        <ele>120.8749</ele>
        <time>2026-10-02T08:31:50Z</time>
      </trkpt>
      <trkpt lat="45.8942314" lon="126.6061995">
        <ele>120.83467</ele>
        <time>2026-10-02T08:31:54Z</time>
      </trkpt>
      <trkpt lat="45.89412" lon="126.6062061">
        <ele>120.60733</ele>
        <time>2026-10-02T08:31:58Z</time>
      </trkpt>
      <trkpt lat="45.8940118" lon="126.6062151">
        <ele>120.29105</ele>
        <time>2026-10-02T08:32:02Z</time>
      </trkpt>
      <trkpt lat="45.8939027" lon="126.6062279">
        <ele>119.95438</ele>
        <time>2026-10-02T08:32:06Z</time>
      </trkpt>
      <trkpt lat="45.8937948" lon="126.6062344">
        <ele>119.62214</ele>
        <time>2026-10-02T08:32:10Z</time>
      </trkpt>
      <trkpt lat="45.8936852" lon="126.6062423">
        <ele>119.32448</ele>
        <time>2026-10-02T08:32:14Z</time>
      </trkpt>
      <trkpt lat="45.8935763" lon="126.6062455">
        <ele>119.04437</ele>
        <time>2026-10-02T08:32:18Z</time>
      </trkpt>
      <trkpt lat="45.8934748" lon="126.6062431">
        <ele>118.74997</ele>
        <time>2026-10-02T08:32:22Z</time>
      </trkpt>
      <trkpt lat="45.8933757" lon="126.6062143">
        <ele>118.40136</ele>
        <time>2026-10-02T08:32:27Z</time>
      </trkpt>
      <trkpt lat="45.8934677" lon="126.6062207">
        <ele>118.27628</ele>
        <time>2026-10-02T08:32:33Z</time>
      </trkpt>
      <trkpt lat="45.8935698" lon="126.606181">
        <ele>118.43101</ele>
        <time>2026-10-02T08:32:37Z</time>
      </trkpt>
      <trkpt lat="45.8936696" lon="126.6061515">
        <ele>118.62805</ele>
        <time>2026-10-02T08:32:41Z</time>
      </trkpt>
      <trkpt lat="45.8937743" lon="126.6061386">
        <ele>118.84424</ele>
        <time>2026-10-02T08:32:45Z</time>
      </trkpt>
      <trkpt lat="45.8938745" lon="126.60612">
        <ele>119.08736</ele>
        <time>2026-10-02T08:32:49Z</time>
      </trkpt>
      <trkpt lat="45.8939788" lon="126.6060978">
        <ele>119.36962</ele>
        <time>2026-10-02T08:32:53Z</time>
      </trkpt>
      <trkpt lat="45.8940852" lon="126.6060866">
        <ele>119.70402</ele>
        <time>2026-10-02T08:32:57Z</time>
      </trkpt>
      <trkpt lat="45.8941967" lon="126.6060932">
        <ele>120.0395</ele>
        <time>2026-10-02T08:33:01Z</time>
      </trkpt>
      <trkpt lat="45.8943108" lon="126.6061028">
        <ele>120.3564</ele>
        <time>2026-10-02T08:33:05Z</time>
      </trkpt>
      <trkpt lat="45.8944259" lon="126.6061072">
        <ele>120.65942</ele>
        <time>2026-10-02T08:33:09Z</time>
      </trkpt>
      <trkpt lat="45.8945373" lon="126.6061027">
        <ele>120.84652</ele>
        <time>2026-10-02T08:33:13Z</time>
      </trkpt>
      <trkpt lat="45.8946432" lon="126.6060978">
        <ele>120.84687</ele>
        <time>2026-10-02T08:33:17Z</time>
      </trkpt>
      <trkpt lat="45.8947524" lon="126.6061001">
        <ele>120.71842</ele>
        <time>2026-10-02T08:33:21Z</time>
      </trkpt>
      <trkpt lat="45.8948624" lon="126.6061027">
        <ele>120.52892</ele>
        <time>2026-10-02T08:33:25Z</time>
      </trkpt>
      <trkpt lat="45.8949689" lon="126.6061002">
        <ele>120.33765</ele>
        <time>2026-10-02T08:33:29Z</time>
      </trkpt>
      <trkpt lat="45.8950716" lon="126.6061097">
        <ele>120.14015</ele>
        <time>2026-10-02T08:33:33Z</time>
      </trkpt>
      <trkpt lat="45.8951757" lon="126.6061216">
        <ele>119.91461</ele>
        <time>2026-10-02T08:33:37Z</time>
      </trkpt>
      <trkpt lat="45.8952831" lon="126.6061301">
        <ele>119.71603</ele>
        <time>2026-10-02T08:33:41Z</time>
      </trkpt>
      <trkpt lat="45.8953901" lon="126.6061405">
        <ele>119.5937</ele>
        <time>2026-10-02T08:33:45Z</time>
      </trkpt>
      <trkpt lat="45.8954946" lon="126.6061411">
        <ele>119.48482</ele>
        <time>2026-10-02T08:33:49Z</time>
      </trkpt>
      <trkpt lat="45.8956001" lon="126.6061444">
        <ele>119.30379</ele>
        <time>2026-10-02T08:33:53Z</time>
      </trkpt>
      <trkpt lat="45.8957087" lon="126.6061532">
        <ele>119.06504</ele>
        <time>2026-10-02T08:33:57Z</time>
      </trkpt>
      <trkpt lat="45.8958158" lon="126.6061625">
        <ele>118.82389</ele>
        <time>2026-10-02T08:34:01Z</time>
      </trkpt>
      <trkpt lat="45.8959229" lon="126.606174">
        <ele>118.60619</ele>
        <time>2026-10-02T08:34:05Z</time>
      </trkpt>
      <trkpt lat="45.8960315" lon="126.60618">
        <ele>118.4232</ele>
        <time>2026-10-02T08:34:09Z</time>
      </trkpt>
      <trkpt lat="45.896138" lon="126.606183">
        <ele>118.30341</ele>
        <time>2026-10-02T08:34:13Z</time>
      </trkpt>
      <trkpt lat="45.8962464" lon="126.6061786">
        <ele>118.23134</ele>
        <time>2026-10-02T08:34:17Z</time>
      </trkpt>
      <trkpt lat="45.8963544" lon="126.6061774">
        <ele>118.20498</ele>
        <time>2026-10-02T08:34:21Z</time>
      </trkpt>
      <trkpt lat="45.8964643" lon="126.6061846">
        <ele>118.22523</ele>
        <time>2026-10-02T08:34:25Z</time>
      </trkpt>
      <trkpt lat="45.8965688" lon="126.6061945">
        <ele>118.29392</ele>
        <time>2026-10-02T08:34:29Z</time>
      </trkpt>
      <trkpt lat="45.8966717" lon="126.6061945">
        <ele>118.41431</ele>
        <time>2026-10-02T08:34:33Z</time>
      </trkpt>
      <trkpt lat="45.8967737" lon="126.6061901">
        <ele>118.53555</ele>
        <time>2026-10-02T08:34:37Z</time>
      </trkpt>
      <trkpt lat="45.8968736" lon="126.6061847">
        <ele>118.54679</ele>
        <time>2026-10-02T08:34:41Z</time>
      </trkpt>
      <trkpt lat="45.8969774" lon="126.6061805">
        <ele>118.42986</ele>
        <time>2026-10-02T08:34:45Z</time>
      </trkpt>
      <trkpt lat="45.8970776" lon="126.6061784">
        <ele>118.2977</ele>
        <time>2026-10-02T08:34:49Z</time>
      </trkpt>
      <trkpt lat="45.8971765" lon="126.6061714">
        <ele>118.27231</ele>
        <time>2026-10-02T08:34:53Z</time>
      </trkpt>
      <trkpt lat="45.897279" lon="126.6061711">
        <ele>118.3097</ele>
        <time>2026-10-02T08:34:57Z</time>
      </trkpt>
      <trkpt lat="45.8973853" lon="126.606179">
        <ele>118.29902</ele>
        <time>2026-10-02T08:35:01Z</time>
      </trkpt>
      <trkpt lat="45.8974929" lon="126.6061801">
        <ele>118.23172</ele>
        <time>2026-10-02T08:35:05Z</time>
      </trkpt>
      <trkpt lat="45.8976013" lon="126.606182">
        <ele>118.15247</ele>
        <time>2026-10-02T08:35:09Z</time>
      </trkpt>
      <trkpt lat="45.8977082" lon="126.6061819">
        <ele>118.09021</ele>
        <time>2026-10-02T08:35:13Z</time>
      </trkpt>
      <trkpt lat="45.8978121" lon="126.606183">
        <ele>118.05937</ele>
        <time>2026-10-02T08:35:17Z</time>
      </trkpt>
      <trkpt lat="45.8979167" lon="126.6061882">
        <ele>118.02547</ele>
        <time>2026-10-02T08:35:21Z</time>
      </trkpt>
      <trkpt lat="45.8980183" lon="126.606182">
        <ele>117.97932</ele>
        <time>2026-10-02T08:35:25Z</time>
      </trkpt>
      <trkpt lat="45.8981217" lon="126.6061777">
        <ele>117.92922</ele>
        <time>2026-10-02T08:35:29Z</time>
      </trkpt>
      <trkpt lat="45.8982299" lon="126.6061885">
        <ele>117.88253</ele>
        <time>2026-10-02T08:35:33Z</time>
      </trkpt>
      <trkpt lat="45.898324" lon="126.6061967">
        <ele>117.85599</ele>
        <time>2026-10-02T08:35:37Z</time>
      </trkpt>
      <trkpt lat="45.8983769" lon="126.6062169">
        <ele>117.78784</ele>
        <time>2026-10-02T08:35:45Z</time>
      </trkpt>
      <trkpt lat="45.8982752" lon="126.6062374">
        <ele>117.77814</ele>
        <time>2026-10-02T08:35:49Z</time>
      </trkpt>
      <trkpt lat="45.8981719" lon="126.6062385">
        <ele>117.81964</ele>
        <time>2026-10-02T08:35:53Z</time>
      </trkpt>
      <trkpt lat="45.8980743" lon="126.6062294">
        <ele>117.85914</ele>
        <time>2026-10-02T08:35:57Z</time>
      </trkpt>
      <trkpt lat="45.8979815" lon="126.6062291">
        <ele>117.86418</ele>
        <time>2026-10-02T08:36:01Z</time>
      </trkpt>
      <trkpt lat="45.8978871" lon="126.6062266">
        <ele>117.84651</ele>
        <time>2026-10-02T08:36:05Z</time>
      </trkpt>
      <trkpt lat="45.8977886" lon="126.6062286">
        <ele>117.82872</ele>
        <time>2026-10-02T08:36:09Z</time>
      </trkpt>
      <trkpt lat="45.8976856" lon="126.606233">
        <ele>117.82883</ele>
        <time>2026-10-02T08:36:13Z</time>
      </trkpt>
      <trkpt lat="45.8975835" lon="126.6062435">
        <ele>117.84818</ele>
        <time>2026-10-02T08:36:17Z</time>
      </trkpt>
      <trkpt lat="45.8974793" lon="126.6062543">
        <ele>117.89345</ele>
        <time>2026-10-02T08:36:21Z</time>
      </trkpt>
      <trkpt lat="45.8973762" lon="126.6062656">
        <ele>117.94792</ele>
        <time>2026-10-02T08:36:25Z</time>
      </trkpt>
      <trkpt lat="45.8972754" lon="126.6062683">
        <ele>117.97115</ele>
        <time>2026-10-02T08:36:29Z</time>
      </trkpt>
      <trkpt lat="45.8971799" lon="126.6062779">
        <ele>117.95951</ele>
        <time>2026-10-02T08:36:33Z</time>
      </trkpt>
      <trkpt lat="45.8970832" lon="126.6062801">
        <ele>117.92978</ele>
        <time>2026-10-02T08:36:37Z</time>
      </trkpt>
      <trkpt lat="45.896978" lon="126.6062806">
        <ele>117.92747</ele>
        <time>2026-10-02T08:36:41Z</time>
      </trkpt>
      <trkpt lat="45.896878" lon="126.6062817">
        <ele>117.966</ele>
        <time>2026-10-02T08:36:45Z</time>
      </trkpt>
      <trkpt lat="45.8967746" lon="126.6062983">
        <ele>117.99686</ele>
        <time>2026-10-02T08:36:49Z</time>
      </trkpt>
      <trkpt lat="45.8966726" lon="126.6062993">
        <ele>118.02079</ele>
        <time>2026-10-02T08:36:53Z</time>
      </trkpt>
      <trkpt lat="45.8965744" lon="126.606289">
        <ele>118.06252</ele>
        <time>2026-10-02T08:36:57Z</time>
      </trkpt>
      <trkpt lat="45.8964766" lon="126.606276">
        <ele>118.07688</ele>
        <time>2026-10-02T08:37:01Z</time>
      </trkpt>
      <trkpt lat="45.8963755" lon="126.606261">
        <ele>118.0503</ele>
        <time>2026-10-02T08:37:05Z</time>
      </trkpt>
      <trkpt lat="45.896275" lon="126.6062516">
        <ele>118.02246</ele>
        <time>2026-10-02T08:37:09Z</time>
      </trkpt>
      <trkpt lat="45.896173" lon="126.6062433">
        <ele>118.01405</ele>
        <time>2026-10-02T08:37:13Z</time>
      </trkpt>
      <trkpt lat="45.8960702" lon="126.6062357">
        <ele>118.01912</ele>
        <time>2026-10-02T08:37:17Z</time>
      </trkpt>
      <trkpt lat="45.8959646" lon="126.6062346">
        <ele>118.04154</ele>
        <time>2026-10-02T08:37:21Z</time>
      </trkpt>
      <trkpt lat="45.8958579" lon="126.6062427">
        <ele>118.08737</ele>
        <time>2026-10-02T08:37:25Z</time>
      </trkpt>
      <trkpt lat="45.8957457" lon="126.6062502">
        <ele>118.15326</ele>
        <time>2026-10-02T08:37:29Z</time>
      </trkpt>
      <trkpt lat="45.8956355" lon="126.6062543">
        <ele>118.24752</ele>
        <time>2026-10-02T08:37:33Z</time>
      </trkpt>
      <trkpt lat="45.8955266" lon="126.606262">
        <ele>118.39548</ele>
        <time>2026-10-02T08:37:37Z</time>
      </trkpt>
      <trkpt lat="45.8954172" lon="126.6062753">
        <ele>118.60115</ele>
        <time>2026-10-02T08:37:41Z</time>
      </trkpt>
      <trkpt lat="45.8953029" lon="126.6062831">
        <ele>118.83818</ele>
        <time>2026-10-02T08:37:45Z</time>
      </trkpt>
      <trkpt lat="45.8951867" lon="126.6062783">
        <ele>119.08064</ele>
        <time>2026-10-02T08:37:49Z</time>
      </trkpt>
      <trkpt lat="45.8950693" lon="126.6062767">
        <ele>119.32568</ele>
        <time>2026-10-02T08:37:53Z</time>
      </trkpt>
      <trkpt lat="45.8949541" lon="126.6062686">
        <ele>119.56181</ele>
        <time>2026-10-02T08:37:57Z</time>
      </trkpt>
      <trkpt lat="45.8948393" lon="126.6062492">
        <ele>119.79466</ele>
        <time>2026-10-02T08:38:01Z</time>
      </trkpt>
      <trkpt lat="45.8947236" lon="126.6062188">
        <ele>120.0414</ele>
        <time>2026-10-02T08:38:05Z</time>
      </trkpt>
      <trkpt lat="45.8946134" lon="126.6061968">
        <ele>120.28969</ele>
        <time>2026-10-02T08:38:09Z</time>
      </trkpt>
      <trkpt lat="45.8944995" lon="126.6061852">
        <ele>120.50595</ele>
        <time>2026-10-02T08:38:13Z</time>
      </trkpt>
      <trkpt lat="45.8943951" lon="126.6061501">
        <ele>120.63975</ele>
        <time>2026-10-02T08:38:17Z</time>
      </trkpt>
      <trkpt lat="45.8943111" lon="126.6060636">
        <ele>120.64686</ele>
        <time>2026-10-02T08:38:21Z</time>
      </trkpt>
      <trkpt lat="45.8942202" lon="126.6059916">
        <ele>120.54417</ele>
        <time>2026-10-02T08:38:25Z</time>
      </trkpt>
      <trkpt lat="45.8941304" lon="126.6059415">
        <ele>120.38231</ele>
        <time>2026-10-02T08:38:29Z</time>
      </trkpt>
      <trkpt lat="45.8940267" lon="126.6059353">
        <ele>120.20511</ele>
        <time>2026-10-02T08:38:33Z</time>
      </trkpt>
      <trkpt lat="45.8939224" lon="126.6059254">
        <ele>119.97295</ele>
        <time>2026-10-02T08:38:37Z</time>
      </trkpt>
      <trkpt lat="45.8938131" lon="126.6059204">
        <ele>119.68725</ele>
        <time>2026-10-02T08:38:41Z</time>
      </trkpt>
      <trkpt lat="45.8937038" lon="126.6059254">
        <ele>119.39234</ele>
        <time>2026-10-02T08:38:45Z</time>
      </trkpt>
      <trkpt lat="45.8936014" lon="126.6059246">
        <ele>119.10934</ele>
        <time>2026-10-02T08:38:49Z</time>
      </trkpt>
      <trkpt lat="45.8934964" lon="126.6059173">
        <ele>118.81985</ele>
        <time>2026-10-02T08:38:53Z</time>
      </trkpt>
      <trkpt lat="45.8933896" lon="126.6058972">
        <ele>118.51998</ele>
        <time>2026-10-02T08:38:57Z</time>
      </trkpt>
      <trkpt lat="45.8933032" lon="126.6058371">
        <ele>118.33691</ele>
        <time>2026-10-02T08:39:01Z</time>
      </trkpt>
      <trkpt lat="45.8932732" lon="126.6057072">
        <ele>118.39341</ele>
        <time>2026-10-02T08:39:05Z</time>
      </trkpt>
      <trkpt lat="45.8932658" lon="126.6055496">
        <ele>118.59688</ele>
        <time>2026-10-02T08:39:09Z</time>
      </trkpt>
      <trkpt lat="45.8932555" lon="126.6053928">
        <ele>118.79077</ele>
        <time>2026-10-02T08:39:13Z</time>
      </trkpt>
      <trkpt lat="45.8932401" lon="126.6052394">
        <ele>118.89419</ele>
        <time>2026-10-02T08:39:17Z</time>
      </trkpt>
      <trkpt lat="45.8932304" lon="126.6050876">
        <ele>118.81525</ele>
        <time>2026-10-02T08:39:21Z</time>
      </trkpt>
      <trkpt lat="45.8932286" lon="126.6049373">
        <ele>118.69633</ele>
        <time>2026-10-02T08:39:25Z</time>
      </trkpt>
      <trkpt lat="45.8932356" lon="126.604779">
        <ele>118.68088</ele>
        <time>2026-10-02T08:39:29Z</time>
      </trkpt>
      <trkpt lat="45.8932435" lon="126.6046225">
        <ele>118.69051</ele>
        <time>2026-10-02T08:39:33Z</time>
      </trkpt>
      <trkpt lat="45.8932542" lon="126.6044699">
        <ele>118.642</ele>
        <time>2026-10-02T08:39:37Z</time>
      </trkpt>
      <trkpt lat="45.8932616" lon="126.6043156">
        <ele>118.61847</ele>
        <time>2026-10-02T08:39:41Z</time>
      </trkpt>
      <trkpt lat="45.8932672" lon="126.6041596">
        <ele>118.64145</ele>
        <time>2026-10-02T08:39:45Z</time>
      </trkpt>
      <trkpt lat="45.8932606" lon="126.6040055">
        <ele>118.65787</ele>
        <time>2026-10-02T08:39:49Z</time>
      </trkpt>
      <trkpt lat="45.8932518" lon="126.6038546">
        <ele>118.69145</ele>
        <time>2026-10-02T08:39:53Z</time>
      </trkpt>
      <trkpt lat="45.8932524" lon="126.603704">
        <ele>118.74231</ele>
        <time>2026-10-02T08:39:57Z</time>
      </trkpt>
      <trkpt lat="45.8932596" lon="126.6035467">
        <ele>118.76291</ele>
        <time>2026-10-02T08:40:01Z</time>
      </trkpt>
      <trkpt lat="45.8932706" lon="126.6033924">
        <ele>118.76974</ele>
        <time>2026-10-02T08:40:05Z</time>
      </trkpt>
      <trkpt lat="45.8932798" lon="126.6032502">
        <ele>118.77967</ele>
        <time>2026-10-02T08:40:09Z</time>
      </trkpt>
      <trkpt lat="45.8932813" lon="126.603103">
        <ele>118.80395</ele>
        <time>2026-10-02T08:40:13Z</time>
      </trkpt>
      <trkpt lat="45.8932792" lon="126.6029476">
        <ele>118.8361</ele>
        <time>2026-10-02T08:40:17Z</time>
      </trkpt>
      <trkpt lat="45.8932613" lon="126.6027988">
        <ele>118.86993</ele>
        <time>2026-10-02T08:40:21Z</time>
      </trkpt>
      <trkpt lat="45.893257" lon="126.602651">
        <ele>118.92456</ele>
        <time>2026-10-02T08:40:25Z</time>
      </trkpt>
      <trkpt lat="45.8932622" lon="126.6024993">
        <ele>118.98668</ele>
        <time>2026-10-02T08:40:29Z</time>
      </trkpt>
      <trkpt lat="45.8932683" lon="126.6023465">
        <ele>119.05385</ele>
        <time>2026-10-02T08:40:33Z</time>
      </trkpt>
      <trkpt lat="45.893284" lon="126.6021961">
        <ele>119.12409</ele>
        <time>2026-10-02T08:40:37Z</time>
      </trkpt>
      <trkpt lat="45.8932909" lon="126.6020463">
        <ele>119.14759</ele>
        <time>2026-10-02T08:40:41Z</time>
      </trkpt>
      <trkpt lat="45.8932913" lon="126.6019057">
        <ele>119.12892</ele>
        <time>2026-10-02T08:40:45Z</time>
      </trkpt>
      <trkpt lat="45.8932971" lon="126.6017593">
        <ele>119.10793</ele>
        <time>2026-10-02T08:40:49Z</time>
      </trkpt>
      <trkpt lat="45.8932957" lon="126.6016164">
        <ele>119.10465</ele>
        <time>2026-10-02T08:40:53Z</time>
      </trkpt>
      <trkpt lat="45.8932966" lon="126.6014651">
        <ele>119.08171</ele>
        <time>2026-10-02T08:40:57Z</time>
      </trkpt>
      <trkpt lat="45.8932964" lon="126.6013109">
        <ele>119.05124</ele>
        <time>2026-10-02T08:41:01Z</time>
      </trkpt>
      <trkpt lat="45.8932966" lon="126.6011622">
        <ele>119.04524</ele>
        <time>2026-10-02T08:41:05Z</time>
      </trkpt>
      <trkpt lat="45.8932878" lon="126.6010128">
        <ele>119.01886</ele>
        <time>2026-10-02T08:41:09Z</time>
      </trkpt>
      <trkpt lat="45.8932897" lon="126.6008562">
        <ele>118.95219</ele>
        <time>2026-10-02T08:41:13Z</time>
      </trkpt>
      <trkpt lat="45.8932894" lon="126.6006961">
        <ele>118.89703</ele>
        <time>2026-10-02T08:41:17Z</time>
      </trkpt>
      <trkpt lat="45.8932943" lon="126.6005363">
        <ele>118.87762</ele>
        <time>2026-10-02T08:41:21Z</time>
      </trkpt>
      <trkpt lat="45.8932998" lon="126.6003799">
        <ele>118.8644</ele>
        <time>2026-10-02T08:41:25Z</time>
      </trkpt>
      <trkpt lat="45.893299" lon="126.6002194">
        <ele>118.81548</ele>
        <time>2026-10-02T08:41:29Z</time>
      </trkpt>
      <trkpt lat="45.893297" lon="126.6000613">
        <ele>118.73425</ele>
        <time>2026-10-02T08:41:33Z</time>
      </trkpt>
      <trkpt lat="45.8932951" lon="126.5999113">
        <ele>118.6394</ele>
        <time>2026-10-02T08:41:37Z</time>
      </trkpt>
      <trkpt lat="45.8932913" lon="126.5997693">
        <ele>118.5529</ele>
        <time>2026-10-02T08:41:41Z</time>
      </trkpt>
      <trkpt lat="45.8932933" lon="126.5996303">
        <ele>118.47942</ele>
        <time>2026-10-02T08:41:45Z</time>
      </trkpt>
      <trkpt lat="45.8932929" lon="126.5994992">
        <ele>118.4024</ele>
        <time>2026-10-02T08:41:49Z</time>
      </trkpt>
      <trkpt lat="45.8932988" lon="126.5993495">
        <ele>118.31386</ele>
        <time>2026-10-02T08:41:54Z</time>
      </trkpt>
      <trkpt lat="45.8933024" lon="126.5992104">
        <ele>118.22391</ele>
        <time>2026-10-02T08:42:00Z</time>
      </trkpt>
      <trkpt lat="45.8933474" lon="126.5990901">
        <ele>118.1904</ele>
        <time>2026-10-02T08:42:06Z</time>
      </trkpt>
      <trkpt lat="45.8934135" lon="126.5989943">
        <ele>118.34407</ele>
        <time>2026-10-02T08:42:10Z</time>
      </trkpt>
      <trkpt lat="45.8934867" lon="126.5988933">
        <ele>118.54209</ele>
        <time>2026-10-02T08:42:14Z</time>
      </trkpt>
      <trkpt lat="45.8935689" lon="126.5988171">
        <ele>118.63597</ele>
        <time>2026-10-02T08:42:18Z</time>
      </trkpt>
      <trkpt lat="45.893652" lon="126.5987665">
        <ele>118.61971</ele>
        <time>2026-10-02T08:42:22Z</time>
      </trkpt>
      <trkpt lat="45.8936769" lon="126.5987593">
        <ele>118.49751</ele>
        <time>2026-10-02T08:42:27Z</time>
      </trkpt>
      <trkpt lat="45.8935993" lon="126.5988566">
        <ele>118.42239</ele>
        <time>2026-10-02T08:42:31Z</time>
      </trkpt>
      <trkpt lat="45.8935203" lon="126.5989411">
        <ele>118.43878</ele>
        <time>2026-10-02T08:42:35Z</time>
      </trkpt>
      <trkpt lat="45.893437" lon="126.5989926">
        <ele>118.44016</ele>
        <time>2026-10-02T08:42:39Z</time>
      </trkpt>
      <trkpt lat="45.893355" lon="126.5988819">
        <ele>118.3678</ele>
        <time>2026-10-02T08:42:44Z</time>
      </trkpt>
      <trkpt lat="45.8933216" lon="126.5987378">
        <ele>118.38415</ele>
        <time>2026-10-02T08:42:47Z</time>
      </trkpt>
      <trkpt lat="45.8932903" lon="126.5985963">
        <ele>118.42789</ele>
        <time>2026-10-02T08:42:50Z</time>
      </trkpt>
      <trkpt lat="45.893266" lon="126.5984518">
        <ele>118.39871</ele>
        <time>2026-10-02T08:42:54Z</time>
      </trkpt>
      <trkpt lat="45.8932613" lon="126.5983178">
        <ele>118.3337</ele>
        <time>2026-10-02T08:42:57Z</time>
      </trkpt>
      <trkpt lat="45.8932623" lon="126.5981808">
        <ele>118.27978</ele>
        <time>2026-10-02T08:43:00Z</time>
      </trkpt>
      <trkpt lat="45.8932572" lon="126.5980225">
        <ele>118.20419</ele>
        <time>2026-10-02T08:43:04Z</time>
      </trkpt>
      <trkpt lat="45.8932557" lon="126.5978538">
        <ele>118.1168</ele>
        <time>2026-10-02T08:43:08Z</time>
      </trkpt>
      <trkpt lat="45.8932545" lon="126.5976886">
        <ele>118.03992</ele>
        <time>2026-10-02T08:43:12Z</time>
      </trkpt>
      <trkpt lat="45.8932492" lon="126.5975227">
        <ele>118.00001</ele>
        <time>2026-10-02T08:43:16Z</time>
      </trkpt>
      <trkpt lat="45.8932534" lon="126.5973545">
        <ele>117.95362</ele>
        <time>2026-10-02T08:43:20Z</time>
      </trkpt>
      <trkpt lat="45.8932626" lon="126.5971907">
        <ele>118.0708</ele>
        <time>2026-10-02T08:43:24Z</time>
      </trkpt>
      <trkpt lat="45.8932657" lon="126.5970358">
        <ele>118.30226</ele>
        <time>2026-10-02T08:43:28Z</time>
      </trkpt>
      <trkpt lat="45.8932709" lon="126.596873">
        <ele>118.41558</ele>
        <time>2026-10-02T08:43:32Z</time>
      </trkpt>
      <trkpt lat="45.8932729" lon="126.5967111">
        <ele>118.39439</ele>
        <time>2026-10-02T08:43:36Z</time>
      </trkpt>
      <trkpt lat="45.8932655" lon="126.5965524">
        <ele>118.39646</ele>
        <time>2026-10-02T08:43:40Z</time>
      </trkpt>
      <trkpt lat="45.8932618" lon="126.5963983">
        <ele>118.5579</ele>
        <time>2026-10-02T08:43:44Z</time>
      </trkpt>
      <trkpt lat="45.8932673" lon="126.5962412">
        <ele>118.23703</ele>
        <time>2026-10-02T08:43:48Z</time>
      </trkpt>
    </trkseg>
  </trk>
</gpx>